tempo,SP,PV,MV
5001,80,85.006104,73.248726
5002,80,85.909645,73.248726
5003,80,85.909645,73.248726
5004,80,85.909645,71.238537
5005,80,86.239315,69.228348
5006,80,86.568985,69.228348
5007,80,86.568985,69.228348
5008,80,86.568985,69.228348
5009,80,86.568985,69.228348
5010,80,87.0695955,67.2419815
5011,80,87.570206,65.255615
5012,80,87.570206,65.255615
5013,80,87.570206,65.255615
5014,80,87.570206,65.255615
5015,80,87.9365085,65.255615
5016,80,88.302811,65.255615
5017,80,88.302811,62.732269
5018,80,88.302811,60.208923
5019,80,88.693531,60.208923
5020,80,89.084251,60.208923
5021,80,89.084251,60.208923
5022,80,89.084251,60.208923
5023,80,89.328453,60.208923
5024,80,89.572655,57.133825
5025,80,89.572655,54.058727
5026,80,89.572655,54.058727
5027,80,89.572655,54.058727
5028,80,89.890114,54.058727
5029,80,90.207573,51.556793
5030,80,90.207573,49.054859
5032,80,90.207573,49.054859
5033,80,90.402931,49.054859
5034,80,90.598289,49.054859
5035,80,90.598289,45.977665
5036,80,90.598289,42.900471
5037,80,90.818069,42.900471
5038,80,91.037849,42.900471
5039,80,91.037849,42.900471
5040,80,91.037849,42.900471
5041,80,91.037849,40.133177
5042,80,91.037849,37.365883
5043,80,91.037849,37.365883
5044,80,91.037849,37.365883
5045,80,91.037849,37.365883
5046,80,91.1111105,37.365883
5047,80,91.184372,34.392852
5048,80,91.184372,31.419821
5049,80,91.184372,31.419821
5050,80,91.184372,31.419821
5051,80,91.172161,31.419821
5052,80,91.15995,31.419821
5053,80,91.15995,31.419821
5054,80,91.15995,28.1445325
5055,80,91.15995,24.869244
5056,80,91.037853,24.869244
5057,80,90.915756,24.869244
5058,80,90.915756,24.869244
5059,80,90.915756,24.869244
5060,80,90.915756,22.3473085
5061,80,90.6349255,19.825373
5062,80,90.354095,19.825373
5063,80,90.354095,19.825373
5064,80,90.354095,19.825373
5065,80,90.1465225,19.825373
5066,80,89.93895,17.4490515
5067,80,89.93895,15.07273
5068,80,89.93895,15.07273
5069,80,89.93895,15.07273
5070,80,89.6337015,15.07273
5071,80,89.328453,15.07273
5072,80,89.328453,15.07273
5073,80,89.328453,12.6391515
5074,80,88.9743615,10.205573
5075,80,88.62027,10.205573
5076,80,88.62027,10.205573
5077,80,88.62027,10.205573
5078,80,88.62027,8.4480475
5079,80,88.168499,6.690522
5080,80,87.716728,6.690522
5081,80,87.716728,6.690522
5082,80,87.716728,6.690522
5083,80,87.387058,6.690522
5084,80,87.057388,6.690522
5085,80,87.057388,5.0504115
5086,80,87.057388,3.410301
5087,80,87.057388,3.410301
5088,80,86.4590985,3.410301
5089,80,85.860809,3.410301
5090,80,85.860809,3.410301
5092,80,85.860809,1.063265
5093,80,84.981689,1.063265
5094,80,84.981689,1.063265
5095,80,84.981689,1.063265
5096,80,84.981689,1.063265
5097,80,84.4078175,0.5316325
5098,80,83.833946,0
5099,80,83.833946,0
5100,80,83.833946,0
5101,80,83.333336,0
5102,80,82.832726,0
5103,80,82.832726,0
5104,80,82.832726,0
5105,80,82.832726,0
5106,80,82.271065,0
5107,80,81.709404,0
5108,80,81.709404,0
5109,80,81.709404,0
5110,80,81.172161,0.1161705
5111,80,80.634918,0.232341
5112,80,80.634918,0.232341
5113,80,80.634918,0.232341
5114,80,80.634918,0.232341
5115,80,80.134308,0.232341
5116,80,79.633698,0.7052905
5117,80,79.633698,1.17824
5118,80,79.633698,1.17824
5119,80,79.1086695,1.17824
5120,80,78.583641,1.17824
5122,80,78.583641,1.17824
5123,80,78.583641,2.699496
5124,80,78.034191,2.699496
5125,80,77.484741,2.699496
5126,80,77.484741,2.699496
5127,80,77.484741,2.699496
5128,80,76.9108695,2.699496
5129,80,76.336998,4.031746
5130,80,76.336998,5.363996
5131,80,76.336998,5.363996
5132,80,76.336998,5.363996
5133,80,75.799759,5.363996
5134,80,75.26252,5.363996
5135,80,75.26252,6.8567465
5136,80,75.26252,8.349497
5137,80,74.810749,8.349497
5138,80,74.358978,8.349497
5139,80,74.358978,8.349497
5140,80,74.358978,8.349497
5141,80,74.358978,10.3412175
5142,80,73.7851065,12.332938
5143,80,73.211235,12.332938
5144,80,73.211235,12.332938
5145,80,73.211235,12.332938
5146,80,72.7472535,12.332938
5147,80,72.283272,12.332938
5148,80,72.283272,15.0141665
5149,80,72.283272,17.695395
5150,80,72.283272,17.695395
5151,80,71.807083,17.695395
5152,80,71.330894,17.695395
5153,80,71.330894,17.695395
5154,80,71.330894,20.122245
5155,80,71.050064,22.549095
5156,80,70.769234,22.549095
5157,80,70.769234,22.549095
5158,80,70.769234,22.549095
5159,80,70.769234,25.135085
5160,80,70.341881,27.721075
5161,80,69.914528,27.721075
5162,80,69.914528,27.721075
5163,80,69.914528,27.721075
5164,80,69.6581195,27.721075
5165,80,69.401711,27.721075
5166,80,69.401711,30.9478425
5167,80,69.401711,34.17461
5168,80,69.401711,34.17461
5169,80,69.1086695,34.17461
5170,80,68.815628,34.17461
5171,80,68.815628,34.17461
5172,80,68.815628,36.9319455
5173,80,68.68132,39.689281
5174,80,68.547012,39.689281
5175,80,68.547012,39.689281
5176,80,68.547012,39.689281
5177,80,68.547012,39.689281
5178,80,68.4127005,42.8379265
5179,80,68.278389,45.986572
5180,80,68.278389,45.986572
5181,80,68.278389,45.986572
5183,80,68.327232,45.986572
5184,80,68.327232,49.229141
5185,80,68.327232,52.47171
5186,80,68.327232,52.47171
5187,80,68.5225905,52.47171
5188,80,68.717949,52.47171
5189,80,68.717949,52.47171
5190,80,68.717949,55.038767
5191,80,68.717949,57.605824
5192,80,68.937729,57.605824
5193,80,69.157509,57.605824
5194,80,69.157509,57.605824
5195,80,69.157509,57.605824
5196,80,69.157509,57.605824
5197,80,69.4139215,60.2771225
5198,80,69.670334,62.948421
5199,80,69.670334,62.948421
5200,80,69.670334,62.948421
5201,80,69.670334,62.948421
5202,80,70.024422,62.948421
5203,80,70.37851,62.948421
5204,80,70.37851,65.375158
5205,80,70.37851,67.801895
5206,80,70.7203905,67.801895
5207,80,71.062271,67.801895
5208,80,71.062271,67.801895
5209,80,71.062271,69.71265
5210,80,71.062271,71.623405
5211,80,71.5628815,71.623405
5212,80,72.063492,71.623405
5213,80,72.063492,71.623405
5214,80,72.2344325,73.4142795
5215,80,72.405373,75.205154
5216,80,72.405373,75.205154
5217,80,72.405373,75.205154
5218,80,72.405373,75.205154
5219,80,72.930405,75.205154
5220,80,73.455437,75.205154
5221,80,73.455437,76.680954
5222,80,73.455437,78.156754
5223,80,74.004887,78.156754
5224,80,74.554337,78.156754
5225,80,74.554337,78.156754
5226,80,74.554337,79.088547
5227,80,74.554337,80.02034
5228,80,75.067158,80.02034
5229,80,75.579979,80.02034
5230,80,75.579979,80.02034
5231,80,75.579979,80.02034
5232,80,75.9584885,80.02034
5233,80,76.336998,80.7831495
5234,80,76.336998,81.545959
5235,80,76.336998,81.545959
5236,80,76.336998,81.545959
5237,80,76.776558,81.545959
5238,80,77.216118,81.545959
5239,80,77.216118,81.954128
5240,80,77.216118,82.362297
5241,80,77.216118,82.362297
5243,80,78.168503,82.362297
5244,80,78.168503,82.362297
5245,80,78.168503,82.4560585
5246,80,78.62027,82.54982
5247,80,79.072037,82.54982
5248,80,79.072037,82.54982
5249,80,79.072037,82.54982
5250,80,79.49939,82.54982
5251,80,79.926743,82.54982
5252,80,79.926743,82.334507
5253,80,79.926743,82.119194
5254,80,79.926743,82.119194
5255,80,80.3785135,82.119194
5256,80,80.830284,82.119194
5257,80,80.830284,81.567421
5258,80,80.830284,81.015648
5259,80,80.830284,81.015648
5260,80,81.367523,81.015648
5261,80,81.904762,81.015648
5262,80,81.904762,81.015648
5263,80,81.904762,81.015648
5264,80,82.368744,80.1058235
5265,80,82.832726,79.195999
5266,80,82.832726,79.195999
5267,80,82.832726,79.195999
5268,80,82.832726,79.195999
5269,80,83.1990245,79.195999
5270,80,83.565323,77.852745
5271,80,83.565323,76.509491
5273,80,83.565323,76.509491
5274,80,84.590965,76.509491
5275,80,84.590965,76.509491
5276,80,84.590965,75.05912
5277,80,84.590965,73.608749
5278,80,84.920635,73.608749
5279,80,85.250305,73.608749
5280,80,85.250305,73.608749
5281,80,85.250305,73.608749
5282,80,85.250305,71.7712895
5283,80,85.897438,69.93383
5284,80,86.544571,69.93383
5285,80,86.544571,69.93383
5286,80,86.544571,69.93383
5287,80,86.86203,69.93383
5288,80,87.179489,69.93383
5289,80,87.179489,67.4815865
5290,80,87.179489,65.029343
5291,80,87.63126,65.029343
5292,80,88.083031,65.029343
5293,80,88.083031,65.029343
5294,80,88.083031,65.029343
5295,80,88.083031,62.787739
5296,80,88.388279,60.546135
5297,80,88.693527,60.546135
5298,80,88.693527,60.546135
5299,80,88.693527,60.546135
5300,80,88.693527,60.546135
5301,80,89.0842475,58.016796
5302,80,89.474968,55.487457
5303,80,89.474968,55.487457
5304,80,89.474968,55.487457
5305,80,89.694748,55.487457
5306,80,89.914528,55.487457
5307,80,89.914528,52.5097215
5308,80,89.914528,49.531986
5309,80,90.231991,49.531986
5310,80,90.549454,49.531986
5311,80,90.549454,49.531986
5312,80,90.549454,49.531986
5313,80,90.549454,46.81921
5314,80,90.6959725,44.106434
5315,80,90.842491,44.106434
5316,80,90.842491,44.106434
5317,80,90.842491,44.106434
5318,80,90.842491,44.106434
5319,80,91.0012205,41.080084
5320,80,91.15995,38.053734
5321,80,91.15995,38.053734
5322,80,91.15995,38.053734
5323,80,91.26984,38.053734
5324,80,91.37973,38.053734
5325,80,91.37973,34.9689465
5326,80,91.37973,31.884159
5327,80,91.3064725,31.884159
5328,80,91.233215,31.884159
5329,80,91.233215,31.884159
5330,80,91.233215,31.884159
5331,80,91.233215,29.2426635
5332,80,91.1843755,26.601168
5333,80,91.135536,26.601168
5334,80,91.135536,26.601168
5335,80,91.135536,26.601168
5336,80,91.135536,26.601168
5337,80,90.842495,23.8945895
5338,80,90.549454,21.188011
5339,80,90.549454,21.188011
5340,80,90.549454,21.188011
5341,80,90.329674,21.188011
5342,80,90.109894,21.188011
5343,80,90.109894,18.5650775
5344,80,90.109894,15.942144
5345,80,90.109894,15.942144
5346,80,89.890114,15.942144
5347,80,89.670334,15.942144
5348,80,89.670334,15.942144
5349,80,89.670334,13.7702565
5350,80,89.365082,11.598369
5351,80,89.05983,11.598369
5352,80,89.05983,11.598369
5353,80,89.05983,11.598369
5354,80,89.05983,11.598369
5355,80,88.608059,9.69215
5356,80,88.156288,7.785931
5357,80,88.156288,7.785931
5358,80,88.156288,7.785931
5359,80,87.8876685,7.785931
5360,80,87.619049,7.785931
5361,80,87.619049,7.785931
5362,80,87.619049,5.9622285
5363,80,87.106228,4.138526
5364,80,86.593407,4.138526
5365,80,86.593407,4.138526
5366,80,86.593407,4.138526
5367,80,86.593407,2.976939
5368,80,86.043957,1.815352
5369,80,85.494507,1.815352
5370,80,85.494507,1.815352
5371,80,85.494507,1.815352
5372,80,85.494507,1.815352
5373,80,84.957268,1.815352
5374,80,84.420029,0.9113205
5375,80,84.420029,0.007289
5376,80,84.420029,0.007289
5377,80,83.9072075,0.007289
5378,80,83.394386,0.007289
5379,80,83.394386,0.007289
5380,80,83.394386,0.007289
5381,80,82.869354,0.0036445
5382,80,82.344322,0
5383,80,82.344322,0
5384,80,82.344322,0
5385,80,82.344322,0
5386,80,81.7582435,0.0335685
5387,80,81.172165,0.067137
5388,80,81.172165,0.067137
5389,80,81.172165,0.067137
5390,80,81.172165,0.067137
5391,80,80.622715,0.067137
5392,80,80.073265,0.067137
5394,80,80.073265,0.905099
5395,80,79.548233,0.905099
5396,80,79.023201,0.905099
5397,80,79.023201,0.905099
5398,80,79.023201,0.905099
5399,80,79.023201,1.6013225
5400,80,78.46154,2.297546
5401,80,77.899879,2.297546
5402,80,77.899879,2.297546
5403,80,77.899879,2.297546
5404,80,77.36264,2.297546
5405,80,76.825401,3.4192875
5406,80,76.825401,4.541029
5407,80,76.825401,4.541029
5408,80,76.825401,4.541029
5409,80,76.2515295,4.541029
5410,80,75.677658,4.541029
5411,80,75.677658,4.541029
5412,80,75.677658,6.3764525
5413,80,75.677658,8.211876
5414,80,75.1770475,8.211876
5415,80,74.676437,8.211876
5416,80,74.676437,8.211876
5417,80,74.676437,8.211876
5418,80,74.676437,8.211876
5419,80,74.0781475,10.069342
5420,80,73.479858,11.926808
5421,80,73.479858,11.926808
5422,80,73.479858,11.926808
5423,80,72.9426155,11.926808
5424,80,72.405373,11.926808
5425,80,72.405373,11.926808
5426,80,72.405373,16.558529
5427,80,72.405373,16.558529
5428,80,71.9780235,16.558529
5429,80,71.550674,16.558529
5430,80,71.550674,16.558529
5431,80,71.550674,19.260585
5432,80,71.147743,21.962641
5433,80,70.744812,21.962641
5434,80,70.744812,21.962641
5435,80,70.744812,21.962641
5436,80,70.5006105,24.5072435
5437,80,70.256409,27.051846
5438,80,70.256409,27.051846
5439,80,70.256409,27.051846
5440,80,69.82906,27.051846
5441,80,69.401711,27.051846
5442,80,69.401711,29.994465
5443,80,69.401711,32.937084
5444,80,69.401711,32.937084
5445,80,69.2307705,32.937084
5446,80,69.05983,32.937084
5447,80,69.05983,32.937084
5448,80,69.05983,32.937084
5449,80,69.05983,36.269941
5450,80,68.827839,39.602798
5451,80,68.595848,39.602798
5452,80,68.595848,39.602798
5454,80,68.595848,39.602798
5455,80,68.278389,45.097473
5456,80,68.278389,45.097473
5457,80,68.278389,45.097473
5458,80,68.278389,45.097473
5459,80,68.2051275,45.097473
5460,80,68.131866,45.097473
5461,80,68.131866,48.1757585
5462,80,68.131866,51.254044
5463,80,68.351646,51.254044
5464,80,68.571426,51.254044
5465,80,68.571426,51.254044
5466,80,68.571426,51.254044
5467,80,68.571426,54.5618115
5468,80,68.7667885,57.869579
5469,80,68.962151,57.869579
5470,80,68.962151,57.869579
5471,80,68.962151,57.869579
5472,80,69.2063525,57.869579
5473,80,69.450554,60.262863
5474,80,69.450554,62.656147
5475,80,69.450554,62.656147
5476,80,69.450554,62.656147
5477,80,69.7435915,62.656147
5478,80,70.036629,62.656147
5479,80,70.036629,62.656147
5480,80,70.036629,65.177397
5481,80,70.036629,67.698647
5482,80,70.4883995,67.698647
5483,80,70.94017,67.698647
5484,80,70.94017,67.698647
5485,80,70.94017,69.6261025
5486,80,70.94017,71.553558
5487,80,71.3186795,71.553558
5488,80,71.697189,71.553558
5489,80,71.697189,71.553558
5490,80,72.026863,71.553558
5491,80,72.356537,73.4206465
5492,80,72.356537,75.287735
5493,80,72.356537,75.287735
5494,80,72.356537,75.287735
5495,80,72.8449365,75.287735
5496,80,73.333336,75.287735
5497,80,73.333336,75.287735
5498,80,73.333336,76.823147
5499,80,73.333336,78.358559
5500,80,73.760685,78.358559
5501,80,74.188034,78.358559
5502,80,74.188034,78.358559
5503,80,74.188034,78.358559
5504,80,74.188034,79.409508
5505,80,74.725277,80.460457
5506,80,75.26252,80.460457
5507,80,75.26252,80.460457
5508,80,75.26252,80.460457
5509,80,75.26252,80.460457
5510,80,75.7387085,81.2395135
5511,80,76.214897,82.01857
5512,80,76.214897,82.01857
5514,80,76.80098,82.01857
5515,80,76.80098,82.01857
5516,80,76.80098,82.01857
5517,80,76.80098,82.4849775
5518,80,77.313801,82.951385
5519,80,77.826622,82.951385
5520,80,77.826622,82.951385
5521,80,77.826622,82.951385
5522,80,77.826622,82.951385
5523,80,78.35165,82.967754
5524,80,78.876678,82.984123
5525,80,78.876678,82.984123
5526,80,78.876678,82.984123
5527,80,78.876678,82.984123
5528,80,79.426128,82.984123
5529,80,79.975578,82.7730675
5530,80,79.975578,82.562012
5531,80,80.3662985,82.562012
5532,80,80.757019,82.562012
5533,80,80.757019,82.562012
5534,80,80.757019,82.562012
5535,80,80.757019,82.562012
5536,80,81.20879,81.9050255
5537,80,81.660561,81.248039
5538,80,81.660561,81.248039
5539,80,81.660561,81.248039
5540,80,81.660561,81.248039
5541,80,82.148964,80.3947905
5542,80,82.637367,79.541542
5543,80,82.637367,79.541542
5544,80,82.637367,79.541542
5545,80,82.637367,79.541542
5546,80,83.1501845,79.541542
5547,80,83.663002,78.357887
5548,80,83.663002,77.174232
5549,80,83.663002,77.174232
5550,80,84.004883,77.174232
5551,80,84.346764,77.174232
5552,80,84.346764,77.174232
5553,80,84.346764,77.174232
5554,80,84.346764,75.53479
5555,80,84.859585,73.895348
5556,80,85.372406,73.895348
5557,80,85.372406,73.895348
5558,80,85.372406,73.895348
5559,80,85.799755,72.2138405
5560,80,86.227104,70.532333
5561,80,86.227104,70.532333
5562,80,86.227104,70.532333
5563,80,86.227104,70.532333
5564,80,86.7032965,70.532333
5565,80,87.179489,68.3522945
5566,80,87.179489,66.172256
5567,80,87.179489,66.172256
5568,80,87.5579985,66.172256
5569,80,87.936508,66.172256
5570,80,87.936508,66.172256
5571,80,87.936508,66.172256
5572,80,87.936508,63.6562915
5573,80,88.2905995,61.140327
5574,80,88.644691,61.140327
5575,80,88.644691,61.140327
5576,80,88.644691,61.140327
5577,80,88.644691,58.704647
5578,80,89.0354115,56.268967
5579,80,89.426132,56.268967
5580,80,89.426132,56.268967
5581,80,89.426132,56.268967
5582,80,89.426132,56.268967
5583,80,89.743591,56.268967
5584,80,90.06105,53.439602
5585,80,90.06105,50.610237
5586,80,90.3296695,50.610237
5587,80,90.598289,50.610237
5588,80,90.598289,50.610237
5589,80,90.598289,50.610237
5590,80,90.598289,47.5287875
5591,80,90.818069,44.447338
5592,80,91.037849,44.447338
5593,80,91.037849,44.447338
5594,80,91.037849,44.447338
5595,80,91.037849,44.447338
5596,80,91.135532,41.562357
5597,80,91.233215,38.677376
5598,80,91.233215,38.677376
5599,80,91.233215,38.677376
5600,80,91.3308945,38.677376
5601,80,91.428574,38.677376
5602,80,91.428574,35.7605575
5603,80,91.428574,32.843739
5605,80,91.257629,32.843739
5606,80,91.257629,32.843739
5607,80,91.257629,32.843739
5608,80,91.257629,32.843739
5609,80,91.1965825,29.6480505
5610,80,91.135536,26.452362
5611,80,91.135536,26.452362
5612,80,91.135536,26.452362
5613,80,91.135536,26.452362
5614,80,91.135536,26.452362
5615,80,90.9157525,23.9328775
5616,80,90.695969,21.413393
5617,80,90.695969,21.413393
5618,80,90.695969,21.413393
5619,80,90.5372395,21.413393
5620,80,90.37851,21.413393
5621,80,90.37851,18.783099
5622,80,90.37851,16.152805
5623,80,90.37851,16.152805
5624,80,90.024422,16.152805
5625,80,89.670334,16.152805
5626,80,89.670334,16.152805
5627,80,89.670334,16.152805
5628,80,89.438343,13.451518
5629,80,89.206352,10.750231
5630,80,89.206352,10.750231
5631,80,89.206352,10.750231
5632,80,88.8400495,10.750231
5633,80,88.473747,9.028796
5634,80,88.473747,7.307361
5635,80,88.473747,7.307361
5636,80,88.058609,7.307361
5637,80,87.643471,7.307361
5638,80,87.643471,7.307361
5639,80,87.643471,5.5003625
5640,80,87.643471,3.693364
5641,80,87.106228,3.693364
5642,80,86.568985,3.693364
5643,80,86.568985,3.693364
5644,80,86.568985,2.5575405
5645,80,86.141636,1.421717
5646,80,85.714287,1.421717
5647,80,85.714287,1.421717
5648,80,85.714287,1.421717
5649,80,85.714287,1.421717
5650,80,85.177048,1.421717
5651,80,84.639809,0.7108585
5652,80,84.639809,0
5653,80,84.639809,0
5654,80,84.639809,0
5655,80,84.065937,0
5656,80,83.492065,0
5657,80,83.492065,0
5658,80,83.492065,0
5659,80,83.492065,0
5660,80,82.9181935,0
5661,80,82.344322,0
5662,80,82.344322,0
5663,80,82.344322,0.0069845
5664,80,81.819294,0.013969
5665,80,81.294266,0.013969
5666,80,81.294266,0.013969
5667,80,81.294266,0.013969
5668,80,80.659344,0.013969
5669,80,80.024422,0.013969
5670,80,80.024422,0.3229095
5671,80,80.024422,0.63185
5672,80,80.024422,0.63185
5673,80,79.5116005,0.63185
5674,80,78.998779,0.63185
5675,80,78.998779,0.63185
5676,80,78.998779,1.452946
5677,80,78.998779,2.274042
5678,80,78.35165,2.274042
5679,80,77.704521,2.274042
5680,80,77.704521,2.274042
5681,80,77.704521,2.274042
5682,80,77.2527505,3.2467595
5683,80,76.80098,4.219477
5684,80,76.80098,4.219477
5685,80,76.80098,4.219477
5686,80,76.80098,4.219477
5687,80,76.239319,4.219477
5688,80,75.677658,5.6897445
5689,80,75.677658,7.160012
5690,80,75.677658,7.160012
5691,80,75.0793685,7.160012
5692,80,74.481079,7.160012
5693,80,74.481079,7.160012
5695,80,74.481079,11.091263
5696,80,73.968258,11.091263
5697,80,73.455437,11.091263
5698,80,73.455437,11.091263
5699,80,73.455437,11.091263
5700,80,73.040295,13.159584
5701,80,72.625153,15.227905
5702,80,72.625153,15.227905
5703,80,72.625153,15.227905
5704,80,72.625153,15.227905
5705,80,72.173382,15.227905
5706,80,71.721611,17.5911475
5707,80,71.721611,19.95439
5708,80,71.721611,19.95439
5709,80,71.257633,19.95439
5710,80,70.793655,19.95439
5711,80,70.793655,19.95439
5712,80,70.793655,19.95439
5713,80,70.793655,22.906958
5714,80,70.4639815,25.859526
5715,80,70.134308,25.859526
5716,80,70.134308,25.859526
5717,80,70.134308,25.859526
5718,80,69.8534775,25.859526
5719,80,69.572647,28.5489665
5720,80,69.572647,31.238407
5721,80,69.572647,31.238407
5722,80,69.572647,31.238407
5723,80,69.2918205,31.238407
5724,80,69.010994,31.238407
5725,80,69.010994,31.238407
5726,80,69.010994,37.291374
5727,80,69.010994,37.291374
5728,80,68.8400535,37.291374
5729,80,68.669113,37.291374
5730,80,68.669113,37.291374
5731,80,68.669113,37.291374
5732,80,68.5225905,41.053972
5733,80,68.376068,44.81657
5734,80,68.376068,44.81657
5735,80,68.376068,44.81657
5736,80,68.35165,44.81657
5737,80,68.327232,47.5419865
5738,80,68.327232,50.267403
5739,80,68.327232,50.267403
5740,80,68.327232,50.267403
5741,80,68.4127005,50.267403
5742,80,68.498169,50.267403
5743,80,68.498169,50.267403
5744,80,68.498169,53.3024465
5745,80,68.498169,56.33749
5746,80,68.73016,56.33749
5747,80,68.962151,56.33749
5748,80,68.962151,56.33749
5749,80,68.962151,56.33749
5750,80,68.962151,58.8649045
5751,80,69.2185595,61.392319
5752,80,69.474968,61.392319
5753,80,69.474968,61.392319
5754,80,69.804638,61.392319
5755,80,70.134308,61.392319
5756,80,70.134308,61.392319
5757,80,70.134308,66.260475
5758,80,70.134308,66.260475
5759,80,70.43956,66.260475
5760,80,70.744812,66.260475
5761,80,70.744812,66.260475
5762,80,70.744812,66.260475
5763,80,70.744812,68.715187
5764,80,71.147743,71.169899
5765,80,71.550674,71.169899
5766,80,71.550674,71.169899
5767,80,71.550674,71.169899
5768,80,71.550674,71.169899
5769,80,71.9780235,72.8426435
5770,80,72.405373,74.515388
5771,80,72.405373,74.515388
5772,80,72.7472535,74.515388
5773,80,73.089134,74.515388
5774,80,73.089134,74.515388
5775,80,73.089134,76.0268285
5776,80,73.089134,77.538269
5777,80,73.638584,77.538269
5778,80,74.188034,77.538269
5779,80,74.188034,77.538269
5780,80,74.188034,77.538269
5781,80,74.188034,78.7749175
5782,80,74.615387,80.011566
5783,80,75.04274,80.011566
5784,80,75.04274,80.011566
5786,80,75.04274,80.011566
5787,80,75.5189285,80.7561795
5788,80,75.995117,81.500793
5789,80,75.995117,81.500793
5790,80,75.995117,81.500793
5791,80,75.995117,81.500793
5792,80,76.544567,81.500793
5793,80,77.094017,81.937561
5794,80,77.094017,82.374329
5795,80,77.4481085,82.374329
5796,80,77.8022,82.374329
5797,80,77.8022,82.374329
5798,80,77.8022,82.374329
5799,80,77.8022,82.374329
5800,80,78.24176,82.5739825
5801,80,78.68132,82.773636
5802,80,78.68132,82.773636
5803,80,78.68132,82.773636
5804,80,78.68132,82.773636
5805,80,79.206352,82.773636
5806,80,79.731384,82.58173
5807,80,79.731384,82.389824
5808,80,79.731384,82.389824
5809,80,79.731384,82.389824
5810,80,80.2564125,82.389824
5811,80,80.781441,82.389824
5812,80,80.781441,81.862816
5813,80,81.1233215,81.335808
5814,80,81.465202,81.335808
5816,80,81.465202,81.335808
5817,80,81.465202,81.335808
5818,80,81.929184,81.335808
5819,80,82.393166,80.3738555
5820,80,82.393166,79.411903
5821,80,82.393166,79.411903
5822,80,82.393166,79.411903
5823,80,82.930405,79.411903
5824,80,83.467644,79.411903
5825,80,83.467644,78.22332
5826,80,83.467644,77.034737
5827,80,83.467644,77.034737
5828,80,83.907204,77.034737
5829,80,84.346764,77.034737
5830,80,84.346764,77.034737
5831,80,84.7130665,75.5574535
5832,80,85.079369,74.08017
5833,80,85.079369,74.08017
5834,80,85.079369,74.08017
5835,80,85.079369,74.08017
5836,80,85.5433465,74.08017
5837,80,86.007324,72.120823
5838,80,86.007324,70.161476
5839,80,86.007324,70.161476
5840,80,86.007324,70.161476
5841,80,86.4835165,70.161476
5842,80,86.959709,70.161476
5843,80,86.959709,68.1361505
5844,80,86.959709,66.110825
5846,80,86.959709,66.110825
5847,80,87.887672,66.110825
5848,80,87.887672,66.110825
5849,80,87.887672,63.6584455
5850,80,88.2051315,61.206066
5851,80,88.522591,61.206066
5852,80,88.522591,61.206066
5853,80,88.522591,61.206066
5854,80,88.8766825,61.206066
5855,80,89.230774,61.206066
5856,80,89.230774,61.206066
5857,80,89.230774,58.097368
5858,80,89.230774,54.98867
5859,80,89.572651,54.98867
5860,80,89.914528,54.98867
5861,80,89.914528,54.98867
5862,80,89.914528,52.3502365
5863,80,89.914528,49.711803
5864,80,90.207569,49.711803
5865,80,90.50061,49.711803
5866,80,90.50061,49.711803
5867,80,90.50061,49.711803
5868,80,90.50061,46.9653775
5869,80,90.732601,44.218952
5870,80,90.964592,44.218952
5871,80,90.964592,44.218952
5872,80,90.964592,44.218952
5873,80,91.050064,44.218952
5874,80,91.135536,44.218952
5876,80,91.135536,37.649509
5877,80,91.135536,37.649509
5878,80,91.233215,37.649509
5879,80,91.330894,37.649509
5880,80,91.330894,37.649509
5881,80,91.330894,34.929819
5882,80,91.330894,32.210129
5883,80,91.2820545,32.210129
5884,80,91.233215,32.210129
5885,80,91.233215,32.210129
5886,80,91.233215,32.210129
5887,80,91.233215,32.210129
5888,80,91.1111145,29.2301245
5889,80,90.989014,26.25012
5890,80,90.989014,26.25012
5891,80,90.989014,26.25012
5892,80,90.9157525,26.25012
5893,80,90.842491,26.25012
5894,80,90.842491,23.380086
5895,80,90.842491,20.510052
5896,80,90.842491,20.510052
5897,80,90.5738715,20.510052
5898,80,90.305252,20.510052
5899,80,90.305252,18.303958
5900,80,90.305252,16.097864
5901,80,90.0244215,16.097864
5902,80,89.743591,16.097864
5903,80,89.743591,16.097864
5904,80,89.743591,16.097864
5906,80,89.743591,11.526596
5907,80,88.913307,11.526596
5908,80,88.913307,11.526596
5909,80,88.6324765,11.526596
5910,80,88.351646,11.526596
5911,80,88.351646,9.436556
5912,80,88.351646,7.346516
5913,80,88.351646,7.346516
5914,80,87.9853475,7.346516
5915,80,87.619049,7.346516
5916,80,87.619049,7.346516
5917,80,87.619049,5.7685395
5918,80,87.619049,4.190563
5919,80,87.1184385,4.190563
5920,80,86.617828,4.190563
5921,80,86.617828,4.190563
5922,80,86.617828,4.190563
5923,80,86.617828,2.9507865
5924,80,86.0317455,1.71101
5925,80,85.445663,1.71101
5926,80,85.445663,1.71101
5927,80,85.445663,1.71101
5928,80,85.445663,1.71101
5929,80,84.932846,1.71101
5930,80,84.420029,0.855505
5931,80,84.420029,0
5932,80,84.420029,0
5933,80,83.9194185,0
5934,80,83.418808,0
5935,80,83.418808,0
5936,80,83.418808,0
5937,80,83.418808,0
5938,80,82.246643,0
5939,80,82.246643,0
5940,80,82.246643,0
5941,80,82.246643,0.0018205
5942,80,81.7582435,0.003641
5943,80,81.269844,0.003641
5944,80,81.269844,0.003641
5945,80,81.269844,0.003641
5946,80,80.732601,0.003641
5947,80,80.195358,0.003641
5948,80,80.195358,0.4118585
5949,80,80.195358,0.820076
5950,80,80.195358,0.820076
5951,80,79.694748,0.820076
5952,80,79.194138,0.820076
5953,80,79.194138,0.820076
5954,80,79.194138,1.4539695
5955,80,78.5714305,2.087863
5956,80,77.948723,2.087863
5957,80,77.948723,2.087863
5958,80,77.948723,2.087863
5959,80,77.948723,2.087863
5960,80,77.4725305,3.0997345
5961,80,76.996338,4.111606
5962,80,76.996338,4.111606
5963,80,76.996338,4.111606
5964,80,76.5201495,4.111606
5965,80,76.043961,4.111606
5967,80,76.043961,7.165705
5968,80,75.4456675,7.165705
5969,80,74.847374,7.165705
5970,80,74.847374,7.165705
5971,80,74.847374,7.165705
5972,80,74.847374,8.8209475
5973,80,74.3589745,10.47619
5974,80,73.870575,10.47619
5975,80,73.870575,10.47619
5976,80,73.870575,10.47619
5977,80,73.870575,10.47619
5978,80,73.345543,12.6318795
5979,80,72.820511,14.787569
5980,80,72.820511,14.787569
5981,80,72.820511,14.787569
5982,80,72.393162,14.787569
5983,80,71.965813,14.787569
5984,80,71.965813,14.787569
5985,80,71.965813,17.3476135
5986,80,71.965813,19.907658
5987,80,71.599514,19.907658
5988,80,71.233215,19.907658
5989,80,71.233215,19.907658
5990,80,71.233215,19.907658
5991,80,70.7936515,22.3477195
5992,80,70.354088,24.787781
5993,80,70.354088,24.787781
5994,80,70.354088,24.787781
5995,80,70.354088,24.787781
5996,80,70.0610505,24.787781
5997,80,69.768013,27.7091065
5998,80,69.768013,30.630432
5999,80,69.768013,30.630432
6000,80,69.768013,30.630432
6001,80,69.4139215,30.630432
6002,80,69.05983,30.630432
6003,80,69.05983,33.963997
6004,80,69.0109905,37.297562
6005,80,68.962151,37.297562
6006,80,68.962151,37.297562
6007,80,68.962151,37.297562
6008,80,68.73016,37.297562
6009,80,68.498169,40.3847925
6010,80,68.498169,43.472023
6011,80,68.498169,43.472023
6012,80,68.3394395,43.472023
6013,80,68.18071,43.472023
6014,80,68.18071,46.486727
6015,80,68.18071,49.501431
6016,80,68.18071,49.501431
6017,80,68.278389,49.501431
6018,80,68.376068,49.501431
6019,80,68.376068,49.501431
6020,80,68.376068,49.501431
6021,80,68.5225905,52.5920185
6022,80,68.669113,55.682606
6023,80,68.669113,55.682606
6024,80,68.669113,55.682606
6025,80,68.669113,55.682606
6027,80,69.27961,55.682606
6028,80,69.27961,60.662682
6029,80,69.27961,60.662682
6030,80,69.27961,60.662682
6031,80,69.487179,60.662682
6032,80,69.694748,60.662682
6033,80,69.694748,60.662682
6034,80,69.694748,63.094601
6035,80,69.694748,65.52652
6036,80,70.0488395,65.52652
6037,80,70.402931,65.52652
6038,80,70.402931,65.52652
6039,80,70.402931,65.52652
6040,80,70.7936515,65.52652
6041,80,71.184372,68.0660785
6042,80,71.184372,70.605637
6043,80,71.184372,70.605637
6044,80,71.5750925,70.605637
6045,80,71.965813,70.605637
6046,80,71.965813,72.159775
6047,80,71.965813,73.713913
6048,80,71.965813,73.713913
6049,80,72.466423,73.713913
6050,80,72.967033,73.713913
6051,80,72.967033,73.713913
6052,80,72.967033,73.713913
6053,80,72.967033,75.376137
6054,80,73.296703,77.038361
6055,80,73.626373,77.038361
6057,80,73.626373,77.038361
6058,80,74.0293045,78.2151605
6059,80,74.432236,79.39196
6060,80,74.432236,79.39196
6061,80,74.432236,79.39196
6062,80,74.432236,79.39196
6063,80,74.9206355,79.39196
6064,80,75.409035,80.2379455
6065,80,75.409035,81.083931
6066,80,75.409035,81.083931
6067,80,75.9706955,81.083931
6068,80,76.532356,81.083931
6069,80,76.532356,81.083931
6070,80,76.532356,81.083931
6071,80,76.532356,81.083931
6072,80,76.9230765,81.722637
6073,80,77.313797,82.361343
6074,80,77.313797,82.361343
6075,80,77.313797,82.361343
6076,80,77.765568,82.361343
6077,80,78.217339,82.5494
6078,80,78.217339,82.737457
6079,80,78.217339,82.737457
6080,80,78.217339,82.737457
6081,80,78.644688,82.737457
6082,80,79.072037,82.737457
6083,80,79.072037,82.737457
6084,80,79.072037,82.5696905
6085,80,79.072037,82.401924
6087,80,80.195358,82.401924
6088,80,80.195358,82.401924
6089,80,80.195358,82.401924
6090,80,80.634922,81.905857
6091,80,81.074486,81.40979
6092,80,81.074486,81.40979
6093,80,81.074486,81.40979
6094,80,81.514046,81.40979
6095,80,81.953606,81.40979
6096,80,81.953606,80.640564
6097,80,81.953606,79.871338
6098,80,81.953606,79.871338
6099,80,82.4175835,79.871338
6100,80,82.881561,79.871338
6101,80,82.881561,79.871338
6102,80,82.881561,78.650303
6103,80,82.881561,77.429268
6104,80,83.3821715,77.429268
6105,80,83.882782,77.429268
6106,80,83.882782,77.429268
6107,80,83.882782,77.429268
6108,80,84.3589745,77.429268
6109,80,84.835167,75.8585585
6110,80,84.835167,74.287849
6111,80,84.835167,74.287849
6112,80,85.2014655,74.287849
6113,80,85.567764,74.287849
6114,80,85.567764,72.6111675
6115,80,85.567764,70.934486
6116,80,85.567764,70.934486
6118,80,86.471306,70.934486
6119,80,86.471306,70.934486
6120,80,86.471306,70.934486
6121,80,86.471306,68.7878455
6122,80,86.9474985,66.641205
6123,80,87.423691,66.641205
6124,80,87.423691,66.641205
6125,80,87.423691,66.641205
6126,80,87.838829,66.641205
6127,80,88.253967,64.0215415
6128,80,88.253967,61.401878
6129,80,88.253967,61.401878
6130,80,88.583637,61.401878
6131,80,88.913307,61.401878
6132,80,88.913307,61.401878
6133,80,88.913307,58.924837
6134,80,88.913307,56.447796
6135,80,89.157509,56.447796
6136,80,89.401711,56.447796
6137,80,89.401711,56.447796
6138,80,89.401711,56.447796
6139,80,89.401711,53.6909945
6140,80,89.7558025,50.934193
6141,80,90.109894,50.934193
6142,80,90.109894,50.934193
6143,80,90.109894,50.934193
6144,80,90.109894,50.934193
6145,80,90.3418845,50.934193
6146,80,90.573875,47.774588
6147,80,90.573875,44.614983
6148,80,90.573875,44.614983
6149,80,90.805862,44.614983
6150,80,91.037849,44.614983
6151,80,91.037849,44.614983
6152,80,91.037849,41.673466
6153,80,91.147739,38.731949
6154,80,91.257629,38.731949
6155,80,91.257629,38.731949
6156,80,91.257629,38.731949
6157,80,91.257629,38.731949
6158,80,91.2210005,35.7788925
6159,80,91.184372,32.825836
6160,80,91.184372,32.825836
6161,80,91.184372,32.825836
6162,80,91.159954,32.825836
6163,80,91.135536,32.825836
6164,80,91.135536,32.825836
6165,80,91.135536,29.4513615
6166,80,90.9890135,26.076887
6167,80,90.842491,26.076887
6168,80,90.842491,26.076887
6169,80,90.842491,26.076887
6170,80,90.842491,26.076887
6171,80,90.76923,23.5202685
6172,80,90.695969,20.96365
6173,80,90.695969,20.96365
6174,80,90.695969,20.96365
6175,80,90.695969,20.96365
6176,80,90.4029315,20.96365
6177,80,90.109894,18.6133215
6178,80,90.109894,16.262993
6179,80,90.109894,16.262993
6180,80,90.109894,16.262993
6181,80,89.792431,16.262993
6182,80,89.474968,16.262993
6183,80,89.474968,13.847654
6184,80,89.474968,11.432315
6185,80,89.1819305,11.432315
6186,80,88.888893,11.432315
6187,80,88.888893,11.432315
6188,80,88.888893,11.432315
6189,80,88.4981725,9.635354
6190,80,88.107452,7.838393
6191,80,88.107452,7.838393
6192,80,88.107452,7.838393
6193,80,88.107452,7.838393
6194,80,87.716732,7.838393
6195,80,87.326012,6.1635845
6196,80,87.326012,4.488776
6197,80,87.326012,4.488776
6198,80,87.326012,4.488776
6199,80,86.75214,4.488776
6200,80,86.178268,4.488776
6201,80,86.178268,4.488776
6202,80,86.178268,3.1614055
6203,80,85.750919,1.834035
6204,80,85.32357,1.834035
6205,80,85.32357,1.834035
6206,80,85.32357,1.834035
6208,80,84.322342,0.114013
6209,80,84.322342,0.114013
6210,80,84.322342,0.114013
6211,80,84.322342,0.114013
6212,80,83.6996345,0.114013
6213,80,83.076927,0.085634
6214,80,83.076927,0.057255
6215,80,83.076927,0.057255
6216,80,83.076927,0.057255
6217,80,82.5152665,0.057255
6218,80,81.953606,0.057255
6219,80,81.953606,0.057255
6220,80,81.953606,0.1089135
6221,80,81.4652025,0.160572
6222,80,80.976799,0.160572
6223,80,80.976799,0.160572
6224,80,80.976799,0.160572
6225,80,80.43956,0.160572
6226,80,79.902321,0.441147
6227,80,79.902321,0.721722
6228,80,79.902321,0.721722
6229,80,79.902321,0.721722
6230,80,79.255192,0.721722
6231,80,78.608063,0.721722
6232,80,78.608063,1.3900785
6233,80,78.608063,2.058435
6234,80,78.608063,2.058435
6235,80,78.058609,2.058435
6236,80,77.509155,2.058435
6238,80,77.509155,2.058435
6239,80,76.984127,4.329739
6240,80,76.459099,4.329739
6241,80,76.459099,4.329739
6242,80,76.459099,4.329739
6243,80,75.9462775,4.329739
6244,80,75.433456,5.8110465
6245,80,75.433456,7.292354
6246,80,75.433456,7.292354
6247,80,75.433456,7.292354
6248,80,74.8840065,7.292354
6249,80,74.334557,7.292354
6250,80,74.334557,9.140949
6251,80,74.334557,10.989544
6252,80,74.334557,10.989544
6253,80,73.797314,10.989544
6254,80,73.260071,10.989544
6255,80,73.260071,10.989544
6256,80,73.260071,10.989544
6257,80,72.8449325,13.543134
6258,80,72.429794,16.096724
6259,80,72.429794,16.096724
6260,80,72.429794,16.096724
6261,80,71.9413945,16.096724
6262,80,71.452995,16.096724
6263,80,71.452995,18.476964
6264,80,71.452995,20.857204
6265,80,71.452995,20.857204
6266,80,71.123325,20.857204
6267,80,70.793655,20.857204
6268,80,70.793655,20.857204
6269,80,70.793655,23.370957
6270,80,70.793655,25.88471
6271,80,70.3663025,25.88471
6272,80,69.93895,25.88471
6273,80,69.93895,25.88471
6274,80,69.93895,25.88471
6275,80,69.71917,29.044221
6276,80,69.49939,32.203732
6277,80,69.49939,32.203732
6278,80,69.49939,32.203732
6279,80,69.2307705,32.203732
6280,80,68.962151,32.203732
6281,80,68.962151,34.988825
6282,80,68.962151,37.773918
6283,80,68.962151,37.773918
6284,80,68.84005,37.773918
6285,80,68.717949,37.773918
6286,80,68.717949,37.773918
6287,80,68.717949,40.880392
6288,80,68.717949,43.986866
6289,80,68.4249075,43.986866
6290,80,68.131866,43.986866
6291,80,68.131866,43.986866
6292,80,68.131866,43.986866
6293,80,68.253967,43.986866
6294,80,68.376068,47.3103065
6295,80,68.376068,50.633747
6296,80,68.376068,50.633747
6298,80,68.693527,50.633747
6299,80,68.693527,53.2187785
6300,80,68.693527,55.80381
6301,80,68.693527,55.80381
6302,80,68.8644675,55.80381
6303,80,69.035408,55.80381
6304,80,69.035408,55.80381
6305,80,69.035408,58.456951
6306,80,69.035408,61.110092
6307,80,69.328449,61.110092
6308,80,69.62149,61.110092
6309,80,69.62149,61.110092
6310,80,69.62149,61.110092
6311,80,69.89011,61.110092
6312,80,70.15873,63.7497255
6313,80,70.15873,66.389359
6314,80,70.15873,66.389359
6315,80,70.15873,66.389359
6316,80,70.5982895,66.389359
6317,80,71.037849,66.389359
6318,80,71.037849,68.371384
6319,80,71.037849,70.353409
6320,80,71.355312,70.353409
6321,80,71.672775,70.353409
6322,80,71.672775,70.353409
6323,80,71.672775,70.353409
6324,80,71.672775,72.0890735
6325,80,72.1733855,73.824738
6326,80,72.673996,73.824738
6327,80,72.673996,73.824738
6329,80,72.673996,73.824738
6330,80,73.455437,75.43882
6331,80,73.455437,77.052902
6332,80,73.455437,77.052902
6333,80,73.455437,77.052902
6334,80,73.8095245,77.052902
6335,80,74.163612,77.052902
6336,80,74.163612,78.141224
6337,80,74.163612,79.229546
6338,80,74.737484,79.229546
6339,80,75.311356,79.229546
6340,80,75.311356,79.229546
6341,80,75.311356,79.229546
6342,80,75.311356,80.1342735
6343,80,75.7509155,81.039001
6344,80,76.190475,81.039001
6345,80,76.190475,81.039001
6346,80,76.190475,81.039001
6347,80,76.5934065,81.039001
6348,80,76.996338,81.039001
6349,80,76.996338,81.6070935
6350,80,76.996338,82.175186
6351,80,76.996338,82.175186
6352,80,77.4725305,82.175186
6353,80,77.948723,82.175186
6354,80,77.948723,82.175186
6355,80,77.948723,82.316227
6356,80,77.948723,82.457268
6357,80,78.40049,82.457268
6358,80,78.852257,82.457268
6359,80,78.852257,82.457268
6360,80,78.852257,82.457268
6361,80,79.4139175,82.317871
6362,80,79.975578,82.178474
6363,80,79.975578,82.178474
6364,80,79.975578,82.178474
6365,80,80.39072,82.178474
6366,80,80.805862,82.178474
6367,80,80.805862,81.6567915
6368,80,80.805862,81.135109
6369,80,80.805862,81.135109
6370,80,81.1843715,81.135109
6371,80,81.562881,81.135109
6372,80,81.562881,81.135109
6373,80,81.562881,80.396843
6374,80,81.562881,79.658577
6375,80,82.0757025,79.658577
6376,80,82.588524,79.658577
6377,80,82.588524,79.658577
6378,80,82.588524,79.658577
6379,80,83.0525055,78.530102
6380,80,83.516487,77.401627
6381,80,83.516487,77.401627
6382,80,83.516487,77.401627
6383,80,83.9072075,77.401627
6384,80,84.297928,77.401627
6385,80,84.297928,77.401627
6386,80,84.297928,75.8312685
6387,80,84.297928,74.26091
6389,80,85.274727,74.26091
6390,80,85.274727,74.26091
6391,80,85.274727,72.654968
6392,80,85.274727,71.049026
6393,80,85.677658,71.049026
6394,80,86.080589,71.049026
6395,80,86.080589,71.049026
6396,80,86.080589,71.049026
6397,80,86.080589,68.9682575
6398,80,86.630039,66.887489
6399,80,87.179489,66.887489
6400,80,87.179489,66.887489
6401,80,87.496948,66.887489
6402,80,87.814407,66.887489
6403,80,87.814407,66.887489
6404,80,87.814407,64.418789
6405,80,87.814407,61.950089
6406,80,88.168499,61.950089
6407,80,88.522591,61.950089
6408,80,88.522591,61.950089
6409,80,88.522591,61.950089
6410,80,88.522591,59.52351
6411,80,88.852261,57.096931
6412,80,89.181931,57.096931
6413,80,89.181931,57.096931
6414,80,89.181931,57.096931
6415,80,89.181931,57.096931
6416,80,89.5482295,54.426357
6417,80,89.914528,51.755783
6419,80,89.914528,51.755783
6420,80,90.146519,51.755783
6421,80,90.37851,51.755783
6422,80,90.37851,51.755783
6423,80,90.37851,48.665304
6424,80,90.37851,45.574825
6425,80,90.6105005,45.574825
6426,80,90.842491,45.574825
6427,80,90.842491,45.574825
6428,80,90.842491,45.574825
6429,80,90.842491,42.6661165
6430,80,91.0012205,39.757408
6431,80,91.15995,39.757408
6432,80,91.15995,39.757408
6433,80,91.15995,39.757408
6434,80,91.257633,39.757408
6435,80,91.355316,36.700342
6436,80,91.355316,33.643276
6437,80,91.355316,33.643276
6438,80,91.355316,33.643276
6439,80,91.2210045,33.643276
6440,80,91.086693,33.643276
6441,80,91.086693,33.643276
6442,80,91.1111145,30.3630085
6443,80,91.135536,27.082741
6444,80,91.135536,27.082741
6445,80,91.135536,27.082741
6446,80,90.9645955,27.082741
6447,80,90.793655,24.48327
6448,80,90.793655,21.883799
6449,80,90.793655,21.883799
6450,80,90.793655,21.883799
6451,80,90.5372425,21.883799
6452,80,90.28083,21.883799
6453,80,90.28083,19.39965
6454,80,90.28083,16.915501
6455,80,90.28083,16.915501
6456,80,89.9389495,16.915501
6457,80,89.597069,16.915501
6458,80,89.597069,14.910126
6459,80,89.597069,12.904751
6460,80,89.34066,12.904751
6461,80,89.084251,12.904751
6462,80,89.084251,12.904751
6463,80,89.084251,12.904751
6464,80,89.084251,10.9231275
6465,80,88.766792,8.941504
6466,80,88.449333,8.941504
6467,80,88.449333,8.941504
6468,80,88.449333,8.941504
6469,80,88.449333,8.941504
6470,80,88.034191,8.941504
6471,80,87.619049,7.006333
6472,80,87.619049,5.071162
6473,80,87.619049,5.071162
6474,80,87.094017,5.071162
6475,80,86.568985,5.071162
6476,80,86.568985,5.071162
6477,80,86.568985,3.8548155
6478,80,86.117214,2.638469
6479,80,85.665443,2.638469
6480,80,85.665443,2.638469
6481,80,85.665443,2.638469
6482,80,85.665443,2.638469
6483,80,85.128204,1.676446
6484,80,84.590965,0.714423
6485,80,84.590965,0.714423
6486,80,84.590965,0.714423
6487,80,84.053726,0.714423
6488,80,83.516487,0.714423
6489,80,83.516487,0.357296
6490,80,83.516487,0.000169
6491,80,83.516487,0.000169
6492,80,82.869354,0.000169
6493,80,82.222221,0.000169
6494,80,82.222221,0.000169
6495,80,82.222221,0.023509
6496,80,81.7582435,0.046849
6497,80,81.294266,0.046849
6498,80,81.294266,0.046849
6499,80,81.294266,0.046849
6500,80,81.294266,0.046849
6501,80,80.7081835,0.273627
6502,80,80.122101,0.500405
6503,80,80.122101,0.500405
6504,80,80.122101,0.500405
6505,80,79.6092795,0.500405
6506,80,79.096458,0.500405
6507,80,79.096458,1.1526145
6508,80,79.096458,1.804824
6509,80,79.096458,1.804824
6510,80,79.096458,1.804824
6511,80,77.777779,1.804824
6512,80,77.777779,1.804824
6513,80,77.777779,2.784796
6514,80,77.2893795,3.764768
6515,80,76.80098,3.764768
6516,80,76.80098,3.764768
6517,80,76.80098,3.764768
6518,80,76.80098,3.764768
6519,80,76.25153,5.096772
6520,80,75.70208,6.428776
6521,80,75.70208,6.428776
6522,80,75.70208,6.428776
6523,80,75.70208,6.428776
6524,80,75.067158,6.428776
6525,80,74.432236,6.428776
6526,80,74.432236,8.369619
6527,80,74.432236,10.310462
6528,80,74.432236,10.310462
6529,80,73.894997,10.310462
6530,80,73.357758,10.310462
6531,80,73.357758,12.342479
6532,80,73.357758,14.374496
6533,80,72.8815655,14.374496
6534,80,72.405373,14.374496
6535,80,72.405373,14.374496
6536,80,72.405373,14.374496
6537,80,72.0146525,14.374496
6538,80,71.623932,16.8030365
6539,80,71.623932,19.231577
6540,80,71.623932,19.231577
6541,80,71.623932,19.231577
6542,80,71.2454225,19.231577
6543,80,70.866913,19.231577
6544,80,70.866913,19.231577
6545,80,70.866913,22.375045
6546,80,70.866913,25.518513
6547,80,70.4761925,25.518513
6548,80,70.085472,25.518513
6549,80,70.085472,25.518513
6550,80,70.085472,25.518513
6551,80,69.792431,28.2377685
6552,80,69.49939,30.957024
6553,80,69.49939,30.957024
6554,80,69.49939,30.957024
6555,80,69.1941415,30.957024
6556,80,68.888893,33.848555
6557,80,68.888893,36.740086
6558,80,68.888893,36.740086
6559,80,68.888893,36.740086
6560,80,68.79121,36.740086
6561,80,68.693527,36.740086
6562,80,68.693527,36.740086
6563,80,68.693527,40.1623765
6564,80,68.693527,43.584667
6565,80,68.3516465,43.584667
6566,80,68.009766,43.584667
6567,80,68.009766,43.584667
6568,80,68.009766,43.584667
6570,80,68.229546,49.356823
6571,80,68.229546,49.356823
6572,80,68.229546,49.356823
6573,80,68.229546,49.356823
6574,80,68.302807,49.356823
6575,80,68.376068,49.356823
6576,80,68.376068,52.352682
6577,80,68.376068,55.348541
6578,80,68.376068,55.348541
6579,80,68.583637,55.348541
6580,80,68.791206,55.348541
6581,80,68.791206,55.348541
6582,80,68.791206,58.290886
6583,80,68.791206,61.233231
6584,80,69.1819265,61.233231
6585,80,69.572647,61.233231
6586,80,69.572647,61.233231
6587,80,69.572647,61.233231
6588,80,69.572647,63.4481735
6589,80,69.804638,65.663116
6590,80,70.036629,65.663116
6591,80,70.036629,65.663116
6592,80,70.427349,65.663116
6593,80,70.818069,67.91716
6594,80,70.818069,70.171204
6595,80,70.818069,70.171204
6596,80,71.0134315,70.171204
6597,80,71.208794,70.171204
6598,80,71.208794,70.171204
6600,80,71.208794,74.241966
6601,80,72.380951,74.241966
6602,80,72.380951,74.241966
6603,80,72.380951,74.241966
6604,80,72.380951,74.241966
6605,80,72.808304,75.712803
6606,80,73.235657,77.18364
6607,80,73.235657,77.18364
6608,80,73.235657,77.18364
6609,80,73.565327,77.18364
6610,80,73.894997,77.18364
6611,80,73.894997,78.462975
6612,80,73.894997,79.74231
6613,80,73.894997,79.74231
6614,80,74.4566575,79.74231
6615,80,75.018318,79.74231
6616,80,75.018318,79.74231
6617,80,75.018318,79.74231
6618,80,75.018318,80.765999
6619,80,75.4090385,81.789688
6620,80,75.799759,81.789688
6621,80,75.799759,81.789688
6622,80,75.799759,81.789688
6623,80,75.799759,81.789688
6624,80,76.31258,82.3760835
6625,80,76.825401,82.962479
6626,80,76.825401,82.962479
6627,80,76.825401,82.962479
6628,80,77.179489,82.962479
6629,80,77.533577,82.962479
6630,80,77.533577,82.962479
6631,80,77.533577,83.686226
6632,80,78.07082,83.686226
6633,80,78.608063,83.686226
6634,80,78.608063,83.686226
6635,80,78.608063,83.686226
6636,80,78.608063,83.686226
6637,80,79.0598335,83.597664
6638,80,79.511604,83.509102
6639,80,79.511604,83.509102
6640,80,79.511604,83.509102
6641,80,79.511604,83.509102
6642,80,80.0366325,83.1824455
6643,80,80.561661,82.855789
6644,80,80.561661,82.855789
6645,80,80.561661,82.855789
6646,80,80.9157525,82.855789
6647,80,81.269844,82.855789
6648,80,81.269844,82.855789
6649,80,81.269844,82.1490555
6650,80,81.7948725,81.442322
6651,80,82.319901,81.442322
6652,80,82.319901,81.442322
6653,80,82.319901,81.442322
6654,80,82.319901,81.442322
6655,80,82.7472535,80.2575725
6656,80,83.174606,79.072823
6657,80,83.174606,79.072823
6658,80,83.174606,79.072823
6660,80,83.174606,79.072823
6661,80,84.297928,77.867783
6662,80,84.297928,76.662743
6663,80,84.297928,76.662743
6664,80,84.603176,76.662743
6665,80,84.908424,76.662743
6666,80,84.908424,76.662743
6667,80,84.908424,74.869179
6668,80,85.3968275,73.075615
6669,80,85.885231,73.075615
6670,80,85.885231,73.075615
6671,80,85.885231,73.075615
6672,80,85.885231,73.075615
6673,80,86.336998,73.075615
6674,80,86.788765,71.01474
6675,80,86.788765,68.953865
6676,80,86.788765,68.953865
6677,80,86.788765,68.953865
6678,80,87.1550675,68.953865
6679,80,87.52137,66.928158
6680,80,87.52137,64.902451
6681,80,87.52137,64.902451
6682,80,87.924301,64.902451
6683,80,88.327232,64.902451
6684,80,88.327232,64.902451
6685,80,88.327232,64.902451
6686,80,88.68132,62.175333
6687,80,89.035408,59.448215
6688,80,89.035408,59.448215
6690,80,89.035408,59.448215
6691,80,89.45055,56.927507
6692,80,89.865692,54.406799
6693,80,89.865692,54.406799
6694,80,89.865692,54.406799
6695,80,89.865692,54.406799
6696,80,90.097683,54.406799
6697,80,90.329674,54.406799
6698,80,90.329674,51.3990705
6699,80,90.329674,48.391342
6700,80,90.549454,48.391342
6701,80,90.769234,48.391342
6702,80,90.769234,48.391342
6703,80,90.769234,48.391342
6704,80,90.9279635,45.1137315
6705,80,91.086693,41.836121
6706,80,91.086693,41.836121
6707,80,91.086693,41.836121
6708,80,91.086693,41.836121
6709,80,91.2576335,41.836121
6710,80,91.428574,38.9481835
6711,80,91.428574,36.060246
6712,80,91.428574,36.060246
6713,80,91.428574,36.060246
6714,80,91.428574,36.060246
6715,80,91.428574,36.060246
6716,80,91.428574,32.981823
6717,80,91.428574,29.9034
6718,80,91.404152,29.9034
6719,80,91.37973,29.9034
6721,80,91.37973,29.9034
6722,80,91.2087895,29.9034
6723,80,91.037849,26.8350075
6724,80,91.037849,23.766615
6725,80,91.037849,23.766615
6726,80,91.037849,23.766615
6727,80,90.854702,23.766615
6728,80,90.671555,23.766615
6729,80,90.671555,21.1402065
6730,80,90.671555,18.513798
6731,80,90.671555,18.513798
6732,80,90.4151425,18.513798
6733,80,90.15873,18.513798
6734,80,90.15873,18.513798
6735,80,90.15873,16.0859335
6736,80,89.93895,13.658069
6737,80,89.71917,13.658069
6738,80,89.71917,13.658069
6739,80,89.71917,13.658069
6740,80,89.365082,13.658069
6741,80,89.010994,13.658069
6742,80,89.010994,11.284375
6743,80,89.010994,8.910681
6744,80,89.010994,8.910681
6745,80,88.608063,8.910681
6746,80,88.205132,8.910681
6747,80,88.205132,8.910681
6748,80,88.205132,7.1063425
6749,80,88.205132,5.302004
6751,80,87.423691,5.302004
6752,80,87.423691,5.302004
6753,80,87.423691,5.302004
6754,80,86.996338,3.7493215
6755,80,86.568985,2.196639
6756,80,86.568985,2.196639
6757,80,86.568985,2.196639
6758,80,85.995117,2.196639
6759,80,85.421249,2.196639
6760,80,85.421249,2.196639
6761,80,85.421249,1.1171915
6762,80,85.421249,0.037744
6763,80,84.8595885,0.037744
6764,80,84.297928,0.037744
6765,80,84.297928,0.037744
6766,80,84.297928,0.037744
6767,80,84.297928,0.018872
6768,80,83.6752165,0
6769,80,83.052505,0
6770,80,83.052505,0
6771,80,83.052505,0
6772,80,82.649574,0
6773,80,82.246643,0
6774,80,82.246643,0
6775,80,82.246643,0
6776,80,82.246643,0
6777,80,82.246643,0
6778,80,81.611721,0
6779,80,80.976799,0
6780,80,80.976799,0.1629455
6781,80,80.976799,0.325891
6782,80,80.976799,0.325891
6783,80,80,0.325891
6784,80,80,0.325891
6785,80,80,0.325891
6786,80,80,0.727739
6787,80,79.4139215,1.129587
6788,80,78.827843,1.129587
6789,80,78.827843,1.129587
6790,80,78.3516505,1.129587
6791,80,77.875458,1.982224
6792,80,77.875458,2.834861
6793,80,77.875458,2.834861
6794,80,77.326008,2.834861
6795,80,76.776558,2.834861
6796,80,76.776558,2.834861
6797,80,76.776558,4.2347805
6798,80,76.776558,5.6347
6799,80,76.1660575,5.6347
6800,80,75.555557,5.6347
6801,80,75.555557,5.6347
6802,80,75.555557,7.07104
6803,80,75.555557,8.50738
6804,80,75.0671575,8.50738
6805,80,74.578758,8.50738
6806,80,74.578758,8.50738
6807,80,74.578758,8.50738
6808,80,74.053726,8.50738
6809,80,73.528694,10.65273
6810,80,73.528694,12.79808
6811,80,73.528694,12.79808
6812,80,73.528694,12.79808
6813,80,73.0525055,12.79808
6814,80,72.576317,12.79808
6815,80,72.576317,14.9237985
6816,80,72.576317,17.049517
6817,80,72.576317,17.049517
6818,80,72.1001245,17.049517
6819,80,71.623932,17.049517
6820,80,71.623932,17.049517
6821,80,71.623932,17.049517
6822,80,71.2087935,19.668911
6823,80,70.793655,22.288305
6824,80,70.793655,22.288305
6825,80,70.793655,22.288305
6826,80,70.4761925,22.288305
6827,80,70.15873,22.288305
6828,80,70.15873,25.210261
6829,80,70.15873,28.132217
6830,80,70.15873,28.132217
6831,80,69.82906,28.132217
6832,80,69.49939,28.132217
6833,80,69.49939,30.9178655
6834,80,69.49939,33.703514
6835,80,69.49939,33.703514
6836,80,69.242981,33.703514
6837,80,68.986572,33.703514
6838,80,68.986572,33.703514
6839,80,68.986572,33.703514
6841,80,68.473747,40
6842,80,68.473747,40
6843,80,68.473747,40
6844,80,68.388279,40
6845,80,68.302811,40
6846,80,68.302811,43.513132
6847,80,68.302811,47.026264
6848,80,68.302811,47.026264
6849,80,68.2051315,47.026264
6850,80,68.107452,47.026264
6851,80,68.107452,47.026264
6852,80,68.107452,49.761839
6853,80,68.107452,52.497414
6854,80,68.35165,52.497414
6855,80,68.595848,52.497414
6856,80,68.595848,52.497414
6857,80,68.595848,52.497414
6858,80,68.595848,52.497414
6859,80,68.6568985,55.2958855
6860,80,68.717949,58.094357
6861,80,68.717949,58.094357
6862,80,68.717949,58.094357
6863,80,68.9743615,58.094357
6864,80,69.230774,58.094357
6865,80,69.230774,60.842741
6866,80,69.230774,63.591125
6867,80,69.230774,63.591125
6868,80,69.645912,63.591125
6869,80,70.06105,63.591125
6870,80,70.06105,63.591125
6872,80,70.06105,67.911217
6873,80,70.573875,67.911217
6874,80,70.573875,67.911217
6875,80,70.573875,67.911217
6876,80,71.1721645,69.8916895
6877,80,71.770454,71.872162
6878,80,71.770454,71.872162
6879,80,71.770454,71.872162
6880,80,71.9536055,71.872162
6881,80,72.136757,71.872162
6882,80,72.136757,71.872162
6883,80,72.136757,73.7968485
6884,80,72.136757,75.721535
6885,80,72.600735,75.721535
6886,80,73.064713,75.721535
6887,80,73.064713,75.721535
6888,80,73.064713,77.0907405
6889,80,73.5286945,78.459946
6890,80,73.992676,78.459946
6891,80,73.992676,78.459946
6892,80,73.992676,78.459946
6893,80,73.992676,78.459946
6894,80,73.992676,78.459946
6895,80,74.517708,79.5519945
6896,80,75.04274,80.644043
6897,80,75.04274,80.644043
6898,80,75.04274,80.644043
6899,80,75.396828,80.644043
6900,80,75.750916,80.644043
6902,80,75.750916,82.188019
6903,80,76.263737,82.188019
6904,80,76.776558,82.188019
6905,80,76.776558,82.188019
6906,80,76.776558,82.188019
6907,80,76.776558,82.627823
6908,80,77.2405395,83.067627
6909,80,77.704521,83.067627
6910,80,77.704521,83.067627
6911,80,77.704521,83.067627
6912,80,77.704521,83.067627
6913,80,78.2173425,83.1685905
6914,80,78.730164,83.269554
6915,80,78.730164,83.269554
6916,80,79.0842515,83.269554
6917,80,79.438339,83.269554
6918,80,79.438339,83.269554
6919,80,79.438339,83.1192205
6920,80,79.438339,82.968887
6921,80,79.9145315,82.968887
6922,80,80.390724,82.968887
6923,80,80.390724,82.968887
6924,80,80.390724,82.968887
6925,80,80.390724,82.968887
6926,80,80.9035455,82.3761215
6927,80,81.416367,81.783356
6928,80,81.416367,81.783356
6929,80,81.416367,81.783356
6930,80,81.7948765,81.783356
6931,80,82.173386,81.783356
6932,80,82.173386,81.783356
6933,80,82.173386,80.016838
6934,80,82.600735,80.016838
6935,80,83.028084,80.016838
6936,80,83.028084,80.016838
6937,80,83.028084,80.016838
6938,80,83.028084,78.8783645
6939,80,83.565323,77.739891
6940,80,84.102562,77.739891
6941,80,84.102562,77.739891
6942,80,84.102562,77.739891
6943,80,84.102562,77.739891
6944,80,84.5421255,76.2322005
6945,80,84.981689,74.72451
6946,80,84.981689,74.72451
6947,80,84.981689,74.72451
6948,80,85.421249,74.72451
6949,80,85.860809,74.72451
6950,80,85.860809,74.72451
6951,80,85.860809,72.611477
6952,80,86.20269,70.498444
6953,80,86.544571,70.498444
6954,80,86.544571,70.498444
6955,80,86.544571,70.498444
6956,80,86.544571,70.498444
6957,80,87.008549,68.563221
6958,80,87.472527,66.627998
6959,80,87.472527,66.627998
6960,80,87.472527,66.627998
6962,80,87.472527,66.627998
6963,80,88.351646,61.936329
6964,80,88.351646,61.936329
6965,80,88.351646,61.936329
6966,80,88.351646,61.936329
6967,80,88.7301595,61.936329
6968,80,89.108673,61.936329
6969,80,89.108673,59.1382085
6970,80,89.108673,56.340088
6971,80,89.3895035,56.340088
6972,80,89.670334,56.340088
6973,80,89.670334,56.340088
6974,80,89.670334,56.340088
6975,80,89.670334,53.7754345
6976,80,90.0122145,51.210781
6977,80,90.354095,51.210781
6978,80,90.354095,51.210781
6979,80,90.354095,51.210781
6980,80,90.354095,51.210781
6981,80,90.5494535,51.210781
6982,80,90.744812,48.1593435
6983,80,90.744812,45.107906
6984,80,90.744812,45.107906
6985,80,90.744812,45.107906
6986,80,90.9890135,45.107906
6987,80,91.233215,45.107906
6988,80,91.233215,41.771486
6989,80,91.2820545,38.435066
6990,80,91.330894,38.435066
6992,80,91.330894,38.435066
6993,80,91.343105,35.688976
6994,80,91.355316,32.942886
6995,80,91.355316,32.942886
6996,80,91.355316,32.942886
6997,80,91.355316,32.942886
6998,80,91.2942655,32.942886
6999,80,91.233215,29.9754435
7000,80,91.233215,27.008001
7001,80,91.233215,27.008001
7002,80,91.135532,27.008001
7003,80,91.037849,27.008001
7004,80,91.037849,27.008001
7005,80,91.037849,24.1486765
7006,80,90.805862,21.289352
7007,80,90.573875,21.289352
7008,80,90.573875,21.289352
7009,80,90.573875,21.289352
7010,80,90.573875,21.289352
7011,80,90.3540915,21.289352
7012,80,90.134308,18.8716895
7013,80,90.134308,16.454027
7014,80,90.134308,16.454027
7015,80,90.134308,16.454027
7016,80,89.877899,16.454027
7017,80,89.62149,16.454027
7018,80,89.62149,14.1784785
7019,80,89.62149,11.90293
7020,80,89.2918205,11.90293
7021,80,88.962151,11.90293
7022,80,88.962151,11.90293
7023,80,88.962151,11.90293
7024,80,88.962151,9.792094
7025,80,88.5470085,7.681258
7026,80,88.131866,7.681258
7027,80,88.131866,7.681258
7028,80,88.131866,7.681258
7029,80,87.7777785,7.681258
7030,80,87.423691,6.018779
7031,80,87.423691,4.3563
7032,80,87.423691,4.3563
7033,80,86.97192,4.3563
7034,80,86.520149,4.3563
7035,80,86.520149,4.3563
7036,80,86.520149,3.070384
7037,80,86.520149,1.784468
7038,80,85.995117,1.784468
7039,80,85.470085,1.784468
7040,80,85.470085,1.784468
7041,80,85.470085,1.784468
7042,80,85.470085,1.784468
7043,80,84.822956,0.892234
7044,80,84.175827,0
7045,80,84.175827,0
7046,80,84.175827,0
7047,80,83.7973175,0
7048,80,83.418808,0
7049,80,83.418808,0
7050,80,83.418808,0
7052,80,83.418808,0
7053,80,82.100121,0
7054,80,82.100121,0
7055,80,82.100121,0.0519405
7056,80,81.5628815,0.103881
7057,80,81.025642,0.103881
7058,80,81.025642,0.103881
7059,80,81.025642,0.103881
7060,80,81.025642,0.103881
7061,80,80.4395595,0.4578525
7062,80,79.853477,0.811824
7063,80,79.853477,0.811824
7064,80,79.853477,0.811824
7065,80,79.4017105,0.811824
7066,80,78.949944,0.811824
7067,80,78.949944,1.36104
7068,80,78.949944,1.910256
7069,80,78.949944,1.910256
7070,80,78.3516505,1.910256
7071,80,77.753357,1.910256
7072,80,77.753357,1.910256
7073,80,77.753357,2.9462245
7074,80,77.203907,3.982193
7075,80,76.654457,3.982193
7076,80,76.654457,3.982193
7077,80,76.654457,3.982193
7078,80,76.654457,3.982193
7079,80,76.0805855,3.982193
7080,80,75.506714,5.550346
7081,80,75.506714,7.118499
7082,80,75.506714,7.118499
7083,80,75.067154,7.118499
7084,80,74.627594,7.118499
7085,80,74.627594,8.746758
7086,80,74.627594,10.375017
7087,80,74.627594,10.375017
7088,80,74.065933,10.375017
7089,80,73.504272,10.375017
7090,80,73.504272,10.375017
7091,80,73.504272,12.559052
7092,80,73.0280835,14.743087
7093,80,72.551895,14.743087
7094,80,72.551895,14.743087
7095,80,72.551895,14.743087
7096,80,72.551895,14.743087
7097,80,72.124542,14.743087
7098,80,71.697189,17.2797645
7099,80,71.697189,19.816442
7100,80,71.697189,19.816442
7101,80,71.3431015,19.816442
7102,80,70.989014,19.816442
7103,80,70.989014,19.816442
7104,80,70.989014,22.337814
7105,80,70.989014,24.859186
7106,80,70.561661,24.859186
7107,80,70.134308,24.859186
7108,80,70.134308,24.859186
7109,80,70.134308,27.6688815
7110,80,69.877899,30.478577
7111,80,69.62149,30.478577
7112,80,69.62149,30.478577
7113,80,69.62149,30.478577
7114,80,69.62149,30.478577
7115,80,69.2918205,30.478577
7116,80,68.962151,33.8155845
7117,80,68.962151,37.152592
7118,80,68.962151,37.152592
7119,80,68.7667885,37.152592
7120,80,68.571426,37.152592
7121,80,68.571426,37.152592
7122,80,68.571426,40.085993
7123,80,68.449329,43.019394
7124,80,68.327232,43.019394
7125,80,68.327232,43.019394
7126,80,68.327232,43.019394
7127,80,68.327232,43.019394
7128,80,68.24176,46.1990605
7129,80,68.156288,49.378727
7130,80,68.156288,49.378727
7131,80,68.156288,49.378727
7132,80,68.156288,49.378727
7133,80,68.2905995,49.378727
7134,80,68.424911,49.378727
7135,80,68.424911,52.80011
7136,80,68.424911,56.221493
7137,80,68.6202695,56.221493
7138,80,68.815628,56.221493
7139,80,68.815628,56.221493
7140,80,68.815628,56.221493
7141,80,68.815628,58.590359
7142,80,69.1086695,60.959225
7143,80,69.401711,60.959225
7144,80,69.401711,60.959225
7145,80,69.401711,60.959225
7146,80,69.682541,60.959225
7147,80,69.963371,63.5787145
7148,80,69.963371,66.198204
7149,80,69.963371,66.198204
7150,80,69.963371,66.198204
7151,80,70.3540915,66.198204
7152,80,70.744812,66.198204
7153,80,70.744812,68.303791
7154,80,70.744812,70.409378
7155,80,70.744812,70.409378
7156,80,71.074482,70.409378
7157,80,71.404152,70.409378
7158,80,71.404152,70.409378
7159,80,71.404152,70.409378
7160,80,71.404152,72.2340165
7161,80,71.8925515,74.058655
7162,80,72.380951,74.058655
7163,80,72.380951,74.058655
7164,80,72.380951,74.058655
7165,80,72.380951,74.058655
7166,80,72.783882,74.058655
7167,80,73.186813,75.8643115
7168,80,73.186813,77.669968
7169,80,73.186813,77.669968
7170,80,73.601955,77.669968
7171,80,74.017097,77.669968
7173,80,74.017097,79.980499
7174,80,74.847374,79.980499
7175,80,74.847374,79.980499
7176,80,74.847374,79.980499
7177,80,75.286934,79.980499
7178,80,75.726494,80.8685225
7179,80,75.726494,81.756546
7180,80,75.726494,81.756546
7181,80,75.726494,81.756546
7182,80,75.726494,81.756546
7183,80,76.349205,81.756546
7184,80,76.971916,82.3546485
7185,80,76.971916,82.952751
7186,80,76.971916,82.952751
7187,80,77.3748475,82.952751
7188,80,77.777779,82.952751
7189,80,77.777779,82.952751
7190,80,77.777779,83.1639215
7191,80,78.1562885,83.375092
7192,80,78.534798,83.375092
7193,80,78.534798,83.375092
7194,80,78.534798,83.375092
7195,80,78.534798,83.375092
7196,80,78.534798,83.375092
7197,80,79.1208805,83.2120135
7198,80,79.706963,83.048935
7199,80,79.706963,83.048935
7200,80,79.706963,83.048935
7201,80,80.0732615,83.048935
7202,80,80.43956,82.7002335
7203,80,80.43956,82.351532
7204,80,80.43956,82.351532
7205,80,80.43956,82.351532
7206,80,80.9279635,82.351532
7207,80,81.416367,82.351532
7208,80,81.416367,82.351532
7209,80,81.416367,82.351532
7210,80,81.7826655,81.4416925
7211,80,82.148964,80.531853
7212,80,82.148964,80.531853
7213,80,82.148964,80.531853
7214,80,82.686203,80.531853
7215,80,83.223442,80.531853
7216,80,83.223442,80.531853
7217,80,83.223442,79.215374
7218,80,83.223442,77.898895
7219,80,83.675213,77.898895
7220,80,84.126984,77.898895
7221,80,84.126984,77.898895
7222,80,84.126984,76.535637
7223,80,84.126984,75.172379
7224,80,84.627594,75.172379
7225,80,85.128204,75.172379
7226,80,85.128204,75.172379
7227,80,85.128204,75.172379
7228,80,85.470085,75.172379
7229,80,85.811966,73.354645
7230,80,85.811966,71.536911
7231,80,85.811966,71.536911
7233,80,85.811966,71.536911
7234,80,86.739929,71.536911
7235,80,86.739929,69.3088645
7236,80,86.739929,67.080818
7237,80,87.167278,67.080818
7238,80,87.594627,67.080818
7239,80,87.594627,67.080818
7240,80,87.594627,67.080818
7241,80,87.594627,64.779144
7242,80,87.9731365,62.47747
7243,80,88.351646,62.47747
7244,80,88.351646,62.47747
7245,80,88.351646,62.47747
7246,80,88.693527,62.47747
7247,80,89.035408,59.9383085
7248,80,89.035408,57.399147
7249,80,89.035408,57.399147
7250,80,89.035408,57.399147
7251,80,89.3162385,57.399147
7252,80,89.597069,57.399147
7253,80,89.597069,57.399147
7254,80,89.597069,54.403734
7255,80,89.9633715,51.408321
7256,80,90.329674,51.408321
7257,80,90.329674,51.408321
7258,80,90.329674,51.408321
7259,80,90.329674,51.408321
7260,80,90.5128215,48.531227
7261,80,90.695969,45.654133
7263,80,90.695969,45.654133
7264,80,90.9279595,45.654133
7265,80,91.15995,45.654133
7266,80,91.15995,42.6196195
7267,80,91.15995,39.585106
7268,80,91.15995,39.585106
7269,80,91.184372,39.585106
7270,80,91.208794,39.585106
7271,80,91.208794,39.585106
7272,80,91.208794,39.585106
7273,80,91.208794,39.585106
7274,80,91.282055,36.058407
7275,80,91.355316,32.531708
7276,80,91.355316,32.531708
7277,80,91.355316,32.531708
7278,80,91.355316,32.531708
7279,80,91.355316,32.531708
7280,80,91.1965825,29.8706
7281,80,91.037849,27.209492
7282,80,91.037849,27.209492
7283,80,90.964592,27.209492
7284,80,90.891335,27.209492
7285,80,90.891335,27.209492
7286,80,90.891335,24.4595595
7287,80,90.891335,21.709627
7288,80,90.683762,21.709627
7289,80,90.476189,21.709627
7290,80,90.476189,21.709627
7291,80,90.476189,21.709627
7292,80,90.1953585,19.000577
7293,80,89.914528,16.291527
7294,80,89.914528,16.291527
7295,80,89.914528,16.291527
7296,80,89.5482295,16.291527
7297,80,89.181931,14.1649265
7298,80,89.181931,12.038326
7299,80,89.181931,12.038326
7300,80,88.962151,12.038326
7301,80,88.742371,12.038326
7302,80,88.742371,12.038326
7303,80,88.742371,10.0168735
7304,80,88.742371,7.995421
7305,80,88.3638615,7.995421
7306,80,87.985352,7.995421
7307,80,87.985352,7.995421
7308,80,87.985352,7.995421
7309,80,87.985352,7.995421
7310,80,87.4847415,6.259874
7311,80,86.984131,4.524327
7312,80,86.984131,4.524327
7313,80,86.984131,4.524327
7314,80,86.984131,4.524327
7315,80,86.446888,4.524327
7316,80,85.909645,3.4443355
7317,80,85.909645,2.364344
7318,80,85.909645,2.364344
7319,80,85.909645,2.364344
7320,80,85.3479845,2.364344
7321,80,84.786324,2.364344
7322,80,84.786324,1.394325
7323,80,84.786324,0.424306
7324,80,84.786324,0.424306
7325,80,83.907204,0.424306
7326,80,83.907204,0.424306
7327,80,83.907204,0.424306
7328,80,83.2722855,0.249702
7329,80,82.637367,0.075098
7330,80,82.637367,0.075098
7331,80,82.637367,0.075098
7332,80,82.637367,0.075098
7333,80,82.0757065,0.075098
7334,80,81.514046,0.0808015
7335,80,81.514046,0.086505
7336,80,81.514046,0.086505
7337,80,81.514046,0.086505
7338,80,81.0012245,0.086505
7339,80,80.488403,0.086505
7340,80,80.488403,0.086505
7341,80,80.0244215,0.4091365
7342,80,79.56044,0.731768
7343,80,79.56044,0.731768
7344,80,79.56044,0.731768
7345,80,79.56044,0.731768
7346,80,78.9621505,0.731768
7347,80,78.363861,1.4201365
7348,80,78.363861,2.108505
7349,80,78.363861,2.108505
7350,80,78.363861,2.108505
7351,80,77.7533605,2.108505
7352,80,77.14286,2.108505
7354,80,77.14286,4.492136
7355,80,77.14286,4.492136
7356,80,76.53236,4.492136
7357,80,75.92186,4.492136
7358,80,75.92186,4.492136
7359,80,75.92186,4.492136
7360,80,75.506718,6.05901
7361,80,75.091576,7.625884
7362,80,75.091576,7.625884
7363,80,75.091576,7.625884
7364,80,74.505497,7.625884
7365,80,73.919418,7.625884
7366,80,73.919418,9.536836
7367,80,73.919418,11.447788
7368,80,73.919418,11.447788
7369,80,73.394386,11.447788
7370,80,72.869354,11.447788
7371,80,72.869354,11.447788
7372,80,72.869354,13.612417
7373,80,72.869354,15.777046
7374,80,72.4053725,15.777046
7375,80,71.941391,15.777046
7376,80,71.941391,15.777046
7377,80,71.941391,15.777046
7378,80,71.623932,18.5183535
7379,80,71.306473,21.259661
7380,80,71.306473,21.259661
7381,80,71.306473,21.259661
7382,80,70.879124,21.259661
7383,80,70.451775,21.259661
7384,80,70.451775,21.259661
7385,80,70.451775,26.589289
7386,80,70.451775,26.589289
7387,80,70.0854725,26.589289
7388,80,69.71917,26.589289
7389,80,69.71917,26.589289
7390,80,69.71917,26.589289
7391,80,69.71917,29.5779985
7392,80,69.4383395,32.566708
7393,80,69.157509,32.566708
7394,80,69.157509,32.566708
7395,80,69.157509,32.566708
7396,80,68.9621505,32.566708
7397,80,68.766792,32.566708
7398,80,68.766792,36.20216
7399,80,68.766792,39.837612
7400,80,68.583641,39.837612
7401,80,68.40049,39.837612
7402,80,68.40049,39.837612
7403,80,68.40049,42.88669
7404,80,68.40049,45.935768
7405,80,68.2417605,45.935768
7406,80,68.083031,45.935768
7407,80,68.083031,45.935768
7408,80,68.083031,45.935768
7409,80,68.083031,48.7435495
7410,80,68.192921,51.551331
7411,80,68.302811,51.551331
7412,80,68.302811,51.551331
7414,80,68.302811,51.551331
7415,80,68.571426,51.551331
7416,80,68.571426,54.6933975
7417,80,68.571426,57.835464
7418,80,68.571426,57.835464
7419,80,68.8644675,57.835464
7420,80,69.157509,57.835464
7421,80,69.157509,60.274267
7422,80,69.157509,62.71307
7423,80,69.3894995,62.71307
7424,80,69.62149,62.71307
7425,80,69.62149,62.71307
7426,80,69.62149,62.71307
7427,80,69.62149,65.06983
7428,80,69.9389495,67.42659
7429,80,70.256409,67.42659
7430,80,70.256409,67.42659
7431,80,70.256409,67.42659
7432,80,70.6105005,67.42659
7433,80,70.964592,67.42659
7434,80,70.964592,69.789688
7435,80,70.964592,72.152786
7436,80,70.964592,72.152786
7437,80,71.3308905,72.152786
7438,80,71.697189,72.152786
7439,80,71.697189,72.152786
7440,80,71.697189,73.8160855
7441,80,71.697189,75.479385
7442,80,72.14896,75.479385
7443,80,72.600731,75.479385
7445,80,72.600731,75.479385
7446,80,72.600731,75.479385
7447,80,73.028084,77.041729
7448,80,73.455437,78.604073
7449,80,73.455437,78.604073
7450,80,73.455437,78.604073
7451,80,73.455437,78.604073
7452,80,74.004887,78.604073
7453,80,74.554337,79.8139345
7454,80,74.554337,81.023796
7455,80,74.554337,81.023796
7456,80,74.9328465,81.023796
7457,80,75.311356,81.023796
7458,80,75.311356,81.023796
7459,80,75.311356,81.841488
7460,80,75.7631265,82.65918
7461,80,76.214897,82.65918
7462,80,76.214897,82.65918
7463,80,76.214897,82.65918
7464,80,76.642246,83.20879
7465,80,77.069595,83.7584
7466,80,77.069595,83.7584
7467,80,77.069595,83.7584
7468,80,77.069595,83.7584
7469,80,77.5457875,83.7584
7470,80,78.02198,84.0411835
7471,80,78.02198,84.323967
7472,80,78.4249115,84.323967
7473,80,78.827843,84.323967
7474,80,78.827843,84.323967
7475,80,78.827843,84.323967
7476,80,78.827843,84.233692
7477,80,79.3040315,84.143417
7478,80,79.78022,84.143417
7479,80,79.78022,84.143417
7480,80,79.78022,84.143417
7481,80,79.78022,84.143417
7482,80,80.2808305,84.143417
7483,80,80.781441,83.70763
7484,80,80.781441,83.271843
7485,80,80.781441,83.271843
7486,80,80.781441,83.271843
7487,80,80.781441,83.271843
7488,80,81.318684,83.271843
7489,80,81.855927,82.5907785
7490,80,81.855927,81.909714
7491,80,82.246647,81.909714
7492,80,82.637367,81.909714
7493,80,82.637367,81.909714
7494,80,82.637367,81.909714
7495,80,82.637367,80.846062
7496,80,83.1501845,79.78241
7497,80,83.663002,79.78241
7498,80,83.663002,79.78241
7499,80,83.663002,79.78241
7500,80,83.663002,79.78241
7501,80,84.1391945,78.167847
7502,80,84.615387,76.553284
7503,80,84.615387,76.553284
7504,80,84.615387,76.553284
7505,80,84.615387,76.553284
7506,80,85.042736,76.553284
7507,80,85.470085,74.9219245
7508,80,85.470085,73.290565
7509,80,85.470085,73.290565
7510,80,85.8730165,73.290565
7511,80,86.275948,73.290565
7512,80,86.275948,73.290565
7513,80,86.275948,71.241863
7514,80,86.666668,69.193161
7515,80,87.057388,69.193161
7516,80,87.057388,69.193161
7517,80,87.057388,69.193161
7518,80,87.057388,69.193161
7519,80,87.5457875,69.193161
7520,80,88.034187,66.705017
7521,80,88.034187,64.216873
7522,80,88.034187,64.216873
7523,80,88.034187,64.216873
7524,80,88.034187,64.216873
7525,80,88.473747,64.216873
7526,80,88.913307,64.216873
7527,80,88.913307,61.7891865
7528,80,88.913307,59.3615
7529,80,88.913307,59.3615
7530,80,89.2796095,59.3615
7531,80,89.645912,59.3615
7532,80,89.645912,59.3615
7533,80,89.645912,56.522026
7534,80,89.865692,53.682552
7535,80,90.085472,53.682552
7536,80,90.085472,53.682552
7537,80,90.085472,53.682552
7538,80,90.3907205,53.682552
7539,80,90.695969,53.682552
7540,80,90.695969,50.4523315
7541,80,90.695969,47.222111
7542,80,90.695969,47.222111
7543,80,90.9279595,47.222111
7544,80,91.15995,47.222111
7545,80,91.15995,44.3382915
7546,80,91.15995,41.454472
7547,80,91.294262,41.454472
7548,80,91.428574,41.454472
7549,80,91.428574,41.454472
7550,80,91.428574,38.415602
7551,80,91.428574,35.376732
7552,80,91.428574,35.376732
7553,80,91.428574,35.376732
7554,80,91.428574,35.376732
7555,80,91.428574,35.376732
7556,80,91.428574,35.376732
7557,80,91.428574,32.1352255
7558,80,91.428574,28.893719
7559,80,91.428574,28.893719
7560,80,91.3308945,28.893719
7561,80,91.233215,28.893719
7562,80,91.233215,28.893719
7563,80,91.233215,26.420398
7564,80,91.233215,23.947077
7565,80,91.233215,23.947077
7566,80,91.050064,23.947077
7567,80,90.866913,23.947077
7568,80,90.866913,23.947077
7569,80,90.866913,23.947077
7570,80,90.866913,20.932891
7571,80,90.5860825,17.918705
7572,80,90.305252,17.918705
7573,80,90.305252,17.918705
7574,80,90.305252,17.918705
7575,80,90.183151,15.7618095
7576,80,90.06105,13.604914
7577,80,90.06105,13.604914
7578,80,90.06105,13.604914
7579,80,89.633701,13.604914
7580,80,89.206352,13.604914
7581,80,89.206352,11.346981
7582,80,89.206352,9.089048
7583,80,89.206352,9.089048
7584,80,88.8522605,9.089048
7585,80,88.498169,9.089048
7586,80,88.498169,9.089048
7587,80,88.498169,9.089048
7588,80,88.498169,7.0415295
7589,80,87.985348,4.994011
7590,80,87.472527,4.994011
7591,80,87.472527,4.994011
7592,80,87.472527,4.994011
7593,80,87.106228,4.994011
7594,80,86.739929,3.6691085
7595,80,86.739929,2.344206
7596,80,86.739929,2.344206
7597,80,86.739929,2.344206
7598,80,86.129429,2.344206
7599,80,85.518929,2.344206
7600,80,85.518929,1.240902
7601,80,85.518929,0.137598
7602,80,84.981686,0.137598
7603,80,84.444443,0.137598
7604,80,84.444443,0.137598
7605,80,84.444443,0.137598
7606,80,84.444443,0.137598
7607,80,83.797314,0.0936765
7608,80,83.150185,0.049755
7609,80,83.150185,0.049755
7610,80,83.150185,0.049755
7611,80,82.735043,0.049755
7612,80,82.319901,0.049755
7613,80,82.319901,0.0940375
7614,80,82.319901,0.13832
7615,80,82.319901,0.13832
7616,80,81.6971935,0.13832
7617,80,81.074486,0.13832
7618,80,81.074486,0.13832
7619,80,81.074486,0.230679
7620,80,81.074486,0.323038
7621,80,80.5006145,0.323038
7622,80,79.926743,0.323038
7623,80,79.926743,0.323038
7625,80,79.926743,0.323038
7626,80,79.27961,1.686241
7627,80,78.632477,1.686241
7628,80,78.632477,1.686241
7629,80,78.205128,1.686241
7630,80,77.777779,1.686241
7631,80,77.777779,2.5922055
7632,80,77.777779,3.49817
7633,80,77.777779,3.49817
7634,80,77.216118,3.49817
7635,80,76.654457,3.49817
7636,80,76.654457,3.49817
7637,80,76.654457,3.49817
7638,80,76.654457,4.843045
7639,80,76.031746,6.18792
7640,80,75.409035,6.18792
7641,80,75.409035,6.18792
7642,80,75.409035,6.18792
7643,80,75.409035,6.18792
7644,80,74.859585,6.18792
7645,80,74.310135,8.2769225
7646,80,74.310135,10.365925
7647,80,73.9194145,10.365925
7648,80,73.528694,10.365925
7649,80,73.528694,10.365925
7650,80,73.528694,10.365925
7651,80,73.528694,12.359398
7652,80,72.979244,14.352871
7653,80,72.429794,14.352871
7654,80,72.429794,14.352871
7655,80,72.429794,14.352871
7656,80,72.429794,16.609762
7657,80,71.9658125,18.866653
7658,80,71.501831,18.866653
7659,80,71.501831,18.866653
7660,80,71.501831,18.866653
7661,80,71.501831,18.866653
7662,80,71.147743,18.866653
7663,80,70.793655,21.7198625
7664,80,70.793655,24.573072
7665,80,70.793655,24.573072
7666,80,70.4273525,24.573072
7667,80,70.06105,24.573072
7668,80,70.06105,27.2113815
7669,80,70.06105,29.849691
7670,80,69.743591,29.849691
7671,80,69.426132,29.849691
7672,80,69.426132,29.849691
7673,80,69.426132,29.849691
7674,80,69.426132,32.729619
7675,80,69.218563,35.609547
7676,80,69.010994,35.609547
7677,80,69.010994,35.609547
7678,80,69.010994,35.609547
7679,80,68.803421,35.609547
7680,80,68.595848,35.609547
7681,80,68.595848,39.0686645
7682,80,68.595848,42.527782
7683,80,68.595848,42.527782
7684,80,68.40049,42.527782
7685,80,68.205132,42.527782
7686,80,68.205132,42.527782
7687,80,68.205132,45.4135685
7688,80,68.192921,48.299355
7689,80,68.18071,48.299355
7690,80,68.18071,48.299355
7691,80,68.18071,48.299355
7692,80,68.18071,48.299355
7693,80,68.4127005,51.3457395
7694,80,68.644691,54.392124
7695,80,68.644691,54.392124
7696,80,68.644691,54.392124
7697,80,68.644691,54.392124
7698,80,68.7301595,54.392124
7699,80,68.815628,57.23324
7700,80,68.815628,60.074356
7701,80,68.815628,60.074356
7702,80,68.815628,60.074356
7703,80,69.255188,60.074356
7704,80,69.694748,60.074356
7705,80,69.694748,62.480034
7706,80,70.012211,64.885712
7707,80,70.329674,64.885712
7708,80,70.329674,64.885712
7709,80,70.329674,64.885712
7710,80,70.329674,64.885712
7711,80,70.5860825,67.126694
7712,80,70.842491,69.367676
7713,80,70.842491,69.367676
7714,80,70.842491,69.367676
7716,80,70.842491,69.367676
7717,80,71.721611,71.4039955
7718,80,71.721611,73.440315
7719,80,71.721611,73.440315
7720,80,71.721611,73.440315
7721,80,72.063492,73.440315
7722,80,72.405373,73.440315
7723,80,72.405373,75.0377235
7724,80,72.405373,76.635132
7725,80,72.930405,76.635132
7726,80,73.455437,76.635132
7727,80,73.455437,76.635132
7728,80,73.455437,76.635132
7729,80,73.7484745,77.953335
7730,80,74.041512,79.271538
7731,80,74.041512,79.271538
7732,80,74.041512,79.271538
7733,80,74.041512,79.271538
7734,80,74.652016,79.271538
7735,80,75.26252,79.271538
7736,80,75.26252,79.271538
7737,80,75.26252,80.372284
7738,80,75.26252,81.47303
7739,80,75.7264975,81.47303
7740,80,76.190475,81.47303
7741,80,76.190475,81.47303
7742,80,76.190475,82.045696
7743,80,76.532356,82.618362
7744,80,76.874237,82.618362
7746,80,76.874237,82.618362
7747,80,77.3504295,82.618362
7748,80,77.826622,82.9192235
7749,80,77.826622,83.220085
7750,80,77.826622,83.220085
7751,80,77.826622,83.220085
7752,80,78.3272325,83.220085
7753,80,78.827843,83.220085
7754,80,78.827843,83.220085
7755,80,78.827843,83.2420575
7756,80,78.827843,83.26403
7757,80,79.3162425,83.26403
7758,80,79.804642,83.26403
7759,80,79.804642,83.26403
7760,80,79.804642,83.0063435
7761,80,80.1465225,82.748657
7762,80,80.488403,82.748657
7763,80,80.488403,82.748657
7764,80,80.488403,82.748657
7765,80,80.488403,82.748657
7766,80,80.964592,82.0959245
7767,80,81.440781,81.443192
7768,80,81.440781,81.443192
7769,80,81.440781,81.443192
7770,80,82.0268635,81.443192
7771,80,82.612946,81.443192
7772,80,82.612946,81.443192
7773,80,82.612946,80.287968
7774,80,82.612946,79.132744
7776,80,83.418808,79.132744
7777,80,83.418808,79.132744
7778,80,83.418808,79.132744
7779,80,83.418808,77.9131015
7780,80,83.9316255,76.693459
7781,80,84.444443,76.693459
7782,80,84.444443,76.693459
7783,80,84.444443,76.693459
7784,80,84.859585,76.693459
7785,80,85.274727,75.1178935
7786,80,85.274727,73.542328
7787,80,85.274727,73.542328
7788,80,85.274727,73.542328
7789,80,85.689869,73.542328
7790,80,86.105011,73.542328
7791,80,86.105011,71.435383
7792,80,86.105011,69.328438
7793,80,86.556778,69.328438
7794,80,87.008545,69.328438
7795,80,87.008545,69.328438
7796,80,87.008545,69.328438
7797,80,87.008545,67.191368
7798,80,87.509159,65.054298
7799,80,88.009773,65.054298
7800,80,88.009773,65.054298
7801,80,88.009773,65.054298
7802,80,88.2905995,65.054298
7803,80,88.571426,62.667755
7804,80,88.571426,60.281212
7806,80,88.571426,60.281212
7807,80,89.023197,60.281212
7808,80,89.474968,60.281212
7809,80,89.474968,57.3858415
7810,80,89.474968,54.490471
7811,80,89.768009,54.490471
7812,80,90.06105,54.490471
7813,80,90.06105,54.490471
7814,80,90.06105,54.490471
7815,80,90.06105,51.7085665
7816,80,90.3785095,48.926662
7817,80,90.695969,48.926662
7818,80,90.695969,48.926662
7819,80,90.695969,48.926662
7820,80,90.8302805,48.926662
7821,80,90.964592,48.926662
7822,80,90.964592,45.8767125
7823,80,90.964592,42.826763
7824,80,90.964592,42.826763
7825,80,91.0134315,42.826763
7826,80,91.062271,42.826763
7827,80,91.062271,42.826763
7828,80,91.062271,42.826763
7829,80,91.2332115,39.3024045
7830,80,91.404152,35.778046
7831,80,91.404152,35.778046
7832,80,91.404152,35.778046
7833,80,91.404152,35.778046
7834,80,91.416363,32.9394235
7835,80,91.428574,30.100801
7836,80,91.428574,30.100801
7837,80,91.428574,30.100801
7838,80,91.294262,30.100801
7839,80,91.15995,30.100801
7840,80,91.15995,27.446922
7841,80,91.15995,24.793043
7842,80,91.15995,24.793043
7843,80,91.0134315,24.793043
7844,80,90.866913,24.793043
7845,80,90.866913,24.793043
7846,80,90.866913,24.793043
7847,80,90.866913,21.890339
7848,80,90.671551,18.987635
7849,80,90.476189,18.987635
7850,80,90.476189,18.987635
7851,80,90.476189,18.987635
7852,80,90.476189,16.7798385
7853,80,90.10989,14.572042
7854,80,89.743591,14.572042
7855,80,89.743591,14.572042
7856,80,89.5116005,14.572042
7857,80,89.27961,14.572042
7858,80,89.27961,12.422081
7859,80,89.27961,10.27212
7860,80,89.27961,10.27212
7861,80,88.8888895,10.27212
7862,80,88.498169,10.27212
7863,80,88.498169,10.27212
7864,80,88.498169,10.27212
7866,80,88.498169,6.028639
7867,80,87.838829,6.028639
7868,80,87.838829,6.028639
7869,80,87.838829,6.028639
7870,80,87.838829,6.028639
7871,80,87.289379,4.6275085
7872,80,86.739929,3.226378
7873,80,86.739929,3.226378
7874,80,86.2637365,3.226378
7875,80,85.787544,3.226378
7876,80,85.787544,3.226378
7877,80,85.787544,2.0523065
7878,80,85.787544,0.878235
7879,80,85.238094,0.878235
7880,80,84.688644,0.878235
7881,80,84.688644,0.878235
7882,80,84.688644,0.878235
7883,80,84.688644,0.4391175
7884,80,84.0903545,0
7885,80,83.492065,0
7886,80,83.492065,0
7887,80,83.492065,0
7888,80,83.492065,0
7889,80,82.9181935,0.026898
7890,80,82.344322,0.053796
7891,80,82.344322,0.053796
7892,80,82.344322,0.053796
7893,80,82.344322,0.053796
7894,80,81.709404,0.053796
7895,80,81.074486,0.1179185
7896,80,81.074486,0.182041
7897,80,80.720394,0.182041
7898,80,80.366302,0.182041
7899,80,80.366302,0.182041
7900,80,80.366302,0.182041
7901,80,80.366302,0.182041
7902,80,79.633701,0.6893915
7903,80,78.9011,1.196742
7904,80,78.9011,1.196742
7905,80,78.9011,1.196742
7906,80,78.9011,1.196742
7907,80,78.9011,1.196742
7908,80,78.4493295,2.001035
7909,80,77.997559,2.805328
7910,80,77.997559,2.805328
7911,80,77.997559,2.805328
7912,80,77.313797,2.805328
7913,80,76.630035,2.805328
7914,80,76.630035,4.0218725
7915,80,76.630035,5.238417
7916,80,76.1782645,5.238417
7917,80,75.726494,5.238417
7918,80,75.726494,5.238417
7919,80,75.726494,5.238417
7920,80,75.726494,5.238417
7921,80,75.1404155,7.201984
7922,80,74.554337,9.165551
7923,80,74.554337,9.165551
7924,80,74.554337,9.165551
7925,80,74.004887,9.165551
7926,80,73.455437,11.077095
7927,80,73.455437,12.988639
7928,80,73.455437,12.988639
7929,80,73.015877,12.988639
7930,80,72.576317,12.988639
7931,80,72.576317,12.988639
7932,80,72.576317,15.2906975
7933,80,72.0879135,17.592756
7934,80,71.59951,17.592756
7935,80,71.59951,17.592756
7936,80,71.59951,17.592756
7937,80,71.59951,19.7702195
7938,80,71.2210005,21.947683
7939,80,70.842491,21.947683
7940,80,70.842491,21.947683
7941,80,70.842491,21.947683
7942,80,70.842491,21.947683
7943,80,70.43956,24.675554
7944,80,70.036629,27.403425
7945,80,70.036629,27.403425
7946,80,70.036629,27.403425
7947,80,70.036629,27.403425
7948,80,70.036629,27.403425
7949,80,69.816849,27.403425
7950,80,69.597069,27.403425
7951,80,69.597069,30.7118195
7952,80,69.27961,34.020214
7953,80,68.962151,34.020214
7954,80,68.962151,34.020214
7955,80,68.962151,34.020214
7957,80,68.498169,39.712959
7958,80,68.498169,39.712959
7959,80,68.498169,39.712959
7960,80,68.498169,39.712959
7961,80,68.2417605,39.712959
7962,80,67.985352,43.0326405
7963,80,67.985352,46.352322
7964,80,67.985352,46.352322
7965,80,67.985352,46.352322
7966,80,68.107449,46.352322
7967,80,68.229546,46.352322
7968,80,68.229546,46.352322
7969,80,68.229546,49.5749305
7970,80,68.400486,52.797539
7971,80,68.571426,52.797539
7972,80,68.571426,52.797539
7973,80,68.571426,52.797539
7974,80,68.571426,55.3974055
7975,80,68.5225865,57.997272
7976,80,68.473747,57.997272
7977,80,68.473747,57.997272
7978,80,68.473747,57.997272
7979,80,68.9621505,57.997272
7980,80,69.450554,60.6271075
7981,80,69.450554,63.256943
7982,80,69.450554,63.256943
7983,80,69.450554,63.256943
7984,80,69.572651,63.256943
7985,80,69.694748,63.256943
7987,80,69.694748,63.256943
7988,80,70.012211,68.359222
7989,80,70.329674,68.359222
7990,80,70.329674,68.359222
7991,80,70.329674,68.359222
7992,80,70.329674,68.359222
7993,80,70.879124,70.3567505
7994,80,71.428574,72.354279
7995,80,71.428574,72.354279
7996,80,71.428574,72.354279
7997,80,71.428574,72.354279
7998,80,71.7704545,74.1595955
7999,80,72.112335,75.964912
8000,80,72.112335,75.964912
8001,80,72.112335,75.964912
8002,80,72.6984135,75.964912
8003,80,73.284492,75.964912
8004,80,73.284492,75.964912
8005,80,73.284492,77.5579715
8006,80,73.284492,79.151031
8007,80,73.614162,79.151031
8008,80,73.943832,79.151031
8009,80,73.943832,79.151031
8010,80,73.943832,79.151031
8011,80,74.3589745,80.3480145
8012,80,74.774117,81.544998
8013,80,74.774117,81.544998
8014,80,74.774117,81.544998
8015,80,74.774117,81.544998
8017,80,75.506714,81.544998
8018,80,75.506714,83.331467
8019,80,75.506714,83.331467
8020,80,76.043957,83.331467
8021,80,76.5812,83.331467
8022,80,76.5812,83.331467
8023,80,76.5812,83.331467
8024,80,76.5812,83.83186
8025,80,77.08181,84.332253
8026,80,77.58242,84.332253
8027,80,77.58242,84.332253
8028,80,77.58242,84.332253
8029,80,77.91209,84.332253
8030,80,78.24176,84.534359
8031,80,78.24176,84.736465
8032,80,78.24176,84.736465
8033,80,78.24176,84.736465
8034,80,78.8522605,84.736465
8035,80,79.462761,84.736465
8036,80,79.462761,84.604473
8037,80,79.462761,84.472481
8038,80,79.462761,84.472481
8039,80,79.902321,84.472481
8040,80,80.341881,84.472481
8041,80,80.341881,84.472481
8042,80,80.341881,83.947426
8043,80,80.341881,83.422371
8044,80,80.8058625,83.422371
8045,80,81.269844,83.422371
8047,80,81.269844,83.422371
8048,80,82.100121,82.6947745
8049,80,82.100121,81.967178
8050,80,82.100121,81.967178
8051,80,82.100121,81.967178
8052,80,82.5396845,81.967178
8053,80,82.979248,81.967178
8054,80,82.979248,80.8634145
8055,80,82.979248,79.759651
8056,80,82.979248,79.759651
8057,80,83.4676475,79.759651
8058,80,83.956047,79.759651
8059,80,83.956047,79.759651
8060,80,83.956047,79.759651
8061,80,83.956047,78.184269
8062,80,84.493286,76.608887
8063,80,85.030525,76.608887
8064,80,85.030525,76.608887
8065,80,85.030525,76.608887
8066,80,85.3968275,76.608887
8067,80,85.76313,75.0117495
8068,80,85.76313,73.414612
8069,80,85.76313,73.414612
8070,80,85.76313,73.414612
8071,80,86.2515295,73.414612
8072,80,86.739929,73.414612
8073,80,86.739929,71.388592
8074,80,86.739929,69.362572
8075,80,86.739929,69.362572
8076,80,87.106228,69.362572
8077,80,87.472527,69.362572
8078,80,87.472527,69.362572
8079,80,87.472527,66.9647065
8080,80,87.472527,64.566841
8081,80,88.0097695,64.566841
8082,80,88.547012,64.566841
8083,80,88.547012,64.566841
8084,80,88.803421,64.566841
8085,80,89.05983,62.0520935
8086,80,89.05983,59.537346
8087,80,89.05983,59.537346
8088,80,89.462761,59.537346
8089,80,89.865692,59.537346
8090,80,89.865692,56.813614
8091,80,89.865692,54.089882
8092,80,89.865692,54.089882
8093,80,90.1343115,54.089882
8094,80,90.402931,54.089882
8095,80,90.402931,54.089882
8096,80,90.402931,54.089882
8097,80,90.402931,50.928995
8098,80,90.7692335,47.768108
8099,80,91.135536,47.768108
8100,80,91.135536,47.768108
8101,80,91.135536,47.768108
8102,80,91.282055,47.768108
8103,80,91.428574,44.87784
8104,80,91.428574,41.987572
8105,80,91.428574,41.987572
8106,80,91.428574,41.987572
8108,80,91.452995,41.987572
8109,80,91.452995,38.889059
8110,80,91.452995,35.790546
8111,80,91.452995,35.790546
8112,80,91.5384635,35.790546
8113,80,91.623932,35.790546
8114,80,91.623932,35.790546
8115,80,91.623932,35.790546
8116,80,91.5628815,32.2893855
8117,80,91.501831,28.788225
8118,80,91.501831,28.788225
8119,80,91.501831,28.788225
8120,80,91.501831,28.788225
8121,80,91.26984,26.2870275
8122,80,91.037849,23.78583
8123,80,91.037849,23.78583
8124,80,91.037849,23.78583
8125,80,90.94017,23.78583
8126,80,90.842491,23.78583
8127,80,90.842491,23.78583
8128,80,90.842491,20.919407
8129,80,90.842491,18.052984
8130,80,90.598293,18.052984
8131,80,90.354095,18.052984
8132,80,90.354095,18.052984
8133,80,90.354095,18.052984
8134,80,90.354095,15.77283
8135,80,90.0000035,13.492676
8136,80,89.645912,13.492676
8138,80,89.645912,13.492676
8139,80,89.328453,13.492676
8140,80,89.010994,11.29713
8141,80,89.010994,9.101584
8142,80,89.010994,9.101584
8143,80,88.68132,9.101584
8144,80,88.351646,9.101584
8145,80,88.351646,9.101584
8146,80,88.351646,9.101584
8147,80,88.351646,6.9164925
8148,80,87.9853475,4.731401
8149,80,87.619049,4.731401
8150,80,87.619049,4.731401
8151,80,87.619049,4.731401
8152,80,87.619049,3.3699325
8153,80,86.996338,2.008464
8154,80,86.373627,2.008464
8155,80,86.373627,2.008464
8156,80,86.373627,2.008464
8157,80,85.8852275,2.008464
8158,80,85.396828,1.033079
8159,80,85.396828,0.057694
8160,80,85.396828,0.057694
8161,80,84.9206355,0.057694
8162,80,84.444443,0.057694
8163,80,84.444443,0.057694
8164,80,84.444443,0.057694
8165,80,84.444443,0.028847
8166,80,83.8461535,0
8167,80,83.247864,0
8168,80,83.247864,0
8169,80,83.247864,0
8170,80,83.247864,0
8171,80,82.686203,0.013725
8172,80,82.124542,0.02745
8173,80,82.124542,0.02745
8174,80,82.124542,0.02745
8175,80,82.124542,0.02745
8176,80,81.5262525,0.02745
8177,80,80.927963,0.182682
8178,80,80.927963,0.337914
8179,80,80.427353,0.337914
8180,80,79.926743,0.337914
8181,80,79.926743,0.337914
8182,80,79.926743,0.337914
8183,80,79.926743,0.337914
8184,80,79.365082,0.883259
8185,80,78.803421,1.428604
8186,80,78.803421,1.428604
8187,80,78.803421,1.428604
8188,80,78.803421,1.428604
8189,80,78.1929205,1.428604
8190,80,77.58242,2.3023115
8191,80,77.58242,3.176019
8192,80,77.58242,3.176019
8193,80,77.58242,3.176019
8194,80,76.9841305,3.176019
8195,80,76.385841,3.176019
8196,80,76.385841,4.5135435
8197,80,76.385841,5.851068
8198,80,76.385841,5.851068
8199,80,75.457878,5.851068
8200,80,75.457878,5.851068
8201,80,75.457878,5.851068
8202,80,74.920635,7.7037025
8203,80,74.383392,9.556337
8204,80,74.383392,9.556337
8205,80,74.383392,9.556337
8206,80,74.383392,9.556337
8207,80,73.7851025,9.556337
8208,80,73.186813,11.5807595
8209,80,73.186813,13.605182
8210,80,73.186813,13.605182
8211,80,73.186813,13.605182
8212,80,72.747253,13.605182
8213,80,72.307693,13.605182
8214,80,72.307693,15.950153
8215,80,72.307693,18.295124
8216,80,71.916973,18.295124
8217,80,71.526253,18.295124
8218,80,71.526253,18.295124
8219,80,71.526253,18.295124
8220,80,71.159954,18.295124
8221,80,70.793655,21.1583355
8222,80,70.793655,24.021547
8223,80,70.793655,24.021547
8224,80,70.793655,24.021547
8225,80,70.3418845,24.021547
8226,80,69.890114,24.021547
8228,80,69.890114,29.614475
8229,80,69.890114,29.614475
8230,80,69.694752,29.614475
8231,80,69.49939,29.614475
8232,80,69.49939,29.614475
8233,80,69.49939,32.6468865
8234,80,69.49939,35.679298
8235,80,69.1086695,35.679298
8236,80,68.717949,35.679298
8237,80,68.717949,35.679298
8238,80,68.5470085,35.679298
8239,80,68.376068,35.679298
8240,80,68.376068,35.679298
8241,80,68.376068,39.371147
8242,80,68.376068,43.062996
8243,80,68.376068,43.062996
8244,80,68.24176,43.062996
8245,80,68.107452,43.062996
8246,80,68.107452,43.062996
8247,80,68.107452,46.079672
8248,80,68.107452,49.096348
8249,80,68.156292,49.096348
8250,80,68.205132,49.096348
8251,80,68.205132,49.096348
8252,80,68.205132,49.096348
8253,80,68.205132,52.0021175
8254,80,68.3638615,54.907887
8255,80,68.522591,54.907887
8256,80,68.522591,54.907887
8257,80,68.522591,54.907887
8259,80,68.742371,54.907887
8260,80,68.742371,57.9267255
8261,80,68.742371,60.945564
8262,80,69.157509,60.945564
8263,80,69.572647,60.945564
8264,80,69.572647,60.945564
8265,80,69.572647,63.248943
8266,80,69.8168485,65.552322
8267,80,70.06105,65.552322
8268,80,70.06105,65.552322
8269,80,70.06105,65.552322
8270,80,70.06105,67.7755355
8271,80,70.5494495,69.998749
8272,80,71.037849,69.998749
8273,80,71.037849,69.998749
8274,80,71.037849,69.998749
8275,80,71.3431015,69.998749
8276,80,71.648354,69.998749
8277,80,71.648354,72.224724
8278,80,71.648354,74.450699
8279,80,71.648354,74.450699
8280,80,72.063492,74.450699
8281,80,72.47863,74.450699
8282,80,72.47863,74.450699
8283,80,72.47863,75.868824
8284,80,72.930401,77.286949
8285,80,73.382172,77.286949
8286,80,73.382172,77.286949
8287,80,73.382172,77.286949
8289,80,73.382172,77.286949
8290,80,73.8461535,78.725006
8291,80,74.310135,80.163063
8292,80,74.310135,80.163063
8293,80,74.310135,80.163063
8294,80,74.310135,80.163063
8295,80,74.7741165,81.0941085
8296,80,75.238098,82.025154
8297,80,75.238098,82.025154
8298,80,75.579979,82.025154
8299,80,75.92186,82.025154
8300,80,75.92186,82.025154
8301,80,75.92186,82.682438
8302,80,75.92186,83.339722
8303,80,76.4835205,83.339722
8304,80,77.045181,83.339722
8305,80,77.045181,83.339722
8306,80,77.045181,83.339722
8307,80,77.045181,83.339722
8308,80,77.47253,83.6796455
8309,80,77.899879,84.019569
8310,80,77.899879,84.019569
8311,80,77.899879,84.019569
8312,80,78.5103795,84.019569
8313,80,79.12088,84.019569
8314,80,79.12088,83.980457
8315,80,79.12088,83.941345
8316,80,79.45055,83.941345
8317,80,79.78022,83.941345
8319,80,79.78022,83.941345
8320,80,79.78022,83.580307
8321,80,80.183151,83.219269
8322,80,80.586082,83.219269
8323,80,80.586082,83.219269
8324,80,80.586082,83.219269
8325,80,80.586082,83.219269
8326,80,81.159954,82.4927865
8327,80,81.733826,81.766304
8328,80,81.733826,81.766304
8329,80,81.733826,81.766304
8330,80,82.1855965,81.766304
8331,80,82.637367,81.766304
8332,80,82.637367,80.8408545
8333,80,82.637367,79.915405
8334,80,83.003666,79.915405
8335,80,83.369965,79.915405
8336,80,83.369965,79.915405
8337,80,83.369965,79.915405
8338,80,83.369965,78.6504555
8339,80,83.8583645,77.385506
8340,80,84.346764,77.385506
8341,80,84.346764,77.385506
8342,80,84.346764,77.385506
8343,80,84.346764,77.385506
8344,80,84.8107455,77.385506
8345,80,85.274727,75.686825
8346,80,85.274727,73.988144
8347,80,85.274727,73.988144
8349,80,86.153847,73.988144
8350,80,86.153847,72.1922835
8351,80,86.153847,70.396423
8352,80,86.5079385,70.396423
8353,80,86.86203,70.396423
8354,80,86.86203,70.396423
8355,80,86.86203,70.396423
8356,80,86.86203,68.1519085
8357,80,87.264961,65.907394
8358,80,87.667892,65.907394
8359,80,87.667892,65.907394
8360,80,87.667892,65.907394
8361,80,87.667892,65.907394
8362,80,88.144081,65.907394
8363,80,88.62027,65.907394
8364,80,88.62027,62.9620015
8365,80,88.62027,60.016609
8366,80,88.62027,60.016609
8367,80,89.0109905,60.016609
8368,80,89.401711,60.016609
8369,80,89.401711,57.702459
8370,80,89.401711,55.388309
8371,80,89.7313805,55.388309
8372,80,90.06105,55.388309
8373,80,90.06105,55.388309
8374,80,90.06105,55.388309
8375,80,90.2564125,52.311218
8376,80,90.451775,49.234127
8377,80,90.451775,49.234127
8379,80,90.451775,49.234127
8380,80,90.7081835,49.234127
8381,80,90.964592,46.4443225
8382,80,90.964592,43.654518
8383,80,90.964592,43.654518
8384,80,90.964592,43.654518
8385,80,91.074482,43.654518
8386,80,91.184372,43.654518
8387,80,91.184372,40.605688
8388,80,91.184372,37.556858
8389,80,91.184372,37.556858
8390,80,91.2087935,37.556858
8391,80,91.233215,37.556858
8392,80,91.233215,37.556858
8393,80,91.257633,37.556858
8394,80,91.282051,34.110298
8395,80,91.282051,30.663738
8396,80,91.282051,30.663738
8397,80,91.282051,30.663738
8398,80,91.196583,30.663738
8399,80,91.111115,30.663738
8400,80,91.111115,28.0038385
8401,80,91.111115,25.343939
8402,80,91.111115,25.343939
8403,80,90.952385,25.343939
8404,80,90.793655,25.343939
8405,80,90.793655,25.343939
8406,80,90.793655,22.605422
8407,80,90.793655,19.866905
8409,80,90.37851,19.866905
8410,80,90.37851,19.866905
8411,80,90.146519,19.866905
8412,80,89.914528,19.866905
8413,80,89.914528,17.183992
8414,80,89.914528,14.501079
8415,80,89.914528,14.501079
8416,80,89.584858,14.501079
8417,80,89.255188,14.501079
8418,80,89.255188,14.501079
8419,80,89.255188,12.494341
8420,80,89.255188,10.487603
8421,80,88.925518,10.487603
8422,80,88.595848,10.487603
8423,80,88.595848,10.487603
8424,80,88.595848,10.487603
8425,80,88.595848,8.537949
8426,80,88.2051275,6.588295
8427,80,87.814407,6.588295
8428,80,87.814407,6.588295
8429,80,87.814407,6.588295
8430,80,87.374847,6.588295
8431,80,86.935287,6.588295
8432,80,86.935287,4.8784925
8433,80,86.935287,3.16869
8434,80,86.4957275,3.16869
8435,80,86.056168,3.16869
8436,80,86.056168,3.16869
8437,80,86.056168,2.121563
8438,80,86.056168,1.074436
8439,80,86.056168,1.074436
8440,80,84.835167,1.074436
8441,80,84.835167,1.074436
8442,80,84.835167,1.074436
8443,80,84.835167,1.074436
8444,80,84.322346,0.537218
8445,80,83.809525,0
8446,80,83.809525,0
8447,80,83.809525,0
8448,80,83.223446,0
8449,80,82.637367,0
8450,80,82.637367,0
8451,80,82.637367,0
8452,80,82.637367,0
8453,80,82.148964,0
8454,80,81.660561,0
8455,80,81.660561,0
8456,80,81.660561,0.1506345
8457,80,81.0256425,0.301269
8458,80,80.390724,0.301269
8459,80,80.390724,0.301269
8460,80,80.390724,0.301269
8461,80,80.390724,0.301269
8462,80,79.8290635,0.7254505
8463,80,79.267403,1.149632
8464,80,79.267403,1.149632
8465,80,79.267403,1.149632
8466,80,78.7545815,1.149632
8467,80,78.24176,1.149632
8469,80,78.24176,1.149632
8470,80,78.24176,3.159948
8471,80,77.704521,3.159948
8472,80,77.167282,3.159948
8473,80,77.167282,3.159948
8474,80,77.167282,3.159948
8475,80,77.167282,3.159948
8476,80,76.53236,4.411141
8477,80,75.897438,5.662334
8478,80,75.897438,5.662334
8479,80,75.897438,5.662334
8480,80,75.897438,5.662334
8481,80,75.3113555,5.662334
8482,80,74.725273,7.341408
8483,80,74.725273,9.020482
8484,80,74.725273,9.020482
8485,80,74.725273,9.020482
8486,80,74.2368735,9.020482
8487,80,73.748474,9.020482
8488,80,73.748474,9.020482
8489,80,73.748474,11.3891445
8490,80,73.308914,13.757807
8491,80,72.869354,13.757807
8492,80,72.869354,13.757807
8493,80,72.869354,13.757807
8494,80,72.3809545,15.9448245
8495,80,71.892555,18.131842
8496,80,71.892555,18.131842
8497,80,71.892555,18.131842
8499,80,71.15995,18.131842
8500,80,71.15995,20.7446665
8501,80,71.15995,23.357491
8502,80,71.15995,23.357491
8503,80,70.7081795,23.357491
8504,80,70.256409,23.357491
8505,80,70.256409,23.357491
8506,80,70,26.4880805
8507,80,69.743591,29.61867
8508,80,69.743591,29.61867
8509,80,69.743591,29.61867
8510,80,69.743591,29.61867
8511,80,69.462761,29.61867
8512,80,69.181931,32.202075
8513,80,69.181931,34.78548
8514,80,69.181931,34.78548
8515,80,69.181931,34.78548
8516,80,68.9865685,34.78548
8517,80,68.791206,34.78548
8518,80,68.791206,34.78548
8519,80,68.791206,38.052301
8520,80,68.791206,41.319122
8521,80,68.449329,41.319122
8522,80,68.107452,41.319122
8523,80,68.107452,41.319122
8524,80,68.107452,44.309284
8525,80,68.144081,47.299446
8526,80,68.18071,47.299446
8527,80,68.18071,47.299446
8528,80,68.18071,47.299446
8530,80,68.424911,47.299446
8531,80,68.424911,50.3807545
8532,80,68.424911,53.462063
8533,80,68.424911,53.462063
8534,80,68.57143,53.462063
8535,80,68.717949,53.462063
8536,80,68.717949,53.462063
8537,80,68.717949,56.508488
8538,80,68.717949,59.554913
8539,80,68.9865685,59.554913
8540,80,69.255188,59.554913
8541,80,69.255188,59.554913
8542,80,69.352871,59.554913
8543,80,69.450554,61.912531
8544,80,69.450554,64.270149
8545,80,69.450554,64.270149
8546,80,69.450554,64.270149
8547,80,69.914532,64.270149
8548,80,70.37851,64.270149
8549,80,70.37851,66.601059
8550,80,70.37851,68.931969
8551,80,70.37851,68.931969
8552,80,70.7081795,68.931969
8553,80,71.037849,68.931969
8554,80,71.037849,68.931969
8555,80,71.037849,70.999405
8556,80,71.037849,73.066841
8557,80,71.48962,73.066841
8558,80,71.941391,73.066841
8560,80,71.941391,73.066841
8561,80,72.747253,74.709213
8562,80,72.747253,76.351585
8563,80,72.747253,76.351585
8564,80,72.747253,76.351585
8565,80,73.101345,76.351585
8566,80,73.455437,76.351585
8567,80,73.455437,77.6724205
8568,80,73.455437,78.993256
8569,80,73.455437,78.993256
8570,80,74.004887,78.993256
8571,80,74.554337,78.993256
8572,80,74.554337,78.993256
8573,80,74.554337,78.993256
8574,80,74.945057,80.1460575
8575,80,75.335777,81.298859
8576,80,75.335777,81.298859
8577,80,75.335777,81.298859
8578,80,75.763126,81.298859
8579,80,76.190475,81.940876
8580,80,76.190475,82.582893
8581,80,76.190475,82.582893
8582,80,76.190475,82.582893
8583,80,76.5934065,82.582893
8584,80,76.996338,82.582893
8585,80,76.996338,82.582893
8586,80,76.996338,83.0017775
8587,80,76.996338,83.420662
8588,80,77.52137,83.420662
8589,80,78.046402,83.420662
8590,80,78.046402,83.420662
8591,80,78.046402,83.420662
8592,80,78.57143,83.420662
8593,80,79.096458,83.464165
8594,80,79.096458,83.507668
8595,80,79.096458,83.507668
8596,80,79.413921,83.507668
8597,80,79.731384,83.507668
8598,80,79.731384,83.2983895
8599,80,79.731384,83.089111
8600,80,80.158733,83.089111
8601,80,80.586082,83.089111
8602,80,80.586082,83.089111
8603,80,80.586082,83.089111
8604,80,80.586082,83.089111
8605,80,81.062271,82.4695585
8606,80,81.53846,81.850006
8607,80,81.53846,81.850006
8608,80,81.53846,81.850006
8609,80,81.53846,81.850006
8610,80,82.03907,81.850006
8611,80,82.53968,80.9815825
8612,80,82.53968,80.113159
8613,80,82.53968,80.113159
8614,80,82.9059825,80.113159
8615,80,83.272285,80.113159
8616,80,83.272285,80.113159
8617,80,83.272285,78.8829805
8618,80,83.736267,77.652802
8619,80,84.200249,77.652802
8620,80,84.200249,77.652802
8621,80,84.200249,77.652802
8622,80,84.200249,77.652802
8623,80,84.700859,77.652802
8624,80,85.201469,75.853329
8625,80,85.201469,74.053856
8626,80,85.201469,74.053856
8627,80,85.201469,74.053856
8628,80,85.65324,74.053856
8629,80,86.105011,74.053856
8630,80,86.105011,72.224163
8631,80,86.105011,70.39447
8632,80,86.42247,70.39447
8633,80,86.739929,70.39447
8634,80,86.739929,70.39447
8635,80,86.739929,70.39447
8636,80,87.216118,68.222431
8637,80,87.692307,66.050392
8638,80,87.692307,66.050392
8639,80,87.692307,66.050392
8640,80,87.692307,66.050392
8641,80,88.1196595,66.050392
8642,80,88.547012,63.374706
8643,80,88.547012,60.69902
8644,80,88.547012,60.69902
8645,80,88.547012,60.69902
8646,80,89.0720405,60.69902
8647,80,89.597069,60.69902
8648,80,89.597069,58.186237
8649,80,89.597069,55.673454
8650,80,89.597069,55.673454
8651,80,90.06105,55.673454
8652,80,90.06105,55.673454
8653,80,90.06105,55.673454
8654,80,90.06105,52.672777
8655,80,90.305252,49.6721
8656,80,90.549454,49.6721
8657,80,90.549454,49.6721
8658,80,90.549454,49.6721
8659,80,90.7936515,49.6721
8660,80,91.037849,49.6721
8661,80,91.037849,46.3542595
8662,80,91.037849,43.036419
8663,80,91.037849,43.036419
8664,80,91.257629,43.036419
8665,80,91.477409,43.036419
8666,80,91.477409,43.036419
8667,80,91.477409,40.1758215
8668,80,91.5506705,37.315224
8669,80,91.623932,37.315224
8670,80,91.623932,37.315224
8671,80,91.623932,37.315224
8672,80,91.623932,37.315224
8673,80,91.5506705,34.189892
8674,80,91.477409,31.06456
8675,80,91.477409,31.06456
8676,80,91.477409,31.06456
8677,80,91.4041515,31.06456
8678,80,91.330894,31.06456
8680,80,91.330894,31.06456
8681,80,91.330894,24.689182
8682,80,91.233215,24.689182
8683,80,91.135536,24.689182
8684,80,91.135536,24.689182
8685,80,91.135536,24.689182
8686,80,90.9890135,22.0055425
8687,80,90.842491,19.321903
8688,80,90.842491,19.321903
8689,80,90.842491,19.321903
8690,80,90.842491,19.321903
8691,80,90.598293,19.321903
8692,80,90.354095,16.8195685
8693,80,90.354095,14.317234
8694,80,90.354095,14.317234
8695,80,89.9145315,14.317234
8696,80,89.474968,14.317234
8697,80,89.474968,14.317234
8698,80,89.474968,11.882392
8699,80,89.474968,9.44755
8700,80,89.0964585,9.44755
8701,80,88.717949,9.44755
8702,80,88.717949,9.44755
8703,80,88.717949,9.44755
8704,80,88.4127005,7.539934
8705,80,88.107452,5.632318
8706,80,88.107452,5.632318
8707,80,88.107452,5.632318
8708,80,88.107452,5.632318
8709,80,87.6678885,5.632318
8710,80,87.228325,4.023412
8711,80,87.228325,2.414506
8712,80,87.228325,2.414506
8713,80,86.666668,2.414506
8714,80,86.105011,2.414506
8715,80,86.105011,2.414506
8716,80,86.105011,2.414506
8717,80,86.105011,2.414506
8718,80,85.5189285,1.207253
8719,80,84.932846,0
8720,80,84.932846,0
8721,80,84.932846,0
8722,80,84.420025,0
8723,80,83.907204,0
8724,80,83.907204,0
8725,80,83.907204,0
8726,80,83.907204,0
8727,80,83.369965,0
8728,80,82.832726,0
8729,80,82.832726,0.006689
8730,80,82.832726,0.013378
8731,80,82.832726,0.013378
8732,80,82.258854,0.013378
8733,80,81.684982,0.013378
8734,80,81.684982,0.013378
8735,80,81.684982,0.013378
8736,80,81.135532,0.1031355
8737,80,80.586082,0.192893
8738,80,80.586082,0.192893
8739,80,80.586082,0.192893
8741,80,79.658119,0.192893
8742,80,79.658119,1.059072
8743,80,79.658119,1.059072
8744,80,79.658119,1.059072
8745,80,79.035408,1.059072
8746,80,78.412697,1.059072
8747,80,78.412697,1.059072
8748,80,78.412697,1.9041975
8749,80,78.412697,2.749323
8750,80,78.412697,2.749323
8751,80,77.838829,2.749323
8752,80,77.264961,2.749323
8753,80,77.264961,2.749323
8754,80,77.264961,2.749323
8755,80,76.7033005,4.0763575
8756,80,76.14164,5.403392
8757,80,76.14164,5.403392
8758,80,76.14164,5.403392
8759,80,75.689869,5.403392
8760,80,75.238098,6.8495415
8761,80,75.238098,8.295691
8762,80,75.238098,8.295691
8763,80,74.688648,8.295691
8764,80,74.139198,8.295691
8765,80,74.139198,8.295691
8766,80,74.139198,10.222618
8767,80,74.139198,12.149545
8768,80,73.5775375,12.149545
8769,80,73.015877,12.149545
8771,80,73.015877,12.149545
8772,80,72.5274735,14.537915
8773,80,72.03907,16.926285
8774,80,72.03907,16.926285
8775,80,72.03907,16.926285
8776,80,71.6483495,16.926285
8777,80,71.257629,19.3617185
8778,80,71.257629,21.797152
8779,80,71.257629,21.797152
8780,80,71.257629,21.797152
8781,80,70.8913305,21.797152
8782,80,70.525032,21.797152
8783,80,70.525032,21.797152
8784,80,70.525032,24.4057095
8785,80,70.525032,27.014267
8786,80,70.183151,27.014267
8787,80,69.84127,27.014267
8788,80,69.84127,27.014267
8789,80,69.84127,27.014267
8790,80,69.84127,27.014267
8791,80,69.56044,30.201275
8792,80,69.27961,33.388283
8793,80,69.27961,33.388283
8794,80,69.27961,33.388283
8795,80,69.023201,33.388283
8796,80,68.766792,36.2018395
8797,80,68.766792,39.015396
8798,80,68.766792,39.015396
8799,80,68.7301595,39.015396
8800,80,68.693527,39.015396
8801,80,68.693527,39.015396
8802,80,68.693527,39.015396
8803,80,68.693527,42.320896
8804,80,68.5347975,45.626396
8805,80,68.376068,45.626396
8806,80,68.376068,45.626396
8807,80,68.376068,45.626396
8808,80,68.376068,45.626396
8809,80,68.4371185,49.022091
8810,80,68.498169,52.417786
8811,80,68.498169,52.417786
8812,80,68.498169,52.417786
8813,80,68.705738,52.417786
8814,80,68.913307,52.417786
8815,80,68.913307,54.841793
8816,80,68.913307,57.2658
8817,80,68.913307,57.2658
8818,80,69.0842475,57.2658
8819,80,69.255188,57.2658
8820,80,69.255188,57.2658
8821,80,69.255188,60.0211235
8822,80,69.6092795,62.776447
8823,80,69.963371,62.776447
8824,80,69.963371,62.776447
8825,80,69.963371,62.776447
8826,80,69.963371,62.776447
8827,80,70.3540915,64.8933695
8828,80,70.744812,67.010292
8829,80,70.744812,67.010292
8831,80,70.744812,67.010292
8832,80,71.184372,67.010292
8833,80,71.184372,69.032345
8834,80,71.184372,71.054398
8835,80,71.184372,71.054398
8836,80,71.636143,71.054398
8837,80,72.087914,71.054398
8838,80,72.087914,71.054398
8839,80,72.087914,71.054398
8840,80,72.087914,73.1389315
8841,80,72.5274735,75.223465
8842,80,72.967033,75.223465
8843,80,72.967033,75.223465
8844,80,72.967033,75.223465
8845,80,72.967033,75.223465
8846,80,73.4554325,76.466461
8847,80,73.943832,77.709457
8848,80,73.943832,77.709457
8849,80,74.297924,77.709457
8850,80,74.652016,77.709457
8851,80,74.652016,77.709457
8852,80,74.652016,78.7460745
8853,80,74.652016,79.782692
8854,80,75.2503055,79.782692
8855,80,75.848595,79.782692
8856,80,75.848595,79.782692
8857,80,75.848595,79.782692
8858,80,75.848595,79.782692
8859,80,76.2148975,80.5068015
8860,80,76.5812,81.230911
8861,80,76.5812,81.230911
8862,80,76.5812,81.230911
8863,80,76.5812,81.230911
8864,80,77.08181,81.551071
8865,80,77.58242,81.871231
8866,80,77.58242,81.871231
8867,80,77.58242,81.871231
8868,80,77.936508,81.871231
8869,80,78.290596,81.871231
8870,80,78.290596,81.871231
8871,80,78.290596,82.0205155
8872,80,78.803417,82.1698
8873,80,79.316238,82.1698
8874,80,79.316238,82.1698
8875,80,79.316238,82.1698
8876,80,79.316238,82.1698
8877,80,79.8046415,81.7942165
8878,80,80.293045,81.418633
8879,80,80.293045,81.418633
8880,80,80.293045,81.418633
8881,80,80.293045,81.418633
8882,80,80.7692335,81.418633
8883,80,81.245422,80.8726735
8884,80,81.245422,80.326714
8885,80,81.245422,80.326714
8886,80,81.660564,80.326714
8887,80,82.075706,80.326714
8888,80,82.075706,80.326714
8889,80,82.075706,79.3343815
8890,80,82.075706,78.342049
8891,80,82.625156,78.342049
8892,80,83.174606,78.342049
8893,80,83.174606,78.342049
8894,80,83.174606,78.342049
8895,80,83.5897445,78.342049
8896,80,84.004883,76.937088
8897,80,84.004883,75.532127
8898,80,84.004883,75.532127
8899,80,84.004883,75.532127
8900,80,84.5054935,75.532127
8901,80,85.006104,75.532127
8902,80,85.006104,74.0117455
8903,80,85.006104,72.491364
8904,80,85.421246,72.491364
8905,80,85.836388,72.491364
8906,80,85.836388,72.491364
8907,80,85.836388,72.491364
8908,80,85.836388,70.5666545
8909,80,86.3125765,68.641945
8910,80,86.788765,68.641945
8911,80,86.788765,68.641945
8912,80,86.788765,68.641945
8913,80,87.1550675,68.641945
8914,80,87.52137,68.641945
8915,80,87.52137,66.2446175
8916,80,87.52137,63.84729
8917,80,87.52137,63.84729
8918,80,87.96093,63.84729
8919,80,88.40049,63.84729
8920,80,88.40049,63.84729
8922,80,88.40049,59.056534
8923,80,89.035408,59.056534
8924,80,89.035408,59.056534
8925,80,89.035408,59.056534
8926,80,89.035408,59.056534
8927,80,89.3162385,56.376652
8928,80,89.597069,53.69677
8929,80,89.597069,53.69677
8930,80,89.597069,53.69677
8931,80,89.8534815,53.69677
8932,80,90.109894,53.69677
8933,80,90.109894,53.69677
8934,80,90.109894,50.387804
8935,80,90.109894,47.078838
8936,80,90.415142,47.078838
8937,80,90.72039,47.078838
8938,80,90.72039,47.078838
8939,80,90.72039,47.078838
8940,80,90.7814405,44.251392
8941,80,90.842491,41.423946
8942,80,90.842491,41.423946
8943,80,90.842491,41.423946
8944,80,90.842491,41.423946
8945,80,90.842491,41.423946
8946,80,90.9890135,38.6493605
8947,80,91.135536,35.874775
8948,80,91.135536,35.874775
8949,80,91.135536,35.874775
8950,80,91.147743,35.874775
8951,80,91.15995,35.874775
8953,80,91.15995,35.874775
8954,80,91.15995,29.483751
8955,80,91.0988995,29.483751
8956,80,91.037849,29.483751
8957,80,91.037849,29.483751
8958,80,91.037849,29.483751
8959,80,90.9035415,26.948966
8960,80,90.769234,24.414181
8961,80,90.769234,24.414181
8962,80,90.769234,24.414181
8963,80,90.634922,24.414181
8964,80,90.50061,21.834218
8965,80,90.50061,19.254255
8966,80,90.50061,19.254255
8967,80,90.21978,19.254255
8968,80,89.93895,19.254255
8969,80,89.93895,19.254255
8970,80,89.93895,16.611545
8971,80,89.93895,13.968835
8972,80,89.572651,13.968835
8973,80,89.206352,13.968835
8974,80,89.206352,13.968835
8975,80,89.206352,12.1176485
8976,80,88.876682,10.266462
8977,80,88.547012,10.266462
8978,80,88.547012,10.266462
8979,80,88.547012,10.266462
8980,80,88.547012,10.266462
8982,80,87.912086,10.266462
8983,80,87.912086,6.271534
8984,80,87.912086,6.271534
8985,80,87.912086,6.271534
8986,80,87.484737,6.271534
8987,80,87.057388,6.271534
8988,80,87.057388,4.861424
8989,80,87.057388,3.451314
8990,80,87.057388,3.451314
8991,80,86.5689885,3.451314
8992,80,86.080589,3.451314
8993,80,86.080589,3.451314
8994,80,85.555557,3.451314
8995,80,85.030525,2.3295415
8996,80,85.030525,1.207769
8997,80,85.030525,1.207769
8998,80,85.030525,1.207769
8999,80,84.5665435,1.207769
9000,80,84.102562,1.207769
9001,80,84.102562,0.613276
9002,80,84.102562,0.018783
9003,80,83.553112,0.018783
9004,80,83.003662,0.018783
9005,80,83.003662,0.018783
9006,80,83.003662,0.018783
9007,80,83.003662,0.018373
9008,80,82.4175835,0.017963
9009,80,81.831505,0.017963
9010,80,81.831505,0.017963
9012,80,81.831505,0.017963
9013,80,80.976799,0.102319
9014,80,80.976799,0.186675
9015,80,80.976799,0.186675
9016,80,80.976799,0.186675
9017,80,80.3540915,0.186675
9018,80,79.731384,0.186675
9019,80,79.731384,0.186675
9020,80,79.731384,0.742743
9021,80,79.731384,1.298811
9022,80,79.206352,1.298811
9023,80,78.68132,1.298811
9024,80,78.68132,1.298811
9025,80,78.68132,1.298811
9026,80,78.68132,2.0945805
9027,80,78.058609,2.89035
9028,80,77.435898,2.89035
9029,80,77.435898,2.89035
9030,80,76.984127,2.89035
9031,80,76.532356,2.89035
9032,80,76.532356,4.0498035
9033,80,76.532356,5.209257
9034,80,75.9706955,5.209257
9035,80,75.409035,5.209257
9036,80,75.409035,5.209257
9037,80,75.409035,7.0744415
9038,80,75.409035,8.939626
9039,80,74.847374,8.939626
9040,80,74.285713,8.939626
9042,80,74.285713,8.939626
9043,80,73.7851025,10.7535285
9044,80,73.284492,12.567431
9045,80,73.284492,12.567431
9046,80,73.284492,12.567431
9047,80,72.857143,12.567431
9048,80,72.429794,12.567431
9049,80,72.429794,12.567431
9050,80,72.429794,15.0200085
9051,80,72.429794,17.472586
9052,80,71.990234,17.472586
9053,80,71.550674,17.472586
9054,80,71.550674,17.472586
9055,80,71.550674,17.472586
9056,80,71.550674,19.92563
9057,80,71.159954,22.378674
9058,80,70.769234,22.378674
9059,80,70.769234,22.378674
9060,80,70.769234,22.378674
9061,80,70.769234,22.378674
9062,80,70.415142,25.142053
9063,80,70.06105,27.905432
9064,80,70.06105,27.905432
9065,80,70.06105,27.905432
9066,80,69.658119,27.905432
9067,80,69.255188,27.905432
9068,80,69.255188,27.905432
9069,80,69.255188,31.1920825
9070,80,69.0598295,34.478733
9071,80,68.864471,34.478733
9072,80,68.864471,34.478733
9073,80,68.864471,34.478733
9074,80,68.864471,37.383873
9075,80,68.778999,40.289013
9076,80,68.693527,40.289013
9077,80,68.693527,40.289013
9078,80,68.693527,40.289013
9079,80,68.693527,40.289013
9080,80,68.4004895,43.392475
9081,80,68.107452,46.495937
9082,80,68.107452,46.495937
9083,80,68.107452,46.495937
9084,80,68.24176,46.495937
9085,80,68.376068,46.495937
9086,80,68.376068,46.495937
9087,80,68.376068,49.9128395
9088,80,68.5103795,53.329742
9089,80,68.644691,53.329742
9090,80,68.644691,53.329742
9091,80,68.644691,53.329742
9092,80,68.644691,53.329742
9093,80,68.888889,55.874916
9094,80,69.133087,58.42009
9095,80,69.133087,58.42009
9096,80,69.133087,58.42009
9097,80,69.2918205,58.42009
9098,80,69.450554,58.42009
9099,80,69.450554,60.9570675
9100,80,69.450554,63.494045
9101,80,69.450554,63.494045
9103,80,69.450554,63.494045
9104,80,70.329674,63.494045
9105,80,70.329674,63.494045
9106,80,70.329674,65.925764
9107,80,70.6837615,68.357483
9108,80,71.037849,68.357483
9109,80,71.037849,68.357483
9110,80,71.037849,68.357483
9111,80,71.037849,68.357483
9112,80,71.3186795,70.2115135
9113,80,71.59951,72.065544
9114,80,71.59951,72.065544
9115,80,71.59951,72.065544
9116,80,71.59951,72.065544
9117,80,72.1123315,72.065544
9118,80,72.625153,73.8301965
9119,80,72.625153,75.594849
9120,80,72.625153,75.594849
9121,80,72.942612,75.594849
9122,80,73.260071,75.594849
9123,80,73.260071,75.594849
9124,80,73.260071,77.0911715
9125,80,73.6996345,78.587494
9126,80,74.139198,78.587494
9127,80,74.139198,78.587494
9128,80,74.139198,78.587494
9129,80,74.7741165,79.45348
9130,80,75.409035,80.319466
9132,80,75.409035,80.319466
9133,80,75.6532365,80.319466
9134,80,75.897438,80.319466
9135,80,75.897438,81.056431
9136,80,75.897438,81.793396
9137,80,75.897438,81.793396
9138,80,76.5079385,81.793396
9139,80,77.118439,81.793396
9140,80,77.118439,81.793396
9141,80,77.118439,82.0542295
9142,80,77.435898,82.315063
9143,80,77.753357,82.315063
9144,80,77.753357,82.315063
9145,80,77.753357,82.315063
9146,80,77.753357,82.315063
9147,80,78.3394395,82.315063
9148,80,78.925522,82.3979415
9149,80,78.925522,82.48082
9150,80,78.925522,82.48082
9151,80,78.925522,82.48082
9152,80,79.27961,82.48082
9153,80,79.633698,82.388817
9154,80,79.633698,82.296814
9155,80,79.633698,82.296814
9156,80,79.633698,82.296814
9157,80,80.2075695,82.296814
9158,80,80.781441,82.296814
9159,80,80.781441,81.7531965
9160,80,80.781441,81.209579
9161,80,81.1477435,81.209579
9162,80,81.514046,81.209579
9163,80,81.514046,81.209579
9164,80,81.514046,81.209579
9165,80,82.014656,81.209579
9166,80,82.515266,80.2546195
9167,80,82.515266,79.29966
9168,80,82.515266,79.29966
9169,80,82.515266,79.29966
9170,80,82.9059865,79.29966
9171,80,83.296707,79.29966
9172,80,83.296707,78.1654205
9173,80,83.296707,77.031181
9174,80,83.296707,77.031181
9175,80,83.9194185,77.031181
9176,80,84.54213,77.031181
9177,80,84.54213,77.031181
9178,80,84.54213,75.539764
9179,80,84.7985385,74.048347
9180,80,85.054947,74.048347
9181,80,85.054947,74.048347
9182,80,85.054947,74.048347
9183,80,85.054947,74.048347
9184,80,85.5555575,74.048347
9185,80,86.056168,72.0605695
9186,80,86.056168,70.072792
9187,80,86.056168,70.072792
9188,80,86.446888,70.072792
9189,80,86.837608,70.072792
9190,80,86.837608,68.12022
9191,80,86.837608,66.167648
9193,80,86.837608,66.167648
9194,80,87.789986,66.167648
9195,80,87.789986,66.167648
9196,80,87.789986,66.167648
9197,80,88.192917,63.653244
9198,80,88.595848,61.13884
9199,80,88.595848,61.13884
9200,80,88.595848,61.13884
9201,80,88.595848,61.13884
9202,80,88.9011,61.13884
9203,80,89.206352,58.2778095
9204,80,89.206352,55.416779
9205,80,89.206352,55.416779
9206,80,89.572651,55.416779
9207,80,89.93895,55.416779
9208,80,89.93895,55.416779
9209,80,89.93895,52.657446
9210,80,89.93895,49.898113
9211,80,90.1953625,49.898113
9212,80,90.451775,49.898113
9213,80,90.451775,49.898113
9214,80,90.451775,49.898113
9215,80,90.7081835,46.998476
9216,80,90.964592,44.098839
9217,80,90.964592,44.098839
9218,80,90.964592,44.098839
9219,80,90.964592,44.098839
9220,80,90.9890135,44.098839
9221,80,91.013435,44.098839
9223,80,91.013435,37.457424
9224,80,91.013435,37.457424
9225,80,91.1843755,37.457424
9226,80,91.355316,37.457424
9227,80,91.355316,37.457424
9228,80,91.355316,34.577091
9229,80,91.343105,31.696758
9230,80,91.330894,31.696758
9231,80,91.330894,31.696758
9232,80,91.330894,31.696758
9233,80,91.233215,31.696758
9234,80,91.135536,28.769765
9235,80,91.135536,25.842772
9236,80,91.135536,25.842772
9237,80,91.135536,25.842772
9238,80,90.9890135,25.842772
9239,80,90.842491,25.842772
9240,80,90.842491,25.842772
9241,80,90.842491,22.701877
9242,80,90.842491,19.560982
9243,80,90.5616605,19.560982
9244,80,90.28083,19.560982
9245,80,90.28083,19.560982
9246,80,90.28083,19.560982
9247,80,90.28083,17.2674855
9248,80,90.0488395,14.973989
9249,80,89.816849,14.973989
9250,80,89.816849,14.973989
9251,80,89.5360185,14.973989
9252,80,89.255188,14.973989
9254,80,89.255188,10.694577
9255,80,89.255188,10.694577
9256,80,88.913307,10.694577
9257,80,88.571426,10.694577
9258,80,88.571426,10.694577
9259,80,88.571426,8.559057
9260,80,88.571426,6.423537
9261,80,88.1074485,6.423537
9262,80,87.643471,6.423537
9263,80,87.643471,6.423537
9264,80,87.643471,6.423537
9265,80,87.643471,5.021337
9266,80,87.1917,3.619137
9267,80,86.739929,3.619137
9268,80,86.739929,3.619137
9269,80,86.739929,3.619137
9270,80,86.300369,3.619137
9271,80,85.860809,2.4040375
9272,80,85.860809,1.188938
9273,80,85.860809,1.188938
9274,80,85.3235665,1.188938
9275,80,84.786324,1.188938
9276,80,84.786324,1.188938
9277,80,84.786324,0.594469
9278,80,84.786324,0
9279,80,84.200245,0
9280,80,83.614166,0
9281,80,83.614166,0
9282,80,83.614166,0
9284,80,83.614166,0
9285,80,82.319901,0
9286,80,82.319901,0
9287,80,82.319901,0
9288,80,81.868134,0
9289,80,81.416367,0.0703625
9290,80,81.416367,0.140725
9291,80,81.416367,0.140725
9292,80,80.866913,0.140725
9293,80,80.317459,0.140725
9294,80,80.317459,0.140725
9295,80,80.317459,0.140725
9296,80,80.317459,0.5366795
9297,80,79.7069585,0.932634
9298,80,79.096458,0.932634
9299,80,79.096458,0.932634
9300,80,79.096458,0.932634
9301,80,79.096458,1.707447
9302,80,78.4981685,2.48226
9303,80,77.899879,2.48226
9304,80,77.899879,2.48226
9305,80,77.899879,2.48226
9306,80,77.4481085,2.48226
9307,80,76.996338,3.627742
9308,80,76.996338,4.773224
9309,80,76.996338,4.773224
9310,80,76.3980485,4.773224
9311,80,75.799759,4.773224
9312,80,75.799759,4.773224
9314,80,75.799759,4.773224
9315,80,75.2136765,7.913615
9316,80,74.627594,7.913615
9317,80,74.627594,7.913615
9318,80,74.627594,7.913615
9319,80,74.627594,7.913615
9320,80,74.090355,9.778746
9321,80,73.553116,11.643877
9322,80,73.553116,11.643877
9323,80,73.553116,11.643877
9324,80,73.113556,11.643877
9325,80,72.673996,11.643877
9326,80,72.673996,13.915431
9327,80,72.673996,16.186985
9328,80,72.673996,16.186985
9329,80,72.271065,16.186985
9330,80,71.868134,16.186985
9331,80,71.868134,16.186985
9332,80,71.868134,16.186985
9333,80,71.3675235,19.1526115
9334,80,70.866913,22.118238
9335,80,70.866913,22.118238
9336,80,70.866913,22.118238
9337,80,70.866913,22.118238
9338,80,70.5982935,22.118238
9339,80,70.329674,24.7305555
9340,80,70.329674,27.342873
9341,80,70.329674,27.342873
9342,80,69.9633715,27.342873
9343,80,69.597069,27.342873
9344,80,69.597069,27.342873
9345,80,69.597069,30.0620385
9346,80,69.597069,32.781204
9347,80,69.3040315,32.781204
9348,80,69.010994,32.781204
9349,80,69.010994,32.781204
9350,80,69.010994,32.781204
9351,80,69.010994,36.0789925
9352,80,68.8278425,39.376781
9353,80,68.644691,39.376781
9354,80,68.644691,39.376781
9355,80,68.644691,39.376781
9356,80,68.473751,39.376781
9357,80,68.302811,42.2990665
9358,80,68.302811,45.221352
9359,80,68.302811,45.221352
9360,80,68.2906,45.221352
9361,80,68.278389,45.221352
9362,80,68.278389,45.221352
9363,80,68.278389,48.222084
9364,80,68.278389,51.222816
9365,80,68.40049,51.222816
9366,80,68.522591,51.222816
9367,80,68.522591,51.222816
9368,80,68.522591,51.222816
9369,80,68.7667925,54.323143
9370,80,69.010994,57.42347
9371,80,69.010994,57.42347
9372,80,69.010994,57.42347
9374,80,69.010994,57.42347
9375,80,69.426132,59.805796
9376,80,69.426132,62.188122
9377,80,69.426132,62.188122
9378,80,69.8046415,62.188122
9379,80,70.183151,62.188122
9380,80,70.183151,62.188122
9381,80,70.183151,64.5511875
9382,80,70.183151,66.914253
9383,80,70.415142,66.914253
9384,80,70.647133,66.914253
9385,80,70.647133,66.914253
9386,80,70.647133,66.914253
9387,80,70.647133,66.914253
9388,80,71.1111145,69.137951
9389,80,71.575096,71.361649
9390,80,71.575096,71.361649
9391,80,71.575096,71.361649
9392,80,71.575096,71.361649
9393,80,71.929184,71.361649
9394,80,72.283272,73.1155895
9395,80,72.283272,74.86953
9396,80,72.6495745,74.86953
9397,80,73.015877,74.86953
9398,80,73.015877,74.86953
9399,80,73.015877,76.2536965
9400,80,73.015877,77.637863
9401,80,73.431015,77.637863
9402,80,73.846153,77.637863
9404,80,73.846153,77.637863
9405,80,73.846153,77.637863
9406,80,74.3345525,78.868862
9407,80,74.822952,80.099861
9408,80,74.822952,80.099861
9409,80,74.822952,80.099861
9410,80,74.822952,80.099861
9411,80,75.372406,80.099861
9412,80,75.92186,80.8848915
9413,80,75.92186,81.669922
9414,80,76.36142,81.669922
9415,80,76.80098,81.669922
9416,80,76.80098,81.669922
9417,80,76.80098,81.669922
9418,80,76.80098,82.139038
9419,80,77.1917,82.608154
9420,80,77.58242,82.608154
9421,80,77.58242,82.608154
9422,80,77.58242,82.608154
9423,80,77.58242,82.608154
9424,80,78.0708195,82.608154
9425,80,78.559219,82.8072585
9426,80,78.559219,83.006363
9427,80,78.559219,83.006363
9428,80,78.559219,83.006363
9429,80,79.01099,83.006363
9430,80,79.462761,83.006363
9431,80,79.462761,82.7867545
9432,80,79.462761,82.567146
9434,80,80.341881,82.567146
9435,80,80.341881,82.567146
9436,80,80.341881,82.567146
9437,80,80.781441,82.100952
9438,80,81.221001,81.634758
9439,80,81.221001,81.634758
9440,80,81.221001,81.634758
9441,80,81.221001,81.634758
9442,80,81.733822,81.634758
9443,80,82.246643,80.714451
9444,80,82.246643,79.794144
9445,80,82.246643,79.794144
9446,80,82.246643,79.794144
9447,80,82.7472535,79.794144
9448,80,83.247864,79.794144
9449,80,83.247864,78.7703895
9450,80,83.247864,77.746635
9451,80,83.675213,77.746635
9452,80,84.102562,77.746635
9453,80,84.102562,77.746635
9454,80,84.102562,77.746635
9455,80,84.5421255,76.2483975
9456,80,84.981689,74.75016
9457,80,84.981689,74.75016
9458,80,84.981689,74.75016
9459,80,84.981689,74.75016
9460,80,85.3601985,74.75016
9461,80,85.738708,74.75016
9462,80,85.738708,72.79224
9463,80,85.738708,70.83432
9464,80,85.738708,70.83432
9465,80,85.738708,70.83432
9466,80,86.764351,70.83432
9467,80,86.764351,68.9785195
9468,80,86.764351,67.122719
9469,80,87.1428605,67.122719
9470,80,87.52137,67.122719
9471,80,87.52137,67.122719
9472,80,87.52137,67.122719
9473,80,87.826618,64.7862625
9474,80,88.131866,62.449806
9475,80,88.131866,62.449806
9476,80,88.131866,62.449806
9477,80,88.131866,62.449806
9478,80,88.559219,62.449806
9479,80,88.986572,62.449806
9480,80,88.986572,59.6519315
9481,80,88.986572,56.854057
9482,80,88.986572,56.854057
9483,80,89.352871,56.854057
9484,80,89.71917,56.854057
9485,80,89.71917,56.854057
9486,80,89.71917,54.20285
9487,80,89.914532,51.551643
9488,80,90.109894,51.551643
9489,80,90.109894,51.551643
9490,80,90.109894,51.551643
9491,80,90.3907245,51.551643
9492,80,90.671555,48.753786
9493,80,90.671555,45.955929
9495,80,90.671555,45.955929
9496,80,90.769234,45.955929
9497,80,90.866913,45.955929
9498,80,90.866913,42.8544105
9499,80,90.866913,39.752892
9500,80,90.866913,39.752892
9501,80,91.0134315,39.752892
9502,80,91.15995,39.752892
9503,80,91.15995,39.752892
9504,80,91.15995,36.886101
9505,80,91.15995,34.01931
9506,80,91.15995,34.01931
9507,80,91.15995,34.01931
9508,80,91.15995,34.01931
9509,80,91.15995,34.01931
9510,80,91.1965825,31.062956
9511,80,91.233215,28.106602
9512,80,91.233215,28.106602
9513,80,91.233215,28.106602
9514,80,91.037853,28.106602
9515,80,90.842491,28.106602
9516,80,90.842491,28.106602
9517,80,90.842491,24.9448855
9518,80,90.842491,21.783169
9519,80,90.598293,21.783169
9520,80,90.354095,21.783169
9521,80,90.354095,21.783169
9522,80,90.354095,21.783169
9523,80,90.2075725,19.355983
9524,80,90.06105,16.928797
9525,80,90.06105,16.928797
9526,80,90.06105,16.928797
9527,80,90.06105,16.928797
9528,80,89.768009,16.928797
9529,80,89.474968,14.817338
9530,80,89.474968,12.705879
9531,80,89.474968,12.705879
9532,80,89.1086695,12.705879
9533,80,88.742371,12.705879
9534,80,88.742371,12.705879
9535,80,88.742371,10.479204
9536,80,88.742371,8.252529
9537,80,88.3272285,8.252529
9538,80,87.912086,8.252529
9539,80,87.912086,8.252529
9540,80,87.912086,8.252529
9541,80,87.5579985,6.673097
9542,80,87.203911,5.093665
9543,80,87.203911,5.093665
9544,80,87.203911,5.093665
9545,80,87.203911,5.093665
9546,80,86.776558,5.093665
9547,80,86.349205,3.735148
9548,80,86.349205,2.376631
9549,80,86.349205,2.376631
9550,80,86.349205,2.376631
9551,80,85.702076,2.376631
9552,80,85.054947,2.376631
9553,80,85.054947,2.376631
9555,80,85.054947,0.281771
9556,80,84.505497,0.281771
9557,80,83.956047,0.281771
9558,80,83.956047,0.281771
9559,80,83.956047,0.1408855
9560,80,83.4920655,0
9561,80,83.028084,0
9562,80,83.028084,0
9563,80,83.028084,0
9564,80,82.368744,0
9565,80,81.709404,0
9566,80,81.709404,0
9567,80,81.709404,0
9568,80,81.709404,0
9569,80,81.196583,0
9570,80,80.683762,0
9571,80,80.683762,0
9572,80,80.683762,0.2966165
9573,80,80.683762,0.593233
9574,80,80.097683,0.593233
9575,80,79.511604,0.593233
9576,80,79.511604,0.593233
9577,80,79.511604,0.593233
9578,80,79.0476225,1.228112
9579,80,78.583641,1.862991
9580,80,78.583641,1.862991
9581,80,78.583641,1.862991
9582,80,77.948719,1.862991
9583,80,77.313797,1.862991
9585,80,77.313797,3.938582
9586,80,77.313797,3.938582
9587,80,76.8131865,3.938582
9588,80,76.312576,3.938582
9589,80,76.312576,3.938582
9590,80,76.312576,5.4062375
9591,80,76.312576,6.873893
9592,80,75.665447,6.873893
9593,80,75.018318,6.873893
9594,80,75.018318,6.873893
9595,80,75.018318,6.873893
9596,80,74.578758,8.621698
9597,80,74.139198,10.369503
9598,80,74.139198,10.369503
9599,80,74.139198,10.369503
9600,80,73.6752165,10.369503
9601,80,73.211235,10.369503
9602,80,73.211235,12.5187825
9603,80,73.211235,14.668062
9604,80,73.211235,14.668062
9605,80,72.6373635,14.668062
9606,80,72.063492,14.668062
9607,80,72.063492,14.668062
9608,80,72.063492,14.668062
9609,80,72.063492,17.550512
9610,80,71.636143,20.432962
9611,80,71.208794,20.432962
9612,80,71.208794,20.432962
9613,80,71.208794,20.432962
9615,80,70.37851,20.432962
9616,80,70.37851,25.565969
9617,80,70.37851,25.565969
9618,80,70.134312,25.565969
9619,80,69.890114,25.565969
9620,80,69.890114,25.565969
9621,80,69.890114,28.2938305
9622,80,69.890114,31.021692
9623,80,69.5238115,31.021692
9624,80,69.157509,31.021692
9625,80,69.157509,31.021692
9626,80,69.157509,31.021692
9627,80,69.157509,34.305415
9628,80,69.05983,37.589138
9629,80,68.962151,37.589138
9630,80,68.962151,37.589138
9631,80,68.962151,37.589138
9632,80,68.6691095,37.589138
9633,80,68.376068,40.453829
9634,80,68.376068,43.31852
9635,80,68.376068,43.31852
9636,80,68.24176,43.31852
9637,80,68.107452,43.31852
9638,80,68.107452,43.31852
9639,80,68.107452,46.4317265
9640,80,68.107452,49.544933
9641,80,68.2905995,49.544933
9642,80,68.473747,49.544933
9643,80,68.473747,49.544933
9645,80,68.473747,49.544933
9646,80,68.583637,52.695234
9647,80,68.693527,55.845535
9648,80,68.693527,55.845535
9649,80,68.693527,55.845535
9650,80,68.9621505,55.845535
9651,80,69.230774,58.305328
9652,80,69.230774,60.765121
9653,80,69.230774,60.765121
9654,80,69.230774,60.765121
9655,80,69.352871,60.765121
9656,80,69.474968,60.765121
9657,80,69.474968,63.2284125
9658,80,69.474968,65.691704
9659,80,70.0366285,65.691704
9660,80,70.598289,65.691704
9661,80,70.598289,65.691704
9662,80,70.598289,65.691704
9663,80,70.598289,65.691704
9664,80,70.805862,68.0305405
9665,80,71.013435,70.369377
9666,80,71.013435,70.369377
9667,80,71.013435,70.369377
9668,80,71.452995,70.369377
9669,80,71.892555,70.369377
9670,80,71.892555,72.086689
9671,80,71.892555,73.804001
9672,80,71.892555,73.804001
9673,80,72.356533,73.804001
9674,80,72.820511,73.804001
9675,80,72.820511,73.804001
9676,80,72.820511,75.3117295
9677,80,73.137974,76.819458
9678,80,73.455437,76.819458
9679,80,73.455437,76.819458
9680,80,73.455437,76.819458
9681,80,73.455437,76.819458
9682,80,74.0415155,78.156475
9683,80,74.627594,79.493492
9684,80,74.627594,79.493492
9685,80,74.627594,79.493492
9686,80,74.8717955,79.493492
9687,80,75.115997,79.493492
9688,80,75.115997,80.448055
9689,80,75.115997,81.402618
9690,80,75.115997,81.402618
9691,80,75.7142865,81.402618
9692,80,76.312576,81.402618
9693,80,76.312576,81.402618
9694,80,76.312576,81.960327
9695,80,76.312576,82.518036
9696,80,76.739929,82.518036
9697,80,77.167282,82.518036
9698,80,77.167282,82.518036
9699,80,77.167282,82.518036
9700,80,77.6556815,82.518036
9701,80,78.144081,82.824196
9702,80,78.144081,83.130356
9703,80,78.144081,83.130356
9704,80,78.57143,83.130356
9705,80,78.998779,83.130356
9706,80,78.998779,83.130356
9707,80,78.998779,83.0535125
9708,80,78.998779,82.976669
9709,80,79.352871,82.976669
9710,80,79.706963,82.976669
9711,80,79.706963,82.976669
9712,80,79.706963,82.976669
9713,80,79.706963,82.612476
9714,80,80.3052525,82.248283
9715,80,80.903542,82.248283
9716,80,80.903542,82.248283
9717,80,80.903542,82.248283
9718,80,81.428574,82.248283
9719,80,81.953606,82.248283
9720,80,81.953606,81.41399
9721,80,81.953606,80.579697
9722,80,81.953606,80.579697
9723,80,82.2954865,80.579697
9724,80,82.637367,80.579697
9725,80,82.637367,80.579697
9726,80,82.637367,79.5952265
9727,80,82.637367,78.610756
9728,80,83.076927,78.610756
9729,80,83.516487,78.610756
9730,80,83.516487,78.610756
9731,80,83.516487,78.610756
9732,80,84.053726,77.1653825
9733,80,84.590965,75.720009
9734,80,84.590965,75.720009
9735,80,84.590965,75.720009
9737,80,84.590965,75.720009
9738,80,85.32357,75.720009
9739,80,85.32357,73.9592555
9740,80,85.32357,72.198502
9741,80,85.750919,72.198502
9742,80,86.178268,72.198502
9743,80,86.178268,72.198502
9744,80,86.178268,70.3819315
9745,80,86.6056175,68.565361
9746,80,87.032967,68.565361
9747,80,87.032967,68.565361
9748,80,87.032967,68.565361
9749,80,87.4847375,66.289871
9750,80,87.936508,64.014381
9751,80,87.936508,64.014381
9752,80,87.936508,64.014381
9753,80,87.936508,64.014381
9754,80,88.3272285,64.014381
9755,80,88.717949,64.014381
9756,80,88.717949,61.326633
9757,80,88.717949,58.638885
9758,80,89.047619,58.638885
9759,80,89.377289,58.638885
9760,80,89.377289,58.638885
9761,80,89.377289,58.638885
9762,80,89.377289,56.074125
9763,80,89.6581195,53.509365
9764,80,89.93895,53.509365
9766,80,89.93895,53.509365
9767,80,89.93895,53.509365
9768,80,90.2564125,50.7150385
9769,80,90.573875,47.920712
9770,80,90.573875,47.920712
9771,80,90.573875,47.920712
9772,80,90.573875,47.920712
9773,80,90.842495,47.920712
9774,80,91.111115,44.824322
9775,80,91.111115,41.727932
9776,80,91.111115,41.727932
9777,80,91.172165,41.727932
9778,80,91.233215,41.727932
9779,80,91.233215,41.727932
9780,80,91.233215,38.830244
9781,80,91.2820545,35.932556
9782,80,91.330894,35.932556
9783,80,91.330894,35.932556
9784,80,91.330894,35.932556
9785,80,91.330894,35.932556
9786,80,91.257633,32.980603
9787,80,91.184372,30.02865
9788,80,91.184372,30.02865
9789,80,91.184372,30.02865
9790,80,91.184372,30.02865
9791,80,91.1111105,30.02865
9792,80,91.037849,30.02865
9793,80,91.037849,26.781972
9794,80,91.037849,23.535294
9796,80,90.695969,23.535294
9797,80,90.695969,23.535294
9798,80,90.695969,23.535294
9799,80,90.54945,21.0719895
9800,80,90.402931,18.608685
9801,80,90.402931,18.608685
9802,80,90.402931,18.608685
9803,80,90.402931,18.608685
9804,80,90.0366325,18.608685
9805,80,89.670334,16.3501655
9806,80,89.670334,14.091646
9807,80,89.670334,14.091646
9808,80,89.670334,14.091646
9809,80,89.2918205,14.091646
9810,80,88.913307,14.091646
9811,80,88.913307,11.874633
9812,80,88.913307,9.65762
9813,80,88.583637,9.65762
9814,80,88.253967,9.65762
9815,80,88.253967,9.65762
9816,80,88.253967,9.65762
9817,80,87.936508,7.9553745
9818,80,87.619049,6.253129
9819,80,87.619049,6.253129
9820,80,87.619049,6.253129
9821,80,87.619049,6.253129
9822,80,87.179489,6.253129
9823,80,86.739929,4.778659
9824,80,86.739929,3.304189
9826,80,86.739929,3.304189
9827,80,86.1416395,3.304189
9828,80,85.54335,3.304189
9829,80,85.54335,2.0879495
9830,80,85.54335,0.87171
9831,80,85.0915795,0.87171
9832,80,84.639809,0.87171
9833,80,84.639809,0.87171
9834,80,84.639809,0.87171
9835,80,84.078148,0.435855
9836,80,83.516487,0
9837,80,83.516487,0
9838,80,83.516487,0
9839,80,83.516487,0
9840,80,82.9426155,0
9841,80,82.368744,0.000743
9842,80,82.368744,0.001486
9843,80,82.368744,0.001486
9844,80,82.368744,0.001486
9845,80,81.7948725,0.001486
9846,80,81.221001,0.001486
9847,80,81.221001,0.140281
9848,80,81.221001,0.279076
9849,80,80.6959725,0.279076
9850,80,80.170944,0.279076
9851,80,80.170944,0.279076
9852,80,80.170944,0.279076
9853,80,79.658123,0.72392
9854,80,79.145302,1.168764
9856,80,79.145302,1.168764
9857,80,79.145302,1.168764
9858,80,78.5470125,1.168764
9859,80,77.948723,2.03667
9860,80,77.948723,2.904576
9861,80,77.948723,2.904576
9862,80,77.948723,2.904576
9863,80,77.30159,2.904576
9864,80,76.654457,2.904576
9865,80,76.654457,2.904576
9866,80,76.654457,4.2890545
9867,80,76.1782685,5.673533
9868,80,75.70208,5.673533
9869,80,75.70208,5.673533
9870,80,75.70208,5.673533
9871,80,75.70208,5.673533
9872,80,75.164837,7.19135
9873,80,74.627594,8.709167
9874,80,74.627594,8.709167
9875,80,74.627594,8.709167
9876,80,74.0415155,8.709167
9877,80,73.455437,8.709167
9878,80,73.455437,10.7400575
9879,80,73.455437,12.770948
9880,80,73.455437,12.770948
9881,80,73.003666,12.770948
9882,80,72.551895,12.770948
9883,80,72.551895,12.770948
9884,80,72.551895,12.770948
9886,80,71.697189,18.341516
9887,80,71.697189,18.341516
9888,80,71.697189,18.341516
9889,80,71.697189,18.341516
9890,80,71.257629,20.637324
9891,80,70.818069,22.933132
9892,80,70.818069,22.933132
9893,80,70.818069,22.933132
9894,80,70.818069,22.933132
9895,80,70.4761885,22.933132
9896,80,70.134308,22.933132
9897,80,70.134308,25.878822
9898,80,70.134308,28.824512
9899,80,69.78022,28.824512
9900,80,69.426132,28.824512
9901,80,69.426132,28.824512
9902,80,69.426132,28.824512
9903,80,69.2918205,31.7003095
9904,80,69.157509,34.576107
9905,80,69.157509,34.576107
9906,80,69.157509,34.576107
9907,80,69.157509,34.576107
9908,80,68.84005,34.576107
9909,80,68.522591,37.6463945
9910,80,68.522591,40.716682
9911,80,68.522591,40.716682
9912,80,68.522591,40.716682
9913,80,68.412701,40.716682
9914,80,68.302811,40.716682
9915,80,68.302811,40.716682
9917,80,68.302811,48.052155
9918,80,68.3272285,48.052155
9919,80,68.351646,48.052155
9920,80,68.351646,48.052155
9921,80,68.571426,48.052155
9922,80,68.791206,50.798956
9923,80,68.791206,53.545757
9924,80,68.791206,53.545757
9925,80,68.791206,53.545757
9926,80,68.778999,53.545757
9927,80,68.766792,53.545757
9928,80,68.766792,56.3513755
9929,80,68.766792,59.156994
9930,80,68.766792,59.156994
9931,80,69.23077,59.156994
9932,80,69.694748,59.156994
9933,80,69.694748,59.156994
9934,80,69.694748,59.156994
9935,80,69.694748,61.8801785
9936,80,69.8290595,64.603363
9937,80,69.963371,64.603363
9938,80,69.963371,64.603363
9939,80,69.963371,64.603363
9940,80,70.3663025,66.7169075
9941,80,70.769234,68.830452
9942,80,70.769234,68.830452
9943,80,70.769234,68.830452
9944,80,71.208794,68.830452
9945,80,71.648354,68.830452
9947,80,71.648354,68.830452
9948,80,71.648354,72.825752
9949,80,71.9780235,72.825752
9950,80,72.307693,72.825752
9951,80,72.307693,72.825752
9952,80,72.307693,72.825752
9953,80,72.307693,74.5820885
9954,80,72.771675,76.338425
9955,80,73.235657,76.338425
9956,80,73.235657,76.338425
9957,80,73.235657,76.338425
9958,80,73.540905,76.338425
9959,80,73.846153,77.587746
9960,80,73.846153,78.837067
9961,80,73.846153,78.837067
9962,80,74.407814,78.837067
9963,80,74.969475,78.837067
9964,80,74.969475,78.837067
9965,80,74.969475,79.9113505
9966,80,74.969475,80.985634
9967,80,75.396828,80.985634
9968,80,75.824181,80.985634
9969,80,75.824181,80.985634
9970,80,75.824181,80.985634
9971,80,75.824181,80.985634
9972,80,76.3125805,81.6663285
9973,80,76.80098,82.347023
9974,80,76.80098,82.347023
9975,80,76.80098,82.347023
9977,80,77.753357,82.347023
9978,80,77.753357,82.58762
9979,80,77.753357,82.828217
9980,80,78.156288,82.828217
9981,80,78.559219,82.828217
9982,80,78.559219,82.828217
9983,80,78.559219,82.828217
9984,80,78.559219,82.8397295
9985,80,79.0720405,82.851242
9986,80,79.584862,82.851242
9987,80,79.584862,82.851242
9988,80,79.584862,82.851242
9989,80,79.584862,82.851242
9990,80,80.085472,82.4533765
9991,80,80.586082,82.055511
9992,80,80.586082,82.055511
9993,80,80.586082,82.055511
9994,80,80.952381,82.055511
9995,80,81.31868,82.055511
9996,80,81.31868,81.356689
9997,80,81.31868,80.657867
9998,80,81.7948725,80.657867
9999,80,82.271065,80.657867
10000,80,82.271065,80.657867
10001,80,82.271065,80.657867
10002,80,82.271065,80.657867
10003,80,82.271065,79.6574745
10004,80,82.7228355,78.657082
10005,80,83.174606,78.657082
10006,80,83.174606,78.657082
10008,80,83.174606,78.657082
10009,80,83.6752165,78.657082
10010,80,84.175827,78.657082
10011,80,84.175827,77.049099
10012,80,84.175827,75.441116
10013,80,84.627598,75.441116
10014,80,85.079369,75.441116
10015,80,85.079369,75.441116
10016,80,85.079369,73.795761
10017,80,85.079369,72.150406
10018,80,85.494507,72.150406
10019,80,85.909645,72.150406
10020,80,85.909645,72.150406
10021,80,85.909645,72.150406
10022,80,86.3736265,70.1794245
10023,80,86.837608,68.208443
10024,80,86.837608,68.208443
10025,80,86.837608,68.208443
10026,80,87.277168,68.208443
10027,80,87.716728,68.208443
10028,80,87.716728,65.6286525
10029,80,87.716728,63.048862
10030,80,87.9853475,63.048862
10031,80,88.253967,63.048862
10032,80,88.253967,63.048862
10033,80,88.253967,63.048862
10034,80,88.7423705,60.74394
10035,80,89.230774,58.439018
10037,80,89.230774,58.439018
10038,80,89.230774,58.439018
10039,80,89.4993935,58.439018
10040,80,89.768013,55.5661925
10041,80,89.768013,52.693367
10042,80,89.768013,52.693367
10043,80,89.768013,52.693367
10044,80,90.0732615,52.693367
10045,80,90.37851,52.693367
10046,80,90.37851,50.234318
10047,80,90.37851,47.775269
10048,80,90.561661,47.775269
10049,80,90.744812,47.775269
10050,80,90.744812,47.775269
10051,80,90.744812,47.775269
10052,80,90.744812,44.8474545
10053,80,90.9035415,41.91964
10054,80,91.062271,41.91964
10055,80,91.062271,41.91964
10056,80,91.062271,41.91964
10057,80,91.062271,41.91964
10058,80,91.147743,38.517582
10059,80,91.233215,35.115524
10060,80,91.233215,35.115524
10061,80,91.233215,35.115524
10062,80,91.2942655,35.115524
10063,80,91.355316,35.115524
10064,80,91.355316,32.351278
10065,80,91.355316,29.587032
10067,80,91.233215,29.587032
10068,80,91.233215,29.587032
10069,80,91.233215,29.587032
10070,80,91.233215,26.684529
10071,80,91.037853,23.782026
10072,80,90.842491,23.782026
10073,80,90.842491,23.782026
10074,80,90.842491,23.782026
10075,80,90.842491,23.782026
10076,80,90.6959725,23.782026
10077,80,90.549454,20.8895445
10078,80,90.549454,17.997063
10079,80,90.549454,17.997063
10080,80,90.2564125,17.997063
10081,80,89.963371,17.997063
10082,80,89.963371,17.997063
10083,80,89.963371,15.8363315
10084,80,89.6947515,13.6756
10085,80,89.426132,13.6756
10086,80,89.426132,13.6756
10087,80,89.426132,13.6756
10088,80,89.426132,13.6756
10089,80,89.023201,11.474736
10090,80,88.62027,9.273872
10091,80,88.62027,9.273872
10092,80,88.62027,9.273872
10093,80,88.62027,9.273872
10094,80,88.2295495,9.273872
10095,80,87.838829,9.273872
10096,80,87.838829,7.272617
10097,80,87.838829,5.271362
10098,80,87.838829,5.271362
10099,80,87.3626405,5.271362
10100,80,86.886452,5.271362
10101,80,86.886452,5.271362
10102,80,86.886452,3.8945905
10103,80,86.4957315,2.517819
10104,80,86.105011,2.517819
10105,80,86.105011,2.517819
10106,80,86.105011,2.517819
10107,80,85.5555575,2.517819
10108,80,85.006104,1.4203045
10109,80,85.006104,0.32279
10110,80,85.006104,0.32279
10111,80,85.006104,0.32279
10112,80,84.432236,0.32279
10113,80,83.858368,0.32279
10114,80,83.858368,0.163276
10115,80,83.858368,0.003762
10116,80,83.858368,0.003762
10117,80,83.235657,0.003762
10118,80,82.612946,0.003762
10119,80,82.612946,0.003762
10120,80,82.612946,0.0303255
10121,80,82.075703,0.056889
10122,80,81.53846,0.056889
10123,80,81.53846,0.056889
10124,80,81.53846,0.056889
10125,80,81.53846,0.056889
10126,80,81.0500605,0.2270515
10127,80,80.561661,0.397214
10128,80,80.561661,0.397214
10129,80,80.561661,0.397214
10130,80,79.9511605,0.397214
10131,80,79.34066,0.397214
10132,80,79.34066,0.397214
10133,80,79.34066,0.397214
10134,80,79.34066,1.082392
10135,80,78.7789995,1.76757
10136,80,78.217339,1.76757
10137,80,78.217339,1.76757
10138,80,78.217339,1.76757
10139,80,77.655678,2.744966
10140,80,77.094017,3.722362
10141,80,77.094017,3.722362
10142,80,77.094017,3.722362
10143,80,77.094017,3.722362
10144,80,76.6178285,3.722362
10145,80,76.14164,4.9964
10146,80,76.14164,6.270438
10147,80,76.14164,6.270438
10148,80,76.14164,6.270438
10149,80,75.5311395,6.270438
10150,80,74.920639,6.270438
10151,80,74.920639,6.270438
10152,80,74.920639,8.151998
10153,80,74.4200285,10.033558
10154,80,73.919418,10.033558
10155,80,73.919418,10.033558
10156,80,73.919418,10.033558
10158,80,73.064713,13.76589
10159,80,73.064713,13.76589
10160,80,73.064713,13.76589
10161,80,73.064713,13.76589
10162,80,72.5274735,13.76589
10163,80,71.990234,16.10067
10164,80,71.990234,18.43545
10165,80,71.990234,18.43545
10166,80,71.990234,18.43545
10167,80,71.587303,18.43545
10168,80,71.184372,18.43545
10169,80,71.184372,18.43545
10170,80,71.184372,21.3561945
10171,80,71.184372,24.276939
10172,80,70.757023,24.276939
10173,80,70.329674,24.276939
10174,80,70.329674,24.276939
10175,80,70.329674,24.276939
10176,80,70.134312,26.7985245
10177,80,69.93895,29.32011
10178,80,69.93895,29.32011
10179,80,69.93895,29.32011
10180,80,69.5482295,29.32011
10181,80,69.157509,29.32011
10182,80,69.157509,32.351795
10183,80,69.157509,35.38348
10184,80,69.157509,35.38348
10185,80,68.9865685,35.38348
10186,80,68.815628,35.38348
10188,80,68.815628,35.38348
10189,80,68.815628,41.929432
10190,80,68.473747,41.929432
10191,80,68.131866,41.929432
10192,80,68.131866,41.929432
10193,80,68.131866,41.929432
10194,80,68.2905995,44.8602505
10195,80,68.449333,47.791069
10196,80,68.449333,47.791069
10197,80,68.449333,47.791069
10198,80,68.3882825,47.791069
10199,80,68.327232,47.791069
10200,80,68.327232,50.6659105
10201,80,68.327232,53.540752
10202,80,68.327232,53.540752
10203,80,68.68132,53.540752
10204,80,69.035408,53.540752
10205,80,69.035408,53.540752
10206,80,69.035408,56.418804
10207,80,69.035408,59.296856
10208,80,69.12088,59.296856
10209,80,69.206352,59.296856
10210,80,69.206352,59.296856
10211,80,69.206352,59.296856
10212,80,69.523811,61.7801685
10213,80,69.84127,64.263481
10214,80,69.84127,64.263481
10215,80,69.84127,64.263481
10216,80,69.84127,64.263481
10218,80,70.622711,64.263481
10219,80,70.622711,68.773354
10220,80,70.622711,68.773354
10221,80,70.622711,68.773354
10222,80,71.0256425,68.773354
10223,80,71.428574,68.773354
10224,80,71.428574,68.773354
10225,80,71.428574,68.773354
10226,80,71.428574,71.042164
10227,80,71.7826655,73.310974
10228,80,72.136757,73.310974
10229,80,72.136757,73.310974
10230,80,72.136757,73.310974
10231,80,72.5152665,73.310974
10232,80,72.893776,74.790062
10233,80,72.893776,76.26915
10234,80,72.893776,76.26915
10235,80,72.893776,76.26915
10236,80,73.333336,76.26915
10237,80,73.772896,76.26915
10238,80,73.772896,77.552029
10239,80,73.772896,78.834908
10240,80,74.3589745,78.834908
10241,80,74.945053,78.834908
10242,80,74.945053,78.834908
10243,80,74.945053,78.834908
10244,80,74.945053,79.8954625
10245,80,75.3235665,80.956017
10246,80,75.70208,80.956017
10248,80,75.70208,80.956017
10249,80,76.605621,80.956017
10250,80,76.605621,81.4432605
10251,80,76.605621,81.930504
10252,80,76.605621,81.930504
10253,80,77.0207595,81.930504
10254,80,77.435898,81.930504
10255,80,77.435898,81.930504
10256,80,77.435898,82.2970925
10257,80,77.863247,82.663681
10258,80,78.290596,82.663681
10259,80,78.290596,82.663681
10260,80,78.290596,82.663681
10261,80,78.290596,82.601063
10262,80,78.803417,82.538445
10263,80,79.316238,82.538445
10264,80,79.316238,82.538445
10265,80,79.316238,82.538445
10266,80,79.7191695,82.538445
10267,80,80.122101,82.538445
10268,80,80.122101,82.241993
10269,80,80.122101,81.945541
10270,80,80.122101,81.945541
10271,80,80.6227115,81.945541
10272,80,81.123322,81.945541
10273,80,81.123322,81.945541
10274,80,81.123322,81.1468885
10275,80,81.550671,80.348236
10276,80,81.97802,80.348236
10277,80,81.97802,80.348236
10279,80,81.97802,80.348236
10280,80,82.478634,79.421543
10281,80,82.979248,78.49485
10282,80,82.979248,78.49485
10283,80,82.979248,78.49485
10284,80,83.333336,78.49485
10285,80,83.687424,78.49485
10286,80,83.687424,77.1244355
10287,80,83.687424,75.754021
10288,80,84.1514055,75.754021
10289,80,84.615387,75.754021
10290,80,84.615387,75.754021
10291,80,84.615387,75.754021
10292,80,84.615387,75.754021
10293,80,85.030525,73.973572
10294,80,85.445663,72.193123
10295,80,85.445663,72.193123
10296,80,85.445663,72.193123
10297,80,85.445663,72.193123
10298,80,86.007324,72.193123
10299,80,86.568985,70.381615
10300,80,86.568985,68.570107
10301,80,86.568985,68.570107
10302,80,86.886448,68.570107
10303,80,87.203911,68.570107
10304,80,87.203911,68.570107
10305,80,87.203911,66.271885
10306,80,87.63126,63.973663
10307,80,88.058609,63.973663
10309,80,88.058609,63.973663
10310,80,88.058609,63.973663
10311,80,88.4249115,61.419191
10312,80,88.791214,58.864719
10313,80,88.791214,58.864719
10314,80,88.791214,58.864719
10315,80,88.791214,58.864719
10316,80,89.1819345,58.864719
10317,80,89.572655,56.256403
10318,80,89.572655,53.648087
10319,80,89.572655,53.648087
10320,80,89.780224,53.648087
10321,80,89.987793,53.648087
10322,80,89.987793,53.648087
10323,80,89.987793,50.886847
10324,80,89.987793,48.125607
10325,80,90.3540915,48.125607
10326,80,90.72039,48.125607
10327,80,90.72039,48.125607
10328,80,90.72039,48.125607
10329,80,90.842491,45.031336
10330,80,90.964592,41.937065
10331,80,90.964592,41.937065
10332,80,90.964592,41.937065
10333,80,90.964592,41.937065
10334,80,91.0012205,41.937065
10335,80,91.037849,39.045557
10336,80,91.037849,36.154049
10337,80,91.037849,36.154049
10339,80,91.233215,36.154049
10340,80,91.233215,36.154049
10341,80,91.233215,33.1863225
10342,80,91.233215,30.218596
10343,80,91.2087935,30.218596
10344,80,91.184372,30.218596
10345,80,91.184372,30.218596
10346,80,91.184372,30.218596
10347,80,91.184372,30.218596
10348,80,91.062271,30.218596
10349,80,90.94017,27.014725
10350,80,90.94017,23.810854
10351,80,90.94017,23.810854
10352,80,90.6471325,23.810854
10353,80,90.354095,23.810854
10354,80,90.354095,21.2997075
10355,80,90.354095,18.788561
10356,80,90.2075725,18.788561
10357,80,90.06105,18.788561
10358,80,90.06105,18.788561
10359,80,90.06105,18.788561
10360,80,90.06105,16.597401
10361,80,89.7191695,14.406241
10362,80,89.377289,14.406241
10363,80,89.377289,14.406241
10364,80,89.377289,14.406241
10365,80,89.377289,14.406241
10366,80,89.377289,14.406241
10367,80,89.05983,12.101588
10368,80,88.742371,9.796935
10370,80,88.742371,9.796935
10371,80,88.742371,9.796935
10372,80,88.3272285,9.796935
10373,80,87.912086,8.1385175
10374,80,87.912086,6.4801
10375,80,87.912086,6.4801
10376,80,87.912086,6.4801
10377,80,87.484737,6.4801
10378,80,87.057388,6.4801
10379,80,87.057388,4.985394
10380,80,86.617828,3.490688
10381,80,86.178268,3.490688
10382,80,86.178268,3.490688
10383,80,86.178268,3.490688
10384,80,86.178268,3.490688
10385,80,85.6898685,2.3170275
10386,80,85.201469,1.143367
10387,80,85.201469,1.143367
10388,80,84.6642265,1.143367
10389,80,84.126984,1.143367
10390,80,84.126984,1.143367
10391,80,84.126984,0.5716835
10392,80,83.6996345,0
10393,80,83.272285,0
10394,80,83.272285,0
10395,80,83.272285,0
10396,80,83.272285,0
10397,80,82.7228355,0.0077825
10398,80,82.173386,0.015565
10399,80,82.173386,0.015565
10400,80,82.173386,0.015565
10401,80,81.526253,0.015565
10402,80,80.87912,0.130916
10403,80,80.87912,0.246267
10404,80,80.87912,0.246267
10405,80,80.87912,0.246267
10406,80,80.87912,0.246267
10407,80,80.341881,0.246267
10408,80,79.804642,0.246267
10409,80,79.804642,0.6557985
10410,80,79.804642,1.06533
10411,80,79.804642,1.06533
10412,80,79.16972,1.06533
10413,80,78.534798,1.06533
10414,80,78.534798,1.06533
10415,80,78.534798,1.938413
10416,80,78.1196595,2.811496
10417,80,77.704521,2.811496
10418,80,77.704521,2.811496
10419,80,77.704521,2.811496
10420,80,77.094021,2.811496
10421,80,76.483521,3.9050405
10422,80,76.483521,4.998585
10423,80,76.483521,4.998585
10424,80,76.483521,4.998585
10425,80,75.9706995,4.998585
10426,80,75.457878,4.998585
10427,80,75.457878,6.5772925
10428,80,75.457878,8.156
10429,80,75.457878,8.156
10430,80,74.908428,8.156
10431,80,74.358978,8.156
10432,80,74.358978,8.156
10433,80,74.358978,10.2161395
10434,80,73.9072075,12.276279
10435,80,73.455437,12.276279
10436,80,73.455437,12.276279
10437,80,73.455437,12.276279
10438,80,72.9426155,12.276279
10439,80,72.429794,14.4340725
10440,80,72.429794,16.591866
10441,80,72.429794,16.591866
10442,80,72.429794,16.591866
10443,80,71.9413945,16.591866
10444,80,71.452995,16.591866
10445,80,71.452995,19.0956835
10446,80,71.452995,21.599501
10447,80,71.452995,21.599501
10448,80,71.159954,21.599501
10449,80,70.866913,21.599501
10450,80,70.866913,21.599501
10451,80,70.866913,21.599501
10452,80,70.4639815,24.591018
10453,80,70.06105,27.582535
10454,80,70.06105,27.582535
10455,80,70.06105,27.582535
10456,80,70.06105,27.582535
10457,80,69.755802,27.582535
10458,80,69.450554,30.2766955
10459,80,69.450554,32.970856
10460,80,69.450554,32.970856
10461,80,69.1697235,32.970856
10462,80,68.888893,32.970856
10463,80,68.888893,32.970856
10464,80,68.888893,36.0682165
10465,80,68.888893,39.165577
10466,80,68.7545815,39.165577
10467,80,68.62027,39.165577
10468,80,68.62027,39.165577
10469,80,68.62027,39.165577
10470,80,68.5348015,39.165577
10471,80,68.449333,43.0454005
10472,80,68.449333,46.925224
10473,80,68.449333,46.925224
10474,80,68.449333,46.925224
10475,80,68.2905995,46.925224
10476,80,68.131866,49.4602375
10477,80,68.131866,51.995251
10478,80,68.131866,51.995251
10479,80,68.449329,51.995251
10480,80,68.766792,51.995251
10481,80,68.766792,51.995251
10482,80,68.766792,51.995251
10483,80,68.766792,55.0486965
10484,80,68.79121,58.102142
10485,80,68.815628,58.102142
10486,80,68.815628,58.102142
10487,80,68.815628,58.102142
10489,80,69.645912,58.102142
10490,80,69.645912,62.96571
10491,80,69.645912,62.96571
10492,80,69.645912,62.96571
10493,80,69.877903,62.96571
10494,80,70.109894,62.96571
10495,80,70.109894,65.2067775
10496,80,70.109894,67.447845
10497,80,70.109894,67.447845
10498,80,70.6715545,67.447845
10499,80,71.233215,67.447845
10500,80,71.233215,67.447845
10501,80,71.233215,67.447845
10502,80,71.4041555,69.8812255
10503,80,71.575096,72.314606
10504,80,71.575096,72.314606
10505,80,71.575096,72.314606
10506,80,71.575096,72.314606
10507,80,72.136757,72.314606
10508,80,72.698418,73.895569
10509,80,72.698418,75.476532
10510,80,72.698418,75.476532
10511,80,73.0769275,75.476532
10512,80,73.455437,75.476532
10513,80,73.455437,75.476532
10514,80,73.455437,76.8073885
10515,80,73.455437,78.138245
10516,80,73.9438365,78.138245
10517,80,74.432236,78.138245
10518,80,74.432236,78.138245
10520,80,74.432236,78.138245
10521,80,74.859585,79.362175
10522,80,75.286934,80.586105
10523,80,75.286934,80.586105
10524,80,75.286934,80.586105
10525,80,75.286934,80.586105
10526,80,75.714287,80.586105
10527,80,76.14164,81.255455
10528,80,76.14164,81.924805
10529,80,76.14164,81.924805
10530,80,76.6300395,81.924805
10531,80,77.118439,81.924805
10532,80,77.118439,81.924805
10533,80,77.118439,82.305603
10534,80,77.118439,82.686401
10535,80,77.545788,82.686401
10536,80,77.973137,82.686401
10537,80,77.973137,82.686401
10538,80,77.973137,82.686401
10539,80,77.973137,82.686401
10540,80,78.595848,82.719696
10541,80,79.218559,82.752991
10542,80,79.218559,82.752991
10543,80,79.218559,82.752991
10544,80,79.4993895,82.752991
10545,80,79.78022,82.5803375
10546,80,79.78022,82.407684
10547,80,80.2442015,82.407684
10548,80,80.708183,82.407684
10550,80,80.708183,82.407684
10551,80,80.708183,81.803642
10552,80,81.184372,81.1996
10553,80,81.660561,81.1996
10554,80,81.660561,81.1996
10555,80,81.660561,81.1996
10556,80,81.660561,81.1996
10557,80,82.185593,80.1617775
10558,80,82.710625,79.123955
10559,80,82.710625,79.123955
10560,80,82.710625,79.123955
10561,80,83.137974,79.123955
10562,80,83.565323,79.123955
10563,80,83.565323,77.903416
10564,80,83.565323,76.682877
10565,80,83.565323,76.682877
10566,80,83.9438325,76.682877
10567,80,84.322342,76.682877
10568,80,84.322342,76.682877
10569,80,84.322342,76.682877
10570,80,84.322342,75.235844
10571,80,84.7741125,73.788811
10572,80,85.225883,73.788811
10573,80,85.225883,73.788811
10574,80,85.225883,73.788811
10575,80,85.225883,73.788811
10576,80,85.787544,71.8498805
10577,80,86.349205,69.91095
10578,80,86.349205,69.91095
10580,80,86.349205,69.91095
10581,80,87.155067,69.91095
10582,80,87.155067,67.7888605
10583,80,87.155067,65.666771
10584,80,87.155067,65.666771
10585,80,87.704517,65.666771
10586,80,88.253967,65.666771
10587,80,88.253967,65.666771
10588,80,88.498169,63.28257
10589,80,88.742371,60.898369
10590,80,88.742371,60.898369
10591,80,88.742371,60.898369
10592,80,88.742371,60.898369
10593,80,88.742371,60.898369
10594,80,89.0109905,60.898369
10595,80,89.27961,57.8381785
10596,80,89.27961,54.777988
10597,80,89.27961,54.777988
10598,80,89.27961,54.777988
10599,80,89.597069,54.777988
10600,80,89.914528,54.777988
10601,80,89.914528,54.777988
10602,80,89.914528,52.0695665
10603,80,89.914528,49.361145
10604,80,90.3662985,49.361145
10605,80,90.818069,49.361145
10606,80,90.818069,49.361145
10607,80,90.818069,49.361145
10608,80,90.818069,46.351307
10609,80,90.7936515,43.341469
10610,80,90.769234,43.341469
10611,80,90.769234,43.341469
10612,80,90.9035415,43.341469
10613,80,91.037849,43.341469
10614,80,91.037849,40.2397215
10615,80,91.037849,37.137974
10616,80,91.037849,37.137974
10617,80,91.1843715,37.137974
10618,80,91.330894,37.137974
10619,80,91.330894,34.405515
10620,80,91.330894,31.673056
10621,80,91.1843715,31.673056
10622,80,91.037849,31.673056
10623,80,91.037849,31.673056
10624,80,91.037849,31.673056
10625,80,91.037849,28.625783
10626,80,91.037849,25.57851
10627,80,91.037849,25.57851
10628,80,91.037849,25.57851
10629,80,90.818069,25.57851
10630,80,90.598289,23.395749
10631,80,90.598289,21.212988
10632,80,90.598289,21.212988
10633,80,90.598289,21.212988
10634,80,90.4517705,21.212988
10635,80,90.305252,21.212988
10636,80,90.305252,21.212988
10637,80,90.305252,18.752946
10638,80,90.305252,16.292904
10639,80,90.305252,16.292904
10641,80,89.523811,16.292904
10642,80,89.523811,16.292904
10643,80,89.523811,16.292904
10644,80,89.523811,13.690962
10645,80,89.242981,11.08902
10646,80,88.962151,11.08902
10647,80,88.962151,11.08902
10648,80,88.962151,11.08902
10649,80,88.595852,11.08902
10650,80,88.229553,9.307629
10651,80,88.229553,7.526238
10652,80,88.229553,7.526238
10653,80,87.7777825,7.526238
10654,80,87.326012,7.526238
10655,80,87.326012,7.526238
10656,80,87.326012,5.849434
10657,80,87.326012,4.17263
10658,80,86.8376085,4.17263
10659,80,86.349205,4.17263
10660,80,86.349205,4.17263
10661,80,86.349205,4.17263
10662,80,86.349205,4.17263
10663,80,85.811966,2.8850325
10664,80,85.274727,1.597435
10665,80,85.274727,1.597435
10666,80,85.274727,1.597435
10667,80,84.822956,1.597435
10668,80,84.371185,0.8861975
10669,80,84.371185,0.17496
10671,80,84.371185,0.17496
10672,80,83.076927,0.17496
10673,80,83.076927,0.17496
10674,80,83.076927,0.17496
10675,80,83.076927,0.08748
10676,80,82.588524,0
10677,80,82.100121,0
10678,80,82.100121,0
10679,80,82.100121,0
10680,80,82.100121,0
10681,80,81.4529915,0.130952
10682,80,80.805862,0.261904
10683,80,80.805862,0.261904
10684,80,80.805862,0.261904
10685,80,80.3663025,0.261904
10686,80,79.926743,0.261904
10687,80,79.926743,0.7226885
10688,80,79.926743,1.183473
10689,80,79.3284535,1.183473
10690,80,78.730164,1.183473
10691,80,78.730164,1.183473
10692,80,78.730164,1.183473
10693,80,78.730164,2.0408415
10694,80,78.1074525,2.89821
10695,80,77.484741,2.89821
10696,80,77.484741,2.89821
10697,80,77.484741,2.89821
10698,80,77.484741,2.89821
10699,80,76.86203,2.89821
10700,80,76.239319,4.2898275
10701,80,76.239319,5.681445
10702,80,76.239319,5.681445
10703,80,75.7631265,5.681445
10704,80,75.286934,5.681445
10705,80,75.286934,5.681445
10706,80,75.286934,7.3223195
10707,80,74.822956,8.963194
10708,80,74.358978,8.963194
10709,80,74.358978,8.963194
10710,80,74.358978,8.963194
10711,80,74.358978,8.963194
10712,80,73.638588,10.950022
10713,80,72.918198,12.93685
10714,80,72.918198,12.93685
10715,80,72.918198,12.93685
10716,80,72.918198,12.93685
10717,80,72.600735,12.93685
10718,80,72.283272,12.93685
10719,80,72.283272,15.713522
10720,80,72.283272,18.490194
10721,80,71.7948725,18.490194
10722,80,71.306473,18.490194
10723,80,71.306473,18.490194
10724,80,71.306473,18.490194
10725,80,71.306473,21.0447235
10726,80,70.9157525,23.599253
10727,80,70.525032,23.599253
10728,80,70.525032,23.599253
10729,80,70.525032,23.599253
10731,80,70.525032,23.599253
10732,80,69.670334,28.9265
10733,80,69.670334,28.9265
10734,80,69.670334,28.9265
10735,80,69.670334,28.9265
10736,80,69.548233,28.9265
10737,80,69.426132,32.2226265
10738,80,69.426132,35.518753
10739,80,69.1941415,35.518753
10740,80,68.962151,35.518753
10741,80,68.962151,35.518753
10742,80,68.962151,35.518753
10743,80,68.962151,38.375334
10744,80,68.5470085,41.231915
10745,80,68.131866,41.231915
10746,80,68.131866,41.231915
10747,80,68.131866,41.231915
10748,80,68.131866,41.231915
10749,80,68.144077,44.38855
10750,80,68.156288,47.545185
10751,80,68.156288,47.545185
10752,80,68.156288,47.545185
10753,80,68.144077,47.545185
10754,80,68.131866,47.545185
10755,80,68.131866,47.545185
10756,80,68.131866,50.8590335
10757,80,68.3882785,54.172882
10758,80,68.644691,54.172882
10759,80,68.644691,54.172882
10761,80,68.644691,54.172882
10762,80,68.7057415,59.161129
10763,80,68.766792,59.161129
10764,80,68.766792,59.161129
10765,80,68.766792,59.161129
10766,80,68.766792,59.161129
10767,80,69.194141,61.7626515
10768,80,69.62149,64.364174
10769,80,69.62149,64.364174
10770,80,69.62149,64.364174
10771,80,69.865692,64.364174
10772,80,70.109894,64.364174
10773,80,70.109894,64.364174
10774,80,70.109894,66.873997
10775,80,70.5128215,69.38382
10776,80,70.915749,69.38382
10777,80,70.915749,69.38382
10778,80,70.915749,69.38382
10779,80,70.915749,69.38382
10780,80,71.3675195,71.27047
10781,80,71.81929,73.15712
10782,80,71.81929,73.15712
10783,80,71.81929,73.15712
10784,80,71.81929,73.15712
10785,80,72.1978035,73.15712
10786,80,72.576317,74.8418465
10787,80,72.576317,76.526573
10788,80,72.576317,76.526573
10789,80,72.576317,76.526573
10791,80,73.479858,76.526573
10792,80,73.479858,77.9890175
10793,80,73.8827855,79.451462
10794,80,74.285713,79.451462
10795,80,74.285713,79.451462
10796,80,74.285713,79.451462
10797,80,74.285713,79.451462
10798,80,74.7619055,80.4655305
10799,80,75.238098,81.479599
10800,80,75.238098,81.479599
10801,80,75.238098,81.479599
10802,80,75.238098,81.479599
10803,80,75.799759,81.479599
10804,80,76.36142,82.24712
10805,80,76.36142,83.014641
10806,80,76.36142,83.014641
10807,80,76.36142,83.014641
10808,80,76.7155075,83.014641
10809,80,77.069595,83.014641
10810,80,77.069595,83.014641
10811,80,77.069595,83.014641
10812,80,77.4725265,83.458126
10813,80,77.875458,83.901611
10814,80,77.875458,83.901611
10815,80,77.875458,83.901611
10816,80,78.3272285,83.901611
10817,80,78.778999,83.901611
10818,80,78.778999,83.9428215
10819,80,78.778999,83.984032
10821,80,78.778999,83.984032
10822,80,79.804642,83.984032
10823,80,79.804642,83.984032
10824,80,79.804642,83.6618005
10825,80,79.804642,83.339569
10826,80,80.317463,83.339569
10827,80,80.830284,83.339569
10828,80,80.830284,83.339569
10829,80,80.830284,83.339569
10830,80,81.1965825,82.648327
10831,80,81.562881,81.957085
10832,80,81.562881,81.957085
10833,80,81.562881,81.957085
10834,80,82.002441,81.957085
10835,80,82.442001,81.957085
10836,80,82.442001,81.1045685
10837,80,82.442001,80.252052
10838,80,82.442001,80.252052
10839,80,82.869354,80.252052
10840,80,83.296707,80.252052
10841,80,83.296707,80.252052
10842,80,83.296707,78.9919125
10843,80,83.296707,77.731773
10844,80,83.8217355,77.731773
10845,80,84.346764,77.731773
10846,80,84.346764,77.731773
10847,80,84.346764,77.731773
10848,80,84.627594,77.731773
10849,80,84.908424,76.0127525
10850,80,84.908424,74.293732
10851,80,84.908424,74.293732
10852,80,85.2991445,74.293732
10853,80,85.689865,74.293732
10854,80,85.689865,74.293732
10855,80,85.689865,72.6087265
10856,80,85.689865,70.923721
10857,80,86.239315,70.923721
10858,80,86.788765,70.923721
10859,80,86.788765,70.923721
10860,80,86.788765,70.923721
10861,80,86.788765,68.7679405
10862,80,87.216118,66.61216
10863,80,87.643471,66.61216
10864,80,87.643471,66.61216
10865,80,87.643471,66.61216
10866,80,88.046402,66.61216
10867,80,88.449333,66.61216
10868,80,88.449333,64.048138
10869,80,88.449333,61.484116
10870,80,88.449333,61.484116
10871,80,88.7545815,61.484116
10872,80,89.05983,61.484116
10873,80,89.05983,61.484116
10874,80,89.05983,58.936163
10875,80,89.05983,56.38821
10876,80,89.377289,56.38821
10877,80,89.694748,56.38821
10878,80,89.694748,56.38821
10879,80,89.694748,56.38821
10880,80,89.694748,53.595457
10881,80,90.0854685,50.802704
10882,80,90.476189,50.802704
10883,80,90.476189,50.802704
10884,80,90.6105005,50.802704
10885,80,90.744812,50.802704
10886,80,90.744812,47.436451
10887,80,90.744812,44.070198
10888,80,90.940174,44.070198
10889,80,91.135536,44.070198
10890,80,91.135536,44.070198
10891,80,91.135536,41.3241365
10892,80,91.135536,38.578075
10893,80,91.2942655,38.578075
10894,80,91.452995,38.578075
10895,80,91.452995,38.578075
10896,80,91.452995,38.578075
10897,80,91.452995,38.578075
10898,80,91.4041555,35.43774
10899,80,91.355316,32.297405
10900,80,91.355316,32.297405
10901,80,91.355316,32.297405
10902,80,91.2942655,32.297405
10903,80,91.233215,32.297405
10904,80,91.233215,32.297405
10905,80,91.233215,29.056652
10906,80,91.233215,25.815899
10907,80,91.135532,25.815899
10908,80,91.037849,25.815899
10909,80,91.037849,25.815899
10910,80,91.037849,25.815899
10912,80,91.037849,20.989733
10913,80,90.598289,20.989733
10914,80,90.598289,20.989733
10915,80,90.598289,20.989733
10916,80,90.3296695,20.989733
10917,80,90.06105,18.452417
10918,80,90.06105,15.915101
10919,80,90.06105,15.915101
10920,80,90.06105,15.915101
10921,80,89.7313805,15.915101
10922,80,89.401711,15.915101
10923,80,89.401711,15.915101
10924,80,89.401711,13.3094375
10925,80,89.0842515,10.703774
10926,80,88.766792,10.703774
10927,80,88.766792,10.703774
10928,80,88.766792,10.703774
10929,80,88.766792,9.0051325
10930,80,88.363861,7.306491
10931,80,87.96093,7.306491
10932,80,87.96093,7.306491
10933,80,87.96093,7.306491
10934,80,87.96093,7.306491
10935,80,87.4847375,7.306491
10936,80,87.008545,5.4474865
10937,80,87.008545,3.588482
10938,80,87.008545,3.588482
10939,80,86.471306,3.588482
10940,80,85.934067,3.588482
10942,80,85.934067,1.603027
10943,80,85.506718,1.603027
10944,80,85.079369,1.603027
10945,80,85.079369,1.603027
10946,80,85.079369,1.603027
10947,80,85.079369,0.8015135
10948,80,84.5909655,0
10949,80,84.102562,0
10950,80,84.102562,0
10951,80,84.102562,0
10952,80,84.102562,0
10953,80,83.3821715,0
10954,80,82.661781,0
10955,80,82.661781,0
10956,80,82.661781,0
10957,80,82.661781,0
10958,80,82.112331,0
10959,80,81.562881,0
10960,80,81.562881,0.0858635
10961,80,81.562881,0.171727
10962,80,81.562881,0.171727
10963,80,80.9890095,0.171727
10964,80,80.415138,0.171727
10965,80,80.415138,0.171727
10966,80,79.963371,0.5352955
10967,80,79.511604,0.898864
10968,80,79.511604,0.898864
10969,80,79.511604,0.898864
10970,80,79.511604,0.898864
10972,80,78.437119,0.898864
10973,80,78.437119,1.7291785
10974,80,78.437119,2.559493
10975,80,78.437119,2.559493
10976,80,77.8266185,2.559493
10977,80,77.216118,2.559493
10978,80,77.216118,3.6263105
10979,80,77.216118,4.693128
10980,80,77.216118,4.693128
10981,80,76.568989,4.693128
10982,80,75.92186,4.693128
10983,80,75.92186,4.693128
10984,80,75.5189285,4.693128
10985,80,75.115997,6.29471
10986,80,75.115997,7.896292
10987,80,75.115997,7.896292
10988,80,75.115997,7.896292
10989,80,74.5421255,7.896292
10990,80,73.968254,7.896292
10991,80,73.968254,9.9670845
10992,80,73.968254,12.037877
10993,80,73.968254,12.037877
10994,80,73.431015,12.037877
10995,80,72.893776,12.037877
10996,80,72.893776,12.037877
10997,80,72.893776,14.2071785
10998,80,72.893776,16.37648
10999,80,72.4053765,16.37648
11000,80,71.916977,16.37648
11002,80,71.916977,16.37648
11003,80,71.5628855,18.8717135
11004,80,71.208794,21.366947
11005,80,71.208794,21.366947
11006,80,71.208794,21.366947
11007,80,71.208794,21.366947
11008,80,70.8058625,21.366947
11009,80,70.402931,21.366947
11010,80,70.402931,24.4268025
11011,80,70.402931,27.486658
11012,80,70.402931,27.486658
11013,80,70.0366325,27.486658
11014,80,69.670334,27.486658
11015,80,69.670334,27.486658
11016,80,69.670334,30.302993
11017,80,69.670334,33.119328
11018,80,69.4261325,33.119328
11019,80,69.181931,33.119328
11020,80,69.181931,33.119328
11021,80,68.9987795,33.119328
11022,80,68.815628,36.238785
11023,80,68.815628,39.358242
11024,80,68.815628,39.358242
11025,80,68.815628,39.358242
11026,80,68.473747,39.358242
11027,80,68.131866,39.358242
11028,80,68.131866,39.358242
11029,80,68.131866,43.125038
11030,80,68.131866,46.891834
11032,80,68.107452,46.891834
11033,80,68.107452,46.891834
11034,80,68.107452,46.891834
11035,80,68.107452,49.7504805
11036,80,68.2051315,52.609127
11037,80,68.302811,52.609127
11038,80,68.302811,52.609127
11039,80,68.5348015,52.609127
11040,80,68.766792,52.609127
11041,80,68.766792,55.257147
11042,80,68.766792,57.905167
11043,80,68.766792,57.905167
11044,80,68.9621505,57.905167
11045,80,69.157509,57.905167
11046,80,69.157509,57.905167
11047,80,69.157509,60.7373755
11048,80,69.157509,63.569584
11049,80,69.5116005,63.569584
11050,80,69.865692,63.569584
11051,80,69.865692,63.569584
11052,80,69.865692,63.569584
11053,80,69.865692,65.680876
11054,80,70.195362,67.792168
11055,80,70.525032,67.792168
11056,80,70.525032,67.792168
11057,80,70.525032,67.792168
11058,80,70.525032,67.792168
11059,80,70.976803,69.8377155
11060,80,71.428574,71.883263
11061,80,71.428574,71.883263
11063,80,71.428574,71.883263
11064,80,72.087914,71.883263
11065,80,72.087914,71.883263
11066,80,72.087914,73.782467
11067,80,72.087914,75.681671
11068,80,72.503056,75.681671
11069,80,72.918198,75.681671
11070,80,72.918198,75.681671
11071,80,72.918198,75.681671
11072,80,72.918198,76.9382475
11073,80,73.418808,78.194824
11074,80,73.919418,78.194824
11075,80,73.919418,78.194824
11076,80,73.919418,78.194824
11077,80,73.919418,78.194824
11078,80,74.358978,79.3548775
11079,80,74.798538,80.514931
11080,80,74.798538,80.514931
11081,80,74.798538,80.514931
11082,80,74.798538,80.514931
11083,80,75.262516,80.514931
11084,80,75.726494,81.3237155
11085,80,75.726494,82.1325
11086,80,76.129425,82.1325
11087,80,76.532356,82.1325
11088,80,76.532356,82.1325
11089,80,76.532356,82.1325
11090,80,77.0451775,82.5747185
11091,80,77.557999,83.016937
11092,80,77.557999,83.016937
11093,80,77.557999,83.016937
11094,80,77.557999,83.016937
11095,80,78.0463985,83.016937
11096,80,78.534798,83.1432835
11097,80,78.534798,83.26963
11098,80,78.534798,83.26963
11099,80,78.9987795,83.26963
11100,80,79.462761,83.26963
11101,80,79.462761,83.102638
11102,80,79.462761,82.935646
11103,80,79.462761,82.935646
11104,80,79.89011,82.935646
11105,80,80.317459,82.935646
11106,80,80.317459,82.935646
11107,80,80.317459,82.935646
11108,80,80.317459,82.4534265
11109,80,80.76923,81.971207
11110,80,81.221001,81.971207
11111,80,81.221001,81.971207
11112,80,81.221001,81.971207
11113,80,81.7948725,81.971207
11114,80,82.368744,81.0654945
11115,80,82.368744,80.159782
11116,80,82.368744,80.159782
11117,80,82.368744,80.159782
11118,80,82.8205145,80.159782
11119,80,83.272285,80.159782
11120,80,83.272285,79.0001905
11121,80,83.272285,77.840599
11123,80,84.004883,77.840599
11124,80,84.004883,77.840599
11125,80,84.004883,77.840599
11126,80,84.004883,76.436283
11127,80,84.4688645,75.031967
11128,80,84.932846,75.031967
11129,80,84.932846,75.031967
11130,80,84.932846,75.031967
11131,80,85.372406,75.031967
11132,80,85.811966,75.031967
11133,80,85.811966,73.0575485
11134,80,85.811966,71.08313
11135,80,85.811966,71.08313
11136,80,86.2881585,71.08313
11137,80,86.764351,71.08313
11138,80,86.764351,69.2518005
11139,80,86.764351,67.420471
11140,80,87.1428605,67.420471
11141,80,87.52137,67.420471
11142,80,87.52137,67.420471
11143,80,87.52137,67.420471
11144,80,87.52137,65.076372
11145,80,87.8876685,62.732273
11146,80,88.253967,62.732273
11147,80,88.253967,62.732273
11148,80,88.253967,62.732273
11149,80,88.253967,62.732273
11150,80,88.6324805,62.732273
11151,80,89.010994,62.732273
11153,80,89.010994,56.733356
11154,80,89.010994,56.733356
11155,80,89.365082,56.733356
11156,80,89.71917,56.733356
11157,80,89.71917,54.329235
11158,80,89.914532,51.925114
11159,80,90.109894,51.925114
11160,80,90.109894,51.925114
11161,80,90.109894,51.925114
11162,80,90.109894,51.925114
11163,80,90.2808345,49.0113415
11164,80,90.451775,46.097569
11165,80,90.451775,46.097569
11166,80,90.451775,46.097569
11167,80,90.451775,46.097569
11168,80,90.769234,46.097569
11169,80,91.086693,46.097569
11170,80,91.086693,42.50515
11171,80,91.086693,38.912731
11172,80,91.1111145,38.912731
11173,80,91.135536,38.912731
11174,80,91.135536,38.912731
11175,80,91.135536,36.4261685
11176,80,91.1843755,33.939606
11177,80,91.233215,33.939606
11178,80,91.233215,33.939606
11179,80,91.233215,33.939606
11180,80,91.233215,33.939606
11181,80,91.147743,33.939606
11182,80,91.062271,30.7532285
11183,80,91.062271,27.566851
11184,80,91.062271,27.566851
11185,80,91.062271,27.566851
11186,80,90.952381,27.566851
11187,80,90.842491,27.566851
11188,80,90.842491,27.566851
11189,80,90.842491,24.6474155
11190,80,90.598293,21.72798
11191,80,90.354095,21.72798
11192,80,90.354095,21.72798
11193,80,90.354095,21.72798
11194,80,90.354095,19.5457595
11195,80,90.1343115,17.363539
11196,80,89.914528,17.363539
11197,80,89.914528,17.363539
11198,80,89.914528,17.363539
11199,80,89.67033,17.363539
11200,80,89.426132,17.363539
11201,80,89.426132,14.8776865
11202,80,89.426132,12.391834
11203,80,89.426132,12.391834
11204,80,89.096462,12.391834
11205,80,88.766792,12.391834
11206,80,88.766792,10.554651
11207,80,88.766792,8.717468
11208,80,88.766792,8.717468
11209,80,88.3150215,8.717468
11210,80,87.863251,8.717468
11211,80,87.863251,8.717468
11213,80,87.863251,8.717468
11214,80,87.032967,5.098082
11215,80,87.032967,5.098082
11216,80,87.032967,5.098082
11217,80,86.6544575,5.098082
11218,80,86.275948,5.098082
11219,80,86.275948,3.629906
11220,80,86.275948,2.16173
11221,80,86.275948,2.16173
11222,80,85.7509155,2.16173
11223,80,85.225883,2.16173
11224,80,85.225883,2.16173
11225,80,85.225883,1.3415475
11226,80,85.225883,0.521365
11227,80,84.615383,0.521365
11228,80,84.004883,0.521365
11229,80,84.004883,0.521365
11230,80,84.004883,0.521365
11231,80,84.004883,0.2816405
11232,80,83.431015,0.041916
11233,80,82.857147,0.041916
11234,80,82.857147,0.041916
11235,80,82.3809545,0.041916
11236,80,81.904762,0.041916
11237,80,81.904762,0.041916
11238,80,81.904762,0.066554
11239,80,81.904762,0.091192
11240,80,81.26984,0.091192
11241,80,80.634918,0.091192
11243,80,80.634918,0.091192
11244,80,80.634918,0.4059005
11245,80,80.0488395,0.720609
11246,80,79.462761,0.720609
11247,80,79.462761,0.720609
11248,80,79.462761,0.720609
11249,80,79.462761,0.720609
11250,80,78.84005,1.44781
11251,80,78.217339,2.175011
11252,80,78.217339,2.175011
11253,80,78.217339,2.175011
11254,80,77.7899895,2.175011
11255,80,77.36264,2.175011
11256,80,77.36264,2.175011
11257,80,77.36264,3.3734125
11258,80,76.8009795,4.571814
11259,80,76.239319,4.571814
11260,80,76.239319,4.571814
11261,80,76.239319,4.571814
11262,80,76.239319,5.996775
11263,80,75.6288185,7.421736
11264,80,75.018318,7.421736
11265,80,75.018318,7.421736
11266,80,75.018318,7.421736
11267,80,75.018318,7.421736
11268,80,74.4566575,7.421736
11269,80,73.894997,9.341573
11270,80,73.894997,11.26141
11271,80,73.894997,11.26141
11272,80,73.369965,11.26141
11273,80,72.844933,11.26141
11274,80,72.844933,11.26141
11275,80,72.844933,11.26141
11276,80,72.844933,13.8549175
11277,80,72.503052,16.448425
11278,80,72.161171,16.448425
11279,80,72.161171,16.448425
11280,80,72.161171,16.448425
11281,80,72.161171,16.448425
11282,80,71.6605605,16.448425
11283,80,71.15995,18.8296555
11284,80,71.15995,21.210886
11285,80,71.15995,21.210886
11286,80,71.15995,21.210886
11287,80,70.842491,21.210886
11288,80,70.525032,21.210886
11289,80,70.525032,23.9583195
11290,80,70.525032,26.705753
11291,80,70.525032,26.705753
11292,80,70.0610505,26.705753
11293,80,69.597069,26.705753
11294,80,69.597069,26.705753
11295,80,69.4261285,29.900112
11296,80,69.255188,33.094471
11297,80,69.255188,33.094471
11298,80,69.255188,33.094471
11299,80,69.255188,33.094471
11300,80,68.913307,35.969908
11301,80,68.571426,38.845345
11303,80,68.571426,38.845345
11304,80,68.5103795,38.845345
11305,80,68.449333,38.845345
11306,80,68.449333,42.168898
11307,80,68.449333,45.492451
11308,80,68.449333,45.492451
11309,80,68.266182,45.492451
11310,80,68.083031,45.492451
11311,80,68.083031,48.0540275
11312,80,68.083031,50.615604
11313,80,68.2173385,50.615604
11314,80,68.351646,50.615604
11315,80,68.351646,50.615604
11316,80,68.351646,50.615604
11317,80,68.351646,50.615604
11318,80,68.571426,53.453266
11319,80,68.791206,56.290928
11320,80,68.791206,56.290928
11321,80,68.791206,56.290928
11322,80,68.791206,56.290928
11323,80,68.9011,56.290928
11324,80,69.010994,56.290928
11325,80,69.010994,59.348591
11326,80,69.010994,62.406254
11327,80,69.3772925,62.406254
11328,80,69.743591,62.406254
11329,80,69.743591,62.406254
11330,80,69.743591,64.685198
11331,80,69.963371,66.964142
11332,80,70.183151,66.964142
11334,80,70.183151,66.964142
11335,80,70.183151,66.964142
11336,80,70.54945,66.964142
11337,80,70.915749,69.2262305
11338,80,70.915749,71.488319
11339,80,70.915749,71.488319
11340,80,71.31868,71.488319
11341,80,71.721611,71.488319
11342,80,71.721611,71.488319
11343,80,71.721611,73.5242995
11344,80,71.721611,75.56028
11345,80,72.0757025,75.56028
11346,80,72.429794,75.56028
11347,80,72.429794,75.56028
11348,80,72.429794,75.56028
11349,80,72.8449325,76.9931945
11350,80,73.260071,78.426109
11351,80,73.260071,78.426109
11352,80,73.260071,78.426109
11353,80,73.260071,78.426109
11354,80,73.5897445,78.426109
11355,80,73.919418,79.798603
11356,80,73.919418,81.171097
11357,80,73.919418,81.171097
11358,80,73.919418,81.171097
11359,80,74.468868,81.171097
11360,80,75.018318,81.171097
11361,80,75.018318,82.2200775
11362,80,75.018318,83.269058
11364,80,75.018318,83.269058
11365,80,75.750916,83.269058
11366,80,75.750916,83.269058
11367,80,76.1904755,83.915886
11368,80,76.630035,84.562714
11369,80,76.630035,84.562714
11370,80,76.630035,84.562714
11371,80,76.630035,84.562714
11372,80,77.081806,84.562714
11373,80,77.533577,85.0024265
11374,80,77.533577,85.442139
11375,80,77.533577,85.442139
11376,80,77.533577,85.442139
11377,80,77.8998795,85.442139
11378,80,78.266182,85.442139
11379,80,78.266182,85.442139
11380,80,78.266182,85.49202
11381,80,78.266182,85.541901
11382,80,78.84005,85.541901
11383,80,79.413918,85.541901
11384,80,79.413918,85.541901
11385,80,79.413918,85.541901
11386,80,79.7557985,85.348061
11387,80,80.097679,85.154221
11388,80,80.097679,85.154221
11389,80,80.097679,85.154221
11390,80,80.4639815,85.154221
11391,80,80.830284,85.154221
11392,80,80.830284,84.634083
11393,80,80.830284,84.113945
11394,80,80.830284,84.113945
11395,80,81.3064725,84.113945
11396,80,81.782661,84.113945
11397,80,81.782661,84.113945
11398,80,81.782661,84.113945
11399,80,81.782661,83.145809
11400,80,82.210014,82.177673
11401,80,82.637367,82.177673
11402,80,82.637367,82.177673
11403,80,82.979244,82.177673
11404,80,83.321121,82.177673
11405,80,83.321121,81.1064835
11406,80,83.321121,80.035294
11407,80,83.321121,80.035294
11408,80,83.748474,80.035294
11409,80,84.175827,80.035294
11410,80,84.175827,78.7481845
11411,80,84.175827,77.461075
11412,80,84.175827,77.461075
11413,80,84.700855,77.461075
11414,80,85.225883,77.461075
11415,80,85.225883,77.461075
11416,80,85.225883,77.461075
11417,80,85.225883,77.461075
11418,80,85.225883,75.652428
11419,80,85.6043965,73.843781
11420,80,85.98291,73.843781
11421,80,85.98291,73.843781
11422,80,85.98291,73.843781
11423,80,85.98291,72.0362245
11424,80,86.4713095,70.228668
11425,80,86.959709,70.228668
11426,80,86.959709,70.228668
11427,80,87.2405395,70.228668
11428,80,87.52137,70.228668
11429,80,87.52137,70.228668
11430,80,87.52137,67.88924
11431,80,87.52137,65.549812
11432,80,87.85104,65.549812
11433,80,88.18071,65.549812
11434,80,88.18071,65.549812
11435,80,88.18071,65.549812
11436,80,88.5592195,62.930233
11437,80,88.937729,60.310654
11438,80,88.937729,60.310654
11439,80,88.937729,60.310654
11440,80,89.3040315,60.310654
11441,80,89.670334,57.7559475
11442,80,89.670334,55.201241
11443,80,89.670334,55.201241
11444,80,89.865692,55.201241
11445,80,90.06105,55.201241
11446,80,90.06105,55.201241
11447,80,90.06105,52.471449
11448,80,90.06105,49.741657
11449,80,90.183151,49.741657
11450,80,90.305252,49.741657
11451,80,90.305252,49.741657
11452,80,90.305252,47.2386815
11453,80,90.305252,44.735706
11454,80,90.305252,44.735706
11455,80,90.695969,44.735706
11456,80,90.695969,44.735706
11457,80,90.695969,44.735706
11458,80,90.695969,44.735706
11459,80,90.695969,41.872732
11460,80,90.695969,39.009758
11461,80,90.695969,39.009758
11462,80,90.695969,39.009758
11463,80,90.8180695,39.009758
11464,80,90.94017,39.009758
11465,80,90.94017,35.88447
11466,80,90.94017,32.759182
11467,80,90.8669125,32.759182
11468,80,90.793655,32.759182
11469,80,90.793655,32.759182
11470,80,90.793655,32.759182
11471,80,90.793655,30.1830685
11472,80,90.6715545,27.606955
11473,80,90.549454,27.606955
11474,80,90.549454,27.606955
11475,80,90.549454,27.606955
11476,80,90.549454,27.606955
11477,80,90.354092,24.901232
11478,80,90.15873,22.195509
11479,80,90.15873,22.195509
11480,80,90.15873,22.195509
11481,80,90.15873,22.195509
11482,80,90.012211,22.195509
11483,80,89.865692,22.195509
11485,80,89.865692,17.114927
11486,80,89.206352,17.114927
11487,80,89.206352,17.114927
11488,80,89.206352,17.114927
11489,80,89.206352,17.114927
11490,80,88.9011,15.042351
11491,80,88.595848,12.969775
11492,80,88.595848,12.969775
11493,80,88.595848,12.969775
11494,80,88.595848,12.969775
11495,80,88.2173385,12.969775
11496,80,87.838829,11.1534535
11497,80,87.838829,9.337132
11498,80,87.838829,9.337132
11499,80,87.838829,9.337132
11500,80,87.496948,9.337132
11501,80,87.155067,9.337132
11502,80,87.155067,7.6609945
11503,80,87.155067,5.984857
11504,80,86.6788785,5.984857
11505,80,86.20269,5.984857
11506,80,86.20269,5.984857
11507,80,86.20269,5.984857
11508,80,85.6410295,4.9692525
11509,80,85.079369,3.953648
11510,80,85.079369,3.953648
11511,80,85.079369,3.953648
11512,80,85.079369,3.953648
11513,80,84.4810755,3.953648
11514,80,83.882782,3.2725395
11515,80,83.882782,2.591431
11516,80,83.882782,2.591431
11517,80,83.882782,2.591431
11518,80,83.235653,2.591431
11519,80,82.588524,2.591431
11520,80,82.588524,2.591431
11521,80,82.588524,2.27369
11522,80,82.136753,1.955949
11523,80,81.684982,1.955949
11524,80,81.684982,1.955949
11525,80,81.684982,1.955949
11526,80,81.684982,1.955949
11527,80,81.0866925,2.1346045
11528,80,80.488403,2.31326
11529,80,80.488403,2.31326
11530,80,80.488403,2.31326
11531,80,80.488403,2.31326
11532,80,79.865692,2.31326
11533,80,79.242981,2.8944715
11534,80,79.242981,3.475683
11535,80,79.242981,3.475683
11536,80,78.6324805,3.475683
11537,80,78.02198,3.475683
11538,80,78.02198,3.475683
11539,80,78.02198,4.4007925
11540,80,77.5335805,5.325902
11541,80,77.045181,5.325902
11542,80,77.045181,5.325902
11543,80,77.045181,5.325902
11545,80,77.045181,5.325902
11546,80,75.873016,8.014428
11547,80,75.873016,8.014428
11548,80,75.873016,8.014428
11549,80,75.873016,8.014428
11550,80,75.2747265,8.014428
11551,80,74.676437,8.014428
11552,80,74.676437,10.0525835
11553,80,74.676437,12.090739
11554,80,74.065937,12.090739
11555,80,73.455437,12.090739
11556,80,73.455437,12.090739
11557,80,73.455437,12.090739
11558,80,72.991455,14.2330145
11559,80,72.527473,16.37529
11560,80,72.527473,16.37529
11561,80,72.527473,16.37529
11562,80,72.026863,16.37529
11563,80,71.526253,16.37529
11564,80,71.526253,18.985997
11565,80,71.526253,21.596704
11566,80,71.526253,21.596704
11567,80,70.891331,21.596704
11568,80,70.256409,21.596704
11569,80,70.256409,21.596704
11570,80,70.256409,21.596704
11571,80,70.256409,24.8478295
11572,80,69.706959,28.098955
11573,80,69.157509,28.098955
11575,80,69.157509,28.098955
11576,80,68.6568985,28.098955
11577,80,68.156288,31.3022965
11578,80,68.156288,34.505638
11579,80,68.156288,34.505638
11580,80,68.156288,34.505638
11581,80,67.606838,34.505638
11582,80,67.057388,34.505638
11583,80,67.057388,38.3685475
11584,80,67.057388,42.231457
11585,80,67.057388,42.231457
11586,80,66.3736265,42.231457
11587,80,65.689865,42.231457
11588,80,65.689865,42.231457
11589,80,65.689865,46.778866
11590,80,65.689865,51.326275
11591,80,65.2014655,51.326275
11592,80,64.713066,51.326275
11593,80,64.713066,51.326275
11594,80,64.163616,51.326275
11595,80,63.614166,55.6300585
11596,80,63.614166,59.933842
11597,80,63.614166,59.933842
11598,80,63.614166,59.933842
11599,80,63.089134,59.933842
11600,80,62.564102,59.933842
11601,80,62.564102,65.0359825
11602,80,62.564102,70.138123
11603,80,62.564102,70.138123
11605,80,61.294262,70.138123
11606,80,61.294262,70.138123
11607,80,61.294262,70.138123
11608,80,61.294262,76.016514
11609,80,60.7081815,81.894905
11610,80,60.122101,81.894905
11611,80,60.122101,81.894905
11612,80,60.122101,81.894905
11613,80,59.67033,81.894905
11614,80,59.218559,87.488346
11615,80,59.218559,93.081787
11616,80,59.218559,93.081787
11617,80,58.59585,93.081787
11618,80,57.973141,93.081787
11619,80,57.973141,93.081787
11620,80,57.973141,96.5408935
11621,80,57.973141,100
11622,80,57.4725285,100
11623,80,56.971916,100
11624,80,56.971916,100
11625,80,56.971916,100
11626,80,56.971916,100
11627,80,56.2759455,100
11628,80,55.579975,100
11629,80,55.579975,100
11630,80,55.1892545,100
11631,80,54.798534,100
11632,80,54.798534,100
11633,80,54.798534,100
11635,80,54.798534,100
11636,80,54.261295,100
11637,80,54.261295,100
11638,80,54.261295,100
11639,80,54.261295,100
11640,80,54.261295,100
11641,80,54.261295,100
11642,80,54.261295,100
11643,80,54.261295,100
11644,80,54.261295,100
11645,80,54.590965,100
11646,80,54.920635,100
11647,80,54.920635,100
11648,80,54.920635,100
11649,80,54.920635,100
11650,80,55.030525,100
11651,80,55.140415,100
11652,80,55.140415,100
11653,80,55.5433465,100
11654,80,55.946278,100
11655,80,55.946278,100
11656,80,55.946278,100
11657,80,55.946278,100
11658,80,56.2026885,100
11659,80,56.459099,100
11660,80,56.459099,100
11661,80,56.459099,100
11662,80,56.459099,100
11663,80,57.0329685,100
11664,80,57.606838,100
11666,80,57.606838,100
11667,80,57.606838,100
11668,80,57.9975585,100
11669,80,58.388279,100
11670,80,58.388279,100
11671,80,58.81563,100
11672,80,59.242981,100
11673,80,59.242981,100
11674,80,59.242981,100
11675,80,59.242981,100
11676,80,59.6337015,100
11677,80,60.024422,100
11678,80,60.024422,100
11679,80,60.024422,100
11680,80,60.024422,100
11681,80,60.354092,100
11682,80,60.683762,100
11683,80,60.683762,100
11684,80,60.683762,100
11685,80,60.683762,100
11686,80,61.2576315,100
11687,80,61.831501,100
11688,80,61.831501,100
11689,80,62.039072,100
11690,80,62.246643,100
11691,80,62.246643,100
11692,80,62.246643,100
11693,80,62.246643,100
11694,80,62.7472535,100
11695,80,63.247864,100
11696,80,63.247864,100
11697,80,63.247864,100
11698,80,63.247864,100
11699,80,63.675213,100
11700,80,64.102562,100
11701,80,64.102562,100
11702,80,64.102562,100
11703,80,64.102562,100
11704,80,64.5421255,100
11705,80,64.981689,100
11706,80,64.981689,100
11707,80,64.981689,100
11708,80,65.347988,100
11709,80,65.714287,100
11710,80,65.714287,100
11711,80,65.714287,100
11712,80,65.714287,100
11713,80,66.0927965,100
11714,80,66.471306,100
11715,80,66.471306,100
11716,80,66.471306,100
11717,80,66.471306,100
11718,80,67.0573885,100
11719,80,67.643471,100
11720,80,67.643471,100
11721,80,67.643471,100
11722,80,67.643471,100
11723,80,67.973141,100
11724,80,68.302811,100
11725,80,68.302811,100
11727,80,68.302811,100
11728,80,68.803421,100
11729,80,69.304031,100
11730,80,69.304031,100
11731,80,69.304031,100
11732,80,69.5970725,100
11733,80,69.890114,100
11734,80,69.890114,100
11735,80,69.890114,100
11736,80,70.4029315,100
11737,80,70.915749,100
11738,80,70.915749,100
11739,80,70.915749,100
11740,80,71.20879,100
11741,80,71.501831,100
11742,80,71.501831,100
11743,80,71.501831,100
11744,80,71.501831,100
11745,80,72.039074,100
11746,80,72.576317,100
11747,80,72.576317,100
11748,80,72.576317,100
11749,80,72.9304045,100
11750,80,73.284492,100
11751,80,73.284492,100
11752,80,73.284492,100
11753,80,73.284492,100
11754,80,73.601955,100
11755,80,73.919418,100
11756,80,73.919418,100
11757,80,73.919418,100
11758,80,73.919418,100
11759,80,74.358978,100
11760,80,74.798538,100
11761,80,74.798538,100
11762,80,74.798538,100
11763,80,74.798538,100
11764,80,75.152626,100
11765,80,75.506714,100
11766,80,75.506714,100
11767,80,75.506714,100
11768,80,75.506714,100
11769,80,75.9706955,100
11770,80,76.434677,100
11771,80,76.434677,100
11772,80,76.7277185,100
11773,80,77.02076,100
11774,80,77.02076,99.982296
11775,80,77.02076,99.964592
11776,80,77.02076,99.964592
11777,80,77.4969485,99.964592
11778,80,77.973137,99.964592
11779,80,77.973137,99.964592
11780,80,77.973137,99.978073
11781,80,77.973137,99.991554
11782,80,78.4249075,99.991554
11783,80,78.876678,99.991554
11784,80,78.876678,99.991554
11786,80,78.876678,99.991554
11787,80,79.2796095,99.679977
11788,80,79.682541,99.679977
11789,80,79.682541,99.679977
11790,80,80,99.679977
11791,80,80.317459,99.679977
11792,80,80.317459,99.38805
11793,80,80.317459,99.096123
11794,80,80.317459,99.096123
11795,80,80.842491,99.096123
11796,80,81.367523,99.096123
11797,80,81.367523,99.096123
11798,80,81.367523,98.38665
11799,80,81.367523,97.677177
11800,80,81.684982,97.677177
11801,80,82.002441,97.677177
11802,80,82.002441,97.677177
11803,80,82.002441,97.677177
11804,80,82.002441,97.677177
11805,80,82.4786335,96.725334
11806,80,82.954826,95.773491
11807,80,82.954826,95.773491
11808,80,82.954826,95.773491
11809,80,83.2600745,95.773491
11810,80,83.565323,94.6553195
11811,80,83.565323,93.537148
11812,80,83.565323,93.537148
11813,80,83.992676,93.537148
11814,80,84.420029,93.537148
11816,80,84.420029,93.537148
11817,80,84.420029,90.558578
11818,80,84.859589,90.558578
11819,80,85.299149,90.558578
11820,80,85.299149,90.558578
11821,80,85.299149,90.558578
11822,80,85.299149,90.558578
11823,80,85.726498,88.738773
11824,80,86.153847,86.918968
11825,80,86.153847,86.918968
11826,80,86.153847,86.918968
11827,80,86.4957275,86.918968
11828,80,86.837608,84.9940795
11829,80,86.837608,83.069191
11830,80,86.837608,83.069191
11831,80,86.837608,83.069191
11832,80,87.2405395,83.069191
11833,80,87.643471,83.069191
11834,80,87.643471,80.8272935
11835,80,87.643471,78.585396
11836,80,87.643471,78.585396
11837,80,87.9975585,78.585396
11838,80,88.351646,78.585396
11839,80,88.351646,78.585396
11840,80,88.351646,78.585396
11841,80,88.778999,75.772545
11842,80,89.206352,72.959694
11843,80,89.206352,72.959694
11844,80,89.206352,72.959694
11845,80,89.536022,72.959694
11846,80,89.865692,72.959694
11847,80,89.865692,72.959694
11848,80,89.865692,67.69635
11849,80,89.865692,67.69635
11850,80,90.2686235,67.69635
11851,80,90.671555,67.69635
11852,80,90.671555,67.69635
11853,80,90.671555,64.5908355
11854,80,90.671555,61.485321
11855,80,91.0012245,61.485321
11856,80,91.330894,61.485321
11857,80,91.330894,61.485321
11858,80,91.330894,61.485321
11859,80,91.6361425,61.485321
11860,80,91.941391,57.596304
11861,80,91.941391,53.707287
11862,80,91.941391,53.707287
11863,80,91.941391,53.707287
11864,80,92.1978035,53.707287
11865,80,92.454216,53.707287
11866,80,92.454216,50.713829
11867,80,92.454216,47.720371
11868,80,92.6251565,47.720371
11869,80,92.796097,47.720371
11870,80,92.796097,47.720371
11871,80,92.796097,47.720371
11872,80,92.796097,44.1357725
11873,80,92.710625,40.551174
11874,80,92.625153,40.551174
11875,80,92.625153,40.551174
11877,80,92.625153,40.551174
11878,80,92.478634,37.525194
11879,80,92.332115,34.499214
11880,80,92.332115,34.499214
11881,80,92.332115,34.499214
11882,80,92.332115,34.499214
11883,80,92.002445,34.499214
11884,80,91.672775,31.6137
11885,80,91.672775,28.728186
11886,80,91.672775,28.728186
11887,80,91.367523,28.728186
11888,80,91.062271,28.728186
11889,80,91.062271,28.728186
11890,80,91.062271,28.728186
11891,80,91.062271,28.728186
11892,80,90.525032,25.8554945
11893,80,89.987793,22.982803
11894,80,89.987793,22.982803
11895,80,89.987793,22.982803
11896,80,89.987793,22.982803
11897,80,89.45055,22.982803
11898,80,88.913307,21.0794475
11899,80,88.913307,19.176092
11900,80,88.913307,19.176092
11901,80,88.913307,19.176092
11902,80,88.266178,19.176092
11903,80,87.619049,19.176092
11904,80,87.619049,17.559173
11905,80,87.094017,15.942254
11906,80,86.568985,15.942254
11907,80,86.568985,15.942254
11908,80,86.568985,15.942254
11909,80,86.568985,15.942254
11910,80,85.897434,14.7354145
11911,80,85.225883,13.528575
11912,80,85.225883,13.528575
11913,80,85.225883,13.528575
11914,80,84.615383,13.528575
11915,80,84.004883,12.838945
11916,80,84.004883,12.149315
11917,80,84.004883,12.149315
11918,80,84.004883,12.149315
11919,80,83.431015,12.149315
11920,80,82.857147,12.149315
11921,80,82.857147,11.841307
11922,80,82.857147,11.533299
11923,80,82.2954865,11.533299
11924,80,81.733826,11.533299
11925,80,81.733826,11.533299
11926,80,81.733826,11.533299
11927,80,81.733826,11.6291085
11928,80,81.1111145,11.724918
11929,80,80.488403,11.724918
11930,80,80.488403,11.724918
11931,80,80.488403,11.724918
11932,80,80.488403,11.724918
11933,80,79.8412705,12.2239895
11934,80,79.194138,12.723061
11935,80,79.194138,12.723061
11937,80,79.194138,12.723061
11938,80,78.498169,12.723061
11939,80,77.8022,12.723061
11940,80,77.8022,13.797297
11941,80,77.30159,14.871533
11942,80,76.80098,14.871533
11943,80,76.80098,14.871533
11944,80,76.80098,14.871533
11945,80,76.80098,14.871533
11946,80,76.227108,16.2009585
11947,80,75.653236,17.530384
11948,80,75.653236,17.530384
11949,80,75.653236,17.530384
11950,80,75.653236,17.530384
11951,80,74.9938965,17.530384
11952,80,74.334557,19.3986685
11953,80,74.334557,21.266953
11954,80,74.334557,21.266953
11955,80,74.334557,21.266953
11956,80,73.7118455,21.266953
11957,80,73.089134,21.266953
11958,80,73.089134,21.266953
11959,80,73.089134,23.712022
11960,80,72.4908445,26.157091
11961,80,71.892555,26.157091
11962,80,71.892555,26.157091
11963,80,71.892555,26.157091
11964,80,71.391945,28.5951985
11965,80,70.891335,31.033306
11967,80,70.891335,31.033306
11968,80,70.891335,31.033306
11969,80,70.1953625,31.033306
11970,80,69.49939,34.2088185
11971,80,69.49939,37.384331
11972,80,69.49939,37.384331
11973,80,69.49939,37.384331
11974,80,68.852261,37.384331
11975,80,68.205132,37.384331
11976,80,68.205132,37.384331
11977,80,68.205132,41.0882095
11978,80,67.667889,44.792088
11979,80,67.130646,44.792088
11980,80,67.130646,44.792088
11981,80,67.130646,44.792088
11982,80,66.4957275,48.631094
11983,80,65.860809,52.4701
11984,80,65.860809,52.4701
11985,80,65.860809,52.4701
11986,80,65.860809,52.4701
11987,80,65.2747265,52.4701
11988,80,64.688644,56.7022205
11989,80,64.688644,60.934341
11990,80,64.688644,60.934341
11991,80,64.688644,60.934341
11992,80,63.9926735,60.934341
11993,80,63.296703,60.934341
11994,80,63.296703,60.934341
11995,80,63.296703,66.2099685
11996,80,62.796093,71.485596
11997,80,62.295483,71.485596
11998,80,62.295483,71.485596
11999,80,62.295483,71.485596
12000,80,61.7094025,71.485596
12001,80,61.123322,76.3789255
12002,80,61.123322,81.272255
12003,80,61.123322,81.272255
12004,80,61.123322,81.272255
12005,80,60.5128215,81.272255
12006,80,59.902321,81.272255
12007,80,59.902321,86.99728
12008,80,59.902321,92.722305
12009,80,59.902321,92.722305
12010,80,59.1086695,92.722305
12011,80,58.315018,92.722305
12012,80,58.315018,92.722305
12013,80,58.315018,92.722305
12014,80,58.315018,96.3611525
12015,80,57.777779,100
12016,80,57.24054,100
12017,80,57.24054,100
12018,80,57.24054,100
12019,80,56.7155075,100
12020,80,56.190475,100
12021,80,56.190475,100
12022,80,56.190475,100
12023,80,56.190475,100
12024,80,55.555555,100
12025,80,54.920635,100
12026,80,54.920635,100
12028,80,54.920635,100
12029,80,54.2490845,100
12030,80,53.577534,100
12031,80,53.577534,100
12032,80,53.577534,100
12033,80,53.577534,100
12034,80,53.003664,100
12035,80,52.429794,100
12036,80,52.429794,100
12037,80,52.429794,100
12038,80,52.002443,100
12039,80,51.575092,100
12040,80,51.575092,100
12041,80,51.575092,100
12042,80,51.2332115,100
12043,80,50.891331,100
12044,80,50.891331,100
12045,80,50.891331,100
12046,80,50.891331,100
12047,80,50.8424915,100
12048,80,50.793652,100
12049,80,50.793652,100
12050,80,50.793652,100
12051,80,50.989012,100
12052,80,51.184372,100
12053,80,51.184372,100
12054,80,51.184372,100
12055,80,51.3553125,100
12056,80,51.526253,100
12057,80,51.526253,100
12058,80,51.526253,100
12059,80,51.526253,100
12060,80,51.941393,100
12061,80,52.356533,100
12062,80,52.356533,100
12063,80,52.356533,100
12064,80,52.356533,100
12065,80,52.7350425,100
12066,80,53.113552,100
12067,80,53.113552,100
12068,80,53.113552,100
12069,80,53.113552,100
12070,80,53.5164835,100
12071,80,53.919415,100
12072,80,53.919415,100
12073,80,53.919415,100
12074,80,54.2612955,100
12075,80,54.603176,100
12076,80,54.603176,100
12077,80,54.603176,100
12078,80,55.067156,100
12079,80,55.531136,100
12080,80,55.531136,100
12081,80,55.531136,100
12082,80,55.531136,100
12083,80,55.8852275,100
12084,80,56.239319,100
12085,80,56.239319,100
12086,80,56.239319,100
12088,80,56.239319,100
12089,80,57.142857,100
12090,80,57.142857,100
12091,80,57.142857,100
12092,80,57.557999,100
12093,80,57.973141,100
12094,80,57.973141,100
12095,80,57.973141,100
12096,80,58.363861,100
12097,80,58.754581,100
12098,80,58.754581,100
12099,80,58.754581,100
12100,80,58.754581,100
12101,80,59.218561,100
12102,80,59.682541,100
12103,80,59.682541,100
12104,80,59.682541,100
12105,80,59.682541,100
12106,80,60.1465205,100
12107,80,60.6105,100
12108,80,60.6105,100
12109,80,60.6105,100
12110,80,61.0012205,100
12111,80,61.391941,100
12112,80,61.391941,100
12113,80,61.391941,100
12114,80,61.807081,100
12115,80,62.222221,100
12116,80,62.222221,100
12118,80,62.222221,100
12119,80,62.661783,100
12120,80,63.101345,100
12121,80,63.101345,100
12122,80,63.101345,100
12123,80,63.101345,100
12124,80,63.443226,100
12125,80,63.785107,100
12126,80,63.785107,100
12127,80,63.785107,100
12128,80,63.785107,100
12129,80,64.3956055,100
12130,80,65.006104,100
12131,80,65.006104,100
12132,80,65.006104,100
12133,80,65.274727,100
12134,80,65.54335,100
12135,80,65.54335,100
12136,80,65.54335,100
12137,80,65.9218595,100
12138,80,66.300369,100
12139,80,66.300369,100
12140,80,66.300369,100
12141,80,66.300369,100
12142,80,66.8009795,100
12143,80,67.30159,100
12144,80,67.30159,100
12145,80,67.30159,100
12146,80,67.30159,100
12148,80,68.156288,100
12149,80,68.156288,100
12150,80,68.156288,100
12151,80,68.485958,100
12152,80,68.815628,100
12153,80,68.815628,100
12154,80,68.815628,100
12155,80,69.23077,100
12156,80,69.645912,100
12157,80,69.645912,100
12158,80,69.645912,100
12159,80,69.645912,100
12160,80,70.183151,100
12161,80,70.72039,100
12162,80,70.72039,100
12163,80,70.72039,100
12164,80,70.72039,100
12165,80,70.9890095,100
12166,80,71.257629,100
12167,80,71.257629,100
12168,80,71.257629,100
12169,80,71.7704505,100
12170,80,72.283272,100
12171,80,72.283272,100
12172,80,72.283272,100
12173,80,72.283272,100
12174,80,72.576313,100
12175,80,72.869354,100
12176,80,72.869354,100
12177,80,72.869354,100
12179,80,72.869354,100
12180,80,73.846153,100
12181,80,73.846153,99.9947775
12182,80,73.846153,99.989555
12183,80,73.846153,99.989555
12184,80,74.2368735,99.989555
12185,80,74.627594,99.989555
12186,80,74.627594,99.989555
12187,80,75.030525,99.9947775
12188,80,75.433456,100
12189,80,75.433456,100
12190,80,75.433456,100
12191,80,75.8119655,100
12192,80,76.190475,100
12193,80,76.190475,100
12194,80,76.190475,100
12195,80,76.190475,100
12196,80,76.642246,100
12197,80,77.094017,100
12198,80,77.094017,100
12199,80,77.094017,100
12200,80,77.094017,100
12201,80,77.619049,100
12202,80,78.144081,100
12203,80,78.144081,100
12204,80,78.144081,99.9960595
12205,80,78.46154,99.992119
12206,80,78.778999,99.992119
12207,80,78.778999,99.992119
12208,80,78.778999,99.992119
12209,80,78.778999,99.992119
12210,80,79.1453015,99.992119
12211,80,79.511604,99.4960595
12212,80,79.511604,99
12213,80,79.511604,99
12214,80,79.511604,99
12215,80,79.951164,99
12216,80,80.390724,99
12217,80,80.390724,98.5
12218,80,80.390724,98
12219,80,80.390724,98
12220,80,80.842495,98
12221,80,81.294266,98
12222,80,81.294266,98
12223,80,81.5873035,97.8693235
12224,80,81.880341,97.738647
12225,80,81.880341,97.738647
12226,80,81.880341,97.738647
12227,80,81.880341,97.738647
12228,80,82.3565335,97.738647
12229,80,82.832726,96.6875265
12230,80,82.832726,95.636406
12231,80,82.832726,95.636406
12232,80,82.832726,95.636406
12233,80,83.223446,95.636406
12234,80,83.614166,95.636406
12235,80,83.614166,95.636406
12236,80,83.614166,94.3360215
12237,80,83.614166,93.035637
12239,80,84.420029,93.035637
12240,80,84.420029,93.035637
12241,80,84.420029,93.035637
12242,80,84.822956,91.5095255
12243,80,85.225883,89.983414
12244,80,85.225883,89.983414
12245,80,85.225883,89.983414
12246,80,85.567764,89.983414
12247,80,85.909645,89.983414
12248,80,85.909645,88.1847385
12249,80,85.909645,86.386063
12250,80,85.909645,86.386063
12251,80,86.3858375,86.386063
12252,80,86.86203,86.386063
12253,80,86.86203,86.386063
12254,80,86.86203,86.386063
12255,80,86.86203,84.1168865
12256,80,87.2405395,81.84771
12257,80,87.619049,81.84771
12258,80,87.619049,81.84771
12259,80,87.619049,81.84771
12260,80,87.9731405,79.506237
12261,80,88.327232,77.164764
12262,80,88.327232,77.164764
12263,80,88.327232,77.164764
12264,80,88.656902,77.164764
12265,80,88.986572,77.164764
12266,80,88.986572,77.164764
12267,80,88.986572,74.5423275
12268,80,88.986572,71.919891
12269,80,88.986572,71.919891
12270,80,89.93895,71.919891
12271,80,89.93895,71.919891
12272,80,89.93895,71.919891
12273,80,89.93895,71.919891
12274,80,90.244202,68.464363
12275,80,90.549454,65.008835
12276,80,90.549454,65.008835
12277,80,90.549454,65.008835
12278,80,90.8913345,65.008835
12279,80,91.233215,65.008835
12280,80,91.233215,61.9338435
12281,80,91.233215,58.858852
12282,80,91.233215,58.858852
12283,80,91.587303,58.858852
12284,80,91.941391,58.858852
12285,80,91.941391,55.756479
12286,80,91.941391,52.654106
12287,80,92.2222215,52.654106
12288,80,92.503052,52.654106
12289,80,92.503052,52.654106
12290,80,92.503052,52.654106
12291,80,92.503052,52.654106
12292,80,92.7472535,48.822212
12293,80,92.991455,44.990318
12294,80,92.991455,44.990318
12295,80,92.991455,44.990318
12296,80,92.991455,44.990318
12297,80,92.991455,44.990318
12299,80,93.113556,38.686405
12300,80,93.113556,38.686405
12301,80,93.113556,38.686405
12302,80,93.199024,38.686405
12303,80,93.284492,38.686405
12304,80,93.284492,38.686405
12305,80,93.284492,35.094677
12306,80,93.2356525,31.502949
12307,80,93.186813,31.502949
12308,80,93.186813,31.502949
12309,80,93.186813,31.502949
12310,80,93.186813,31.502949
12311,80,93.1501845,27.918871
12312,80,93.113556,24.334793
12313,80,93.113556,24.334793
12314,80,93.113556,24.334793
12315,80,92.8571435,24.334793
12316,80,92.600731,21.434517
12317,80,92.600731,18.534241
12318,80,92.600731,18.534241
12319,80,92.3443225,18.534241
12320,80,92.087914,18.534241
12321,80,92.087914,18.534241
12322,80,92.087914,15.5449015
12323,80,91.7826615,12.555562
12324,80,91.477409,12.555562
12325,80,91.477409,12.555562
12326,80,91.477409,12.555562
12327,80,91.477409,12.555562
12329,80,90.647133,7.087345
12330,80,90.647133,7.087345
12331,80,90.647133,7.087345
12332,80,90.647133,7.087345
12333,80,90.2686235,7.087345
12334,80,89.890114,4.8195105
12335,80,89.890114,2.551676
12336,80,89.890114,2.551676
12337,80,89.340664,2.551676
12338,80,88.791214,2.551676
12339,80,88.791214,2.551676
12340,80,88.791214,1.275838
12341,80,88.791214,0
12342,80,88.3028105,0
12343,80,87.814407,0
12344,80,87.814407,0
12345,80,87.814407,0
12346,80,87.814407,0
12347,80,87.203907,0
12348,80,86.593407,0
12349,80,86.593407,0
12350,80,86.593407,0
12351,80,86.593407,0
12352,80,86.031746,0
12353,80,85.470085,0
12354,80,85.470085,0
12355,80,85.470085,0
12356,80,85.470085,0
12357,80,84.8840065,0
12358,80,84.297928,0
12359,80,84.297928,0
12360,80,83.870575,0
12361,80,83.443222,0
12362,80,83.443222,0
12363,80,83.443222,0
12364,80,83.443222,0
12365,80,82.8571435,0
12366,80,82.271065,0.034573
12367,80,82.271065,0.069146
12368,80,82.271065,0.069146
12369,80,82.271065,0.069146
12370,80,81.6727755,0.069146
12371,80,81.074486,0.174388
12372,80,81.074486,0.27963
12373,80,81.074486,0.27963
12374,80,80.512825,0.27963
12375,80,79.951164,0.27963
12376,80,79.951164,0.27963
12377,80,79.951164,0.6621385
12378,80,79.438343,1.044647
12379,80,78.925522,1.044647
12380,80,78.925522,1.044647
12381,80,78.925522,1.044647
12382,80,78.925522,1.044647
12383,80,78.4371225,1.044647
12384,80,77.948723,1.9580435
12385,80,77.948723,2.87144
12386,80,77.948723,2.87144
12387,80,77.948723,2.87144
12388,80,77.313801,2.87144
12389,80,76.678879,3.9680455
12390,80,76.678879,5.064651
12391,80,76.678879,5.064651
12392,80,76.678879,5.064651
12393,80,76.1050075,5.064651
12394,80,75.531136,5.064651
12395,80,75.531136,5.064651
12396,80,75.531136,6.650329
12397,80,75.164837,8.236007
12398,80,74.798538,8.236007
12399,80,74.798538,8.236007
12400,80,74.798538,8.236007
12401,80,74.163616,8.236007
12402,80,73.528694,10.288131
12403,80,73.528694,12.340255
12404,80,73.528694,12.340255
12405,80,73.528694,12.340255
12406,80,73.0402945,12.340255
12407,80,72.551895,12.340255
12408,80,72.551895,14.4035125
12409,80,72.551895,16.46677
12410,80,72.551895,16.46677
12411,80,72.0879135,16.46677
12412,80,71.623932,16.46677
12413,80,71.623932,16.46677
12414,80,71.623932,19.024085
12415,80,71.306473,21.5814
12416,80,70.989014,21.5814
12417,80,70.989014,21.5814
12418,80,70.989014,21.5814
12420,80,70.085472,21.5814
12421,80,70.085472,27.363871
12422,80,70.085472,27.363871
12423,80,70.085472,27.363871
12424,80,69.865692,27.363871
12425,80,69.645912,27.363871
12426,80,69.645912,30.1952185
12427,80,69.645912,33.026566
12428,80,69.645912,33.026566
12429,80,69.23077,33.026566
12430,80,68.815628,33.026566
12431,80,68.815628,33.026566
12432,80,68.815628,36.1042215
12433,80,68.7667885,39.181877
12434,80,68.717949,39.181877
12435,80,68.717949,39.181877
12436,80,68.717949,39.181877
12437,80,68.4493295,39.181877
12438,80,68.18071,39.181877
12439,80,68.18071,42.6017415
12440,80,68.18071,46.021606
12441,80,68.18071,46.021606
12442,80,68.278389,46.021606
12443,80,68.376068,46.021606
12444,80,68.376068,48.803642
12445,80,68.376068,51.585678
12446,80,68.376068,51.585678
12447,80,68.376068,51.585678
12448,80,68.376068,51.585678
12450,80,68.376068,51.585678
12451,80,68.595848,57.370647
12452,80,68.815628,57.370647
12453,80,68.815628,57.370647
12454,80,68.815628,57.370647
12455,80,69.0598295,57.370647
12456,80,69.304031,57.370647
12457,80,69.304031,57.370647
12458,80,69.304031,60.4926315
12459,80,69.304031,63.614616
12460,80,69.5726505,63.614616
12461,80,69.84127,63.614616
12462,80,69.84127,63.614616
12463,80,69.84127,65.6969795
12464,80,69.84127,67.779343
12465,80,70.28083,67.779343
12466,80,70.72039,67.779343
12467,80,70.72039,67.779343
12468,80,70.72039,67.779343
12469,80,70.952381,70.089924
12470,80,71.184372,72.400505
12471,80,71.184372,72.400505
12472,80,71.184372,72.400505
12473,80,71.5384635,72.400505
12474,80,71.892555,72.400505
12475,80,71.892555,74.1089975
12476,80,71.892555,75.81749
12477,80,71.892555,75.81749
12478,80,72.246643,75.81749
12479,80,72.600731,75.81749
12480,80,72.600731,75.81749
12481,80,72.600731,77.50692
12482,80,72.600731,79.19635
12483,80,73.0769235,79.19635
12484,80,73.553116,79.19635
12485,80,73.553116,79.19635
12486,80,73.553116,79.19635
12487,80,73.858364,79.19635
12488,80,74.163612,80.6650085
12489,80,74.163612,82.133667
12490,80,74.163612,82.133667
12491,80,74.5543325,82.133667
12492,80,74.945053,82.133667
12493,80,74.945053,82.133667
12494,80,74.945053,83.028
12495,80,74.945053,83.922333
12496,80,75.470085,83.922333
12497,80,75.995117,83.922333
12498,80,75.995117,83.922333
12499,80,75.995117,83.922333
12500,80,75.995117,84.5990105
12501,80,76.410259,85.275688
12502,80,76.825401,85.275688
12503,80,76.825401,85.275688
12504,80,76.825401,85.275688
12505,80,77.155071,85.275688
12506,80,77.484741,85.275688
12507,80,77.484741,85.690563
12508,80,77.484741,86.105438
12510,80,77.484741,86.105438
12511,80,78.339439,86.105438
12512,80,78.339439,86.105438
12513,80,78.339439,86.138897
12514,80,78.8278385,86.172356
12515,80,79.316238,86.172356
12516,80,79.316238,86.172356
12517,80,79.316238,86.172356
12518,80,79.316238,86.172356
12519,80,79.755798,85.9583285
12520,80,80.195358,85.744301
12521,80,80.195358,85.744301
12522,80,80.195358,85.744301
12523,80,80.50061,85.744301
12524,80,80.805862,85.744301
12525,80,80.805862,85.744301
12526,80,80.805862,85.225399
12527,80,80.805862,84.706497
12528,80,81.257633,84.706497
12529,80,81.709404,84.706497
12530,80,81.709404,84.706497
12531,80,81.709404,83.9394185
12532,80,82.161175,83.17234
12533,80,82.612946,83.17234
12534,80,82.612946,83.17234
12535,80,82.612946,83.17234
12536,80,82.612946,83.17234
12537,80,82.9548265,83.17234
12538,80,83.296707,82.0164105
12539,80,83.296707,80.860481
12540,80,83.296707,80.860481
12541,80,83.724056,80.860481
12542,80,84.151405,80.860481
12543,80,84.151405,80.860481
12544,80,84.151405,79.3546105
12545,80,84.151405,77.84874
12546,80,84.603176,77.84874
12547,80,85.054947,77.84874
12548,80,85.054947,77.84874
12549,80,85.054947,77.84874
12550,80,85.054947,76.1763955
12551,80,85.470089,74.504051
12552,80,85.885231,74.504051
12553,80,85.885231,74.504051
12554,80,85.885231,74.504051
12555,80,85.885231,74.504051
12556,80,86.239319,72.5754205
12557,80,86.593407,70.64679
12558,80,86.593407,70.64679
12559,80,86.996338,70.64679
12560,80,87.399269,70.64679
12561,80,87.399269,70.64679
12562,80,87.399269,70.64679
12563,80,87.399269,68.2433435
12564,80,87.6800995,65.839897
12565,80,87.96093,65.839897
12566,80,87.96093,65.839897
12567,80,87.96093,65.839897
12568,80,87.96093,65.839897
12570,80,88.815628,60.897457
12571,80,88.815628,60.897457
12572,80,88.815628,60.897457
12573,80,89.0964585,60.897457
12574,80,89.377289,60.897457
12575,80,89.377289,58.247816
12576,80,89.377289,55.598175
12577,80,89.6459085,55.598175
12578,80,89.914528,55.598175
12579,80,89.914528,55.598175
12580,80,89.914528,55.598175
12581,80,89.914528,55.598175
12582,80,90.122101,52.3008385
12583,80,90.329674,49.003502
12584,80,90.329674,49.003502
12585,80,90.329674,49.003502
12586,80,90.329674,49.003502
12587,80,90.537243,49.003502
12588,80,90.744812,46.25819
12589,80,90.744812,43.512878
12590,80,90.744812,43.512878
12591,80,90.8913305,43.512878
12592,80,91.037849,43.512878
12593,80,91.037849,43.512878
12594,80,91.037849,40.708868
12595,80,91.1111105,37.904858
12596,80,91.184372,37.904858
12597,80,91.184372,37.904858
12598,80,91.184372,37.904858
12600,80,91.184372,37.904858
12601,80,90.989014,31.557526
12602,80,90.989014,31.557526
12603,80,90.989014,31.557526
12604,80,90.989014,31.557526
12605,80,90.9279635,31.557526
12606,80,90.866913,29.0158685
12607,80,90.866913,26.474211
12608,80,90.866913,26.474211
12609,80,90.866913,26.474211
12610,80,90.7081835,26.474211
12611,80,90.549454,26.474211
12612,80,90.549454,23.8207495
12613,80,90.549454,21.167288
12614,80,90.439564,21.167288
12615,80,90.329674,21.167288
12616,80,90.329674,21.167288
12617,80,90.329674,21.167288
12618,80,90.024422,21.167288
12619,80,89.71917,18.5344375
12620,80,89.71917,15.901587
12621,80,89.71917,15.901587
12622,80,89.71917,15.901587
12623,80,89.365082,15.901587
12624,80,89.010994,13.897597
12625,80,89.010994,11.893607
12626,80,89.010994,11.893607
12627,80,89.010994,11.893607
12628,80,88.7545815,11.893607
12629,80,88.498169,11.893607
12631,80,88.498169,8.210056
12632,80,87.667892,8.210056
12633,80,87.667892,8.210056
12634,80,87.667892,8.210056
12635,80,87.667892,8.210056
12636,80,87.25275,8.210056
12637,80,86.837608,6.4437965
12638,80,86.837608,4.677537
12639,80,86.837608,4.677537
12640,80,86.837608,4.677537
12641,80,86.3492085,4.677537
12642,80,85.860809,4.677537
12643,80,85.860809,3.5832955
12644,80,85.860809,2.489054
12645,80,85.860809,2.489054
12646,80,85.3235665,2.489054
12647,80,84.786324,2.489054
12648,80,84.786324,2.489054
12649,80,84.322346,1.7038675
12650,80,83.858368,0.918681
12651,80,83.858368,0.918681
12652,80,83.858368,0.918681
12653,80,83.858368,0.918681
12654,80,83.2600745,0.918681
12655,80,82.661781,0.527168
12656,80,82.661781,0.135655
12657,80,82.661781,0.135655
12658,80,82.661781,0.135655
12659,80,82.0879135,0.135655
12660,80,81.514046,0.135655
12661,80,81.514046,0.135655
12662,80,81.514046,0.172533
12663,80,81.514046,0.172533
12664,80,80.842495,0.172533
12665,80,80.170944,0.172533
12666,80,80.170944,0.172533
12667,80,80.170944,0.563288
12668,80,79.7191735,0.954043
12669,80,79.267403,0.954043
12670,80,79.267403,0.954043
12671,80,79.267403,0.954043
12672,80,78.73016,0.954043
12673,80,78.192917,0.954043
12674,80,78.192917,1.9008635
12675,80,78.192917,2.847684
12676,80,78.192917,2.847684
12677,80,77.619049,2.847684
12678,80,77.045181,2.847684
12679,80,77.045181,2.847684
12680,80,77.045181,4.0277835
12681,80,77.045181,5.207883
12682,80,76.4590985,5.207883
12683,80,75.873016,5.207883
12684,80,75.873016,5.207883
12685,80,75.873016,5.207883
12686,80,75.347984,6.7243695
12687,80,74.822952,8.240856
12688,80,74.822952,8.240856
12689,80,74.822952,8.240856
12691,80,73.870575,8.240856
12692,80,73.870575,10.348583
12693,80,73.870575,12.45631
12694,80,73.870575,12.45631
12695,80,73.308914,12.45631
12696,80,72.747253,12.45631
12697,80,72.747253,12.45631
12698,80,72.747253,14.5686195
12699,80,72.747253,16.680929
12700,80,72.319904,16.680929
12701,80,71.892555,16.680929
12702,80,71.892555,16.680929
12703,80,71.892555,16.680929
12704,80,71.5384635,19.1601335
12705,80,71.184372,21.639338
12706,80,71.184372,21.639338
12707,80,71.184372,21.639338
12708,80,70.732601,21.639338
12709,80,70.28083,21.639338
12710,80,70.28083,21.639338
12711,80,70.28083,24.7209275
12712,80,70.28083,27.802517
12713,80,69.987789,27.802517
12714,80,69.694748,27.802517
12715,80,69.694748,27.802517
12716,80,69.694748,30.5019855
12717,80,69.694748,33.201454
12718,80,69.3040275,33.201454
12719,80,68.913307,33.201454
12721,80,68.913307,33.201454
12722,80,68.815628,36.256361
12723,80,68.717949,39.311268
12724,80,68.717949,39.311268
12725,80,68.717949,39.311268
12726,80,68.3394395,39.311268
12727,80,67.96093,39.311268
12728,80,67.96093,39.311268
12729,80,67.96093,42.8770275
12730,80,67.96093,46.442787
12731,80,68.07082,46.442787
12732,80,68.18071,46.442787
12733,80,68.18071,46.442787
12734,80,68.18071,46.442787
12735,80,68.18071,49.2726305
12736,80,68.095238,52.102474
12737,80,68.009766,52.102474
12738,80,68.009766,52.102474
12739,80,68.009766,52.102474
12740,80,68.2661785,52.102474
12741,80,68.522591,54.9716625
12742,80,68.522591,57.840851
12743,80,68.522591,57.840851
12744,80,68.73016,57.840851
12745,80,68.937729,57.840851
12746,80,68.937729,57.840851
12747,80,68.937729,60.704342
12748,80,68.937729,63.567833
12749,80,69.2918205,63.567833
12750,80,69.645912,63.567833
12751,80,69.645912,63.567833
12752,80,69.645912,63.567833
12753,80,69.645912,65.983349
12754,80,69.89011,68.398865
12755,80,70.134308,68.398865
12756,80,70.134308,68.398865
12757,80,70.134308,68.398865
12758,80,70.3540915,68.398865
12759,80,70.573875,70.575592
12760,80,70.573875,72.752319
12761,80,70.573875,72.752319
12762,80,71.0866925,72.752319
12763,80,71.59951,72.752319
12764,80,71.59951,72.752319
12765,80,71.59951,72.752319
12766,80,71.59951,75.0059925
12767,80,71.941391,77.259666
12768,80,72.283272,77.259666
12769,80,72.283272,77.259666
12770,80,72.283272,77.259666
12771,80,72.283272,77.259666
12772,80,72.8449325,78.741737
12773,80,73.406593,80.223808
12774,80,73.406593,80.223808
12775,80,73.406593,80.223808
12776,80,73.650795,80.223808
12777,80,73.894997,80.223808
12778,80,73.894997,81.4666975
12779,80,73.894997,82.709587
12781,80,73.894997,82.709587
12782,80,74.774117,82.709587
12783,80,74.774117,82.709587
12784,80,74.774117,82.709587
12785,80,75.2136765,83.8345525
12786,80,75.653236,84.959518
12787,80,75.653236,84.959518
12788,80,75.653236,84.959518
12789,80,75.653236,84.959518
12790,80,76.0317455,85.694332
12791,80,76.410255,86.429146
12792,80,76.410255,86.429146
12793,80,76.410255,86.429146
12794,80,76.8253975,86.429146
12795,80,77.24054,86.429146
12796,80,77.24054,86.85413
12797,80,77.24054,87.279114
12798,80,77.24054,87.279114
12799,80,77.5702095,87.279114
12800,80,77.899879,87.279114
12801,80,77.899879,87.279114
12802,80,77.899879,87.279114
12803,80,78.376068,87.3919605
12804,80,78.852257,87.504807
12805,80,78.852257,87.504807
12806,80,78.852257,87.504807
12807,80,78.852257,87.504807
12808,80,79.2918205,87.39732
12809,80,79.731384,87.289833
12811,80,79.731384,87.289833
12812,80,80.048843,87.289833
12813,80,80.366302,87.289833
12814,80,80.366302,86.867527
12815,80,80.366302,86.445221
12816,80,80.366302,86.445221
12817,80,80.818073,86.445221
12818,80,81.269844,86.445221
12819,80,81.269844,86.445221
12820,80,81.269844,86.445221
12821,80,81.269844,85.603348
12822,80,81.7948725,84.761475
12823,80,82.319901,84.761475
12824,80,82.319901,84.761475
12825,80,82.319901,84.761475
12826,80,82.319901,84.761475
12827,80,82.722832,83.7676815
12828,80,83.125763,82.773888
12829,80,83.125763,82.773888
12830,80,83.4920655,82.773888
12831,80,83.858368,82.773888
12832,80,83.858368,82.773888
12833,80,83.858368,81.5567935
12834,80,83.858368,80.339699
12835,80,84.2368775,80.339699
12836,80,84.615387,80.339699
12837,80,84.615387,80.339699
12838,80,84.615387,80.339699
12839,80,84.615387,78.635277
12840,80,85.042736,76.930855
12841,80,85.470085,76.930855
12842,80,85.470085,76.930855
12843,80,85.470085,76.930855
12844,80,85.9340665,76.930855
12845,80,86.398048,75.13134
12846,80,86.398048,73.331825
12847,80,86.398048,73.331825
12848,80,86.7155075,73.331825
12849,80,87.032967,73.331825
12850,80,87.032967,73.331825
12851,80,87.032967,71.152855
12852,80,87.032967,68.973885
12853,80,87.435898,68.973885
12854,80,87.838829,68.973885
12855,80,87.838829,68.973885
12856,80,87.838829,68.973885
12857,80,87.838829,68.973885
12858,80,88.168499,68.973885
12859,80,88.498169,66.16548
12860,80,88.498169,63.357075
12861,80,88.498169,63.357075
12862,80,88.925518,63.357075
12863,80,89.352867,63.357075
12864,80,89.352867,60.768551
12865,80,89.352867,58.180027
12866,80,89.584858,58.180027
12867,80,89.816849,58.180027
12868,80,89.816849,58.180027
12869,80,89.816849,58.180027
12870,80,89.816849,55.572508
12871,80,90.085472,52.964989
12872,80,90.354095,52.964989
12873,80,90.354095,52.964989
12874,80,90.354095,52.964989
12875,80,90.354095,52.964989
12876,80,90.598293,52.964989
12877,80,90.842491,49.774479
12878,80,90.842491,46.583969
12879,80,90.842491,46.583969
12880,80,90.842491,46.583969
12881,80,91.1111105,46.583969
12882,80,91.37973,43.732483
12883,80,91.37973,40.880997
12884,80,91.37973,40.880997
12885,80,91.355312,40.880997
12886,80,91.330894,40.880997
12887,80,91.330894,40.880997
12888,80,91.330894,37.9091015
12889,80,91.3919445,34.937206
12890,80,91.452995,34.937206
12891,80,91.452995,34.937206
12892,80,91.452995,34.937206
12893,80,91.452995,34.937206
12894,80,91.4407845,34.937206
12895,80,91.428574,31.724019
12896,80,91.428574,28.510832
12897,80,91.428574,28.510832
12898,80,91.428574,28.510832
12899,80,91.294262,28.510832
12900,80,91.15995,25.924425
12901,80,91.15995,23.338018
12902,80,91.15995,23.338018
12903,80,90.964592,23.338018
12904,80,90.964592,23.338018
12905,80,90.964592,23.338018
12906,80,90.964592,23.338018
12907,80,90.671551,20.6728865
12908,80,90.37851,18.007755
12909,80,90.37851,18.007755
12910,80,90.37851,18.007755
12911,80,90.37851,18.007755
12912,80,90.0610505,18.007755
12913,80,89.743591,15.428615
12914,80,89.743591,12.849475
12915,80,89.743591,12.849475
12916,80,89.743591,12.849475
12917,80,89.3894995,12.849475
12918,80,89.035408,12.849475
12919,80,89.035408,10.878403
12920,80,88.7423705,8.907331
12921,80,88.449333,8.907331
12922,80,88.449333,8.907331
12923,80,88.449333,8.907331
12924,80,88.449333,8.907331
12925,80,88.1074525,7.069552
12926,80,87.765572,5.231773
12927,80,87.765572,5.231773
12928,80,87.765572,5.231773
12929,80,87.765572,5.231773
12930,80,87.1917,5.231773
12931,80,86.617828,3.735282
12932,80,86.617828,2.238791
12933,80,86.617828,2.238791
12934,80,86.617828,2.238791
12935,80,86.0195385,2.238791
12936,80,85.421249,2.238791
12937,80,85.421249,1.2470385
12938,80,85.421249,0.255286
12939,80,84.932846,0.255286
12940,80,84.444443,0.255286
12941,80,84.444443,0.255286
12942,80,84.444443,0.255286
12943,80,83.882782,0.145637
12944,80,83.321121,0.035988
12945,80,83.321121,0.035988
12946,80,83.321121,0.035988
12947,80,83.321121,0.035988
12948,80,82.7350425,0.035988
12949,80,82.148964,0.035988
12950,80,82.148964,0.035988
12951,80,82.148964,0.046252
12952,80,82.148964,0.056516
12953,80,81.587303,0.056516
12954,80,81.025642,0.056516
12955,80,81.025642,0.056516
12956,80,81.025642,0.2631705
12957,80,80.5860825,0.469825
12958,80,80.146523,0.469825
12959,80,80.146523,0.469825
12960,80,80.146523,0.469825
12962,80,78.827843,0.469825
12963,80,78.827843,1.550267
12964,80,78.827843,1.550267
12965,80,78.827843,1.550267
12966,80,78.266182,1.550267
12967,80,77.704521,1.550267
12968,80,77.704521,1.550267
12969,80,77.704521,2.625008
12970,80,77.704521,3.699749
12971,80,77.08181,3.699749
12972,80,76.459099,3.699749
12973,80,76.459099,3.699749
12974,80,76.459099,5.044695
12975,80,76.007328,6.389641
12976,80,75.555557,6.389641
12977,80,75.555557,6.389641
12978,80,75.555557,6.389641
12979,80,74.9938965,6.389641
12980,80,74.432236,8.1450835
12981,80,74.432236,9.900526
12982,80,74.432236,9.900526
12983,80,74.432236,9.900526
12984,80,73.9438365,9.900526
12985,80,73.455437,9.900526
12986,80,73.455437,9.900526
12987,80,73.455437,12.193786
12988,80,73.455437,14.487046
12989,80,72.808304,14.487046
12990,80,72.161171,14.487046
12992,80,72.161171,14.487046
12993,80,71.831501,16.6824755
12994,80,71.501831,18.877905
12995,80,71.501831,18.877905
12996,80,71.501831,18.877905
12997,80,71.501831,18.877905
12998,80,71.184372,18.877905
12999,80,70.866913,21.574526
13000,80,70.866913,24.271147
