tempo,SP,PV,MV
5001,80,80.195409625207,52.4398570310439
5002,80,80.195409625207,52.4398570310439
5003,80,80.195409625207,52.4398570310439
5004,80,80.195409625207,52.4398570310439
5005,80,80.195409625207,52.4398570310439
5006,80,80.195409625207,52.4398570310439
5007,80,80.195409625207,52.4398570310439
5008,80,80.195409625207,52.4398570310439
5009,80,80.195409625207,52.4398570310439
5010,80,80.195409625207,52.4398570310439
5011,80,80.195409625207,52.4398570310439
5012,80,80.195409625207,52.4398570310439
5013,80,80.195409625207,52.4398570310439
5014,80,80.195409625207,52.4398570310439
5015,80,80.195409625207,52.4398570310439
5016,80,80.195409625207,52.4398570310439
5017,80,80.195409625207,52.4398570310439
5018,80,80.195409625207,52.4398570310439
5019,80,80.195409625207,52.4398570310439
5020,80,80.195409625207,52.4398570310439
5021,80,80.195409625207,52.4398570310439
5022,80,80.195409625207,52.4398570310439
5023,80,80.195409625207,52.4398570310439
5024,80,80.195409625207,52.4398570310439
5025,80,80.195409625207,52.4398570310439
5026,80,80.195409625207,52.4398570310439
5027,80,80.195409625207,52.4398570310439
5028,80,80.195409625207,52.4398570310439
5029,80,80.195409625207,52.4398570310439
5030,80,80.195409625207,52.4398570310439
5032,80,80.195409625207,52.4398570310439
5033,80,80.195409625207,52.4398570310439
5034,80,80.195409625207,52.4398570310439
5035,80,80.195409625207,52.4398570310439
5036,80,80.195409625207,52.4398570310439
5037,80,80.195409625207,52.4398570310439
5038,80,80.195409625207,52.4398570310439
5039,80,80.195409625207,52.4398570310439
5040,80,80.195409625207,52.4398570310439
5041,80,80.195409625207,52.4398570310439
5042,80,80.195409625207,52.4398570310439
5043,80,80.195409625207,52.4398570310439
5044,80,80.195409625207,52.4398570310439
5045,80,80.195409625207,52.4398570310439
5046,80,80.195409625207,52.4398570310439
5047,80,80.195409625207,52.4398570310439
5048,80,80.195409625207,52.4398570310439
5049,80,80.195409625207,52.4398570310439
5050,80,80.195409625207,52.4398570310439
5051,80,80.195409625207,52.4398570310439
5052,80,80.195409625207,52.4398570310439
5053,80,80.195409625207,52.4398570310439
5054,80,80.195409625207,52.4398570310439
5055,80,80.195409625207,52.4398570310439
5056,80,80.195409625207,52.4398570310439
5057,80,80.195409625207,52.4398570310439
5058,80,80.195409625207,52.4398570310439
5059,80,80.195409625207,52.4398570310439
5060,80,80.195409625207,52.4398570310439
5061,80,80.195409625207,52.4398570310439
5062,80,80.195409625207,52.4398570310439
5063,80,80.195409625207,52.4398570310439
5064,80,80.195409625207,52.4398570310439
5065,80,80.195409625207,52.4398570310439
5066,80,80.195409625207,52.4398570310439
5067,80,80.195409625207,52.4398570310439
5068,80,80.195409625207,52.4398570310439
5069,80,80.195409625207,52.4398570310439
5070,80,80.195409625207,52.4398570310439
5071,80,80.195409625207,52.4398570310439
5072,80,80.195409625207,52.4398570310439
5073,80,80.195409625207,52.4398570310439
5074,80,80.195409625207,52.4398570310439
5075,80,80.195409625207,52.4398570310439
5076,80,80.195409625207,52.4398570310439
5077,80,80.195409625207,52.4398570310439
5078,80,80.195409625207,52.4398570310439
5079,80,80.195409625207,52.4398570310439
5080,80,80.195409625207,52.4398570310439
5081,80,80.195409625207,52.4398570310439
5082,80,80.195409625207,52.4398570310439
5083,80,80.195409625207,52.4398570310439
5084,80,80.195409625207,52.4398570310439
5085,80,80.195409625207,52.4398570310439
5086,80,80.195409625207,52.4398570310439
5087,80,80.195409625207,52.4398570310439
5088,80,80.195409625207,52.4398570310439
5089,80,80.195409625207,52.4398570310439
5090,80,80.195409625207,52.4398570310439
5092,80,80.195409625207,52.4398570310439
5093,80,80.195409625207,52.4398570310439
5094,80,80.195409625207,52.4398570310439
5095,80,80.195409625207,52.4398570310439
5096,80,80.195409625207,52.4398570310439
5097,80,80.195409625207,52.4398570310439
5098,80,80.195409625207,52.4398570310439
5099,80,80.195409625207,52.4398570310439
5100,80,80.195409625207,52.4398570310439
5101,80,80.195409625207,52.4398570310439
5102,80,80.195409625207,52.4398570310439
5103,80,80.195409625207,52.4398570310439
5104,80,80.195409625207,52.4398570310439
5105,80,80.195409625207,52.4398570310439
5106,80,80.195409625207,52.4398570310439
5107,80,80.195409625207,52.4398570310439
5108,80,80.195409625207,52.4398570310439
5109,80,80.195409625207,52.4398570310439
5110,80,80.195409625207,52.4398570310439
5111,80,80.195409625207,52.4398570310439
5112,80,80.195409625207,52.4398570310439
5113,80,80.195409625207,52.4398570310439
5114,80,80.195409625207,52.4398570310439
5115,80,80.195409625207,52.4398570310439
5116,80,80.195409625207,52.4398570310439
5117,80,80.195409625207,52.4398570310439
5118,80,80.195409625207,52.4398570310439
5119,80,80.195409625207,52.4398570310439
5120,80,80.195409625207,52.4398570310439
5122,80,80.195409625207,52.4398570310439
5123,80,80.195409625207,52.4398570310439
5124,80,80.195409625207,52.4398570310439
5125,80,80.195409625207,52.4398570310439
5126,80,80.195409625207,52.4398570310439
5127,80,80.195409625207,52.4398570310439
5128,80,80.195409625207,52.4398570310439
5129,80,80.195409625207,52.4398570310439
5130,80,80.195409625207,52.4398570310439
5131,80,80.195409625207,52.4398570310439
5132,80,80.195409625207,52.4398570310439
5133,80,80.195409625207,52.4398570310439
5134,80,80.195409625207,52.4398570310439
5135,80,80.195409625207,52.4398570310439
5136,80,80.195409625207,52.4398570310439
5137,80,80.195409625207,52.4398570310439
5138,80,80.195409625207,52.4398570310439
5139,80,80.195409625207,52.4398570310439
5140,80,80.195409625207,52.4398570310439
5141,80,80.195409625207,52.4398570310439
5142,80,80.195409625207,52.4398570310439
5143,80,80.195409625207,52.4398570310439
5144,80,80.195409625207,52.4398570310439
5145,80,80.195409625207,52.4398570310439
5146,80,80.195409625207,52.4398570310439
5147,80,80.195409625207,52.4398570310439
5148,80,80.195409625207,52.4398570310439
5149,80,80.195409625207,52.4398570310439
5150,80,80.195409625207,52.4398570310439
5151,80,80.195409625207,52.4398570310439
5152,80,80.195409625207,52.4398570310439
5153,80,80.195409625207,52.4398570310439
5154,80,80.195409625207,52.4398570310439
5155,80,80.195409625207,52.4398570310439
5156,80,80.195409625207,52.4398570310439
5157,80,80.195409625207,52.4398570310439
5158,80,80.195409625207,52.4398570310439
5159,80,80.195409625207,52.4398570310439
5160,80,80.195409625207,52.4398570310439
5161,80,80.195409625207,52.4398570310439
5162,80,80.195409625207,52.4398570310439
5163,80,80.195409625207,52.4398570310439
5164,80,80.195409625207,52.4398570310439
5165,80,80.195409625207,52.4398570310439
5166,80,80.195409625207,52.4398570310439
5167,80,80.195409625207,52.4398570310439
5168,80,80.195409625207,52.4398570310439
5169,80,80.195409625207,52.4398570310439
5170,80,80.195409625207,52.4398570310439
5171,80,80.195409625207,52.4398570310439
5172,80,80.195409625207,52.4398570310439
5173,80,80.195409625207,52.4398570310439
5174,80,80.195409625207,52.4398570310439
5175,80,80.195409625207,52.4398570310439
5176,80,80.195409625207,52.4398570310439
5177,80,80.195409625207,52.4398570310439
5178,80,80.195409625207,52.4398570310439
5179,80,80.195409625207,52.4398570310439
5180,80,80.195409625207,52.4398570310439
5181,80,80.195409625207,52.4398570310439
5183,80,80.195409625207,52.4398570310439
5184,80,80.195409625207,52.4398570310439
5185,80,80.195409625207,52.4398570310439
5186,80,80.195409625207,52.4398570310439
5187,80,80.195409625207,52.4398570310439
5188,80,80.195409625207,52.4398570310439
5189,80,80.195409625207,52.4398570310439
5190,80,80.195409625207,52.4398570310439
5191,80,80.195409625207,52.4398570310439
5192,80,80.195409625207,52.4398570310439
5193,80,80.195409625207,52.4398570310439
5194,80,80.195409625207,52.4398570310439
5195,80,80.195409625207,52.4398570310439
5196,80,80.195409625207,52.4398570310439
5197,80,80.195409625207,52.4398570310439
5198,80,80.195409625207,52.4398570310439
5199,80,80.195409625207,52.4398570310439
5200,80,80.195409625207,52.4398570310439
5201,80,80.195409625207,52.4398570310439
5202,80,80.195409625207,52.4398570310439
5203,80,80.195409625207,52.4398570310439
5204,80,80.195409625207,52.4398570310439
5205,80,80.195409625207,52.4398570310439
5206,80,80.195409625207,52.4398570310439
5207,80,80.195409625207,52.4398570310439
5208,80,80.195409625207,52.4398570310439
5209,80,80.195409625207,52.4398570310439
5210,80,80.195409625207,52.4398570310439
5211,80,80.195409625207,52.4398570310439
5212,80,80.195409625207,52.4398570310439
5213,80,80.195409625207,52.4398570310439
5214,80,80.195409625207,52.4398570310439
5215,80,80.195409625207,52.4398570310439
5216,80,80.195409625207,52.4398570310439
5217,80,80.195409625207,52.4398570310439
5218,80,80.195409625207,52.4398570310439
5219,80,80.195409625207,52.4398570310439
5220,80,80.195409625207,52.4398570310439
5221,80,80.195409625207,52.4398570310439
5222,80,80.195409625207,52.4398570310439
5223,80,80.195409625207,52.4398570310439
5224,80,80.195409625207,52.4398570310439
5225,80,80.195409625207,52.4398570310439
5226,80,80.195409625207,52.4398570310439
5227,80,80.195409625207,52.4398570310439
5228,80,80.195409625207,52.4398570310439
5229,80,80.195409625207,52.4398570310439
5230,80,80.195409625207,52.4398570310439
5231,80,80.195409625207,52.4398570310439
5232,80,80.5009366431061,52.1153606631712
5233,80,80.5009366431061,52.1153606631712
5234,80,80.5009366431061,52.1153606631712
5235,80,80.5009366431061,52.1153606631712
5236,80,80.5009366431061,52.1153606631712
5237,80,80.5009366431061,52.1153606631712
5238,80,80.5009366431061,52.1153606631712
5239,80,80.5009366431061,52.1153606631712
5240,80,80.5009366431061,52.1153606631712
5241,80,80.5009366431061,52.1153606631712
5243,80,80.5009366431061,52.1153606631712
5244,80,80.5009366431061,52.1153606631712
5245,80,80.5009366431061,52.1153606631712
5246,80,80.5009366431061,52.1153606631712
5247,80,80.5009366431061,52.1153606631712
5248,80,80.5009366431061,52.1153606631712
5249,80,80.5009366431061,52.1153606631712
5250,80,80.5009366431061,52.1153606631712
5251,80,80.5009366431061,52.1153606631712
5252,80,80.5009366431061,52.1153606631712
5253,80,80.5009366431061,52.1153606631712
5254,80,80.5009366431061,52.1153606631712
5255,80,80.5009366431061,52.1153606631712
5256,80,80.5009366431061,52.1153606631712
5257,80,80.5009366431061,52.1153606631712
5258,80,80.5009366431061,52.1153606631712
5259,80,80.5009366431061,52.1153606631712
5260,80,80.5009366431061,52.1153606631712
5261,80,80.5009366431061,52.1153606631712
5262,80,80.5009366431061,52.1153606631712
5263,80,80.5009366431061,52.1153606631712
5264,80,80.5009366431061,52.1153606631712
5265,80,80.5009366431061,52.1153606631712
5266,80,80.5009366431061,52.1153606631712
5267,80,80.5009366431061,52.1153606631712
5268,80,80.5009366431061,52.1153606631712
5269,80,80.5009366431061,52.1153606631712
5270,80,80.5009366431061,52.1153606631712
5271,80,80.5009366431061,52.1153606631712
5273,80,80.5009366431061,52.1153606631712
5274,80,80.5009366431061,52.1153606631712
5275,80,80.5009366431061,52.1153606631712
5276,80,80.5009366431061,52.1153606631712
5277,80,80.5009366431061,52.1153606631712
5278,80,80.5009366431061,52.1153606631712
5279,80,80.5009366431061,52.1153606631712
5280,80,80.5009366431061,52.1153606631712
5281,80,80.5009366431061,52.1153606631712
5282,80,80.5009366431061,52.1153606631712
5283,80,80.5009366431061,52.1153606631712
5284,80,80.5009366431061,52.1153606631712
5285,80,80.5009366431061,52.1153606631712
5286,80,80.5009366431061,52.1153606631712
5287,80,80.5009366431061,52.1153606631712
5288,80,80.5009366431061,52.1153606631712
5289,80,80.5009366431061,52.1153606631712
5290,80,80.5009366431061,52.1153606631712
5291,80,80.5009366431061,52.1153606631712
5292,80,80.5009366431061,52.1153606631712
5293,80,80.5009366431061,52.1153606631712
5294,80,80.5009366431061,52.1153606631712
5295,80,80.5009366431061,52.1153606631712
5296,80,80.5009366431061,52.1153606631712
5297,80,80.5009366431061,52.1153606631712
5298,80,80.5009366431061,52.1153606631712
5299,80,80.5009366431061,52.1153606631712
5300,80,80.5009366431061,52.1153606631712
5301,80,80.5009366431061,52.1153606631712
5302,80,80.5009366431061,52.1153606631712
5303,80,80.5009366431061,52.1153606631712
5304,80,80.5009366431061,52.1153606631712
5305,80,80.5009366431061,52.1153606631712
5306,80,80.5009366431061,52.1153606631712
5307,80,80.5009366431061,52.1153606631712
5308,80,80.5009366431061,52.1153606631712
5309,80,80.5009366431061,52.1153606631712
5310,80,80.5009366431061,52.1153606631712
5311,80,80.5009366431061,52.1153606631712
5312,80,80.5009366431061,52.1153606631712
5313,80,80.5009366431061,52.1153606631712
5314,80,80.5009366431061,52.1153606631712
5315,80,80.5009366431061,52.1153606631712
5316,80,80.5009366431061,52.1153606631712
5317,80,80.5009366431061,52.1153606631712
5318,80,80.5009366431061,52.1153606631712
5319,80,80.5009366431061,52.1153606631712
5320,80,80.5009366431061,52.1153606631712
5321,80,80.5009366431061,52.1153606631712
5322,80,80.5009366431061,52.1153606631712
5323,80,80.5009366431061,52.1153606631712
5324,80,80.5009366431061,52.1153606631712
5325,80,80.5009366431061,52.1153606631712
5326,80,80.5009366431061,52.1153606631712
5327,80,80.5009366431061,52.1153606631712
5328,80,80.5009366431061,52.1153606631712
5329,80,80.5009366431061,52.1153606631712
5330,80,80.5009366431061,52.1153606631712
5331,80,80.5009366431061,52.1153606631712
5332,80,80.5009366431061,52.1153606631712
5333,80,80.5009366431061,52.1153606631712
5334,80,80.5009366431061,52.1153606631712
5335,80,80.5009366431061,52.1153606631712
5336,80,80.5009366431061,52.1153606631712
5337,80,80.5009366431061,52.1153606631712
5338,80,80.5009366431061,52.1153606631712
5339,80,80.5009366431061,52.1153606631712
5340,80,80.5009366431061,52.1153606631712
5341,80,80.5009366431061,52.1153606631712
5342,80,80.5009366431061,52.1153606631712
5343,80,80.5009366431061,52.1153606631712
5344,80,80.5009366431061,52.1153606631712
5345,80,80.5009366431061,52.1153606631712
5346,80,80.5009366431061,52.1153606631712
5347,80,80.5009366431061,52.1153606631712
5348,80,80.5009366431061,52.1153606631712
5349,80,80.5009366431061,52.1153606631712
5350,80,80.5009366431061,52.1153606631712
5351,80,80.5009366431061,52.1153606631712
5352,80,80.5009366431061,52.1153606631712
5353,80,80.5009366431061,52.1153606631712
5354,80,80.5009366431061,52.1153606631712
5355,80,80.5009366431061,52.1153606631712
5356,80,80.5009366431061,52.1153606631712
5357,80,80.5009366431061,52.1153606631712
5358,80,80.5009366431061,52.1153606631712
5359,80,80.5009366431061,52.1153606631712
5360,80,80.5009366431061,52.1153606631712
5361,80,80.5009366431061,52.1153606631712
5362,80,80.5009366431061,52.1153606631712
5363,80,80.5009366431061,52.1153606631712
5364,80,80.5009366431061,52.1153606631712
5365,80,80.5009366431061,52.1153606631712
5366,80,80.5009366431061,52.1153606631712
5367,80,80.5009366431061,52.1153606631712
5368,80,80.5009366431061,52.1153606631712
5369,80,80.5009366431061,52.1153606631712
5370,80,80.5009366431061,52.1153606631712
5371,80,80.5009366431061,52.1153606631712
5372,80,80.5009366431061,52.1153606631712
5373,80,80.5009366431061,52.1153606631712
5374,80,80.5009366431061,52.1153606631712
5375,80,80.5009366431061,52.1153606631712
5376,80,80.5009366431061,52.1153606631712
5377,80,80.5009366431061,52.1153606631712
5378,80,80.5009366431061,52.1153606631712
5379,80,80.5009366431061,52.1153606631712
5380,80,80.5009366431061,52.1153606631712
5381,80,80.5009366431061,52.1153606631712
5382,80,80.5009366431061,52.1153606631712
5383,80,80.5009366431061,52.1153606631712
5384,80,80.5009366431061,52.1153606631712
5385,80,80.5009366431061,52.1153606631712
5386,80,80.5009366431061,52.1153606631712
5387,80,80.5009366431061,52.1153606631712
5388,80,80.5009366431061,52.1153606631712
5389,80,80.5009366431061,52.1153606631712
5390,80,80.5009366431061,52.1153606631712
5391,80,80.5009366431061,52.1153606631712
5392,80,80.5009366431061,52.1153606631712
5394,80,80.5009366431061,52.1153606631712
5395,80,80.5009366431061,52.1153606631712
5396,80,80.5009366431061,52.1153606631712
5397,80,80.5009366431061,52.1153606631712
5398,80,80.5009366431061,52.1153606631712
5399,80,80.5009366431061,52.1153606631712
5400,80,80.5009366431061,52.1153606631712
5401,80,80.5009366431061,52.1153606631712
5402,80,80.5009366431061,52.1153606631712
5403,80,80.5009366431061,52.1153606631712
5404,80,80.5009366431061,52.1153606631712
5405,80,80.5009366431061,52.1153606631712
5406,80,80.5009366431061,52.1153606631712
5407,80,80.5009366431061,52.1153606631712
5408,80,80.5009366431061,52.1153606631712
5409,80,80.5009366431061,52.1153606631712
5410,80,80.5009366431061,52.1153606631712
5411,80,80.5009366431061,52.1153606631712
5412,80,80.5009366431061,52.1153606631712
5413,80,80.5009366431061,52.1153606631712
5414,80,80.5009366431061,52.1153606631712
5415,80,80.5009366431061,52.1153606631712
5416,80,80.5009366431061,52.1153606631712
5417,80,80.5009366431061,52.1153606631712
5418,80,80.5009366431061,52.1153606631712
5419,80,80.5009366431061,52.1153606631712
5420,80,80.5009366431061,52.1153606631712
5421,80,80.5009366431061,52.1153606631712
5422,80,80.5009366431061,52.1153606631712
5423,80,80.5009366431061,52.1153606631712
5424,80,80.5009366431061,52.1153606631712
5425,80,80.5009366431061,52.1153606631712
5426,80,80.5009366431061,52.1153606631712
5427,80,80.5009366431061,52.1153606631712
5428,80,80.5009366431061,52.1153606631712
5429,80,80.5009366431061,52.1153606631712
5430,80,80.5009366431061,52.1153606631712
5431,80,80.5009366431061,52.1153606631712
5432,80,80.5009366431061,52.1153606631712
5433,80,80.5009366431061,52.1153606631712
5434,80,80.5009366431061,52.1153606631712
5435,80,80.5009366431061,52.1153606631712
5436,80,80.5009366431061,52.1153606631712
5437,80,80.5009366431061,52.1153606631712
5438,80,80.5009366431061,52.1153606631712
5439,80,80.5009366431061,52.1153606631712
5440,80,80.5009366431061,52.1153606631712
5441,80,80.5009366431061,52.1153606631712
5442,80,80.5009366431061,52.1153606631712
5443,80,80.5009366431061,52.1153606631712
5444,80,80.5009366431061,52.1153606631712
5445,80,80.5009366431061,52.1153606631712
5446,80,80.5009366431061,52.1153606631712
5447,80,80.5009366431061,52.1153606631712
5448,80,80.5009366431061,52.1153606631712
5449,80,80.5009366431061,52.1153606631712
5450,80,80.5009366431061,52.1153606631712
5451,80,80.5009366431061,52.1153606631712
5452,80,80.5009366431061,52.1153606631712
5454,80,80.5009366431061,52.1153606631712
5455,80,80.5009366431061,52.1153606631712
5456,80,80.5009366431061,52.1153606631712
5457,80,80.5009366431061,52.1153606631712
5458,80,80.5009366431061,52.1153606631712
5459,80,80.5009366431061,52.1153606631712
5460,80,80.5009366431061,52.1153606631712
5461,80,80.5009366431061,52.1153606631712
5462,80,80.5009366431061,52.1153606631712
5463,80,80.5009366431061,52.1153606631712
5464,80,80.5009366431061,52.1153606631712
5465,80,80.5009366431061,52.1153606631712
5466,80,80.5009366431061,52.1153606631712
5467,80,80.5009366431061,52.1153606631712
5468,80,80.5009366431061,52.1153606631712
5469,80,80.5009366431061,52.1153606631712
5470,80,80.5009366431061,52.1153606631712
5471,80,80.5009366431061,52.1153606631712
5472,80,80.5009366431061,52.1153606631712
5473,80,80.5009366431061,52.1153606631712
5474,80,80.5009366431061,52.1153606631712
5475,80,80.5009366431061,52.1153606631712
5476,80,80.5009366431061,52.1153606631712
5477,80,80.5009366431061,52.1153606631712
5478,80,80.5009366431061,52.1153606631712
5479,80,80.5009366431061,52.1153606631712
5480,80,80.5009366431061,52.1153606631712
5481,80,80.5009366431061,52.1153606631712
5482,80,80.5009366431061,52.1153606631712
5483,80,80.5009366431061,52.1153606631712
5484,80,80.5009366431061,52.1153606631712
5485,80,80.5009366431061,52.1153606631712
5486,80,80.5009366431061,52.1153606631712
5487,80,80.5009366431061,52.1153606631712
5488,80,80.5009366431061,52.1153606631712
5489,80,80.5009366431061,52.1153606631712
5490,80,80.5009366431061,52.1153606631712
5491,80,80.5009366431061,52.1153606631712
5492,80,80.5009366431061,52.1153606631712
5493,80,80.5009366431061,52.1153606631712
5494,80,80.5009366431061,52.1153606631712
5495,80,80.5009366431061,52.1153606631712
5496,80,80.5009366431061,52.1153606631712
5497,80,80.5009366431061,52.1153606631712
5498,80,80.5009366431061,52.1153606631712
5499,80,80.5009366431061,52.1153606631712
5500,80,80.5009366431061,52.1153606631712
5501,80,80.5009366431061,52.1153606631712
5502,80,80.5009366431061,52.1153606631712
5503,80,80.5009366431061,52.1153606631712
5504,80,80.5009366431061,52.1153606631712
5505,80,80.5009366431061,52.1153606631712
5506,80,80.5009366431061,52.1153606631712
5507,80,80.5009366431061,52.1153606631712
5508,80,80.5009366431061,52.1153606631712
5509,80,80.5009366431061,52.1153606631712
5510,80,80.5009366431061,52.1153606631712
5511,80,80.5009366431061,52.1153606631712
5512,80,80.5009366431061,52.1153606631712
5514,80,80.6049974109117,51.8283077829744
5515,80,80.667433871595,51.6560760548564
5516,80,80.667433871595,51.6560760548564
5517,80,80.667433871595,51.6560760548564
5518,80,80.667433871595,51.6560760548564
5519,80,80.667433871595,51.6560760548564
5520,80,80.667433871595,51.6560760548564
5521,80,80.667433871595,51.6560760548564
5522,80,80.667433871595,51.6560760548564
5523,80,80.667433871595,51.6560760548564
5524,80,80.667433871595,51.6560760548564
5525,80,80.667433871595,51.6560760548564
5526,80,80.667433871595,51.6560760548564
5527,80,80.667433871595,51.6560760548564
5528,80,80.667433871595,51.6560760548564
5529,80,80.667433871595,51.6560760548564
5530,80,80.667433871595,51.6560760548564
5531,80,80.667433871595,51.6560760548564
5532,80,80.667433871595,51.6560760548564
5533,80,80.667433871595,51.6560760548564
5534,80,80.667433871595,51.6560760548564
5535,80,80.667433871595,51.6560760548564
5536,80,80.667433871595,51.6560760548564
5537,80,80.667433871595,51.6560760548564
5538,80,80.667433871595,51.6560760548564
5539,80,80.667433871595,51.6560760548564
5540,80,80.667433871595,51.6560760548564
5541,80,80.667433871595,51.6560760548564
5542,80,80.667433871595,51.6560760548564
5543,80,80.667433871595,51.6560760548564
5544,80,80.667433871595,51.6560760548564
5545,80,80.667433871595,51.6560760548564
5546,80,80.667433871595,51.6560760548564
5547,80,80.667433871595,51.6560760548564
5548,80,80.667433871595,51.6560760548564
5549,80,80.667433871595,51.6560760548564
5550,80,80.667433871595,51.6560760548564
5551,80,80.667433871595,51.6560760548564
5552,80,80.667433871595,51.6560760548564
5553,80,80.667433871595,51.6560760548564
5554,80,80.667433871595,51.6560760548564
5555,80,80.667433871595,51.6560760548564
5556,80,80.667433871595,51.6560760548564
5557,80,80.667433871595,51.6560760548564
5558,80,80.667433871595,51.6560760548564
5559,80,80.667433871595,51.6560760548564
5560,80,80.667433871595,51.6560760548564
5561,80,80.667433871595,51.6560760548564
5562,80,80.667433871595,51.6560760548564
5563,80,80.667433871595,51.6560760548564
5564,80,80.667433871595,51.6560760548564
5565,80,80.667433871595,51.6560760548564
5566,80,80.667433871595,51.6560760548564
5567,80,80.667433871595,51.6560760548564
5568,80,80.667433871595,51.6560760548564
5569,80,80.667433871595,51.6560760548564
5570,80,80.667433871595,51.6560760548564
5571,80,80.667433871595,51.6560760548564
5572,80,80.667433871595,51.6560760548564
5573,80,80.667433871595,51.6560760548564
5574,80,80.667433871595,51.6560760548564
5575,80,80.667433871595,51.6560760548564
5576,80,80.667433871595,51.6560760548564
5577,80,80.667433871595,51.6560760548564
5578,80,80.667433871595,51.6560760548564
5579,80,80.667433871595,51.6560760548564
5580,80,80.667433871595,51.6560760548564
5581,80,80.667433871595,51.6560760548564
5582,80,80.667433871595,51.6560760548564
5583,80,80.667433871595,51.6560760548564
5584,80,80.667433871595,51.6560760548564
5585,80,80.667433871595,51.6560760548564
5586,80,80.667433871595,51.6560760548564
5587,80,80.667433871595,51.6560760548564
5588,80,80.667433871595,51.6560760548564
5589,80,80.667433871595,51.6560760548564
5590,80,80.667433871595,51.6560760548564
5591,80,80.667433871595,51.6560760548564
5592,80,80.667433871595,51.6560760548564
5593,80,80.667433871595,51.6560760548564
5594,80,80.667433871595,51.6560760548564
5595,80,80.667433871595,51.6560760548564
5596,80,80.667433871595,51.6560760548564
5597,80,80.667433871595,51.6560760548564
5598,80,80.667433871595,51.6560760548564
5599,80,80.667433871595,51.6560760548564
5600,80,80.667433871595,51.6560760548564
5601,80,80.667433871595,51.6560760548564
5602,80,80.667433871595,51.6560760548564
5603,80,80.667433871595,51.6560760548564
5605,80,80.667433871595,51.6560760548564
5606,80,80.667433871595,51.6560760548564
5607,80,80.667433871595,51.6560760548564
5608,80,80.667433871595,51.6560760548564
5609,80,80.667433871595,51.6560760548564
5610,80,80.667433871595,51.6560760548564
5611,80,80.667433871595,51.6560760548564
5612,80,80.667433871595,51.6560760548564
5613,80,80.667433871595,51.6560760548564
5614,80,80.667433871595,51.6560760548564
5615,80,80.667433871595,51.6560760548564
5616,80,80.667433871595,51.6560760548564
5617,80,80.667433871595,51.6560760548564
5618,80,80.667433871595,51.6560760548564
5619,80,80.667433871595,51.6560760548564
5620,80,80.667433871595,51.6560760548564
5621,80,80.667433871595,51.6560760548564
5622,80,80.667433871595,51.6560760548564
5623,80,80.667433871595,51.6560760548564
5624,80,80.667433871595,51.6560760548564
5625,80,80.667433871595,51.6560760548564
5626,80,80.667433871595,51.6560760548564
5627,80,80.667433871595,51.6560760548564
5628,80,80.667433871595,51.6560760548564
5629,80,80.667433871595,51.6560760548564
5630,80,80.667433871595,51.6560760548564
5631,80,80.667433871595,51.6560760548564
5632,80,80.667433871595,51.6560760548564
5633,80,80.667433871595,51.6560760548564
5634,80,80.667433871595,51.6560760548564
5635,80,80.667433871595,51.6560760548564
5636,80,80.667433871595,51.6560760548564
5637,80,80.667433871595,51.6560760548564
5638,80,80.667433871595,51.6560760548564
5639,80,80.667433871595,51.6560760548564
5640,80,80.667433871595,51.6560760548564
5641,80,80.667433871595,51.6560760548564
5642,80,80.667433871595,51.6560760548564
5643,80,80.667433871595,51.6560760548564
5644,80,80.667433871595,51.6560760548564
5645,80,80.667433871595,51.6560760548564
5646,80,80.667433871595,51.6560760548564
5647,80,80.667433871595,51.6560760548564
5648,80,80.667433871595,51.6560760548564
5649,80,80.667433871595,51.6560760548564
5650,80,80.667433871595,51.6560760548564
5651,80,80.667433871595,51.6560760548564
5652,80,80.667433871595,51.6560760548564
5653,80,80.667433871595,51.6560760548564
5654,80,80.667433871595,51.6560760548564
5655,80,80.667433871595,51.6560760548564
5656,80,80.667433871595,51.6560760548564
5657,80,80.667433871595,51.6560760548564
5658,80,80.667433871595,51.6560760548564
5659,80,80.667433871595,51.6560760548564
5660,80,80.667433871595,51.6560760548564
5661,80,80.667433871595,51.6560760548564
5662,80,80.667433871595,51.6560760548564
5663,80,80.667433871595,51.6560760548564
5664,80,80.667433871595,51.6560760548564
5665,80,80.667433871595,51.6560760548564
5666,80,80.667433871595,51.6560760548564
5667,80,80.667433871595,51.6560760548564
5668,80,80.667433871595,51.6560760548564
5669,80,80.667433871595,51.6560760548564
5670,80,80.667433871595,51.6560760548564
5671,80,80.667433871595,51.6560760548564
5672,80,80.667433871595,51.6560760548564
5673,80,80.667433871595,51.6560760548564
5674,80,80.667433871595,51.6560760548564
5675,80,80.667433871595,51.6560760548564
5676,80,80.667433871595,51.6560760548564
5677,80,80.667433871595,51.6560760548564
5678,80,80.667433871595,51.6560760548564
5679,80,80.667433871595,51.6560760548564
5680,80,80.667433871595,51.6560760548564
5681,80,80.667433871595,51.6560760548564
5682,80,80.667433871595,51.6560760548564
5683,80,80.667433871595,51.6560760548564
5684,80,80.667433871595,51.6560760548564
5685,80,80.667433871595,51.6560760548564
5686,80,80.667433871595,51.6560760548564
5687,80,80.667433871595,51.6560760548564
5688,80,80.667433871595,51.6560760548564
5689,80,80.667433871595,51.6560760548564
5690,80,80.667433871595,51.6560760548564
5691,80,80.667433871595,51.6560760548564
5692,80,80.667433871595,51.6560760548564
5693,80,80.667433871595,51.6560760548564
5695,80,80.667433871595,51.6560760548564
5696,80,80.667433871595,51.6560760548564
5697,80,80.667433871595,51.6560760548564
5698,80,80.667433871595,51.6560760548564
5699,80,80.667433871595,51.6560760548564
5700,80,80.667433871595,51.6560760548564
5701,80,80.667433871595,51.6560760548564
5702,80,80.667433871595,51.6560760548564
5703,80,80.667433871595,51.6560760548564
5704,80,80.667433871595,51.6560760548564
5705,80,80.667433871595,51.6560760548564
5706,80,80.667433871595,51.6560760548564
5707,80,80.667433871595,51.6560760548564
5708,80,80.667433871595,51.6560760548564
5709,80,80.667433871595,51.6560760548564
5710,80,80.667433871595,51.6560760548564
5711,80,80.667433871595,51.6560760548564
5712,80,80.667433871595,51.6560760548564
5713,80,80.667433871595,51.6560760548564
5714,80,80.667433871595,51.6560760548564
5715,80,80.667433871595,51.6560760548564
5716,80,80.667433871595,51.6560760548564
5717,80,80.667433871595,51.6560760548564
5718,80,80.667433871595,51.6560760548564
5719,80,80.667433871595,51.6560760548564
5720,80,80.667433871595,51.6560760548564
5721,80,80.667433871595,51.6560760548564
5722,80,80.667433871595,51.6560760548564
5723,80,80.667433871595,51.6560760548564
5724,80,80.667433871595,51.6560760548564
5725,80,80.667433871595,51.6560760548564
5726,80,80.667433871595,51.6560760548564
5727,80,80.667433871595,51.6560760548564
5728,80,80.667433871595,51.6560760548564
5729,80,80.667433871595,51.6560760548564
5730,80,80.667433871595,51.6560760548564
5731,80,80.667433871595,51.6560760548564
5732,80,80.667433871595,51.6560760548564
5733,80,80.667433871595,51.6560760548564
5734,80,80.667433871595,51.6560760548564
5735,80,80.667433871595,51.6560760548564
5736,80,80.667433871595,51.6560760548564
5737,80,80.667433871595,51.6560760548564
5738,80,80.667433871595,51.6560760548564
5739,80,80.667433871595,51.6560760548564
5740,80,80.667433871595,51.6560760548564
5741,80,80.667433871595,51.6560760548564
5742,80,80.667433871595,51.6560760548564
5743,80,80.667433871595,51.6560760548564
5744,80,80.667433871595,51.6560760548564
5745,80,80.667433871595,51.6560760548564
5746,80,80.667433871595,51.6560760548564
5747,80,80.667433871595,51.6560760548564
5748,80,80.667433871595,51.6560760548564
5749,80,80.667433871595,51.6560760548564
5750,80,80.667433871595,51.6560760548564
5751,80,80.667433871595,51.6560760548564
5752,80,80.667433871595,51.6560760548564
5753,80,80.667433871595,51.6560760548564
5754,80,80.667433871595,51.6560760548564
5755,80,80.667433871595,51.6560760548564
5756,80,80.667433871595,51.6560760548564
5757,80,80.667433871595,51.6560760548564
5758,80,80.667433871595,51.6560760548564
5759,80,80.667433871595,51.6560760548564
5760,80,80.667433871595,51.6560760548564
5761,80,80.667433871595,51.6560760548564
5762,80,80.667433871595,51.6560760548564
5763,80,80.667433871595,51.6560760548564
5764,80,80.667433871595,51.6560760548564
5765,80,80.667433871595,51.6560760548564
5766,80,80.667433871595,51.6560760548564
5767,80,80.667433871595,51.6560760548564
5768,80,80.667433871595,51.6560760548564
5769,80,80.667433871595,51.6560760548564
5770,80,80.667433871595,51.6560760548564
5771,80,80.667433871595,51.6560760548564
5772,80,80.667433871595,51.6560760548564
5773,80,80.667433871595,51.6560760548564
5774,80,80.667433871595,51.6560760548564
5775,80,80.667433871595,51.6560760548564
5776,80,80.667433871595,51.6560760548564
5777,80,80.667433871595,51.6560760548564
5778,80,80.667433871595,51.6560760548564
5779,80,80.667433871595,51.6560760548564
5780,80,80.667433871595,51.6560760548564
5781,80,80.667433871595,51.6560760548564
5782,80,80.667433871595,51.6560760548564
5783,80,80.667433871595,51.6560760548564
5784,80,80.667433871595,51.6560760548564
5786,80,80.667433871595,51.6560760548564
5787,80,80.667433871595,51.6560760548564
5788,80,80.667433871595,51.6560760548564
5789,80,80.2357828972521,52.7504686612601
5790,80,80.2357828972521,52.7504686612601
5791,80,80.2357828972521,52.7504686612601
5792,80,80.2357828972521,52.7504686612601
5793,80,80.2357828972521,52.7504686612601
5794,80,80.2357828972521,52.7504686612601
5795,80,80.2357828972521,52.7504686612601
5796,80,80.2357828972521,52.7504686612601
5797,80,80.2357828972521,52.7504686612601
5798,80,80.2357828972521,52.7504686612601
5799,80,80.2357828972521,52.7504686612601
5800,80,80.2357828972521,52.7504686612601
5801,80,80.2357828972521,52.7504686612601
5802,80,80.2357828972521,52.7504686612601
5803,80,80.2357828972521,52.7504686612601
5804,80,80.2357828972521,52.7504686612601
5805,80,80.2357828972521,52.7504686612601
5806,80,80.2357828972521,52.7504686612601
5807,80,80.2357828972521,52.7504686612601
5808,80,80.2357828972521,52.7504686612601
5809,80,80.2357828972521,52.7504686612601
5810,80,80.2357828972521,52.7504686612601
5811,80,80.2357828972521,52.7504686612601
5812,80,80.2357828972521,52.7504686612601
5813,80,80.2357828972521,52.7504686612601
5814,80,80.2357828972521,52.7504686612601
5816,80,80.2357828972521,52.7504686612601
5817,80,80.2357828972521,52.7504686612601
5818,80,80.2357828972521,52.7504686612601
5819,80,80.2357828972521,52.7504686612601
5820,80,80.2357828972521,52.7504686612601
5821,80,80.2357828972521,52.7504686612601
5822,80,80.2357828972521,52.7504686612601
5823,80,80.2357828972521,52.7504686612601
5824,80,80.2357828972521,52.7504686612601
5825,80,80.2357828972521,52.7504686612601
5826,80,80.2357828972521,52.7504686612601
5827,80,80.2357828972521,52.7504686612601
5828,80,80.2357828972521,52.7504686612601
5829,80,80.2357828972521,52.7504686612601
5830,80,80.2357828972521,52.7504686612601
5831,80,80.2357828972521,52.7504686612601
5832,80,80.2357828972521,52.7504686612601
5833,80,80.2357828972521,52.7504686612601
5834,80,80.2357828972521,52.7504686612601
5835,80,80.2357828972521,52.7504686612601
5836,80,80.2357828972521,52.7504686612601
5837,80,80.2357828972521,52.7504686612601
5838,80,80.2357828972521,52.7504686612601
5839,80,80.2357828972521,52.7504686612601
5840,80,80.2357828972521,52.7504686612601
5841,80,80.2357828972521,52.7504686612601
5842,80,80.2357828972521,52.7504686612601
5843,80,80.2357828972521,52.7504686612601
5844,80,80.2357828972521,52.7504686612601
5846,80,80.2357828972521,52.7504686612601
5847,80,80.2357828972521,52.7504686612601
5848,80,80.2357828972521,52.7504686612601
5849,80,80.2357828972521,52.7504686612601
5850,80,80.2357828972521,52.7504686612601
5851,80,80.2357828972521,52.7504686612601
5852,80,80.2357828972521,52.7504686612601
5853,80,80.2357828972521,52.7504686612601
5854,80,80.2357828972521,52.7504686612601
5855,80,80.2357828972521,52.7504686612601
5856,80,80.2357828972521,52.7504686612601
5857,80,80.2357828972521,52.7504686612601
5858,80,80.2357828972521,52.7504686612601
5859,80,80.2357828972521,52.7504686612601
5860,80,80.2357828972521,52.7504686612601
5861,80,80.2357828972521,52.7504686612601
5862,80,80.2357828972521,52.7504686612601
5863,80,80.2357828972521,52.7504686612601
5864,80,80.2357828972521,52.7504686612601
5865,80,80.2357828972521,52.7504686612601
5866,80,80.2357828972521,52.7504686612601
5867,80,80.2357828972521,52.7504686612601
5868,80,80.2357828972521,52.7504686612601
5869,80,80.2357828972521,52.7504686612601
5870,80,80.2357828972521,52.7504686612601
5871,80,80.2357828972521,52.7504686612601
5872,80,80.2357828972521,52.7504686612601
5873,80,80.2357828972521,52.7504686612601
5874,80,80.2357828972521,52.7504686612601
5876,80,80.2357828972521,52.7504686612601
5877,80,80.2357828972521,52.7504686612601
5878,80,80.2357828972521,52.7504686612601
5879,80,80.2357828972521,52.7504686612601
5880,80,80.2357828972521,52.7504686612601
5881,80,80.2357828972521,52.7504686612601
5882,80,80.2357828972521,52.7504686612601
5883,80,80.2357828972521,52.7504686612601
5884,80,80.2357828972521,52.7504686612601
5885,80,80.2357828972521,52.7504686612601
5886,80,80.2357828972521,52.7504686612601
5887,80,80.2357828972521,52.7504686612601
5888,80,80.2357828972521,52.7504686612601
5889,80,80.2357828972521,52.7504686612601
5890,80,80.2357828972521,52.7504686612601
5891,80,80.2357828972521,52.7504686612601
5892,80,80.2357828972521,52.7504686612601
5893,80,80.2357828972521,52.7504686612601
5894,80,80.2357828972521,52.7504686612601
5895,80,80.2357828972521,52.7504686612601
5896,80,80.2357828972521,52.7504686612601
5897,80,80.2357828972521,52.7504686612601
5898,80,80.2357828972521,52.7504686612601
5899,80,80.2357828972521,52.7504686612601
5900,80,80.2357828972521,52.7504686612601
5901,80,80.2357828972521,52.7504686612601
5902,80,80.2357828972521,52.7504686612601
5903,80,80.2357828972521,52.7504686612601
5904,80,80.2357828972521,52.7504686612601
5906,80,80.2357828972521,52.7504686612601
5907,80,80.2357828972521,52.7504686612601
5908,80,80.2357828972521,52.7504686612601
5909,80,80.2357828972521,52.7504686612601
5910,80,80.2357828972521,52.7504686612601
5911,80,80.2357828972521,52.7504686612601
5912,80,80.2357828972521,52.7504686612601
5913,80,80.2357828972521,52.7504686612601
5914,80,80.2357828972521,52.7504686612601
5915,80,80.2357828972521,52.7504686612601
5916,80,80.2357828972521,52.7504686612601
5917,80,80.2357828972521,52.7504686612601
5918,80,80.2357828972521,52.7504686612601
5919,80,80.2357828972521,52.7504686612601
5920,80,80.2357828972521,52.7504686612601
5921,80,80.2357828972521,52.7504686612601
5922,80,80.2357828972521,52.7504686612601
5923,80,80.2357828972521,52.7504686612601
5924,80,80.2357828972521,52.7504686612601
5925,80,80.2357828972521,52.7504686612601
5926,80,80.2357828972521,52.7504686612601
5927,80,80.2357828972521,52.7504686612601
5928,80,80.2357828972521,52.7504686612601
5929,80,80.2357828972521,52.7504686612601
5930,80,80.2357828972521,52.7504686612601
5931,80,80.2357828972521,52.7504686612601
5932,80,80.2357828972521,52.7504686612601
5933,80,80.2357828972521,52.7504686612601
5934,80,80.2357828972521,52.7504686612601
5935,80,80.2357828972521,52.7504686612601
5936,80,80.2357828972521,52.7504686612601
5937,80,80.2357828972521,52.7504686612601
5938,80,80.2357828972521,52.7504686612601
5939,80,80.2357828972521,52.7504686612601
5940,80,80.2357828972521,52.7504686612601
5941,80,80.2357828972521,52.7504686612601
5942,80,80.2357828972521,52.7504686612601
5943,80,80.2357828972521,52.7504686612601
5944,80,80.2357828972521,52.7504686612601
5945,80,80.2357828972521,52.7504686612601
5946,80,80.2357828972521,52.7504686612601
5947,80,80.2357828972521,52.7504686612601
5948,80,80.2357828972521,52.7504686612601
5949,80,80.2357828972521,52.7504686612601
5950,80,80.2357828972521,52.7504686612601
5951,80,80.2357828972521,52.7504686612601
5952,80,80.2357828972521,52.7504686612601
5953,80,80.2357828972521,52.7504686612601
5954,80,80.2357828972521,52.7504686612601
5955,80,80.2357828972521,52.7504686612601
5956,80,80.2357828972521,52.7504686612601
5957,80,80.2357828972521,52.7504686612601
5958,80,80.2357828972521,52.7504686612601
5959,80,80.2357828972521,52.7504686612601
5960,80,80.2357828972521,52.7504686612601
5961,80,80.2357828972521,52.7504686612601
5962,80,80.2357828972521,52.7504686612601
5963,80,80.2357828972521,52.7504686612601
5964,80,80.2357828972521,52.7504686612601
5965,80,80.2357828972521,52.7504686612601
5967,80,80.2357828972521,52.7504686612601
5968,80,80.2357828972521,52.7504686612601
5969,80,80.2357828972521,52.7504686612601
5970,80,80.2357828972521,52.7504686612601
5971,80,80.2357828972521,52.7504686612601
5972,80,80.2357828972521,52.7504686612601
5973,80,80.2357828972521,52.7504686612601
5974,80,80.2357828972521,52.7504686612601
5975,80,80.2357828972521,52.7504686612601
5976,80,80.2357828972521,52.7504686612601
5977,80,80.2357828972521,52.7504686612601
5978,80,80.2357828972521,52.7504686612601
5979,80,80.2357828972521,52.7504686612601
5980,80,80.2357828972521,52.7504686612601
5981,80,80.2357828972521,52.7504686612601
5982,80,80.2357828972521,52.7504686612601
5983,80,80.2357828972521,52.7504686612601
5984,80,80.2357828972521,52.7504686612601
5985,80,80.2357828972521,52.7504686612601
5986,80,80.2357828972521,52.7504686612601
5987,80,80.2357828972521,52.7504686612601
5988,80,80.2357828972521,52.7504686612601
5989,80,80.2357828972521,52.7504686612601
5990,80,80.2357828972521,52.7504686612601
5991,80,80.2357828972521,52.7504686612601
5992,80,80.2357828972521,52.7504686612601
5993,80,80.2357828972521,52.7504686612601
5994,80,80.2357828972521,52.7504686612601
5995,80,80.2357828972521,52.7504686612601
5996,80,80.2357828972521,52.7504686612601
5997,80,80.2357828972521,52.7504686612601
5998,80,80.2357828972521,52.7504686612601
5999,80,80.2357828972521,52.7504686612601
6000,80,80.2357828972521,52.7504686612601
6001,80,80.2357828972521,52.7504686612601
6002,80,80.2357828972521,52.7504686612601
6003,80,80.2357828972521,52.7504686612601
6004,80,80.2357828972521,52.7504686612601
6005,80,80.2357828972521,52.7504686612601
6006,80,80.2357828972521,52.7504686612601
6007,80,80.2357828972521,52.7504686612601
6008,80,80.2357828972521,52.7504686612601
6009,80,80.2357828972521,52.7504686612601
6010,80,80.2357828972521,52.7504686612601
6011,80,80.2357828972521,52.7504686612601
6012,80,80.2357828972521,52.7504686612601
6013,80,80.2357828972521,52.7504686612601
6014,80,80.2357828972521,52.7504686612601
6015,80,80.2357828972521,52.7504686612601
6016,80,80.2357828972521,52.7504686612601
6017,80,80.2357828972521,52.7504686612601
6018,80,80.2357828972521,52.7504686612601
6019,80,80.2357828972521,52.7504686612601
6020,80,80.2357828972521,52.7504686612601
6021,80,80.2357828972521,52.7504686612601
6022,80,80.2357828972521,52.7504686612601
6023,80,80.2357828972521,52.7504686612601
6024,80,80.2357828972521,52.7504686612601
6025,80,80.2357828972521,52.7504686612601
6027,80,80.2357828972521,52.7504686612601
6028,80,80.2357828972521,52.7504686612601
6029,80,80.2357828972521,52.7504686612601
6030,80,80.2357828972521,52.7504686612601
6031,80,80.2357828972521,52.7504686612601
6032,80,80.2357828972521,52.7504686612601
6033,80,80.2357828972521,52.7504686612601
6034,80,80.2357828972521,52.7504686612601
6035,80,80.2357828972521,52.7504686612601
6036,80,80.2357828972521,52.7504686612601
6037,80,80.2357828972521,52.7504686612601
6038,80,80.2357828972521,52.7504686612601
6039,80,80.2357828972521,52.7504686612601
6040,80,80.2357828972521,52.7504686612601
6041,80,80.2357828972521,52.7504686612601
6042,80,80.2357828972521,52.7504686612601
6043,80,80.2357828972521,52.7504686612601
6044,80,80.2357828972521,52.7504686612601
6045,80,80.2357828972521,52.7504686612601
6046,80,80.2357828972521,52.7504686612601
6047,80,80.2357828972521,52.7504686612601
6048,80,80.2357828972521,52.7504686612601
6049,80,80.2357828972521,52.7504686612601
6050,80,80.2357828972521,52.7504686612601
6051,80,80.2357828972521,52.7504686612601
6052,80,80.2357828972521,52.7504686612601
6053,80,80.2357828972521,52.7504686612601
6054,80,80.2357828972521,52.7504686612601
6055,80,80.2357828972521,52.7504686612601
6057,80,80.2357828972521,52.7504686612601
6058,80,80.2357828972521,52.7504686612601
6059,80,80.2357828972521,52.7504686612601
6060,80,80.2357828972521,52.7504686612601
6061,80,80.2357828972521,52.7504686612601
6062,80,80.2357828972521,52.7504686612601
6063,80,80.2357828972521,52.7504686612601
6064,80,80.2357828972521,52.7504686612601
6065,80,80.2357828972521,52.7504686612601
6066,80,80.2357828972521,52.7504686612601
6067,80,80.2357828972521,52.7504686612601
6068,80,80.2357828972521,52.7504686612601
6069,80,80.2357828972521,52.7504686612601
6070,80,80.2357828972521,52.7504686612601
6071,80,80.2357828972521,52.7504686612601
6072,80,80.2357828972521,52.7504686612601
6073,80,80.2357828972521,52.7504686612601
6074,80,80.2357828972521,52.7504686612601
6075,80,80.4712362261645,51.8312106118874
6076,80,80.4712362261645,51.8312106118874
6077,80,80.4712362261645,51.8312106118874
6078,80,80.4712362261645,51.8312106118874
6079,80,80.4712362261645,51.8312106118874
6080,80,80.4712362261645,51.8312106118874
6081,80,80.4712362261645,51.8312106118874
6082,80,80.4712362261645,51.8312106118874
6083,80,80.4712362261645,51.8312106118874
6084,80,80.4712362261645,51.8312106118874
6085,80,80.4712362261645,51.8312106118874
6087,80,80.4712362261645,51.8312106118874
6088,80,80.4712362261645,51.8312106118874
6089,80,80.4712362261645,51.8312106118874
6090,80,80.4712362261645,51.8312106118874
6091,80,80.4712362261645,51.8312106118874
6092,80,80.4712362261645,51.8312106118874
6093,80,80.4712362261645,51.8312106118874
6094,80,80.4712362261645,51.8312106118874
6095,80,80.4712362261645,51.8312106118874
6096,80,80.4712362261645,51.8312106118874
6097,80,80.4712362261645,51.8312106118874
6098,80,80.4712362261645,51.8312106118874
6099,80,80.4712362261645,51.8312106118874
6100,80,80.4712362261645,51.8312106118874
6101,80,80.4712362261645,51.8312106118874
6102,80,80.4712362261645,51.8312106118874
6103,80,80.4712362261645,51.8312106118874
6104,80,80.4712362261645,51.8312106118874
6105,80,80.4712362261645,51.8312106118874
6106,80,80.4712362261645,51.8312106118874
6107,80,80.4712362261645,51.8312106118874
6108,80,80.4712362261645,51.8312106118874
6109,80,80.4712362261645,51.8312106118874
6110,80,80.4712362261645,51.8312106118874
6111,80,80.4712362261645,51.8312106118874
6112,80,80.4712362261645,51.8312106118874
6113,80,80.4712362261645,51.8312106118874
6114,80,80.4712362261645,51.8312106118874
6115,80,80.4712362261645,51.8312106118874
6116,80,80.4712362261645,51.8312106118874
6118,80,80.4712362261645,51.8312106118874
6119,80,80.4712362261645,51.8312106118874
6120,80,80.4712362261645,51.8312106118874
6121,80,80.4712362261645,51.8312106118874
6122,80,80.4712362261645,51.8312106118874
6123,80,80.4712362261645,51.8312106118874
6124,80,80.4712362261645,51.8312106118874
6125,80,80.4712362261645,51.8312106118874
6126,80,80.4712362261645,51.8312106118874
6127,80,80.4712362261645,51.8312106118874
6128,80,80.4712362261645,51.8312106118874
6129,80,80.4712362261645,51.8312106118874
6130,80,80.4712362261645,51.8312106118874
6131,80,80.4712362261645,51.8312106118874
6132,80,80.4712362261645,51.8312106118874
6133,80,80.4712362261645,51.8312106118874
6134,80,80.4712362261645,51.8312106118874
6135,80,80.4712362261645,51.8312106118874
6136,80,80.4712362261645,51.8312106118874
6137,80,80.4712362261645,51.8312106118874
6138,80,80.4712362261645,51.8312106118874
6139,80,80.4712362261645,51.8312106118874
6140,80,80.4712362261645,51.8312106118874
6141,80,80.4712362261645,51.8312106118874
6142,80,80.4712362261645,51.8312106118874
6143,80,80.4712362261645,51.8312106118874
6144,80,80.4712362261645,51.8312106118874
6145,80,80.4712362261645,51.8312106118874
6146,80,80.4712362261645,51.8312106118874
6147,80,80.4712362261645,51.8312106118874
6148,80,80.4712362261645,51.8312106118874
6149,80,80.4712362261645,51.8312106118874
6150,80,80.4712362261645,51.8312106118874
6151,80,80.4712362261645,51.8312106118874
6152,80,80.4712362261645,51.8312106118874
6153,80,80.4712362261645,51.8312106118874
6154,80,80.4712362261645,51.8312106118874
6155,80,80.4712362261645,51.8312106118874
6156,80,80.4712362261645,51.8312106118874
6157,80,80.4712362261645,51.8312106118874
6158,80,80.4712362261645,51.8312106118874
6159,80,80.4712362261645,51.8312106118874
6160,80,80.4712362261645,51.8312106118874
6161,80,80.4712362261645,51.8312106118874
6162,80,80.4712362261645,51.8312106118874
6163,80,80.4712362261645,51.8312106118874
6164,80,80.4712362261645,51.8312106118874
6165,80,80.4712362261645,51.8312106118874
6166,80,80.4712362261645,51.8312106118874
6167,80,80.4712362261645,51.8312106118874
6168,80,80.4712362261645,51.8312106118874
6169,80,80.4712362261645,51.8312106118874
6170,80,80.4712362261645,51.8312106118874
6171,80,80.4712362261645,51.8312106118874
6172,80,80.4712362261645,51.8312106118874
6173,80,80.4712362261645,51.8312106118874
6174,80,80.4712362261645,51.8312106118874
6175,80,80.4712362261645,51.8312106118874
6176,80,80.4712362261645,51.8312106118874
6177,80,80.4712362261645,51.8312106118874
6178,80,80.4712362261645,51.8312106118874
6179,80,80.4712362261645,51.8312106118874
6180,80,80.4712362261645,51.8312106118874
6181,80,80.4712362261645,51.8312106118874
6182,80,80.4712362261645,51.8312106118874
6183,80,80.4712362261645,51.8312106118874
6184,80,80.4712362261645,51.8312106118874
6185,80,80.4712362261645,51.8312106118874
6186,80,80.4712362261645,51.8312106118874
6187,80,80.4712362261645,51.8312106118874
6188,80,80.4712362261645,51.8312106118874
6189,80,80.4712362261645,51.8312106118874
6190,80,80.4712362261645,51.8312106118874
6191,80,80.4712362261645,51.8312106118874
6192,80,80.4712362261645,51.8312106118874
6193,80,80.4712362261645,51.8312106118874
6194,80,80.4712362261645,51.8312106118874
6195,80,80.4712362261645,51.8312106118874
6196,80,80.4712362261645,51.8312106118874
6197,80,80.4712362261645,51.8312106118874
6198,80,80.4712362261645,51.8312106118874
6199,80,80.4712362261645,51.8312106118874
6200,80,80.4712362261645,51.8312106118874
6201,80,80.4712362261645,51.8312106118874
6202,80,80.4712362261645,51.8312106118874
6203,80,80.4712362261645,51.8312106118874
6204,80,80.4712362261645,51.8312106118874
6205,80,80.4712362261645,51.8312106118874
6206,80,80.4712362261645,51.8312106118874
6208,80,80.4712362261645,51.8312106118874
6209,80,80.4712362261645,51.8312106118874
6210,80,80.4712362261645,51.8312106118874
6211,80,80.4712362261645,51.8312106118874
6212,80,80.4712362261645,51.8312106118874
6213,80,80.4712362261645,51.8312106118874
6214,80,80.4712362261645,51.8312106118874
6215,80,80.4712362261645,51.8312106118874
6216,80,80.4712362261645,51.8312106118874
6217,80,80.4712362261645,51.8312106118874
6218,80,80.4712362261645,51.8312106118874
6219,80,80.4712362261645,51.8312106118874
6220,80,80.4712362261645,51.8312106118874
6221,80,80.4712362261645,51.8312106118874
6222,80,80.4712362261645,51.8312106118874
6223,80,80.4712362261645,51.8312106118874
6224,80,80.4712362261645,51.8312106118874
6225,80,80.4712362261645,51.8312106118874
6226,80,80.4712362261645,51.8312106118874
6227,80,80.4712362261645,51.8312106118874
6228,80,80.4712362261645,51.8312106118874
6229,80,80.4712362261645,51.8312106118874
6230,80,80.4712362261645,51.8312106118874
6231,80,80.4712362261645,51.8312106118874
6232,80,80.4712362261645,51.8312106118874
6233,80,80.4712362261645,51.8312106118874
6234,80,80.4712362261645,51.8312106118874
6235,80,80.4712362261645,51.8312106118874
6236,80,80.4712362261645,51.8312106118874
6238,80,80.4712362261645,51.8312106118874
6239,80,80.4712362261645,51.8312106118874
6240,80,80.4712362261645,51.8312106118874
6241,80,80.4712362261645,51.8312106118874
6242,80,80.4712362261645,51.8312106118874
6243,80,80.4712362261645,51.8312106118874
6244,80,80.4712362261645,51.8312106118874
6245,80,80.4712362261645,51.8312106118874
6246,80,80.4712362261645,51.8312106118874
6247,80,80.4712362261645,51.8312106118874
6248,80,80.4712362261645,51.8312106118874
6249,80,80.4712362261645,51.8312106118874
6250,80,80.4712362261645,51.8312106118874
6251,80,80.4712362261645,51.8312106118874
6252,80,80.4712362261645,51.8312106118874
6253,80,80.4712362261645,51.8312106118874
6254,80,80.4712362261645,51.8312106118874
6255,80,80.4712362261645,51.8312106118874
6256,80,80.4712362261645,51.8312106118874
6257,80,80.4712362261645,51.8312106118874
6258,80,80.4712362261645,51.8312106118874
6259,80,80.4712362261645,51.8312106118874
6260,80,80.4712362261645,51.8312106118874
6261,80,80.4712362261645,51.8312106118874
6262,80,80.4712362261645,51.8312106118874
6263,80,80.4712362261645,51.8312106118874
6264,80,80.4712362261645,51.8312106118874
6265,80,80.4712362261645,51.8312106118874
6266,80,80.4712362261645,51.8312106118874
6267,80,80.4712362261645,51.8312106118874
6268,80,80.4712362261645,51.8312106118874
6269,80,80.4712362261645,51.8312106118874
6270,80,80.4712362261645,51.8312106118874
6271,80,80.4712362261645,51.8312106118874
6272,80,80.4712362261645,51.8312106118874
6273,80,80.4712362261645,51.8312106118874
6274,80,80.4712362261645,51.8312106118874
6275,80,80.4712362261645,51.8312106118874
6276,80,80.4712362261645,51.8312106118874
6277,80,80.4712362261645,51.8312106118874
6278,80,80.4712362261645,51.8312106118874
6279,80,80.4712362261645,51.8312106118874
6280,80,80.4712362261645,51.8312106118874
6281,80,80.4712362261645,51.8312106118874
6282,80,80.4712362261645,51.8312106118874
6283,80,80.4712362261645,51.8312106118874
6284,80,80.4712362261645,51.8312106118874
6285,80,80.4712362261645,51.8312106118874
6286,80,80.4712362261645,51.8312106118874
6287,80,80.4712362261645,51.8312106118874
6288,80,80.4712362261645,51.8312106118874
6289,80,80.4712362261645,51.8312106118874
6290,80,80.4712362261645,51.8312106118874
6291,80,80.4712362261645,51.8312106118874
6292,80,80.4712362261645,51.8312106118874
6293,80,80.4712362261645,51.8312106118874
6294,80,80.4712362261645,51.8312106118874
6295,80,80.4712362261645,51.8312106118874
6296,80,80.4712362261645,51.8312106118874
6298,80,80.4712362261645,51.8312106118874
6299,80,80.4712362261645,51.8312106118874
6300,80,80.4712362261645,51.8312106118874
6301,80,80.4712362261645,51.8312106118874
6302,80,80.4712362261645,51.8312106118874
6303,80,80.4712362261645,51.8312106118874
6304,80,80.4712362261645,51.8312106118874
6305,80,80.4712362261645,51.8312106118874
6306,80,80.4712362261645,51.8312106118874
6307,80,80.4712362261645,51.8312106118874
6308,80,80.4712362261645,51.8312106118874
6309,80,80.4712362261645,51.8312106118874
6310,80,80.4712362261645,51.8312106118874
6311,80,80.4712362261645,51.8312106118874
6312,80,80.4712362261645,51.8312106118874
6313,80,80.4712362261645,51.8312106118874
6314,80,80.4712362261645,51.8312106118874
6315,80,80.4712362261645,51.8312106118874
6316,80,80.4712362261645,51.8312106118874
6317,80,80.4712362261645,51.8312106118874
6318,80,80.4712362261645,51.8312106118874
6319,80,80.4712362261645,51.8312106118874
6320,80,80.4712362261645,51.8312106118874
6321,80,80.4712362261645,51.8312106118874
6322,80,80.4712362261645,51.8312106118874
6323,80,80.4712362261645,51.8312106118874
6324,80,80.4712362261645,51.8312106118874
6325,80,80.4712362261645,51.8312106118874
6326,80,80.4712362261645,51.8312106118874
6327,80,80.4712362261645,51.8312106118874
6329,80,80.4712362261645,51.8312106118874
6330,80,80.4712362261645,51.8312106118874
6331,80,80.4712362261645,51.8312106118874
6332,80,80.4712362261645,51.8312106118874
6333,80,80.4712362261645,51.8312106118874
6334,80,80.4712362261645,51.8312106118874
6335,80,80.4712362261645,51.8312106118874
6336,80,80.4712362261645,51.8312106118874
6337,80,80.4712362261645,51.8312106118874
6338,80,80.4712362261645,51.8312106118874
6339,80,80.4712362261645,51.8312106118874
6340,80,80.4712362261645,51.8312106118874
6341,80,80.4712362261645,51.8312106118874
6342,80,80.4712362261645,51.8312106118874
6343,80,80.4712362261645,51.8312106118874
6344,80,80.4712362261645,51.8312106118874
6345,80,80.4712362261645,51.8312106118874
6346,80,80.4712362261645,51.8312106118874
6347,80,80.4712362261645,51.8312106118874
6348,80,80.4712362261645,51.8312106118874
6349,80,80.4712362261645,51.8312106118874
6350,80,80.4712362261645,51.8312106118874
6351,80,80.4712362261645,51.8312106118874
6352,80,80.4712362261645,51.8312106118874
6353,80,80.4712362261645,51.8312106118874
6354,80,80.4712362261645,51.8312106118874
6355,80,80.4712362261645,51.8312106118874
6356,80,80.4712362261645,51.8312106118874
6357,80,80.4712362261645,51.8312106118874
6358,80,80.4712362261645,51.8312106118874
6359,80,80.4949556487025,51.9703951616358
6360,80,80.5028621228819,52.0167900115519
6361,80,80.5028621228819,52.0167900115519
6362,80,80.5028621228819,52.0167900115519
6363,80,80.5028621228819,52.0167900115519
6364,80,80.5028621228819,52.0167900115519
6365,80,80.5028621228819,52.0167900115519
6366,80,80.5028621228819,52.0167900115519
6367,80,80.5028621228819,52.0167900115519
6368,80,80.5028621228819,52.0167900115519
6369,80,80.5028621228819,52.0167900115519
6370,80,80.5028621228819,52.0167900115519
6371,80,80.5028621228819,52.0167900115519
6372,80,80.5028621228819,52.0167900115519
6373,80,80.5028621228819,52.0167900115519
6374,80,80.5028621228819,52.0167900115519
6375,80,80.5028621228819,52.0167900115519
6376,80,80.5028621228819,52.0167900115519
6377,80,80.5028621228819,52.0167900115519
6378,80,80.5028621228819,52.0167900115519
6379,80,80.5028621228819,52.0167900115519
6380,80,80.5028621228819,52.0167900115519
6381,80,80.5028621228819,52.0167900115519
6382,80,80.5028621228819,52.0167900115519
6383,80,80.5028621228819,52.0167900115519
6384,80,80.5028621228819,52.0167900115519
6385,80,80.5028621228819,52.0167900115519
6386,80,80.5028621228819,52.0167900115519
6387,80,80.5028621228819,52.0167900115519
6389,80,80.5028621228819,52.0167900115519
6390,80,80.5028621228819,52.0167900115519
6391,80,80.5028621228819,52.0167900115519
6392,80,80.5028621228819,52.0167900115519
6393,80,80.5028621228819,52.0167900115519
6394,80,80.5028621228819,52.0167900115519
6395,80,80.5028621228819,52.0167900115519
6396,80,80.5028621228819,52.0167900115519
6397,80,80.5028621228819,52.0167900115519
6398,80,80.5028621228819,52.0167900115519
6399,80,80.5028621228819,52.0167900115519
6400,80,80.5028621228819,52.0167900115519
6401,80,80.5028621228819,52.0167900115519
6402,80,80.5028621228819,52.0167900115519
6403,80,80.5028621228819,52.0167900115519
6404,80,80.5028621228819,52.0167900115519
6405,80,80.5028621228819,52.0167900115519
6406,80,80.5028621228819,52.0167900115519
6407,80,80.5028621228819,52.0167900115519
6408,80,80.5028621228819,52.0167900115519
6409,80,80.5028621228819,52.0167900115519
6410,80,80.5028621228819,52.0167900115519
6411,80,80.5028621228819,52.0167900115519
6412,80,80.5028621228819,52.0167900115519
6413,80,80.5028621228819,52.0167900115519
6414,80,80.5028621228819,52.0167900115519
6415,80,80.5028621228819,52.0167900115519
6416,80,80.5028621228819,52.0167900115519
6417,80,80.5028621228819,52.0167900115519
6419,80,80.5028621228819,52.0167900115519
6420,80,80.5028621228819,52.0167900115519
6421,80,80.5028621228819,52.0167900115519
6422,80,80.5028621228819,52.0167900115519
6423,80,80.5028621228819,52.0167900115519
6424,80,80.5028621228819,52.0167900115519
6425,80,80.5028621228819,52.0167900115519
6426,80,80.5028621228819,52.0167900115519
6427,80,80.5028621228819,52.0167900115519
6428,80,80.5028621228819,52.0167900115519
6429,80,80.5028621228819,52.0167900115519
6430,80,80.5028621228819,52.0167900115519
6431,80,80.5028621228819,52.0167900115519
6432,80,80.5028621228819,52.0167900115519
6433,80,80.5028621228819,52.0167900115519
6434,80,80.5028621228819,52.0167900115519
6435,80,80.5028621228819,52.0167900115519
6436,80,80.5028621228819,52.0167900115519
6437,80,80.5028621228819,52.0167900115519
6438,80,80.5028621228819,52.0167900115519
6439,80,80.5028621228819,52.0167900115519
6440,80,80.5028621228819,52.0167900115519
6441,80,80.5028621228819,52.0167900115519
6442,80,80.5028621228819,52.0167900115519
6443,80,80.5028621228819,52.0167900115519
6444,80,80.5028621228819,52.0167900115519
6445,80,80.5028621228819,52.0167900115519
6446,80,80.5028621228819,52.0167900115519
6447,80,80.5028621228819,52.0167900115519
6448,80,80.5028621228819,52.0167900115519
6449,80,80.5028621228819,52.0167900115519
6450,80,80.5028621228819,52.0167900115519
6451,80,80.5028621228819,52.0167900115519
6452,80,80.5028621228819,52.0167900115519
6453,80,80.5028621228819,52.0167900115519
6454,80,80.5028621228819,52.0167900115519
6455,80,80.5028621228819,52.0167900115519
6456,80,80.5028621228819,52.0167900115519
6457,80,80.5028621228819,52.0167900115519
6458,80,80.5028621228819,52.0167900115519
6459,80,80.5028621228819,52.0167900115519
6460,80,80.5028621228819,52.0167900115519
6461,80,80.5028621228819,52.0167900115519
6462,80,80.5028621228819,52.0167900115519
6463,80,80.5028621228819,52.0167900115519
6464,80,80.5028621228819,52.0167900115519
6465,80,80.5028621228819,52.0167900115519
6466,80,80.5028621228819,52.0167900115519
6467,80,80.5028621228819,52.0167900115519
6468,80,80.5028621228819,52.0167900115519
6469,80,80.5028621228819,52.0167900115519
6470,80,80.5028621228819,52.0167900115519
6471,80,80.5028621228819,52.0167900115519
6472,80,80.5028621228819,52.0167900115519
6473,80,80.5028621228819,52.0167900115519
6474,80,80.5028621228819,52.0167900115519
6475,80,80.5028621228819,52.0167900115519
6476,80,80.5028621228819,52.0167900115519
6477,80,80.5028621228819,52.0167900115519
6478,80,80.5028621228819,52.0167900115519
6479,80,80.5028621228819,52.0167900115519
6480,80,80.5028621228819,52.0167900115519
6481,80,80.5028621228819,52.0167900115519
6482,80,80.5028621228819,52.0167900115519
6483,80,80.5028621228819,52.0167900115519
6484,80,80.5028621228819,52.0167900115519
6485,80,80.5028621228819,52.0167900115519
6486,80,80.5028621228819,52.0167900115519
6487,80,80.5028621228819,52.0167900115519
6488,80,80.5028621228819,52.0167900115519
6489,80,80.5028621228819,52.0167900115519
6490,80,80.5028621228819,52.0167900115519
6491,80,80.5028621228819,52.0167900115519
6492,80,80.5028621228819,52.0167900115519
6493,80,80.5028621228819,52.0167900115519
6494,80,80.5028621228819,52.0167900115519
6495,80,80.5028621228819,52.0167900115519
6496,80,80.5028621228819,52.0167900115519
6497,80,80.5028621228819,52.0167900115519
6498,80,80.5028621228819,52.0167900115519
6499,80,80.5028621228819,52.0167900115519
6500,80,80.5028621228819,52.0167900115519
6501,80,80.5028621228819,52.0167900115519
6502,80,80.5028621228819,52.0167900115519
6503,80,80.5028621228819,52.0167900115519
6504,80,80.5028621228819,52.0167900115519
6505,80,80.5028621228819,52.0167900115519
6506,80,80.5028621228819,52.0167900115519
6507,80,80.5028621228819,52.0167900115519
6508,80,80.5028621228819,52.0167900115519
6509,80,80.5028621228819,52.0167900115519
6510,80,80.5028621228819,52.0167900115519
6511,80,80.5028621228819,52.0167900115519
6512,80,80.5028621228819,52.0167900115519
6513,80,80.5028621228819,52.0167900115519
6514,80,80.5028621228819,52.0167900115519
6515,80,80.5028621228819,52.0167900115519
6516,80,80.5028621228819,52.0167900115519
6517,80,80.5028621228819,52.0167900115519
6518,80,80.5028621228819,52.0167900115519
6519,80,80.5028621228819,52.0167900115519
6520,80,80.5028621228819,52.0167900115519
6521,80,80.5028621228819,52.0167900115519
6522,80,80.5028621228819,52.0167900115519
6523,80,80.5028621228819,52.0167900115519
6524,80,80.5028621228819,52.0167900115519
6525,80,80.5028621228819,52.0167900115519
6526,80,80.5028621228819,52.0167900115519
6527,80,80.5028621228819,52.0167900115519
6528,80,80.5028621228819,52.0167900115519
6529,80,80.5028621228819,52.0167900115519
6530,80,80.5028621228819,52.0167900115519
6531,80,80.5028621228819,52.0167900115519
6532,80,80.5028621228819,52.0167900115519
6533,80,80.5028621228819,52.0167900115519
6534,80,80.5028621228819,52.0167900115519
6535,80,80.5028621228819,52.0167900115519
6536,80,80.5028621228819,52.0167900115519
6537,80,80.5028621228819,52.0167900115519
6538,80,80.5028621228819,52.0167900115519
6539,80,80.5028621228819,52.0167900115519
6540,80,80.5028621228819,52.0167900115519
6541,80,80.5028621228819,52.0167900115519
6542,80,80.5028621228819,52.0167900115519
6543,80,80.5028621228819,52.0167900115519
6544,80,80.5028621228819,52.0167900115519
6545,80,80.5028621228819,52.0167900115519
6546,80,80.5028621228819,52.0167900115519
6547,80,80.5028621228819,52.0167900115519
6548,80,80.5028621228819,52.0167900115519
6549,80,80.5028621228819,52.0167900115519
6550,80,80.5028621228819,52.0167900115519
6551,80,80.5028621228819,52.0167900115519
6552,80,80.5028621228819,52.0167900115519
6553,80,80.5028621228819,52.0167900115519
6554,80,80.5028621228819,52.0167900115519
6555,80,80.5028621228819,52.0167900115519
6556,80,80.5028621228819,52.0167900115519
6557,80,80.5028621228819,52.0167900115519
6558,80,80.5028621228819,52.0167900115519
6559,80,80.5028621228819,52.0167900115519
6560,80,80.5028621228819,52.0167900115519
6561,80,80.5028621228819,52.0167900115519
6562,80,80.5028621228819,52.0167900115519
6563,80,80.5028621228819,52.0167900115519
6564,80,80.5028621228819,52.0167900115519
6565,80,80.5028621228819,52.0167900115519
6566,80,80.5028621228819,52.0167900115519
6567,80,80.5028621228819,52.0167900115519
6568,80,80.5028621228819,52.0167900115519
6570,80,80.5028621228819,52.0167900115519
6571,80,80.5028621228819,52.0167900115519
6572,80,80.5028621228819,52.0167900115519
6573,80,80.5028621228819,52.0167900115519
6574,80,80.5028621228819,52.0167900115519
6575,80,80.5028621228819,52.0167900115519
6576,80,80.5028621228819,52.0167900115519
6577,80,80.5028621228819,52.0167900115519
6578,80,80.5028621228819,52.0167900115519
6579,80,80.5028621228819,52.0167900115519
6580,80,80.5028621228819,52.0167900115519
6581,80,80.5028621228819,52.0167900115519
6582,80,80.5028621228819,52.0167900115519
6583,80,80.5028621228819,52.0167900115519
6584,80,80.5028621228819,52.0167900115519
6585,80,80.5028621228819,52.0167900115519
6586,80,80.5028621228819,52.0167900115519
6587,80,80.5028621228819,52.0167900115519
6588,80,80.5028621228819,52.0167900115519
6589,80,80.5028621228819,52.0167900115519
6590,80,80.5028621228819,52.0167900115519
6591,80,80.5028621228819,52.0167900115519
6592,80,80.5028621228819,52.0167900115519
6593,80,80.5028621228819,52.0167900115519
6594,80,80.5028621228819,52.0167900115519
6595,80,80.5028621228819,52.0167900115519
6596,80,80.5028621228819,52.0167900115519
6597,80,80.5028621228819,52.0167900115519
6598,80,80.5028621228819,52.0167900115519
6600,80,80.5028621228819,52.0167900115519
6601,80,80.5028621228819,52.0167900115519
6602,80,80.5028621228819,52.0167900115519
6603,80,80.5028621228819,52.0167900115519
6604,80,80.5028621228819,52.0167900115519
6605,80,80.5028621228819,52.0167900115519
6606,80,80.5028621228819,52.0167900115519
6607,80,80.5028621228819,52.0167900115519
6608,80,80.5028621228819,52.0167900115519
6609,80,80.5028621228819,52.0167900115519
6610,80,80.5028621228819,52.0167900115519
6611,80,80.5028621228819,52.0167900115519
6612,80,80.5028621228819,52.0167900115519
6613,80,80.5028621228819,52.0167900115519
6614,80,80.5028621228819,52.0167900115519
6615,80,80.5028621228819,52.0167900115519
6616,80,80.5028621228819,52.0167900115519
6617,80,80.5028621228819,52.0167900115519
6618,80,80.5028621228819,52.0167900115519
6619,80,80.5028621228819,52.0167900115519
6620,80,80.5028621228819,52.0167900115519
6621,80,80.5028621228819,52.0167900115519
6622,80,80.5028621228819,52.0167900115519
6623,80,80.5028621228819,52.0167900115519
6624,80,80.5028621228819,52.0167900115519
6625,80,80.5028621228819,52.0167900115519
6626,80,80.5028621228819,52.0167900115519
6627,80,80.5028621228819,52.0167900115519
6628,80,80.5028621228819,52.0167900115519
6629,80,80.5028621228819,52.0167900115519
6630,80,80.5028621228819,52.0167900115519
6631,80,80.5028621228819,52.0167900115519
6632,80,80.5028621228819,52.0167900115519
6633,80,80.5028621228819,52.0167900115519
6634,80,80.5028621228819,52.0167900115519
6635,80,80.5028621228819,52.0167900115519
6636,80,80.5028621228819,52.0167900115519
6637,80,80.5028621228819,52.0167900115519
6638,80,80.5607388115246,52.3577596276153
6639,80,80.5607388115246,52.3577596276153
6640,80,80.5607388115246,52.3577596276153
6641,80,80.5607388115246,52.3577596276153
6642,80,80.5607388115246,52.3577596276153
6643,80,80.5607388115246,52.3577596276153
6644,80,80.5607388115246,52.3577596276153
6645,80,80.5607388115246,52.3577596276153
6646,80,80.5607388115246,52.3577596276153
6647,80,80.5607388115246,52.3577596276153
6648,80,80.5607388115246,52.3577596276153
6649,80,80.5607388115246,52.3577596276153
6650,80,80.5607388115246,52.3577596276153
6651,80,80.5607388115246,52.3577596276153
6652,80,80.5607388115246,52.3577596276153
6653,80,80.5607388115246,52.3577596276153
6654,80,80.5607388115246,52.3577596276153
6655,80,80.5607388115246,52.3577596276153
6656,80,80.5607388115246,52.3577596276153
6657,80,80.5607388115246,52.3577596276153
6658,80,80.5607388115246,52.3577596276153
6660,80,80.5607388115246,52.3577596276153
6661,80,80.5607388115246,52.3577596276153
6662,80,80.5607388115246,52.3577596276153
6663,80,80.5607388115246,52.3577596276153
6664,80,80.5607388115246,52.3577596276153
6665,80,80.5607388115246,52.3577596276153
6666,80,80.5607388115246,52.3577596276153
6667,80,80.5607388115246,52.3577596276153
6668,80,80.5607388115246,52.3577596276153
6669,80,80.5607388115246,52.3577596276153
6670,80,80.5607388115246,52.3577596276153
6671,80,80.5607388115246,52.3577596276153
6672,80,80.5607388115246,52.3577596276153
6673,80,80.5607388115246,52.3577596276153
6674,80,80.5607388115246,52.3577596276153
6675,80,80.5607388115246,52.3577596276153
6676,80,80.5607388115246,52.3577596276153
6677,80,80.5607388115246,52.3577596276153
6678,80,80.5607388115246,52.3577596276153
6679,80,80.5607388115246,52.3577596276153
6680,80,80.5607388115246,52.3577596276153
6681,80,80.5607388115246,52.3577596276153
6682,80,80.5607388115246,52.3577596276153
6683,80,80.5607388115246,52.3577596276153
6684,80,80.5607388115246,52.3577596276153
6685,80,80.5607388115246,52.3577596276153
6686,80,80.5607388115246,52.3577596276153
6687,80,80.5607388115246,52.3577596276153
6688,80,80.5607388115246,52.3577596276153
6690,80,80.5607388115246,52.3577596276153
6691,80,80.5607388115246,52.3577596276153
6692,80,80.5607388115246,52.3577596276153
6693,80,80.5607388115246,52.3577596276153
6694,80,80.5607388115246,52.3577596276153
6695,80,80.5607388115246,52.3577596276153
6696,80,80.5607388115246,52.3577596276153
6697,80,80.5607388115246,52.3577596276153
6698,80,80.5607388115246,52.3577596276153
6699,80,80.5607388115246,52.3577596276153
6700,80,80.5607388115246,52.3577596276153
6701,80,80.5607388115246,52.3577596276153
6702,80,80.5607388115246,52.3577596276153
6703,80,80.5607388115246,52.3577596276153
6704,80,80.5607388115246,52.3577596276153
6705,80,80.5607388115246,52.3577596276153
6706,80,80.5607388115246,52.3577596276153
6707,80,80.5607388115246,52.3577596276153
6708,80,80.5607388115246,52.3577596276153
6709,80,80.5607388115246,52.3577596276153
6710,80,80.5607388115246,52.3577596276153
6711,80,80.5607388115246,52.3577596276153
6712,80,80.5607388115246,52.3577596276153
6713,80,80.5607388115246,52.3577596276153
6714,80,80.5607388115246,52.3577596276153
6715,80,80.5607388115246,52.3577596276153
6716,80,80.5607388115246,52.3577596276153
6717,80,80.5607388115246,52.3577596276153
6718,80,80.5607388115246,52.3577596276153
6719,80,80.5607388115246,52.3577596276153
6721,80,80.5607388115246,52.3577596276153
6722,80,80.5607388115246,52.3577596276153
6723,80,80.5607388115246,52.3577596276153
6724,80,80.5607388115246,52.3577596276153
6725,80,80.5607388115246,52.3577596276153
6726,80,80.5607388115246,52.3577596276153
6727,80,80.5607388115246,52.3577596276153
6728,80,80.5607388115246,52.3577596276153
6729,80,80.5607388115246,52.3577596276153
6730,80,80.5607388115246,52.3577596276153
6731,80,80.5607388115246,52.3577596276153
6732,80,80.5607388115246,52.3577596276153
6733,80,80.5607388115246,52.3577596276153
6734,80,80.5607388115246,52.3577596276153
6735,80,80.5607388115246,52.3577596276153
6736,80,80.5607388115246,52.3577596276153
6737,80,80.5607388115246,52.3577596276153
6738,80,80.5607388115246,52.3577596276153
6739,80,80.5607388115246,52.3577596276153
6740,80,80.5607388115246,52.3577596276153
6741,80,80.5607388115246,52.3577596276153
6742,80,80.5607388115246,52.3577596276153
6743,80,80.5607388115246,52.3577596276153
6744,80,80.5607388115246,52.3577596276153
6745,80,80.5607388115246,52.3577596276153
6746,80,80.5607388115246,52.3577596276153
6747,80,80.5607388115246,52.3577596276153
6748,80,80.5607388115246,52.3577596276153
6749,80,80.5607388115246,52.3577596276153
6751,80,80.5607388115246,52.3577596276153
6752,80,80.5607388115246,52.3577596276153
6753,80,80.5607388115246,52.3577596276153
6754,80,80.5607388115246,52.3577596276153
6755,80,80.5607388115246,52.3577596276153
6756,80,80.5607388115246,52.3577596276153
6757,80,80.5607388115246,52.3577596276153
6758,80,80.5607388115246,52.3577596276153
6759,80,80.5607388115246,52.3577596276153
6760,80,80.5607388115246,52.3577596276153
6761,80,80.5607388115246,52.3577596276153
6762,80,80.5607388115246,52.3577596276153
6763,80,80.5607388115246,52.3577596276153
6764,80,80.5607388115246,52.3577596276153
6765,80,80.5607388115246,52.3577596276153
6766,80,80.5607388115246,52.3577596276153
6767,80,80.5607388115246,52.3577596276153
6768,80,80.5607388115246,52.3577596276153
6769,80,80.5607388115246,52.3577596276153
6770,80,80.5607388115246,52.3577596276153
6771,80,80.5607388115246,52.3577596276153
6772,80,80.5607388115246,52.3577596276153
6773,80,80.5607388115246,52.3577596276153
6774,80,80.5607388115246,52.3577596276153
6775,80,80.5607388115246,52.3577596276153
6776,80,80.5607388115246,52.3577596276153
6777,80,80.5607388115246,52.3577596276153
6778,80,80.5607388115246,52.3577596276153
6779,80,80.5607388115246,52.3577596276153
6780,80,80.5607388115246,52.3577596276153
6781,80,80.5607388115246,52.3577596276153
6782,80,80.5607388115246,52.3577596276153
6783,80,80.5607388115246,52.3577596276153
6784,80,80.5607388115246,52.3577596276153
6785,80,80.5607388115246,52.3577596276153
6786,80,80.5607388115246,52.3577596276153
6787,80,80.5607388115246,52.3577596276153
6788,80,80.5607388115246,52.3577596276153
6789,80,80.5607388115246,52.3577596276153
6790,80,80.5607388115246,52.3577596276153
6791,80,80.5607388115246,52.3577596276153
6792,80,80.5607388115246,52.3577596276153
6793,80,80.5607388115246,52.3577596276153
6794,80,80.5607388115246,52.3577596276153
6795,80,80.5607388115246,52.3577596276153
6796,80,80.5607388115246,52.3577596276153
6797,80,80.5607388115246,52.3577596276153
6798,80,80.5607388115246,52.3577596276153
6799,80,80.5607388115246,52.3577596276153
6800,80,80.5607388115246,52.3577596276153
6801,80,80.5607388115246,52.3577596276153
6802,80,80.5607388115246,52.3577596276153
6803,80,80.5607388115246,52.3577596276153
6804,80,80.5607388115246,52.3577596276153
6805,80,80.5607388115246,52.3577596276153
6806,80,80.5607388115246,52.3577596276153
6807,80,80.5607388115246,52.3577596276153
6808,80,80.5607388115246,52.3577596276153
6809,80,80.5607388115246,52.3577596276153
6810,80,80.5607388115246,52.3577596276153
6811,80,80.5607388115246,52.3577596276153
6812,80,80.5607388115246,52.3577596276153
6813,80,80.5607388115246,52.3577596276153
6814,80,80.5607388115246,52.3577596276153
6815,80,80.5607388115246,52.3577596276153
6816,80,80.5607388115246,52.3577596276153
6817,80,80.5607388115246,52.3577596276153
6818,80,80.5607388115246,52.3577596276153
6819,80,80.5607388115246,52.3577596276153
6820,80,80.5607388115246,52.3577596276153
6821,80,80.5607388115246,52.3577596276153
6822,80,80.5607388115246,52.3577596276153
6823,80,80.5607388115246,52.3577596276153
6824,80,80.5607388115246,52.3577596276153
6825,80,80.5607388115246,52.3577596276153
6826,80,80.5607388115246,52.3577596276153
6827,80,80.5607388115246,52.3577596276153
6828,80,80.5607388115246,52.3577596276153
6829,80,80.5607388115246,52.3577596276153
6830,80,80.5607388115246,52.3577596276153
6831,80,80.5607388115246,52.3577596276153
6832,80,80.5607388115246,52.3577596276153
6833,80,80.5607388115246,52.3577596276153
6834,80,80.5607388115246,52.3577596276153
6835,80,80.5607388115246,52.3577596276153
6836,80,80.5607388115246,52.3577596276153
6837,80,80.5607388115246,52.3577596276153
6838,80,80.5607388115246,52.3577596276153
6839,80,80.5607388115246,52.3577596276153
6841,80,80.5607388115246,52.3577596276153
6842,80,80.5607388115246,52.3577596276153
6843,80,80.5607388115246,52.3577596276153
6844,80,80.5607388115246,52.3577596276153
6845,80,80.5607388115246,52.3577596276153
6846,80,80.5607388115246,52.3577596276153
6847,80,80.5607388115246,52.3577596276153
6848,80,80.5607388115246,52.3577596276153
6849,80,80.5607388115246,52.3577596276153
6850,80,80.5607388115246,52.3577596276153
6851,80,80.5607388115246,52.3577596276153
6852,80,80.5607388115246,52.3577596276153
6853,80,80.5607388115246,52.3577596276153
6854,80,80.5607388115246,52.3577596276153
6855,80,80.5607388115246,52.3577596276153
6856,80,80.5607388115246,52.3577596276153
6857,80,80.5607388115246,52.3577596276153
6858,80,80.5607388115246,52.3577596276153
6859,80,80.5607388115246,52.3577596276153
6860,80,80.5607388115246,52.3577596276153
6861,80,80.5607388115246,52.3577596276153
6862,80,80.5607388115246,52.3577596276153
6863,80,80.5607388115246,52.3577596276153
6864,80,80.5607388115246,52.3577596276153
6865,80,80.5607388115246,52.3577596276153
6866,80,80.5607388115246,52.3577596276153
6867,80,80.5607388115246,52.3577596276153
6868,80,80.5607388115246,52.3577596276153
6869,80,80.5607388115246,52.3577596276153
6870,80,80.5607388115246,52.3577596276153
6872,80,80.5607388115246,52.3577596276153
6873,80,80.5607388115246,52.3577596276153
6874,80,80.5607388115246,52.3577596276153
6875,80,80.5607388115246,52.3577596276153
6876,80,80.5607388115246,52.3577596276153
6877,80,80.5607388115246,52.3577596276153
6878,80,80.5607388115246,52.3577596276153
6879,80,80.5607388115246,52.3577596276153
6880,80,80.5607388115246,52.3577596276153
6881,80,80.5607388115246,52.3577596276153
6882,80,80.5607388115246,52.3577596276153
6883,80,80.5607388115246,52.3577596276153
6884,80,80.5607388115246,52.3577596276153
6885,80,80.5607388115246,52.3577596276153
6886,80,80.5607388115246,52.3577596276153
6887,80,80.5607388115246,52.3577596276153
6888,80,80.5607388115246,52.3577596276153
6889,80,80.5607388115246,52.3577596276153
6890,80,80.5607388115246,52.3577596276153
6891,80,80.5607388115246,52.3577596276153
6892,80,80.5607388115246,52.3577596276153
6893,80,80.5607388115246,52.3577596276153
6894,80,80.5607388115246,52.3577596276153
6895,80,80.5607388115246,52.3577596276153
6896,80,80.5607388115246,52.3577596276153
6897,80,80.5607388115246,52.3577596276153
6898,80,80.5607388115246,52.3577596276153
6899,80,80.5607388115246,52.3577596276153
6900,80,80.5607388115246,52.3577596276153
6902,80,80.5607388115246,52.3577596276153
6903,80,80.5607388115246,52.3577596276153
6904,80,80.5607388115246,52.3577596276153
6905,80,80.5607388115246,52.3577596276153
6906,80,80.5607388115246,52.3577596276153
6907,80,80.5607388115246,52.3577596276153
6908,80,80.5607388115246,52.3577596276153
6909,80,80.5607388115246,52.3577596276153
6910,80,80.5607388115246,52.3577596276153
6911,80,80.5607388115246,52.3577596276153
6912,80,80.5607388115246,52.3577596276153
6913,80,80.5607388115246,52.3577596276153
6914,80,80.5607388115246,52.3577596276153
6915,80,80.5607388115246,52.3577596276153
6916,80,80.5607388115246,52.3577596276153
6917,80,80.5607388115246,52.3577596276153
6918,80,80.5607388115246,52.3577596276153
6919,80,80.4612555882224,52.0787905994808
6920,80,80.4612555882224,52.0787905994808
6921,80,80.4612555882224,52.0787905994808
6922,80,80.4612555882224,52.0787905994808
6923,80,80.4612555882224,52.0787905994808
6924,80,80.4612555882224,52.0787905994808
6925,80,80.4612555882224,52.0787905994808
6926,80,80.4612555882224,52.0787905994808
6927,80,80.4612555882224,52.0787905994808
6928,80,80.4612555882224,52.0787905994808
6929,80,80.4612555882224,52.0787905994808
6930,80,80.4612555882224,52.0787905994808
6931,80,80.4612555882224,52.0787905994808
6932,80,80.4612555882224,52.0787905994808
6933,80,80.4612555882224,52.0787905994808
6934,80,80.4612555882224,52.0787905994808
6935,80,80.4612555882224,52.0787905994808
6936,80,80.4612555882224,52.0787905994808
6937,80,80.4612555882224,52.0787905994808
6938,80,80.4612555882224,52.0787905994808
6939,80,80.4612555882224,52.0787905994808
6940,80,80.4612555882224,52.0787905994808
6941,80,80.4612555882224,52.0787905994808
6942,80,80.4612555882224,52.0787905994808
6943,80,80.4612555882224,52.0787905994808
6944,80,80.4612555882224,52.0787905994808
6945,80,80.4612555882224,52.0787905994808
6946,80,80.4612555882224,52.0787905994808
6947,80,80.4612555882224,52.0787905994808
6948,80,80.4612555882224,52.0787905994808
6949,80,80.4612555882224,52.0787905994808
6950,80,80.4612555882224,52.0787905994808
6951,80,80.4612555882224,52.0787905994808
6952,80,80.4612555882224,52.0787905994808
6953,80,80.4612555882224,52.0787905994808
6954,80,80.4612555882224,52.0787905994808
6955,80,80.4612555882224,52.0787905994808
6956,80,80.4612555882224,52.0787905994808
6957,80,80.4612555882224,52.0787905994808
6958,80,80.4612555882224,52.0787905994808
6959,80,80.4612555882224,52.0787905994808
6960,80,80.4612555882224,52.0787905994808
6962,80,80.4612555882224,52.0787905994808
6963,80,80.4612555882224,52.0787905994808
6964,80,80.4612555882224,52.0787905994808
6965,80,80.4612555882224,52.0787905994808
6966,80,80.4612555882224,52.0787905994808
6967,80,80.4612555882224,52.0787905994808
6968,80,80.4612555882224,52.0787905994808
6969,80,80.4612555882224,52.0787905994808
6970,80,80.4612555882224,52.0787905994808
6971,80,80.4612555882224,52.0787905994808
6972,80,80.4612555882224,52.0787905994808
6973,80,80.4612555882224,52.0787905994808
6974,80,80.4612555882224,52.0787905994808
6975,80,80.4612555882224,52.0787905994808
6976,80,80.4612555882224,52.0787905994808
6977,80,80.4612555882224,52.0787905994808
6978,80,80.4612555882224,52.0787905994808
6979,80,80.4612555882224,52.0787905994808
6980,80,80.4612555882224,52.0787905994808
6981,80,80.4612555882224,52.0787905994808
6982,80,80.4612555882224,52.0787905994808
6983,80,80.4612555882224,52.0787905994808
6984,80,80.4612555882224,52.0787905994808
6985,80,80.4612555882224,52.0787905994808
6986,80,80.4612555882224,52.0787905994808
6987,80,80.4612555882224,52.0787905994808
6988,80,80.4612555882224,52.0787905994808
6989,80,80.4612555882224,52.0787905994808
6990,80,80.4612555882224,52.0787905994808
6992,80,80.4612555882224,52.0787905994808
6993,80,80.4612555882224,52.0787905994808
6994,80,80.4612555882224,52.0787905994808
6995,80,80.4612555882224,52.0787905994808
6996,80,80.4612555882224,52.0787905994808
6997,80,80.4612555882224,52.0787905994808
6998,80,80.4612555882224,52.0787905994808
6999,80,80.4612555882224,52.0787905994808
7000,80,80.4612555882224,52.0787905994808
7001,80,80.4612555882224,52.0787905994808
7002,80,80.4612555882224,52.0787905994808
7003,80,80.4612555882224,52.0787905994808
7004,80,80.4612555882224,52.0787905994808
7005,80,80.4612555882224,52.0787905994808
7006,80,80.4612555882224,52.0787905994808
7007,80,80.4612555882224,52.0787905994808
7008,80,80.4612555882224,52.0787905994808
7009,80,80.4612555882224,52.0787905994808
7010,80,80.4612555882224,52.0787905994808
7011,80,80.4612555882224,52.0787905994808
7012,80,80.4612555882224,52.0787905994808
7013,80,80.4612555882224,52.0787905994808
7014,80,80.4612555882224,52.0787905994808
7015,80,80.4612555882224,52.0787905994808
7016,80,80.4612555882224,52.0787905994808
7017,80,80.4612555882224,52.0787905994808
7018,80,80.4612555882224,52.0787905994808
7019,80,80.4612555882224,52.0787905994808
7020,80,80.4612555882224,52.0787905994808
7021,80,80.4612555882224,52.0787905994808
7022,80,80.4612555882224,52.0787905994808
7023,80,80.4612555882224,52.0787905994808
7024,80,80.4612555882224,52.0787905994808
7025,80,80.4612555882224,52.0787905994808
7026,80,80.4612555882224,52.0787905994808
7027,80,80.4612555882224,52.0787905994808
7028,80,80.4612555882224,52.0787905994808
7029,80,80.4612555882224,52.0787905994808
7030,80,80.4612555882224,52.0787905994808
7031,80,80.4612555882224,52.0787905994808
7032,80,80.4612555882224,52.0787905994808
7033,80,80.4612555882224,52.0787905994808
7034,80,80.4612555882224,52.0787905994808
7035,80,80.4612555882224,52.0787905994808
7036,80,80.4612555882224,52.0787905994808
7037,80,80.4612555882224,52.0787905994808
7038,80,80.4612555882224,52.0787905994808
7039,80,80.4612555882224,52.0787905994808
7040,80,80.4612555882224,52.0787905994808
7041,80,80.4612555882224,52.0787905994808
7042,80,80.4612555882224,52.0787905994808
7043,80,80.4612555882224,52.0787905994808
7044,80,80.4612555882224,52.0787905994808
7045,80,80.4612555882224,52.0787905994808
7046,80,80.4612555882224,52.0787905994808
7047,80,80.4612555882224,52.0787905994808
7048,80,80.4612555882224,52.0787905994808
7049,80,80.4612555882224,52.0787905994808
7050,80,80.4612555882224,52.0787905994808
7052,80,80.4612555882224,52.0787905994808
7053,80,80.4612555882224,52.0787905994808
7054,80,80.4612555882224,52.0787905994808
7055,80,80.4612555882224,52.0787905994808
7056,80,80.4612555882224,52.0787905994808
7057,80,80.4612555882224,52.0787905994808
7058,80,80.4612555882224,52.0787905994808
7059,80,80.4612555882224,52.0787905994808
7060,80,80.4612555882224,52.0787905994808
7061,80,80.4612555882224,52.0787905994808
7062,80,80.4612555882224,52.0787905994808
7063,80,80.4612555882224,52.0787905994808
7064,80,80.4612555882224,52.0787905994808
7065,80,80.4612555882224,52.0787905994808
7066,80,80.4612555882224,52.0787905994808
7067,80,80.4612555882224,52.0787905994808
7068,80,80.4612555882224,52.0787905994808
7069,80,80.4612555882224,52.0787905994808
7070,80,80.4612555882224,52.0787905994808
7071,80,80.4612555882224,52.0787905994808
7072,80,80.4612555882224,52.0787905994808
7073,80,80.4612555882224,52.0787905994808
7074,80,80.4612555882224,52.0787905994808
7075,80,80.4612555882224,52.0787905994808
7076,80,80.4612555882224,52.0787905994808
7077,80,80.4612555882224,52.0787905994808
7078,80,80.4612555882224,52.0787905994808
7079,80,80.4612555882224,52.0787905994808
7080,80,80.4612555882224,52.0787905994808
7081,80,80.4612555882224,52.0787905994808
7082,80,80.4612555882224,52.0787905994808
7083,80,80.4612555882224,52.0787905994808
7084,80,80.4612555882224,52.0787905994808
7085,80,80.4612555882224,52.0787905994808
7086,80,80.4612555882224,52.0787905994808
7087,80,80.4612555882224,52.0787905994808
7088,80,80.4612555882224,52.0787905994808
7089,80,80.4612555882224,52.0787905994808
7090,80,80.4612555882224,52.0787905994808
7091,80,80.4612555882224,52.0787905994808
7092,80,80.4612555882224,52.0787905994808
7093,80,80.4612555882224,52.0787905994808
7094,80,80.4612555882224,52.0787905994808
7095,80,80.4612555882224,52.0787905994808
7096,80,80.4612555882224,52.0787905994808
7097,80,80.4612555882224,52.0787905994808
7098,80,80.4612555882224,52.0787905994808
7099,80,80.4612555882224,52.0787905994808
7100,80,80.4612555882224,52.0787905994808
7101,80,80.4612555882224,52.0787905994808
7102,80,80.4612555882224,52.0787905994808
7103,80,80.4612555882224,52.0787905994808
7104,80,80.4612555882224,52.0787905994808
7105,80,80.4612555882224,52.0787905994808
7106,80,80.4612555882224,52.0787905994808
7107,80,80.4612555882224,52.0787905994808
7108,80,80.4612555882224,52.0787905994808
7109,80,80.4612555882224,52.0787905994808
7110,80,80.4612555882224,52.0787905994808
7111,80,80.4612555882224,52.0787905994808
7112,80,80.4612555882224,52.0787905994808
7113,80,80.4612555882224,52.0787905994808
7114,80,80.4612555882224,52.0787905994808
7115,80,80.4612555882224,52.0787905994808
7116,80,80.4612555882224,52.0787905994808
7117,80,80.4612555882224,52.0787905994808
7118,80,80.4612555882224,52.0787905994808
7119,80,80.4612555882224,52.0787905994808
7120,80,80.4612555882224,52.0787905994808
7121,80,80.4612555882224,52.0787905994808
7122,80,80.4612555882224,52.0787905994808
7123,80,80.4612555882224,52.0787905994808
7124,80,80.4612555882224,52.0787905994808
7125,80,80.4612555882224,52.0787905994808
7126,80,80.4612555882224,52.0787905994808
7127,80,80.4612555882224,52.0787905994808
7128,80,80.4612555882224,52.0787905994808
7129,80,80.4612555882224,52.0787905994808
7130,80,80.4612555882224,52.0787905994808
7131,80,80.4612555882224,52.0787905994808
7132,80,80.4612555882224,52.0787905994808
7133,80,80.4612555882224,52.0787905994808
7134,80,80.4612555882224,52.0787905994808
7135,80,80.4612555882224,52.0787905994808
7136,80,80.4612555882224,52.0787905994808
7137,80,80.4612555882224,52.0787905994808
7138,80,80.4612555882224,52.0787905994808
7139,80,80.4612555882224,52.0787905994808
7140,80,80.4612555882224,52.0787905994808
7141,80,80.4612555882224,52.0787905994808
7142,80,80.4612555882224,52.0787905994808
7143,80,80.4612555882224,52.0787905994808
7144,80,80.4612555882224,52.0787905994808
7145,80,80.4612555882224,52.0787905994808
7146,80,80.4612555882224,52.0787905994808
7147,80,80.4612555882224,52.0787905994808
7148,80,80.4612555882224,52.0787905994808
7149,80,80.4612555882224,52.0787905994808
7150,80,80.4612555882224,52.0787905994808
7151,80,80.4612555882224,52.0787905994808
7152,80,80.4612555882224,52.0787905994808
7153,80,80.4612555882224,52.0787905994808
7154,80,80.4612555882224,52.0787905994808
7155,80,80.4612555882224,52.0787905994808
7156,80,80.4612555882224,52.0787905994808
7157,80,80.4612555882224,52.0787905994808
7158,80,80.4612555882224,52.0787905994808
7159,80,80.4612555882224,52.0787905994808
7160,80,80.4612555882224,52.0787905994808
7161,80,80.4612555882224,52.0787905994808
7162,80,80.4612555882224,52.0787905994808
7163,80,80.4612555882224,52.0787905994808
7164,80,80.4612555882224,52.0787905994808
7165,80,80.4612555882224,52.0787905994808
7166,80,80.4612555882224,52.0787905994808
7167,80,80.4612555882224,52.0787905994808
7168,80,80.4612555882224,52.0787905994808
7169,80,80.4612555882224,52.0787905994808
7170,80,80.4612555882224,52.0787905994808
7171,80,80.4612555882224,52.0787905994808
7173,80,80.4612555882224,52.0787905994808
7174,80,80.4612555882224,52.0787905994808
7175,80,80.4612555882224,52.0787905994808
7176,80,80.4612555882224,52.0787905994808
7177,80,80.4612555882224,52.0787905994808
7178,80,80.4612555882224,52.0787905994808
7179,80,80.4612555882224,52.0787905994808
7180,80,80.4612555882224,52.0787905994808
7181,80,80.4612555882224,52.0787905994808
7182,80,80.4612555882224,52.0787905994808
7183,80,80.4612555882224,52.0787905994808
7184,80,80.4612555882224,52.0787905994808
7185,80,80.4612555882224,52.0787905994808
7186,80,80.4612555882224,52.0787905994808
7187,80,80.4612555882224,52.0787905994808
7188,80,80.4612555882224,52.0787905994808
7189,80,80.4612555882224,52.0787905994808
7190,80,80.4612555882224,52.0787905994808
7191,80,80.4612555882224,52.0787905994808
7192,80,80.4612555882224,52.0787905994808
7193,80,80.4612555882224,52.0787905994808
7194,80,80.4612555882224,52.0787905994808
7195,80,80.4612555882224,52.0787905994808
7196,80,80.4612555882224,52.0787905994808
7197,80,80.4612555882224,52.0787905994808
7198,80,80.4612555882224,52.0787905994808
7199,80,80.4612555882224,52.0787905994808
7200,80,80.4612555882224,52.0787905994808
7201,80,80.4612555882224,52.0787905994808
7202,80,80.4612555882224,52.0787905994808
7203,80,80.4606132388746,52.4896389284992
7204,80,80.4602278292659,52.7361479259102
7205,80,80.4602278292659,52.7361479259102
7206,80,80.4602278292659,52.7361479259102
7207,80,80.4602278292659,52.7361479259102
7208,80,80.4602278292659,52.7361479259102
7209,80,80.4602278292659,52.7361479259102
7210,80,80.4602278292659,52.7361479259102
7211,80,80.4602278292659,52.7361479259102
7212,80,80.4602278292659,52.7361479259102
7213,80,80.4602278292659,52.7361479259102
7214,80,80.4602278292659,52.7361479259102
7215,80,80.4602278292659,52.7361479259102
7216,80,80.4602278292659,52.7361479259102
7217,80,80.4602278292659,52.7361479259102
7218,80,80.4602278292659,52.7361479259102
7219,80,80.4602278292659,52.7361479259102
7220,80,80.4602278292659,52.7361479259102
7221,80,80.4602278292659,52.7361479259102
7222,80,80.4602278292659,52.7361479259102
7223,80,80.4602278292659,52.7361479259102
7224,80,80.4602278292659,52.7361479259102
7225,80,80.4602278292659,52.7361479259102
7226,80,80.4602278292659,52.7361479259102
7227,80,80.4602278292659,52.7361479259102
7228,80,80.4602278292659,52.7361479259102
7229,80,80.4602278292659,52.7361479259102
7230,80,80.4602278292659,52.7361479259102
7231,80,80.4602278292659,52.7361479259102
7233,80,80.4602278292659,52.7361479259102
7234,80,80.4602278292659,52.7361479259102
7235,80,80.4602278292659,52.7361479259102
7236,80,80.4602278292659,52.7361479259102
7237,80,80.4602278292659,52.7361479259102
7238,80,80.4602278292659,52.7361479259102
7239,80,80.4602278292659,52.7361479259102
7240,80,80.4602278292659,52.7361479259102
7241,80,80.4602278292659,52.7361479259102
7242,80,80.4602278292659,52.7361479259102
7243,80,80.4602278292659,52.7361479259102
7244,80,80.4602278292659,52.7361479259102
7245,80,80.4602278292659,52.7361479259102
7246,80,80.4602278292659,52.7361479259102
7247,80,80.4602278292659,52.7361479259102
7248,80,80.4602278292659,52.7361479259102
7249,80,80.4602278292659,52.7361479259102
7250,80,80.4602278292659,52.7361479259102
7251,80,80.4602278292659,52.7361479259102
7252,80,80.4602278292659,52.7361479259102
7253,80,80.4602278292659,52.7361479259102
7254,80,80.4602278292659,52.7361479259102
7255,80,80.4602278292659,52.7361479259102
7256,80,80.4602278292659,52.7361479259102
7257,80,80.4602278292659,52.7361479259102
7258,80,80.4602278292659,52.7361479259102
7259,80,80.4602278292659,52.7361479259102
7260,80,80.4602278292659,52.7361479259102
7261,80,80.4602278292659,52.7361479259102
7263,80,80.4602278292659,52.7361479259102
7264,80,80.4602278292659,52.7361479259102
7265,80,80.4602278292659,52.7361479259102
7266,80,80.4602278292659,52.7361479259102
7267,80,80.4602278292659,52.7361479259102
7268,80,80.4602278292659,52.7361479259102
7269,80,80.4602278292659,52.7361479259102
7270,80,80.4602278292659,52.7361479259102
7271,80,80.4602278292659,52.7361479259102
7272,80,80.4602278292659,52.7361479259102
7273,80,80.4602278292659,52.7361479259102
7274,80,80.4602278292659,52.7361479259102
7275,80,80.4602278292659,52.7361479259102
7276,80,80.4602278292659,52.7361479259102
7277,80,80.4602278292659,52.7361479259102
7278,80,80.4602278292659,52.7361479259102
7279,80,80.4602278292659,52.7361479259102
7280,80,80.4602278292659,52.7361479259102
7281,80,80.4602278292659,52.7361479259102
7282,80,80.4602278292659,52.7361479259102
7283,80,80.4602278292659,52.7361479259102
7284,80,80.4602278292659,52.7361479259102
7285,80,80.4602278292659,52.7361479259102
7286,80,80.4602278292659,52.7361479259102
7287,80,80.4602278292659,52.7361479259102
7288,80,80.4602278292659,52.7361479259102
7289,80,80.4602278292659,52.7361479259102
7290,80,80.4602278292659,52.7361479259102
7291,80,80.4602278292659,52.7361479259102
7292,80,80.4602278292659,52.7361479259102
7293,80,80.4602278292659,52.7361479259102
7294,80,80.4602278292659,52.7361479259102
7295,80,80.4602278292659,52.7361479259102
7296,80,80.4602278292659,52.7361479259102
7297,80,80.4602278292659,52.7361479259102
7298,80,80.4602278292659,52.7361479259102
7299,80,80.4602278292659,52.7361479259102
7300,80,80.4602278292659,52.7361479259102
7301,80,80.4602278292659,52.7361479259102
7302,80,80.4602278292659,52.7361479259102
7303,80,80.4602278292659,52.7361479259102
7304,80,80.4602278292659,52.7361479259102
7305,80,80.4602278292659,52.7361479259102
7306,80,80.4602278292659,52.7361479259102
7307,80,80.4602278292659,52.7361479259102
7308,80,80.4602278292659,52.7361479259102
7309,80,80.4602278292659,52.7361479259102
7310,80,80.4602278292659,52.7361479259102
7311,80,80.4602278292659,52.7361479259102
7312,80,80.4602278292659,52.7361479259102
7313,80,80.4602278292659,52.7361479259102
7314,80,80.4602278292659,52.7361479259102
7315,80,80.4602278292659,52.7361479259102
7316,80,80.4602278292659,52.7361479259102
7317,80,80.4602278292659,52.7361479259102
7318,80,80.4602278292659,52.7361479259102
7319,80,80.4602278292659,52.7361479259102
7320,80,80.4602278292659,52.7361479259102
7321,80,80.4602278292659,52.7361479259102
7322,80,80.4602278292659,52.7361479259102
7323,80,80.4602278292659,52.7361479259102
7324,80,80.4602278292659,52.7361479259102
7325,80,80.4602278292659,52.7361479259102
7326,80,80.4602278292659,52.7361479259102
7327,80,80.4602278292659,52.7361479259102
7328,80,80.4602278292659,52.7361479259102
7329,80,80.4602278292659,52.7361479259102
7330,80,80.4602278292659,52.7361479259102
7331,80,80.4602278292659,52.7361479259102
7332,80,80.4602278292659,52.7361479259102
7333,80,80.4602278292659,52.7361479259102
7334,80,80.4602278292659,52.7361479259102
7335,80,80.4602278292659,52.7361479259102
7336,80,80.4602278292659,52.7361479259102
7337,80,80.4602278292659,52.7361479259102
7338,80,80.4602278292659,52.7361479259102
7339,80,80.4602278292659,52.7361479259102
7340,80,80.4602278292659,52.7361479259102
7341,80,80.4602278292659,52.7361479259102
7342,80,80.4602278292659,52.7361479259102
7343,80,80.4602278292659,52.7361479259102
7344,80,80.4602278292659,52.7361479259102
7345,80,80.4602278292659,52.7361479259102
7346,80,80.4602278292659,52.7361479259102
7347,80,80.4602278292659,52.7361479259102
7348,80,80.4602278292659,52.7361479259102
7349,80,80.4602278292659,52.7361479259102
7350,80,80.4602278292659,52.7361479259102
7351,80,80.4602278292659,52.7361479259102
7352,80,80.4602278292659,52.7361479259102
7354,80,80.4602278292659,52.7361479259102
7355,80,80.4602278292659,52.7361479259102
7356,80,80.4602278292659,52.7361479259102
7357,80,80.4602278292659,52.7361479259102
7358,80,80.4602278292659,52.7361479259102
7359,80,80.4602278292659,52.7361479259102
7360,80,80.4602278292659,52.7361479259102
7361,80,80.4602278292659,52.7361479259102
7362,80,80.4602278292659,52.7361479259102
7363,80,80.4602278292659,52.7361479259102
7364,80,80.4602278292659,52.7361479259102
7365,80,80.4602278292659,52.7361479259102
7366,80,80.4602278292659,52.7361479259102
7367,80,80.4602278292659,52.7361479259102
7368,80,80.4602278292659,52.7361479259102
7369,80,80.4602278292659,52.7361479259102
7370,80,80.4602278292659,52.7361479259102
7371,80,80.4602278292659,52.7361479259102
7372,80,80.4602278292659,52.7361479259102
7373,80,80.4602278292659,52.7361479259102
7374,80,80.4602278292659,52.7361479259102
7375,80,80.4602278292659,52.7361479259102
7376,80,80.4602278292659,52.7361479259102
7377,80,80.4602278292659,52.7361479259102
7378,80,80.4602278292659,52.7361479259102
7379,80,80.4602278292659,52.7361479259102
7380,80,80.4602278292659,52.7361479259102
7381,80,80.4602278292659,52.7361479259102
7382,80,80.4602278292659,52.7361479259102
7383,80,80.4602278292659,52.7361479259102
7384,80,80.4602278292659,52.7361479259102
7385,80,80.4602278292659,52.7361479259102
7386,80,80.4602278292659,52.7361479259102
7387,80,80.4602278292659,52.7361479259102
7388,80,80.4602278292659,52.7361479259102
7389,80,80.4602278292659,52.7361479259102
7390,80,80.4602278292659,52.7361479259102
7391,80,80.4602278292659,52.7361479259102
7392,80,80.4602278292659,52.7361479259102
7393,80,80.4602278292659,52.7361479259102
7394,80,80.4602278292659,52.7361479259102
7395,80,80.4602278292659,52.7361479259102
7396,80,80.4602278292659,52.7361479259102
7397,80,80.4602278292659,52.7361479259102
7398,80,80.4602278292659,52.7361479259102
7399,80,80.4602278292659,52.7361479259102
7400,80,80.4602278292659,52.7361479259102
7401,80,80.4602278292659,52.7361479259102
7402,80,80.4602278292659,52.7361479259102
7403,80,80.4602278292659,52.7361479259102
7404,80,80.4602278292659,52.7361479259102
7405,80,80.4602278292659,52.7361479259102
7406,80,80.4602278292659,52.7361479259102
7407,80,80.4602278292659,52.7361479259102
7408,80,80.4602278292659,52.7361479259102
7409,80,80.4602278292659,52.7361479259102
7410,80,80.4602278292659,52.7361479259102
7411,80,80.4602278292659,52.7361479259102
7412,80,80.4602278292659,52.7361479259102
7414,80,80.4602278292659,52.7361479259102
7415,80,80.4602278292659,52.7361479259102
7416,80,80.4602278292659,52.7361479259102
7417,80,80.4602278292659,52.7361479259102
7418,80,80.4602278292659,52.7361479259102
7419,80,80.4602278292659,52.7361479259102
7420,80,80.4602278292659,52.7361479259102
7421,80,80.4602278292659,52.7361479259102
7422,80,80.4602278292659,52.7361479259102
7423,80,80.4602278292659,52.7361479259102
7424,80,80.4602278292659,52.7361479259102
7425,80,80.4602278292659,52.7361479259102
7426,80,80.4602278292659,52.7361479259102
7427,80,80.4602278292659,52.7361479259102
7428,80,80.4602278292659,52.7361479259102
7429,80,80.4602278292659,52.7361479259102
7430,80,80.4602278292659,52.7361479259102
7431,80,80.4602278292659,52.7361479259102
7432,80,80.4602278292659,52.7361479259102
7433,80,80.4602278292659,52.7361479259102
7434,80,80.4602278292659,52.7361479259102
7435,80,80.4602278292659,52.7361479259102
7436,80,80.4602278292659,52.7361479259102
7437,80,80.4602278292659,52.7361479259102
7438,80,80.4602278292659,52.7361479259102
7439,80,80.4602278292659,52.7361479259102
7440,80,80.4602278292659,52.7361479259102
7441,80,80.4602278292659,52.7361479259102
7442,80,80.4602278292659,52.7361479259102
7443,80,80.4602278292659,52.7361479259102
7445,80,80.4602278292659,52.7361479259102
7446,80,80.4602278292659,52.7361479259102
7447,80,80.4602278292659,52.7361479259102
7448,80,80.4602278292659,52.7361479259102
7449,80,80.4602278292659,52.7361479259102
7450,80,80.4602278292659,52.7361479259102
7451,80,80.4602278292659,52.7361479259102
7452,80,80.4602278292659,52.7361479259102
7453,80,80.4602278292659,52.7361479259102
7454,80,80.4602278292659,52.7361479259102
7455,80,80.4602278292659,52.7361479259102
7456,80,80.4602278292659,52.7361479259102
7457,80,80.4602278292659,52.7361479259102
7458,80,80.4602278292659,52.7361479259102
7459,80,80.4602278292659,52.7361479259102
7460,80,80.4602278292659,52.7361479259102
7461,80,80.4602278292659,52.7361479259102
7462,80,80.4602278292659,52.7361479259102
7463,80,80.4602278292659,52.7361479259102
7464,80,80.4602278292659,52.7361479259102
7465,80,80.4602278292659,52.7361479259102
7466,80,80.4602278292659,52.7361479259102
7467,80,80.4602278292659,52.7361479259102
7468,80,80.4602278292659,52.7361479259102
7469,80,80.4602278292659,52.7361479259102
7470,80,80.4602278292659,52.7361479259102
7471,80,80.4602278292659,52.7361479259102
7472,80,80.4602278292659,52.7361479259102
7473,80,80.4602278292659,52.7361479259102
7474,80,80.4602278292659,52.7361479259102
7475,80,80.4602278292659,52.7361479259102
7476,80,80.4602278292659,52.7361479259102
7477,80,80.4602278292659,52.7361479259102
7478,80,80.4602278292659,52.7361479259102
7479,80,80.4602278292659,52.7361479259102
7480,80,80.4602278292659,52.7361479259102
7481,80,80.4602278292659,52.7361479259102
7482,80,80.4602278292659,52.7361479259102
7483,80,80.4947403888108,52.7975162685277
7484,80,80.5292529483558,52.8588846111453
7485,80,80.5292529483558,52.8588846111453
7486,80,80.5292529483558,52.8588846111453
7487,80,80.5292529483558,52.8588846111453
7488,80,80.5292529483558,52.8588846111453
7489,80,80.5292529483558,52.8588846111453
7490,80,80.5292529483558,52.8588846111453
7491,80,80.5292529483558,52.8588846111453
7492,80,80.5292529483558,52.8588846111453
7493,80,80.5292529483558,52.8588846111453
7494,80,80.5292529483558,52.8588846111453
7495,80,80.5292529483558,52.8588846111453
7496,80,80.5292529483558,52.8588846111453
7497,80,80.5292529483558,52.8588846111453
7498,80,80.5292529483558,52.8588846111453
7499,80,80.5292529483558,52.8588846111453
7500,80,80.5292529483558,52.8588846111453
7501,80,80.5292529483558,52.8588846111453
7502,80,80.5292529483558,52.8588846111453
7503,80,80.5292529483558,52.8588846111453
7504,80,80.5292529483558,52.8588846111453
7505,80,80.5292529483558,52.8588846111453
7506,80,80.5292529483558,52.8588846111453
7507,80,80.5292529483558,52.8588846111453
7508,80,80.5292529483558,52.8588846111453
7509,80,80.5292529483558,52.8588846111453
7510,80,80.5292529483558,52.8588846111453
7511,80,80.5292529483558,52.8588846111453
7512,80,80.5292529483558,52.8588846111453
7513,80,80.5292529483558,52.8588846111453
7514,80,80.5292529483558,52.8588846111453
7515,80,80.5292529483558,52.8588846111453
7516,80,80.5292529483558,52.8588846111453
7517,80,80.5292529483558,52.8588846111453
7518,80,80.5292529483558,52.8588846111453
7519,80,80.5292529483558,52.8588846111453
7520,80,80.5292529483558,52.8588846111453
7521,80,80.5292529483558,52.8588846111453
7522,80,80.5292529483558,52.8588846111453
7523,80,80.5292529483558,52.8588846111453
7524,80,80.5292529483558,52.8588846111453
7525,80,80.5292529483558,52.8588846111453
7526,80,80.5292529483558,52.8588846111453
7527,80,80.5292529483558,52.8588846111453
7528,80,80.5292529483558,52.8588846111453
7529,80,80.5292529483558,52.8588846111453
7530,80,80.5292529483558,52.8588846111453
7531,80,80.5292529483558,52.8588846111453
7532,80,80.5292529483558,52.8588846111453
7533,80,80.5292529483558,52.8588846111453
7534,80,80.5292529483558,52.8588846111453
7535,80,80.5292529483558,52.8588846111453
7536,80,80.5292529483558,52.8588846111453
7537,80,80.5292529483558,52.8588846111453
7538,80,80.5292529483558,52.8588846111453
7539,80,80.5292529483558,52.8588846111453
7540,80,80.5292529483558,52.8588846111453
7541,80,80.5292529483558,52.8588846111453
7542,80,80.5292529483558,52.8588846111453
7543,80,80.5292529483558,52.8588846111453
7544,80,80.5292529483558,52.8588846111453
7545,80,80.5292529483558,52.8588846111453
7546,80,80.5292529483558,52.8588846111453
7547,80,80.5292529483558,52.8588846111453
7548,80,80.5292529483558,52.8588846111453
7549,80,80.5292529483558,52.8588846111453
7550,80,80.5292529483558,52.8588846111453
7551,80,80.5292529483558,52.8588846111453
7552,80,80.5292529483558,52.8588846111453
7553,80,80.5292529483558,52.8588846111453
7554,80,80.5292529483558,52.8588846111453
7555,80,80.5292529483558,52.8588846111453
7556,80,80.5292529483558,52.8588846111453
7557,80,80.5292529483558,52.8588846111453
7558,80,80.5292529483558,52.8588846111453
7559,80,80.5292529483558,52.8588846111453
7560,80,80.5292529483558,52.8588846111453
7561,80,80.5292529483558,52.8588846111453
7562,80,80.5292529483558,52.8588846111453
7563,80,80.5292529483558,52.8588846111453
7564,80,80.5292529483558,52.8588846111453
7565,80,80.5292529483558,52.8588846111453
7566,80,80.5292529483558,52.8588846111453
7567,80,80.5292529483558,52.8588846111453
7568,80,80.5292529483558,52.8588846111453
7569,80,80.5292529483558,52.8588846111453
7570,80,80.5292529483558,52.8588846111453
7571,80,80.5292529483558,52.8588846111453
7572,80,80.5292529483558,52.8588846111453
7573,80,80.5292529483558,52.8588846111453
7574,80,80.5292529483558,52.8588846111453
7575,80,80.5292529483558,52.8588846111453
7576,80,80.5292529483558,52.8588846111453
7577,80,80.5292529483558,52.8588846111453
7578,80,80.5292529483558,52.8588846111453
7579,80,80.5292529483558,52.8588846111453
7580,80,80.5292529483558,52.8588846111453
7581,80,80.5292529483558,52.8588846111453
7582,80,80.5292529483558,52.8588846111453
7583,80,80.5292529483558,52.8588846111453
7584,80,80.5292529483558,52.8588846111453
7585,80,80.5292529483558,52.8588846111453
7586,80,80.5292529483558,52.8588846111453
7587,80,80.5292529483558,52.8588846111453
7588,80,80.5292529483558,52.8588846111453
7589,80,80.5292529483558,52.8588846111453
7590,80,80.5292529483558,52.8588846111453
7591,80,80.5292529483558,52.8588846111453
7592,80,80.5292529483558,52.8588846111453
7593,80,80.5292529483558,52.8588846111453
7594,80,80.5292529483558,52.8588846111453
7595,80,80.5292529483558,52.8588846111453
7596,80,80.5292529483558,52.8588846111453
7597,80,80.5292529483558,52.8588846111453
7598,80,80.5292529483558,52.8588846111453
7599,80,80.5292529483558,52.8588846111453
7600,80,80.5292529483558,52.8588846111453
7601,80,80.5292529483558,52.8588846111453
7602,80,80.5292529483558,52.8588846111453
7603,80,80.5292529483558,52.8588846111453
7604,80,80.5292529483558,52.8588846111453
7605,80,80.5292529483558,52.8588846111453
7606,80,80.5292529483558,52.8588846111453
7607,80,80.5292529483558,52.8588846111453
7608,80,80.5292529483558,52.8588846111453
7609,80,80.5292529483558,52.8588846111453
7610,80,80.5292529483558,52.8588846111453
7611,80,80.5292529483558,52.8588846111453
7612,80,80.5292529483558,52.8588846111453
7613,80,80.5292529483558,52.8588846111453
7614,80,80.5292529483558,52.8588846111453
7615,80,80.5292529483558,52.8588846111453
7616,80,80.5292529483558,52.8588846111453
7617,80,80.5292529483558,52.8588846111453
7618,80,80.5292529483558,52.8588846111453
7619,80,80.5292529483558,52.8588846111453
7620,80,80.5292529483558,52.8588846111453
7621,80,80.5292529483558,52.8588846111453
7622,80,80.5292529483558,52.8588846111453
7623,80,80.5292529483558,52.8588846111453
7625,80,80.5292529483558,52.8588846111453
7626,80,80.5292529483558,52.8588846111453
7627,80,80.5292529483558,52.8588846111453
7628,80,80.5292529483558,52.8588846111453
7629,80,80.5292529483558,52.8588846111453
7630,80,80.5292529483558,52.8588846111453
7631,80,80.5292529483558,52.8588846111453
7632,80,80.5292529483558,52.8588846111453
7633,80,80.5292529483558,52.8588846111453
7634,80,80.5292529483558,52.8588846111453
7635,80,80.5292529483558,52.8588846111453
7636,80,80.5292529483558,52.8588846111453
7637,80,80.5292529483558,52.8588846111453
7638,80,80.5292529483558,52.8588846111453
7639,80,80.5292529483558,52.8588846111453
7640,80,80.5292529483558,52.8588846111453
7641,80,80.5292529483558,52.8588846111453
7642,80,80.5292529483558,52.8588846111453
7643,80,80.5292529483558,52.8588846111453
7644,80,80.5292529483558,52.8588846111453
7645,80,80.5292529483558,52.8588846111453
7646,80,80.5292529483558,52.8588846111453
7647,80,80.5292529483558,52.8588846111453
7648,80,80.5292529483558,52.8588846111453
7649,80,80.5292529483558,52.8588846111453
7650,80,80.5292529483558,52.8588846111453
7651,80,80.5292529483558,52.8588846111453
7652,80,80.5292529483558,52.8588846111453
7653,80,80.5292529483558,52.8588846111453
7654,80,80.5292529483558,52.8588846111453
7655,80,80.5292529483558,52.8588846111453
7656,80,80.5292529483558,52.8588846111453
7657,80,80.5292529483558,52.8588846111453
7658,80,80.5292529483558,52.8588846111453
7659,80,80.5292529483558,52.8588846111453
7660,80,80.5292529483558,52.8588846111453
7661,80,80.5292529483558,52.8588846111453
7662,80,80.5292529483558,52.8588846111453
7663,80,80.5292529483558,52.8588846111453
7664,80,80.5292529483558,52.8588846111453
7665,80,80.5292529483558,52.8588846111453
7666,80,80.5292529483558,52.8588846111453
7667,80,80.5292529483558,52.8588846111453
7668,80,80.5292529483558,52.8588846111453
7669,80,80.5292529483558,52.8588846111453
7670,80,80.5292529483558,52.8588846111453
7671,80,80.5292529483558,52.8588846111453
7672,80,80.5292529483558,52.8588846111453
7673,80,80.5292529483558,52.8588846111453
7674,80,80.5292529483558,52.8588846111453
7675,80,80.5292529483558,52.8588846111453
7676,80,80.5292529483558,52.8588846111453
7677,80,80.5292529483558,52.8588846111453
7678,80,80.5292529483558,52.8588846111453
7679,80,80.5292529483558,52.8588846111453
7680,80,80.5292529483558,52.8588846111453
7681,80,80.5292529483558,52.8588846111453
7682,80,80.5292529483558,52.8588846111453
7683,80,80.5292529483558,52.8588846111453
7684,80,80.5292529483558,52.8588846111453
7685,80,80.5292529483558,52.8588846111453
7686,80,80.5292529483558,52.8588846111453
7687,80,80.5292529483558,52.8588846111453
7688,80,80.5292529483558,52.8588846111453
7689,80,80.5292529483558,52.8588846111453
7690,80,80.5292529483558,52.8588846111453
7691,80,80.5292529483558,52.8588846111453
7692,80,80.5292529483558,52.8588846111453
7693,80,80.5292529483558,52.8588846111453
7694,80,80.5292529483558,52.8588846111453
7695,80,80.5292529483558,52.8588846111453
7696,80,80.5292529483558,52.8588846111453
7697,80,80.5292529483558,52.8588846111453
7698,80,80.5292529483558,52.8588846111453
7699,80,80.5292529483558,52.8588846111453
7700,80,80.5292529483558,52.8588846111453
7701,80,80.5292529483558,52.8588846111453
7702,80,80.5292529483558,52.8588846111453
7703,80,80.5292529483558,52.8588846111453
7704,80,80.5292529483558,52.8588846111453
7705,80,80.5292529483558,52.8588846111453
7706,80,80.5292529483558,52.8588846111453
7707,80,80.5292529483558,52.8588846111453
7708,80,80.5292529483558,52.8588846111453
7709,80,80.5292529483558,52.8588846111453
7710,80,80.5292529483558,52.8588846111453
7711,80,80.5292529483558,52.8588846111453
7712,80,80.5292529483558,52.8588846111453
7713,80,80.5292529483558,52.8588846111453
7714,80,80.5292529483558,52.8588846111453
7716,80,80.5292529483558,52.8588846111453
7717,80,80.5292529483558,52.8588846111453
7718,80,80.5292529483558,52.8588846111453
7719,80,80.5292529483558,52.8588846111453
7720,80,80.5292529483558,52.8588846111453
7721,80,80.5292529483558,52.8588846111453
7722,80,80.5292529483558,52.8588846111453
7723,80,80.5292529483558,52.8588846111453
7724,80,80.5292529483558,52.8588846111453
7725,80,80.5292529483558,52.8588846111453
7726,80,80.5292529483558,52.8588846111453
7727,80,80.5292529483558,52.8588846111453
7728,80,80.5292529483558,52.8588846111453
7729,80,80.5292529483558,52.8588846111453
7730,80,80.5292529483558,52.8588846111453
7731,80,80.5292529483558,52.8588846111453
7732,80,80.5292529483558,52.8588846111453
7733,80,80.5292529483558,52.8588846111453
7734,80,80.5292529483558,52.8588846111453
7735,80,80.5292529483558,52.8588846111453
7736,80,80.5292529483558,52.8588846111453
7737,80,80.5292529483558,52.8588846111453
7738,80,80.5292529483558,52.8588846111453
7739,80,80.5292529483558,52.8588846111453
7740,80,80.5292529483558,52.8588846111453
7741,80,80.5292529483558,52.8588846111453
7742,80,80.5292529483558,52.8588846111453
7743,80,80.5292529483558,52.8588846111453
7744,80,80.5292529483558,52.8588846111453
7746,80,80.5292529483558,52.8588846111453
7747,80,80.5292529483558,52.8588846111453
7748,80,80.5292529483558,52.8588846111453
7749,80,80.5292529483558,52.8588846111453
7750,80,80.5292529483558,52.8588846111453
7751,80,80.5292529483558,52.8588846111453
7752,80,80.5292529483558,52.8588846111453
7753,80,80.5292529483558,52.8588846111453
7754,80,80.5292529483558,52.8588846111453
7755,80,80.5292529483558,52.8588846111453
7756,80,80.5292529483558,52.8588846111453
7757,80,80.5292529483558,52.8588846111453
7758,80,80.5292529483558,52.8588846111453
7759,80,80.5292529483558,52.8588846111453
7760,80,80.5292529483558,52.8588846111453
7761,80,80.5292529483558,52.8588846111453
7762,80,80.5292529483558,52.8588846111453
7763,80,80.5292529483558,52.8588846111453
7764,80,80.5292529483558,52.8588846111453
7765,80,80.5292529483558,52.8588846111453
7766,80,80.5292529483558,52.8588846111453
7767,80,80.4639450348274,52.7301433345008
7768,80,80.442175730318,52.6872295756193
7769,80,80.442175730318,52.6872295756193
7770,80,80.442175730318,52.6872295756193
7771,80,80.442175730318,52.6872295756193
7772,80,80.442175730318,52.6872295756193
7773,80,80.442175730318,52.6872295756193
7774,80,80.442175730318,52.6872295756193
7776,80,80.442175730318,52.6872295756193
7777,80,80.442175730318,52.6872295756193
7778,80,80.442175730318,52.6872295756193
7779,80,80.442175730318,52.6872295756193
7780,80,80.442175730318,52.6872295756193
7781,80,80.442175730318,52.6872295756193
7782,80,80.442175730318,52.6872295756193
7783,80,80.442175730318,52.6872295756193
7784,80,80.442175730318,52.6872295756193
7785,80,80.442175730318,52.6872295756193
7786,80,80.442175730318,52.6872295756193
7787,80,80.442175730318,52.6872295756193
7788,80,80.442175730318,52.6872295756193
7789,80,80.442175730318,52.6872295756193
7790,80,80.442175730318,52.6872295756193
7791,80,80.442175730318,52.6872295756193
7792,80,80.442175730318,52.6872295756193
7793,80,80.442175730318,52.6872295756193
7794,80,80.442175730318,52.6872295756193
7795,80,80.442175730318,52.6872295756193
7796,80,80.442175730318,52.6872295756193
7797,80,80.442175730318,52.6872295756193
7798,80,80.442175730318,52.6872295756193
7799,80,80.442175730318,52.6872295756193
7800,80,80.442175730318,52.6872295756193
7801,80,80.442175730318,52.6872295756193
7802,80,80.442175730318,52.6872295756193
7803,80,80.442175730318,52.6872295756193
7804,80,80.442175730318,52.6872295756193
7806,80,80.442175730318,52.6872295756193
7807,80,80.442175730318,52.6872295756193
7808,80,80.442175730318,52.6872295756193
7809,80,80.442175730318,52.6872295756193
7810,80,80.442175730318,52.6872295756193
7811,80,80.442175730318,52.6872295756193
7812,80,80.442175730318,52.6872295756193
7813,80,80.442175730318,52.6872295756193
7814,80,80.442175730318,52.6872295756193
7815,80,80.442175730318,52.6872295756193
7816,80,80.442175730318,52.6872295756193
7817,80,80.442175730318,52.6872295756193
7818,80,80.442175730318,52.6872295756193
7819,80,80.442175730318,52.6872295756193
7820,80,80.442175730318,52.6872295756193
7821,80,80.442175730318,52.6872295756193
7822,80,80.442175730318,52.6872295756193
7823,80,80.442175730318,52.6872295756193
7824,80,80.442175730318,52.6872295756193
7825,80,80.442175730318,52.6872295756193
7826,80,80.442175730318,52.6872295756193
7827,80,80.442175730318,52.6872295756193
7828,80,80.442175730318,52.6872295756193
7829,80,80.442175730318,52.6872295756193
7830,80,80.442175730318,52.6872295756193
7831,80,80.442175730318,52.6872295756193
7832,80,80.442175730318,52.6872295756193
7833,80,80.442175730318,52.6872295756193
7834,80,80.442175730318,52.6872295756193
7835,80,80.442175730318,52.6872295756193
7836,80,80.442175730318,52.6872295756193
7837,80,80.442175730318,52.6872295756193
7838,80,80.442175730318,52.6872295756193
7839,80,80.442175730318,52.6872295756193
7840,80,80.442175730318,52.6872295756193
7841,80,80.442175730318,52.6872295756193
7842,80,80.442175730318,52.6872295756193
7843,80,80.442175730318,52.6872295756193
7844,80,80.442175730318,52.6872295756193
7845,80,80.442175730318,52.6872295756193
7846,80,80.442175730318,52.6872295756193
7847,80,80.442175730318,52.6872295756193
7848,80,80.442175730318,52.6872295756193
7849,80,80.442175730318,52.6872295756193
7850,80,80.442175730318,52.6872295756193
7851,80,80.442175730318,52.6872295756193
7852,80,80.442175730318,52.6872295756193
7853,80,80.442175730318,52.6872295756193
7854,80,80.442175730318,52.6872295756193
7855,80,80.442175730318,52.6872295756193
7856,80,80.442175730318,52.6872295756193
7857,80,80.442175730318,52.6872295756193
7858,80,80.442175730318,52.6872295756193
7859,80,80.442175730318,52.6872295756193
7860,80,80.442175730318,52.6872295756193
7861,80,80.442175730318,52.6872295756193
7862,80,80.442175730318,52.6872295756193
7863,80,80.442175730318,52.6872295756193
7864,80,80.442175730318,52.6872295756193
7866,80,80.442175730318,52.6872295756193
7867,80,80.442175730318,52.6872295756193
7868,80,80.442175730318,52.6872295756193
7869,80,80.442175730318,52.6872295756193
7870,80,80.442175730318,52.6872295756193
7871,80,80.442175730318,52.6872295756193
7872,80,80.442175730318,52.6872295756193
7873,80,80.442175730318,52.6872295756193
7874,80,80.442175730318,52.6872295756193
7875,80,80.442175730318,52.6872295756193
7876,80,80.442175730318,52.6872295756193
7877,80,80.442175730318,52.6872295756193
7878,80,80.442175730318,52.6872295756193
7879,80,80.442175730318,52.6872295756193
7880,80,80.442175730318,52.6872295756193
7881,80,80.442175730318,52.6872295756193
7882,80,80.442175730318,52.6872295756193
7883,80,80.442175730318,52.6872295756193
7884,80,80.442175730318,52.6872295756193
7885,80,80.442175730318,52.6872295756193
7886,80,80.442175730318,52.6872295756193
7887,80,80.442175730318,52.6872295756193
7888,80,80.442175730318,52.6872295756193
7889,80,80.442175730318,52.6872295756193
7890,80,80.442175730318,52.6872295756193
7891,80,80.442175730318,52.6872295756193
7892,80,80.442175730318,52.6872295756193
7893,80,80.442175730318,52.6872295756193
7894,80,80.442175730318,52.6872295756193
7895,80,80.442175730318,52.6872295756193
7896,80,80.442175730318,52.6872295756193
7897,80,80.442175730318,52.6872295756193
7898,80,80.442175730318,52.6872295756193
7899,80,80.442175730318,52.6872295756193
7900,80,80.442175730318,52.6872295756193
7901,80,80.442175730318,52.6872295756193
7902,80,80.442175730318,52.6872295756193
7903,80,80.442175730318,52.6872295756193
7904,80,80.442175730318,52.6872295756193
7905,80,80.442175730318,52.6872295756193
7906,80,80.442175730318,52.6872295756193
7907,80,80.442175730318,52.6872295756193
7908,80,80.442175730318,52.6872295756193
7909,80,80.442175730318,52.6872295756193
7910,80,80.442175730318,52.6872295756193
7911,80,80.442175730318,52.6872295756193
7912,80,80.442175730318,52.6872295756193
7913,80,80.442175730318,52.6872295756193
7914,80,80.442175730318,52.6872295756193
7915,80,80.442175730318,52.6872295756193
7916,80,80.442175730318,52.6872295756193
7917,80,80.442175730318,52.6872295756193
7918,80,80.442175730318,52.6872295756193
7919,80,80.442175730318,52.6872295756193
7920,80,80.442175730318,52.6872295756193
7921,80,80.442175730318,52.6872295756193
7922,80,80.442175730318,52.6872295756193
7923,80,80.442175730318,52.6872295756193
7924,80,80.442175730318,52.6872295756193
7925,80,80.442175730318,52.6872295756193
7926,80,80.442175730318,52.6872295756193
7927,80,80.442175730318,52.6872295756193
7928,80,80.442175730318,52.6872295756193
7929,80,80.442175730318,52.6872295756193
7930,80,80.442175730318,52.6872295756193
7931,80,80.442175730318,52.6872295756193
7932,80,80.442175730318,52.6872295756193
7933,80,80.442175730318,52.6872295756193
7934,80,80.442175730318,52.6872295756193
7935,80,80.442175730318,52.6872295756193
7936,80,80.442175730318,52.6872295756193
7937,80,80.442175730318,52.6872295756193
7938,80,80.442175730318,52.6872295756193
7939,80,80.442175730318,52.6872295756193
7940,80,80.442175730318,52.6872295756193
7941,80,80.442175730318,52.6872295756193
7942,80,80.442175730318,52.6872295756193
7943,80,80.442175730318,52.6872295756193
7944,80,80.442175730318,52.6872295756193
7945,80,80.442175730318,52.6872295756193
7946,80,80.442175730318,52.6872295756193
7947,80,80.442175730318,52.6872295756193
7948,80,80.442175730318,52.6872295756193
7949,80,80.442175730318,52.6872295756193
7950,80,80.442175730318,52.6872295756193
7951,80,80.442175730318,52.6872295756193
7952,80,80.442175730318,52.6872295756193
7953,80,80.442175730318,52.6872295756193
7954,80,80.442175730318,52.6872295756193
7955,80,80.442175730318,52.6872295756193
7957,80,80.442175730318,52.6872295756193
7958,80,80.442175730318,52.6872295756193
7959,80,80.442175730318,52.6872295756193
7960,80,80.442175730318,52.6872295756193
7961,80,80.442175730318,52.6872295756193
7962,80,80.442175730318,52.6872295756193
7963,80,80.442175730318,52.6872295756193
7964,80,80.442175730318,52.6872295756193
7965,80,80.442175730318,52.6872295756193
7966,80,80.442175730318,52.6872295756193
7967,80,80.442175730318,52.6872295756193
7968,80,80.442175730318,52.6872295756193
7969,80,80.442175730318,52.6872295756193
7970,80,80.442175730318,52.6872295756193
7971,80,80.442175730318,52.6872295756193
7972,80,80.442175730318,52.6872295756193
7973,80,80.442175730318,52.6872295756193
7974,80,80.442175730318,52.6872295756193
7975,80,80.442175730318,52.6872295756193
7976,80,80.442175730318,52.6872295756193
7977,80,80.442175730318,52.6872295756193
7978,80,80.442175730318,52.6872295756193
7979,80,80.442175730318,52.6872295756193
7980,80,80.442175730318,52.6872295756193
7981,80,80.442175730318,52.6872295756193
7982,80,80.442175730318,52.6872295756193
7983,80,80.442175730318,52.6872295756193
7984,80,80.442175730318,52.6872295756193
7985,80,80.442175730318,52.6872295756193
7987,80,80.442175730318,52.6872295756193
7988,80,80.442175730318,52.6872295756193
7989,80,80.442175730318,52.6872295756193
7990,80,80.442175730318,52.6872295756193
7991,80,80.442175730318,52.6872295756193
7992,80,80.442175730318,52.6872295756193
7993,80,80.442175730318,52.6872295756193
7994,80,80.442175730318,52.6872295756193
7995,80,80.442175730318,52.6872295756193
7996,80,80.442175730318,52.6872295756193
7997,80,80.442175730318,52.6872295756193
7998,80,80.442175730318,52.6872295756193
7999,80,80.442175730318,52.6872295756193
8000,80,80.442175730318,52.6872295756193
8001,80,80.442175730318,52.6872295756193
8002,80,80.442175730318,52.6872295756193
8003,80,80.442175730318,52.6872295756193
8004,80,80.442175730318,52.6872295756193
8005,80,80.442175730318,52.6872295756193
8006,80,80.442175730318,52.6872295756193
8007,80,80.442175730318,52.6872295756193
8008,80,80.442175730318,52.6872295756193
8009,80,80.442175730318,52.6872295756193
8010,80,80.442175730318,52.6872295756193
8011,80,80.442175730318,52.6872295756193
8012,80,80.442175730318,52.6872295756193
8013,80,80.442175730318,52.6872295756193
8014,80,80.442175730318,52.6872295756193
8015,80,80.442175730318,52.6872295756193
8017,80,80.442175730318,52.6872295756193
8018,80,80.442175730318,52.6872295756193
8019,80,80.442175730318,52.6872295756193
8020,80,80.442175730318,52.6872295756193
8021,80,80.442175730318,52.6872295756193
8022,80,80.442175730318,52.6872295756193
8023,80,80.442175730318,52.6872295756193
8024,80,80.442175730318,52.6872295756193
8025,80,80.442175730318,52.6872295756193
8026,80,80.442175730318,52.6872295756193
8027,80,80.442175730318,52.6872295756193
8028,80,80.442175730318,52.6872295756193
8029,80,80.442175730318,52.6872295756193
8030,80,80.442175730318,52.6872295756193
8031,80,80.442175730318,52.6872295756193
8032,80,80.442175730318,52.6872295756193
8033,80,80.442175730318,52.6872295756193
8034,80,80.442175730318,52.6872295756193
8035,80,80.442175730318,52.6872295756193
8036,80,80.442175730318,52.6872295756193
8037,80,80.442175730318,52.6872295756193
8038,80,80.442175730318,52.6872295756193
8039,80,80.442175730318,52.6872295756193
8040,80,80.442175730318,52.6872295756193
8041,80,80.442175730318,52.6872295756193
8042,80,80.442175730318,52.6872295756193
8043,80,80.442175730318,52.6872295756193
8044,80,80.442175730318,52.6872295756193
8045,80,80.442175730318,52.6872295756193
8047,80,80.442175730318,52.6872295756193
8048,80,80.442175730318,52.6872295756193
8049,80,80.5434080788872,52.1812450131777
8050,80,80.5434080788872,52.1812450131777
8051,80,80.5434080788872,52.1812450131777
8052,80,80.5434080788872,52.1812450131777
8053,80,80.5434080788872,52.1812450131777
8054,80,80.5434080788872,52.1812450131777
8055,80,80.5434080788872,52.1812450131777
8056,80,80.5434080788872,52.1812450131777
8057,80,80.5434080788872,52.1812450131777
8058,80,80.5434080788872,52.1812450131777
8059,80,80.5434080788872,52.1812450131777
8060,80,80.5434080788872,52.1812450131777
8061,80,80.5434080788872,52.1812450131777
8062,80,80.5434080788872,52.1812450131777
8063,80,80.5434080788872,52.1812450131777
8064,80,80.5434080788872,52.1812450131777
8065,80,80.5434080788872,52.1812450131777
8066,80,80.5434080788872,52.1812450131777
8067,80,80.5434080788872,52.1812450131777
8068,80,80.5434080788872,52.1812450131777
8069,80,80.5434080788872,52.1812450131777
8070,80,80.5434080788872,52.1812450131777
8071,80,80.5434080788872,52.1812450131777
8072,80,80.5434080788872,52.1812450131777
8073,80,80.5434080788872,52.1812450131777
8074,80,80.5434080788872,52.1812450131777
8075,80,80.5434080788872,52.1812450131777
8076,80,80.5434080788872,52.1812450131777
8077,80,80.5434080788872,52.1812450131777
8078,80,80.5434080788872,52.1812450131777
8079,80,80.5434080788872,52.1812450131777
8080,80,80.5434080788872,52.1812450131777
8081,80,80.5434080788872,52.1812450131777
8082,80,80.5434080788872,52.1812450131777
8083,80,80.5434080788872,52.1812450131777
8084,80,80.5434080788872,52.1812450131777
8085,80,80.5434080788872,52.1812450131777
8086,80,80.5434080788872,52.1812450131777
8087,80,80.5434080788872,52.1812450131777
8088,80,80.5434080788872,52.1812450131777
8089,80,80.5434080788872,52.1812450131777
8090,80,80.5434080788872,52.1812450131777
8091,80,80.5434080788872,52.1812450131777
8092,80,80.5434080788872,52.1812450131777
8093,80,80.5434080788872,52.1812450131777
8094,80,80.5434080788872,52.1812450131777
8095,80,80.5434080788872,52.1812450131777
8096,80,80.5434080788872,52.1812450131777
8097,80,80.5434080788872,52.1812450131777
8098,80,80.5434080788872,52.1812450131777
8099,80,80.5434080788872,52.1812450131777
8100,80,80.5434080788872,52.1812450131777
8101,80,80.5434080788872,52.1812450131777
8102,80,80.5434080788872,52.1812450131777
8103,80,80.5434080788872,52.1812450131777
8104,80,80.5434080788872,52.1812450131777
8105,80,80.5434080788872,52.1812450131777
8106,80,80.5434080788872,52.1812450131777
8108,80,80.5434080788872,52.1812450131777
8109,80,80.5434080788872,52.1812450131777
8110,80,80.5434080788872,52.1812450131777
8111,80,80.5434080788872,52.1812450131777
8112,80,80.5434080788872,52.1812450131777
8113,80,80.5434080788872,52.1812450131777
8114,80,80.5434080788872,52.1812450131777
8115,80,80.5434080788872,52.1812450131777
8116,80,80.5434080788872,52.1812450131777
8117,80,80.5434080788872,52.1812450131777
8118,80,80.5434080788872,52.1812450131777
8119,80,80.5434080788872,52.1812450131777
8120,80,80.5434080788872,52.1812450131777
8121,80,80.5434080788872,52.1812450131777
8122,80,80.5434080788872,52.1812450131777
8123,80,80.5434080788872,52.1812450131777
8124,80,80.5434080788872,52.1812450131777
8125,80,80.5434080788872,52.1812450131777
8126,80,80.5434080788872,52.1812450131777
8127,80,80.5434080788872,52.1812450131777
8128,80,80.5434080788872,52.1812450131777
8129,80,80.5434080788872,52.1812450131777
8130,80,80.5434080788872,52.1812450131777
8131,80,80.5434080788872,52.1812450131777
8132,80,80.5434080788872,52.1812450131777
8133,80,80.5434080788872,52.1812450131777
8134,80,80.5434080788872,52.1812450131777
8135,80,80.5434080788872,52.1812450131777
8136,80,80.5434080788872,52.1812450131777
8138,80,80.5434080788872,52.1812450131777
8139,80,80.5434080788872,52.1812450131777
8140,80,80.5434080788872,52.1812450131777
8141,80,80.5434080788872,52.1812450131777
8142,80,80.5434080788872,52.1812450131777
8143,80,80.5434080788872,52.1812450131777
8144,80,80.5434080788872,52.1812450131777
8145,80,80.5434080788872,52.1812450131777
8146,80,80.5434080788872,52.1812450131777
8147,80,80.5434080788872,52.1812450131777
8148,80,80.5434080788872,52.1812450131777
8149,80,80.5434080788872,52.1812450131777
8150,80,80.5434080788872,52.1812450131777
8151,80,80.5434080788872,52.1812450131777
8152,80,80.5434080788872,52.1812450131777
8153,80,80.5434080788872,52.1812450131777
8154,80,80.5434080788872,52.1812450131777
8155,80,80.5434080788872,52.1812450131777
8156,80,80.5434080788872,52.1812450131777
8157,80,80.5434080788872,52.1812450131777
8158,80,80.5434080788872,52.1812450131777
8159,80,80.5434080788872,52.1812450131777
8160,80,80.5434080788872,52.1812450131777
8161,80,80.5434080788872,52.1812450131777
8162,80,80.5434080788872,52.1812450131777
8163,80,80.5434080788872,52.1812450131777
8164,80,80.5434080788872,52.1812450131777
8165,80,80.5434080788872,52.1812450131777
8166,80,80.5434080788872,52.1812450131777
8167,80,80.5434080788872,52.1812450131777
8168,80,80.5434080788872,52.1812450131777
8169,80,80.5434080788872,52.1812450131777
8170,80,80.5434080788872,52.1812450131777
8171,80,80.5434080788872,52.1812450131777
8172,80,80.5434080788872,52.1812450131777
8173,80,80.5434080788872,52.1812450131777
8174,80,80.5434080788872,52.1812450131777
8175,80,80.5434080788872,52.1812450131777
8176,80,80.5434080788872,52.1812450131777
8177,80,80.5434080788872,52.1812450131777
8178,80,80.5434080788872,52.1812450131777
8179,80,80.5434080788872,52.1812450131777
8180,80,80.5434080788872,52.1812450131777
8181,80,80.5434080788872,52.1812450131777
8182,80,80.5434080788872,52.1812450131777
8183,80,80.5434080788872,52.1812450131777
8184,80,80.5434080788872,52.1812450131777
8185,80,80.5434080788872,52.1812450131777
8186,80,80.5434080788872,52.1812450131777
8187,80,80.5434080788872,52.1812450131777
8188,80,80.5434080788872,52.1812450131777
8189,80,80.5434080788872,52.1812450131777
8190,80,80.5434080788872,52.1812450131777
8191,80,80.5434080788872,52.1812450131777
8192,80,80.5434080788872,52.1812450131777
8193,80,80.5434080788872,52.1812450131777
8194,80,80.5434080788872,52.1812450131777
8195,80,80.5434080788872,52.1812450131777
8196,80,80.5434080788872,52.1812450131777
8197,80,80.5434080788872,52.1812450131777
8198,80,80.5434080788872,52.1812450131777
8199,80,80.5434080788872,52.1812450131777
8200,80,80.5434080788872,52.1812450131777
8201,80,80.5434080788872,52.1812450131777
8202,80,80.5434080788872,52.1812450131777
8203,80,80.5434080788872,52.1812450131777
8204,80,80.5434080788872,52.1812450131777
8205,80,80.5434080788872,52.1812450131777
8206,80,80.5434080788872,52.1812450131777
8207,80,80.5434080788872,52.1812450131777
8208,80,80.5434080788872,52.1812450131777
8209,80,80.5434080788872,52.1812450131777
8210,80,80.5434080788872,52.1812450131777
8211,80,80.5434080788872,52.1812450131777
8212,80,80.5434080788872,52.1812450131777
8213,80,80.5434080788872,52.1812450131777
8214,80,80.5434080788872,52.1812450131777
8215,80,80.5434080788872,52.1812450131777
8216,80,80.5434080788872,52.1812450131777
8217,80,80.5434080788872,52.1812450131777
8218,80,80.5434080788872,52.1812450131777
8219,80,80.5434080788872,52.1812450131777
8220,80,80.5434080788872,52.1812450131777
8221,80,80.5434080788872,52.1812450131777
8222,80,80.5434080788872,52.1812450131777
8223,80,80.5434080788872,52.1812450131777
8224,80,80.5434080788872,52.1812450131777
8225,80,80.5434080788872,52.1812450131777
8226,80,80.5434080788872,52.1812450131777
8228,80,80.5434080788872,52.1812450131777
8229,80,80.5434080788872,52.1812450131777
8230,80,80.5434080788872,52.1812450131777
8231,80,80.5434080788872,52.1812450131777
8232,80,80.5434080788872,52.1812450131777
8233,80,80.5434080788872,52.1812450131777
8234,80,80.5434080788872,52.1812450131777
8235,80,80.5434080788872,52.1812450131777
8236,80,80.5434080788872,52.1812450131777
8237,80,80.5434080788872,52.1812450131777
8238,80,80.5434080788872,52.1812450131777
8239,80,80.5434080788872,52.1812450131777
8240,80,80.5434080788872,52.1812450131777
8241,80,80.5434080788872,52.1812450131777
8242,80,80.5434080788872,52.1812450131777
8243,80,80.5434080788872,52.1812450131777
8244,80,80.5434080788872,52.1812450131777
8245,80,80.5434080788872,52.1812450131777
8246,80,80.5434080788872,52.1812450131777
8247,80,80.5434080788872,52.1812450131777
8248,80,80.5434080788872,52.1812450131777
8249,80,80.5434080788872,52.1812450131777
8250,80,80.5434080788872,52.1812450131777
8251,80,80.5434080788872,52.1812450131777
8252,80,80.5434080788872,52.1812450131777
8253,80,80.5434080788872,52.1812450131777
8254,80,80.5434080788872,52.1812450131777
8255,80,80.5434080788872,52.1812450131777
8256,80,80.5434080788872,52.1812450131777
8257,80,80.5434080788872,52.1812450131777
8259,80,80.5434080788872,52.1812450131777
8260,80,80.5434080788872,52.1812450131777
8261,80,80.5434080788872,52.1812450131777
8262,80,80.5434080788872,52.1812450131777
8263,80,80.5434080788872,52.1812450131777
8264,80,80.5434080788872,52.1812450131777
8265,80,80.5434080788872,52.1812450131777
8266,80,80.5434080788872,52.1812450131777
8267,80,80.5434080788872,52.1812450131777
8268,80,80.5434080788872,52.1812450131777
8269,80,80.5434080788872,52.1812450131777
8270,80,80.5434080788872,52.1812450131777
8271,80,80.5434080788872,52.1812450131777
8272,80,80.5434080788872,52.1812450131777
8273,80,80.5434080788872,52.1812450131777
8274,80,80.5434080788872,52.1812450131777
8275,80,80.5434080788872,52.1812450131777
8276,80,80.5434080788872,52.1812450131777
8277,80,80.5434080788872,52.1812450131777
8278,80,80.5434080788872,52.1812450131777
8279,80,80.5434080788872,52.1812450131777
8280,80,80.5434080788872,52.1812450131777
8281,80,80.5434080788872,52.1812450131777
8282,80,80.5434080788872,52.1812450131777
8283,80,80.5434080788872,52.1812450131777
8284,80,80.5434080788872,52.1812450131777
8285,80,80.5434080788872,52.1812450131777
8286,80,80.5434080788872,52.1812450131777
8287,80,80.5434080788872,52.1812450131777
8289,80,80.5434080788872,52.1812450131777
8290,80,80.5434080788872,52.1812450131777
8291,80,80.5434080788872,52.1812450131777
8292,80,80.5434080788872,52.1812450131777
8293,80,80.5434080788872,52.1812450131777
8294,80,80.5434080788872,52.1812450131777
8295,80,80.5434080788872,52.1812450131777
8296,80,80.5434080788872,52.1812450131777
8297,80,80.5434080788872,52.1812450131777
8298,80,80.5434080788872,52.1812450131777
8299,80,80.5434080788872,52.1812450131777
8300,80,80.5434080788872,52.1812450131777
8301,80,80.5434080788872,52.1812450131777
8302,80,80.5434080788872,52.1812450131777
8303,80,80.5434080788872,52.1812450131777
8304,80,80.5434080788872,52.1812450131777
8305,80,80.5434080788872,52.1812450131777
8306,80,80.5434080788872,52.1812450131777
8307,80,80.5434080788872,52.1812450131777
8308,80,80.5434080788872,52.1812450131777
8309,80,80.5434080788872,52.1812450131777
8310,80,80.5434080788872,52.1812450131777
8311,80,80.5434080788872,52.1812450131777
8312,80,80.5434080788872,52.1812450131777
8313,80,80.5434080788872,52.1812450131777
8314,80,80.5434080788872,52.1812450131777
8315,80,80.5434080788872,52.1812450131777
8316,80,80.5434080788872,52.1812450131777
8317,80,80.5434080788872,52.1812450131777
8319,80,80.5434080788872,52.1812450131777
8320,80,80.5434080788872,52.1812450131777
8321,80,80.5434080788872,52.1812450131777
8322,80,80.5434080788872,52.1812450131777
8323,80,80.5434080788872,52.1812450131777
8324,80,80.5434080788872,52.1812450131777
8325,80,80.5434080788872,52.1812450131777
8326,80,80.4726369420336,52.7969860046283
8327,80,80.4726369420336,52.7969860046283
8328,80,80.4726369420336,52.7969860046283
8329,80,80.4726369420336,52.7969860046283
8330,80,80.4726369420336,52.7969860046283
8331,80,80.4726369420336,52.7969860046283
8332,80,80.4726369420336,52.7969860046283
8333,80,80.4726369420336,52.7969860046283
8334,80,80.4726369420336,52.7969860046283
8335,80,80.4726369420336,52.7969860046283
8336,80,80.4726369420336,52.7969860046283
8337,80,80.4726369420336,52.7969860046283
8338,80,80.4726369420336,52.7969860046283
8339,80,80.4726369420336,52.7969860046283
8340,80,80.4726369420336,52.7969860046283
8341,80,80.4726369420336,52.7969860046283
8342,80,80.4726369420336,52.7969860046283
8343,80,80.4726369420336,52.7969860046283
8344,80,80.4726369420336,52.7969860046283
8345,80,80.4726369420336,52.7969860046283
8346,80,80.4726369420336,52.7969860046283
8347,80,80.4726369420336,52.7969860046283
8349,80,80.4726369420336,52.7969860046284
8350,80,80.4726369420336,52.7969860046283
8351,80,80.4726369420336,52.7969860046283
8352,80,80.4726369420336,52.7969860046283
8353,80,80.4726369420336,52.7969860046283
8354,80,80.4726369420336,52.7969860046283
8355,80,80.4726369420336,52.7969860046283
8356,80,80.4726369420336,52.7969860046283
8357,80,80.4726369420336,52.7969860046283
8358,80,80.4726369420336,52.7969860046283
8359,80,80.4726369420336,52.7969860046283
8360,80,80.4726369420336,52.7969860046283
8361,80,80.4726369420336,52.7969860046283
8362,80,80.4726369420336,52.7969860046283
8363,80,80.4726369420336,52.7969860046283
8364,80,80.4726369420336,52.7969860046283
8365,80,80.4726369420336,52.7969860046283
8366,80,80.4726369420336,52.7969860046283
8367,80,80.4726369420336,52.7969860046283
8368,80,80.4726369420336,52.7969860046283
8369,80,80.4726369420336,52.7969860046283
8370,80,80.4726369420336,52.7969860046283
8371,80,80.4726369420336,52.7969860046283
8372,80,80.4726369420336,52.7969860046283
8373,80,80.4726369420336,52.7969860046283
8374,80,80.4726369420336,52.7969860046283
8375,80,80.4726369420336,52.7969860046283
8376,80,80.4726369420336,52.7969860046283
8377,80,80.4726369420336,52.7969860046283
8379,80,80.4726369420336,52.7969860046284
8380,80,80.4726369420336,52.7969860046283
8381,80,80.4726369420336,52.7969860046283
8382,80,80.4726369420336,52.7969860046283
8383,80,80.4726369420336,52.7969860046283
8384,80,80.4726369420336,52.7969860046283
8385,80,80.4726369420336,52.7969860046283
8386,80,80.4726369420336,52.7969860046283
8387,80,80.4726369420336,52.7969860046283
8388,80,80.4726369420336,52.7969860046283
8389,80,80.4726369420336,52.7969860046283
8390,80,80.4726369420336,52.7969860046283
8391,80,80.4726369420336,52.7969860046283
8392,80,80.4726369420336,52.7969860046283
8393,80,80.4726369420336,52.7969860046283
8394,80,80.4726369420336,52.7969860046283
8395,80,80.4726369420336,52.7969860046283
8396,80,80.4726369420336,52.7969860046283
8397,80,80.4726369420336,52.7969860046283
8398,80,80.4726369420336,52.7969860046283
8399,80,80.4726369420336,52.7969860046283
8400,80,80.4726369420336,52.7969860046283
8401,80,80.4726369420336,52.7969860046283
8402,80,80.4726369420336,52.7969860046283
8403,80,80.4726369420336,52.7969860046283
8404,80,80.4726369420336,52.7969860046283
8405,80,80.4726369420336,52.7969860046283
8406,80,80.4726369420336,52.7969860046283
8407,80,80.4726369420336,52.7969860046283
8409,80,80.4726369420336,52.7969860046284
8410,80,80.4726369420336,52.7969860046283
8411,80,80.4726369420336,52.7969860046283
8412,80,80.4726369420336,52.7969860046283
8413,80,80.4726369420336,52.7969860046283
8414,80,80.4726369420336,52.7969860046283
8415,80,80.4726369420336,52.7969860046283
8416,80,80.4726369420336,52.7969860046283
8417,80,80.4726369420336,52.7969860046283
8418,80,80.4726369420336,52.7969860046283
8419,80,80.4726369420336,52.7969860046283
8420,80,80.4726369420336,52.7969860046283
8421,80,80.4726369420336,52.7969860046283
8422,80,80.4726369420336,52.7969860046283
8423,80,80.4726369420336,52.7969860046283
8424,80,80.4726369420336,52.7969860046283
8425,80,80.4726369420336,52.7969860046283
8426,80,80.4726369420336,52.7969860046283
8427,80,80.4726369420336,52.7969860046283
8428,80,80.4726369420336,52.7969860046283
8429,80,80.4726369420336,52.7969860046283
8430,80,80.4726369420336,52.7969860046283
8431,80,80.4726369420336,52.7969860046283
8432,80,80.4726369420336,52.7969860046283
8433,80,80.4726369420336,52.7969860046283
8434,80,80.4726369420336,52.7969860046283
8435,80,80.4726369420336,52.7969860046283
8436,80,80.4726369420336,52.7969860046283
8437,80,80.4726369420336,52.7969860046283
8438,80,80.4726369420336,52.7969860046283
8439,80,80.4726369420336,52.7969860046283
8440,80,80.4726369420336,52.7969860046283
8441,80,80.4726369420336,52.7969860046283
8442,80,80.4726369420336,52.7969860046283
8443,80,80.4726369420336,52.7969860046283
8444,80,80.4726369420336,52.7969860046283
8445,80,80.4726369420336,52.7969860046283
8446,80,80.4726369420336,52.7969860046283
8447,80,80.4726369420336,52.7969860046283
8448,80,80.4726369420336,52.7969860046283
8449,80,80.4726369420336,52.7969860046283
8450,80,80.4726369420336,52.7969860046283
8451,80,80.4726369420336,52.7969860046283
8452,80,80.4726369420336,52.7969860046283
8453,80,80.4726369420336,52.7969860046283
8454,80,80.4726369420336,52.7969860046283
8455,80,80.4726369420336,52.7969860046283
8456,80,80.4726369420336,52.7969860046283
8457,80,80.4726369420336,52.7969860046283
8458,80,80.4726369420336,52.7969860046283
8459,80,80.4726369420336,52.7969860046283
8460,80,80.4726369420336,52.7969860046283
8461,80,80.4726369420336,52.7969860046283
8462,80,80.4726369420336,52.7969860046283
8463,80,80.4726369420336,52.7969860046283
8464,80,80.4726369420336,52.7969860046283
8465,80,80.4726369420336,52.7969860046283
8466,80,80.4726369420336,52.7969860046283
8467,80,80.4726369420336,52.7969860046283
8469,80,80.4726369420336,52.7969860046283
8470,80,80.4726369420336,52.7969860046283
8471,80,80.4726369420336,52.7969860046283
8472,80,80.4726369420336,52.7969860046283
8473,80,80.4726369420336,52.7969860046283
8474,80,80.4726369420336,52.7969860046283
8475,80,80.4726369420336,52.7969860046283
8476,80,80.4726369420336,52.7969860046283
8477,80,80.4726369420336,52.7969860046283
8478,80,80.4726369420336,52.7969860046283
8479,80,80.4726369420336,52.7969860046283
8480,80,80.4726369420336,52.7969860046283
8481,80,80.4726369420336,52.7969860046283
8482,80,80.4726369420336,52.7969860046283
8483,80,80.4726369420336,52.7969860046283
8484,80,80.4726369420336,52.7969860046283
8485,80,80.4726369420336,52.7969860046283
8486,80,80.4726369420336,52.7969860046283
8487,80,80.4726369420336,52.7969860046283
8488,80,80.4726369420336,52.7969860046283
8489,80,80.4726369420336,52.7969860046283
8490,80,80.4726369420336,52.7969860046283
8491,80,80.4726369420336,52.7969860046283
8492,80,80.4726369420336,52.7969860046283
8493,80,80.4726369420336,52.7969860046283
8494,80,80.4726369420336,52.7969860046283
8495,80,80.4726369420336,52.7969860046283
8496,80,80.4726369420336,52.7969860046283
8497,80,80.4726369420336,52.7969860046283
8499,80,80.4726369420336,52.7969860046284
8500,80,80.4726369420336,52.7969860046283
8501,80,80.4726369420336,52.7969860046283
8502,80,80.4726369420336,52.7969860046283
8503,80,80.4726369420336,52.7969860046283
8504,80,80.4726369420336,52.7969860046283
8505,80,80.4726369420336,52.7969860046283
8506,80,80.4726369420336,52.7969860046283
8507,80,80.4726369420336,52.7969860046283
8508,80,80.4726369420336,52.7969860046283
8509,80,80.4726369420336,52.7969860046283
8510,80,80.4726369420336,52.7969860046283
8511,80,80.4726369420336,52.7969860046283
8512,80,80.4726369420336,52.7969860046283
8513,80,80.4726369420336,52.7969860046283
8514,80,80.4726369420336,52.7969860046283
8515,80,80.4726369420336,52.7969860046283
8516,80,80.4726369420336,52.7969860046283
8517,80,80.4726369420336,52.7969860046283
8518,80,80.4726369420336,52.7969860046283
8519,80,80.4726369420336,52.7969860046283
8520,80,80.4726369420336,52.7969860046283
8521,80,80.4726369420336,52.7969860046283
8522,80,80.4726369420336,52.7969860046283
8523,80,80.4726369420336,52.7969860046283
8524,80,80.4726369420336,52.7969860046283
8525,80,80.4726369420336,52.7969860046283
8526,80,80.4726369420336,52.7969860046283
8527,80,80.4726369420336,52.7969860046283
8528,80,80.4726369420336,52.7969860046283
8530,80,80.4726369420336,52.7969860046284
8531,80,80.4726369420336,52.7969860046283
8532,80,80.4726369420336,52.7969860046283
8533,80,80.4726369420336,52.7969860046283
8534,80,80.4726369420336,52.7969860046283
8535,80,80.4726369420336,52.7969860046283
8536,80,80.4726369420336,52.7969860046283
8537,80,80.4726369420336,52.7969860046283
8538,80,80.4726369420336,52.7969860046283
8539,80,80.4726369420336,52.7969860046283
8540,80,80.4726369420336,52.7969860046283
8541,80,80.4726369420336,52.7969860046283
8542,80,80.4726369420336,52.7969860046283
8543,80,80.4726369420336,52.7969860046283
8544,80,80.4726369420336,52.7969860046283
8545,80,80.4726369420336,52.7969860046283
8546,80,80.4726369420336,52.7969860046283
8547,80,80.4726369420336,52.7969860046283
8548,80,80.4726369420336,52.7969860046283
8549,80,80.4726369420336,52.7969860046283
8550,80,80.4726369420336,52.7969860046283
8551,80,80.4726369420336,52.7969860046283
8552,80,80.4726369420336,52.7969860046283
8553,80,80.4726369420336,52.7969860046283
8554,80,80.4726369420336,52.7969860046283
8555,80,80.4726369420336,52.7969860046283
8556,80,80.4726369420336,52.7969860046283
8557,80,80.4726369420336,52.7969860046283
8558,80,80.4726369420336,52.7969860046283
8560,80,80.4726369420336,52.7969860046283
8561,80,80.4726369420336,52.7969860046283
8562,80,80.4726369420336,52.7969860046283
8563,80,80.4726369420336,52.7969860046283
8564,80,80.4726369420336,52.7969860046283
8565,80,80.4726369420336,52.7969860046283
8566,80,80.4726369420336,52.7969860046283
8567,80,80.4726369420336,52.7969860046283
8568,80,80.4726369420336,52.7969860046283
8569,80,80.4726369420336,52.7969860046283
8570,80,80.4726369420336,52.7969860046283
8571,80,80.4726369420336,52.7969860046283
8572,80,80.4726369420336,52.7969860046283
8573,80,80.4726369420336,52.7969860046283
8574,80,80.4726369420336,52.7969860046283
8575,80,80.4726369420336,52.7969860046283
8576,80,80.4726369420336,52.7969860046283
8577,80,80.4726369420336,52.7969860046283
8578,80,80.4726369420336,52.7969860046283
8579,80,80.4726369420336,52.7969860046283
8580,80,80.4726369420336,52.7969860046283
8581,80,80.4726369420336,52.7969860046283
8582,80,80.4726369420336,52.7969860046283
8583,80,80.4726369420336,52.7969860046283
8584,80,80.4726369420336,52.7969860046283
8585,80,80.4726369420336,52.7969860046283
8586,80,80.4726369420336,52.7969860046283
8587,80,80.4726369420336,52.7969860046283
8588,80,80.4726369420336,52.7969860046283
8589,80,80.4726369420336,52.7969860046283
8590,80,80.4726369420336,52.7969860046284
8591,80,80.4726369420336,52.7969860046283
8592,80,80.4726369420336,52.7969860046283
8593,80,80.4726369420336,52.7969860046283
8594,80,80.4726369420336,52.7969860046283
8595,80,80.4726369420336,52.7969860046283
8596,80,80.4726369420336,52.7969860046283
8597,80,80.4726369420336,52.7969860046283
8598,80,80.4726369420336,52.7969860046283
8599,80,80.4726369420336,52.7969860046283
8600,80,80.4726369420336,52.7969860046283
8601,80,80.4726369420336,52.7969860046283
8602,80,80.4726369420336,52.7969860046283
8603,80,80.4726369420336,52.7969860046283
8604,80,80.4726369420336,52.7969860046283
8605,80,80.4726369420336,52.7969860046283
8606,80,80.4726369420336,52.7969860046283
8607,80,80.4726369420336,52.7969860046283
8608,80,80.4223267333576,51.9805882356471
8609,80,80.4223267333576,51.9805882356471
8610,80,80.4223267333576,51.9805882356471
8611,80,80.4223267333576,51.9805882356471
8612,80,80.4223267333576,51.9805882356471
8613,80,80.4223267333576,51.9805882356471
8614,80,80.4223267333576,51.9805882356471
8615,80,80.4223267333576,51.9805882356471
8616,80,80.4223267333576,51.9805882356471
8617,80,80.4223267333576,51.9805882356471
8618,80,80.4223267333576,51.9805882356471
8619,80,80.4223267333576,51.9805882356471
8620,80,80.4223267333576,51.9805882356471
8621,80,80.4223267333576,51.9805882356471
8622,80,80.4223267333576,51.9805882356471
8623,80,80.4223267333576,51.9805882356471
8624,80,80.4223267333576,51.9805882356471
8625,80,80.4223267333576,51.9805882356471
8626,80,80.4223267333576,51.9805882356471
8627,80,80.4223267333576,51.9805882356471
8628,80,80.4223267333576,51.9805882356471
8629,80,80.4223267333576,51.9805882356471
8630,80,80.4223267333576,51.9805882356471
8631,80,80.4223267333576,51.9805882356471
8632,80,80.4223267333576,51.9805882356471
8633,80,80.4223267333576,51.9805882356471
8634,80,80.4223267333576,51.9805882356471
8635,80,80.4223267333576,51.9805882356471
8636,80,80.4223267333576,51.9805882356471
8637,80,80.4223267333576,51.9805882356471
8638,80,80.4223267333576,51.9805882356471
8639,80,80.4223267333576,51.9805882356471
8640,80,80.4223267333576,51.9805882356471
8641,80,80.4223267333576,51.9805882356471
8642,80,80.4223267333576,51.9805882356471
8643,80,80.4223267333576,51.9805882356471
8644,80,80.4223267333576,51.9805882356471
8645,80,80.4223267333576,51.9805882356471
8646,80,80.4223267333576,51.9805882356471
8647,80,80.4223267333576,51.9805882356471
8648,80,80.4223267333576,51.9805882356471
8649,80,80.4223267333576,51.9805882356471
8650,80,80.4223267333576,51.9805882356471
8651,80,80.4223267333576,51.9805882356471
8652,80,80.4223267333576,51.9805882356471
8653,80,80.4223267333576,51.9805882356471
8654,80,80.4223267333576,51.9805882356471
8655,80,80.4223267333576,51.9805882356471
8656,80,80.4223267333576,51.9805882356471
8657,80,80.4223267333576,51.9805882356471
8658,80,80.4223267333576,51.9805882356471
8659,80,80.4223267333576,51.9805882356471
8660,80,80.4223267333576,51.9805882356471
8661,80,80.4223267333576,51.9805882356471
8662,80,80.4223267333576,51.9805882356471
8663,80,80.4223267333576,51.9805882356471
8664,80,80.4223267333576,51.9805882356471
8665,80,80.4223267333576,51.9805882356471
8666,80,80.4223267333576,51.9805882356471
8667,80,80.4223267333576,51.9805882356471
8668,80,80.4223267333576,51.9805882356471
8669,80,80.4223267333576,51.9805882356471
8670,80,80.4223267333576,51.9805882356471
8671,80,80.4223267333576,51.9805882356471
8672,80,80.4223267333576,51.9805882356471
8673,80,80.4223267333576,51.9805882356471
8674,80,80.4223267333576,51.9805882356471
8675,80,80.4223267333576,51.9805882356471
8676,80,80.4223267333576,51.9805882356471
8677,80,80.4223267333576,51.9805882356471
8678,80,80.4223267333576,51.9805882356471
8680,80,80.4223267333576,51.9805882356471
8681,80,80.4223267333576,51.9805882356471
8682,80,80.4223267333576,51.9805882356471
8683,80,80.4223267333576,51.9805882356471
8684,80,80.4223267333576,51.9805882356471
8685,80,80.4223267333576,51.9805882356471
8686,80,80.4223267333576,51.9805882356471
8687,80,80.4223267333576,51.9805882356471
8688,80,80.4223267333576,51.9805882356471
8689,80,80.4223267333576,51.9805882356471
8690,80,80.4223267333576,51.9805882356471
8691,80,80.4223267333576,51.9805882356471
8692,80,80.4223267333576,51.9805882356471
8693,80,80.4223267333576,51.9805882356471
8694,80,80.4223267333576,51.9805882356471
8695,80,80.4223267333576,51.9805882356471
8696,80,80.4223267333576,51.9805882356471
8697,80,80.4223267333576,51.9805882356471
8698,80,80.4223267333576,51.9805882356471
8699,80,80.4223267333576,51.9805882356471
8700,80,80.4223267333576,51.9805882356471
8701,80,80.4223267333576,51.9805882356471
8702,80,80.4223267333576,51.9805882356471
8703,80,80.4223267333576,51.9805882356471
8704,80,80.4223267333576,51.9805882356471
8705,80,80.4223267333576,51.9805882356471
8706,80,80.4223267333576,51.9805882356471
8707,80,80.4223267333576,51.9805882356471
8708,80,80.4223267333576,51.9805882356471
8709,80,80.4223267333576,51.9805882356471
8710,80,80.4223267333576,51.9805882356471
8711,80,80.4223267333576,51.9805882356471
8712,80,80.4223267333576,51.9805882356471
8713,80,80.4223267333576,51.9805882356471
8714,80,80.4223267333576,51.9805882356471
8715,80,80.4223267333576,51.9805882356471
8716,80,80.4223267333576,51.9805882356471
8717,80,80.4223267333576,51.9805882356471
8718,80,80.4223267333576,51.9805882356471
8719,80,80.4223267333576,51.9805882356471
8720,80,80.4223267333576,51.9805882356471
8721,80,80.4223267333576,51.9805882356471
8722,80,80.4223267333576,51.9805882356471
8723,80,80.4223267333576,51.9805882356471
8724,80,80.4223267333576,51.9805882356471
8725,80,80.4223267333576,51.9805882356471
8726,80,80.4223267333576,51.9805882356471
8727,80,80.4223267333576,51.9805882356471
8728,80,80.4223267333576,51.9805882356471
8729,80,80.4223267333576,51.9805882356471
8730,80,80.4223267333576,51.9805882356471
8731,80,80.4223267333576,51.9805882356471
8732,80,80.4223267333576,51.9805882356471
8733,80,80.4223267333576,51.9805882356471
8734,80,80.4223267333576,51.9805882356471
8735,80,80.4223267333576,51.9805882356471
8736,80,80.4223267333576,51.9805882356471
8737,80,80.4223267333576,51.9805882356471
8738,80,80.4223267333576,51.9805882356471
8739,80,80.4223267333576,51.9805882356471
8741,80,80.4223267333576,51.9805882356471
8742,80,80.4223267333576,51.9805882356471
8743,80,80.4223267333576,51.9805882356471
8744,80,80.4223267333576,51.9805882356471
8745,80,80.4223267333576,51.9805882356471
8746,80,80.4223267333576,51.9805882356471
8747,80,80.4223267333576,51.9805882356471
8748,80,80.4223267333576,51.9805882356471
8749,80,80.4223267333576,51.9805882356471
8750,80,80.4223267333576,51.9805882356471
8751,80,80.4223267333576,51.9805882356471
8752,80,80.4223267333576,51.9805882356471
8753,80,80.4223267333576,51.9805882356471
8754,80,80.4223267333576,51.9805882356471
8755,80,80.4223267333576,51.9805882356471
8756,80,80.4223267333576,51.9805882356471
8757,80,80.4223267333576,51.9805882356471
8758,80,80.4223267333576,51.9805882356471
8759,80,80.4223267333576,51.9805882356471
8760,80,80.4223267333576,51.9805882356471
8761,80,80.4223267333576,51.9805882356471
8762,80,80.4223267333576,51.9805882356471
8763,80,80.4223267333576,51.9805882356471
8764,80,80.4223267333576,51.9805882356471
8765,80,80.4223267333576,51.9805882356471
8766,80,80.4223267333576,51.9805882356471
8767,80,80.4223267333576,51.9805882356471
8768,80,80.4223267333576,51.9805882356471
8769,80,80.4223267333576,51.9805882356471
8771,80,80.4223267333576,51.9805882356471
8772,80,80.4223267333576,51.9805882356471
8773,80,80.4223267333576,51.9805882356471
8774,80,80.4223267333576,51.9805882356471
8775,80,80.4223267333576,51.9805882356471
8776,80,80.4223267333576,51.9805882356471
8777,80,80.4223267333576,51.9805882356471
8778,80,80.4223267333576,51.9805882356471
8779,80,80.4223267333576,51.9805882356471
8780,80,80.4223267333576,51.9805882356471
8781,80,80.4223267333576,51.9805882356471
8782,80,80.4223267333576,51.9805882356471
8783,80,80.4223267333576,51.9805882356471
8784,80,80.4223267333576,51.9805882356471
8785,80,80.4223267333576,51.9805882356471
8786,80,80.4223267333576,51.9805882356471
8787,80,80.4223267333576,51.9805882356471
8788,80,80.4223267333576,51.9805882356471
8789,80,80.4223267333576,51.9805882356471
8790,80,80.4223267333576,51.9805882356471
8791,80,80.4223267333576,51.9805882356471
8792,80,80.4223267333576,51.9805882356471
8793,80,80.4223267333576,51.9805882356471
8794,80,80.4223267333576,51.9805882356471
8795,80,80.4223267333576,51.9805882356471
8796,80,80.4223267333576,51.9805882356471
8797,80,80.4223267333576,51.9805882356471
8798,80,80.4223267333576,51.9805882356471
8799,80,80.4223267333576,51.9805882356471
8800,80,80.4223267333576,51.9805882356471
8801,80,80.4223267333576,51.9805882356471
8802,80,80.4223267333576,51.9805882356471
8803,80,80.4223267333576,51.9805882356471
8804,80,80.4223267333576,51.9805882356471
8805,80,80.4223267333576,51.9805882356471
8806,80,80.4223267333576,51.9805882356471
8807,80,80.4223267333576,51.9805882356471
8808,80,80.4223267333576,51.9805882356471
8809,80,80.4223267333576,51.9805882356471
8810,80,80.4223267333576,51.9805882356471
8811,80,80.4223267333576,51.9805882356471
8812,80,80.4223267333576,51.9805882356471
8813,80,80.4223267333576,51.9805882356471
8814,80,80.4223267333576,51.9805882356471
8815,80,80.4223267333576,51.9805882356471
8816,80,80.4223267333576,51.9805882356471
8817,80,80.4223267333576,51.9805882356471
8818,80,80.4223267333576,51.9805882356471
8819,80,80.4223267333576,51.9805882356471
8820,80,80.4223267333576,51.9805882356471
8821,80,80.4223267333576,51.9805882356471
8822,80,80.4223267333576,51.9805882356471
8823,80,80.4223267333576,51.9805882356471
8824,80,80.4223267333576,51.9805882356471
8825,80,80.4223267333576,51.9805882356471
8826,80,80.4223267333576,51.9805882356471
8827,80,80.4223267333576,51.9805882356471
8828,80,80.4223267333576,51.9805882356471
8829,80,80.4223267333576,51.9805882356471
8831,80,80.4223267333576,51.9805882356471
8832,80,80.4223267333576,51.9805882356471
8833,80,80.4223267333576,51.9805882356471
8834,80,80.4223267333576,51.9805882356471
8835,80,80.4223267333576,51.9805882356471
8836,80,80.4223267333576,51.9805882356471
8837,80,80.4223267333576,51.9805882356471
8838,80,80.4223267333576,51.9805882356471
8839,80,80.4223267333576,51.9805882356471
8840,80,80.4223267333576,51.9805882356471
8841,80,80.4223267333576,51.9805882356471
8842,80,80.4223267333576,51.9805882356471
8843,80,80.4223267333576,51.9805882356471
8844,80,80.4223267333576,51.9805882356471
8845,80,80.4223267333576,51.9805882356471
8846,80,80.4223267333576,51.9805882356471
8847,80,80.4223267333576,51.9805882356471
8848,80,80.4223267333576,51.9805882356471
8849,80,80.4223267333576,51.9805882356471
8850,80,80.4223267333576,51.9805882356471
8851,80,80.4223267333576,51.9805882356471
8852,80,80.4223267333576,51.9805882356471
8853,80,80.4223267333576,51.9805882356471
8854,80,80.4223267333576,51.9805882356471
8855,80,80.4223267333576,51.9805882356471
8856,80,80.4223267333576,51.9805882356471
8857,80,80.4223267333576,51.9805882356471
8858,80,80.4223267333576,51.9805882356471
8859,80,80.4223267333576,51.9805882356471
8860,80,80.4223267333576,51.9805882356471
8861,80,80.4223267333576,51.9805882356471
8862,80,80.4223267333576,51.9805882356471
8863,80,80.4223267333576,51.9805882356471
8864,80,80.4223267333576,51.9805882356471
8865,80,80.4223267333576,51.9805882356471
8866,80,80.4223267333576,51.9805882356471
8867,80,80.4223267333576,51.9805882356471
8868,80,80.4223267333576,51.9805882356471
8869,80,80.4223267333576,51.9805882356471
8870,80,80.4223267333576,51.9805882356471
8871,80,80.4223267333576,51.9805882356471
8872,80,80.4223267333576,51.9805882356471
8873,80,80.4223267333576,51.9805882356471
8874,80,80.4223267333576,51.9805882356471
8875,80,80.4223267333576,51.9805882356471
8876,80,80.4223267333576,51.9805882356471
8877,80,80.4223267333576,51.9805882356471
8878,80,80.4223267333576,51.9805882356471
8879,80,80.4223267333576,51.9805882356471
8880,80,80.4223267333576,51.9805882356471
8881,80,80.4223267333576,51.9805882356471
8882,80,80.4223267333576,51.9805882356471
8883,80,80.4223267333576,51.9805882356471
8884,80,80.4223267333576,51.9805882356471
8885,80,80.4223267333576,51.9805882356471
8886,80,80.4223267333576,51.9805882356471
8887,80,80.4223267333576,51.9805882356471
8888,80,80.4223267333576,51.9805882356471
8889,80,80.4223267333576,51.9805882356471
8890,80,80.2080911697498,52.6132682647013
8891,80,80.2080911697498,52.6132682647013
8892,80,80.2080911697498,52.6132682647013
8893,80,80.2080911697498,52.6132682647013
8894,80,80.2080911697498,52.6132682647013
8895,80,80.2080911697498,52.6132682647013
8896,80,80.2080911697498,52.6132682647013
8897,80,80.2080911697498,52.6132682647013
8898,80,80.2080911697498,52.6132682647013
8899,80,80.2080911697498,52.6132682647013
8900,80,80.2080911697498,52.6132682647013
8901,80,80.2080911697498,52.6132682647013
8902,80,80.2080911697498,52.6132682647013
8903,80,80.2080911697498,52.6132682647013
8904,80,80.2080911697498,52.6132682647013
8905,80,80.2080911697498,52.6132682647013
8906,80,80.2080911697498,52.6132682647013
8907,80,80.2080911697498,52.6132682647013
8908,80,80.2080911697498,52.6132682647013
8909,80,80.2080911697498,52.6132682647013
8910,80,80.2080911697498,52.6132682647013
8911,80,80.2080911697498,52.6132682647013
8912,80,80.2080911697498,52.6132682647013
8913,80,80.2080911697498,52.6132682647013
8914,80,80.2080911697498,52.6132682647013
8915,80,80.2080911697498,52.6132682647013
8916,80,80.2080911697498,52.6132682647013
8917,80,80.2080911697498,52.6132682647013
8918,80,80.2080911697498,52.6132682647013
8919,80,80.2080911697498,52.6132682647013
8920,80,80.2080911697498,52.6132682647013
8922,80,80.2080911697498,52.6132682647013
8923,80,80.2080911697498,52.6132682647013
8924,80,80.2080911697498,52.6132682647013
8925,80,80.2080911697498,52.6132682647013
8926,80,80.2080911697498,52.6132682647013
8927,80,80.2080911697498,52.6132682647013
8928,80,80.2080911697498,52.6132682647013
8929,80,80.2080911697498,52.6132682647013
8930,80,80.2080911697498,52.6132682647013
8931,80,80.2080911697498,52.6132682647013
8932,80,80.2080911697498,52.6132682647013
8933,80,80.2080911697498,52.6132682647013
8934,80,80.2080911697498,52.6132682647013
8935,80,80.2080911697498,52.6132682647013
8936,80,80.2080911697498,52.6132682647013
8937,80,80.2080911697498,52.6132682647013
8938,80,80.2080911697498,52.6132682647013
8939,80,80.2080911697498,52.6132682647013
8940,80,80.2080911697498,52.6132682647013
8941,80,80.2080911697498,52.6132682647013
8942,80,80.2080911697498,52.6132682647013
8943,80,80.2080911697498,52.6132682647013
8944,80,80.2080911697498,52.6132682647013
8945,80,80.2080911697498,52.6132682647013
8946,80,80.2080911697498,52.6132682647013
8947,80,80.2080911697498,52.6132682647013
8948,80,80.2080911697498,52.6132682647013
8949,80,80.2080911697498,52.6132682647013
8950,80,80.2080911697498,52.6132682647013
8951,80,80.2080911697498,52.6132682647013
8953,80,80.2080911697498,52.6132682647013
8954,80,80.2080911697498,52.6132682647013
8955,80,80.2080911697498,52.6132682647013
8956,80,80.2080911697498,52.6132682647013
8957,80,80.2080911697498,52.6132682647013
8958,80,80.2080911697498,52.6132682647013
8959,80,80.2080911697498,52.6132682647013
8960,80,80.2080911697498,52.6132682647013
8961,80,80.2080911697498,52.6132682647013
8962,80,80.2080911697498,52.6132682647013
8963,80,80.2080911697498,52.6132682647013
8964,80,80.2080911697498,52.6132682647013
8965,80,80.2080911697498,52.6132682647013
8966,80,80.2080911697498,52.6132682647013
8967,80,80.2080911697498,52.6132682647013
8968,80,80.2080911697498,52.6132682647013
8969,80,80.2080911697498,52.6132682647013
8970,80,80.2080911697498,52.6132682647013
8971,80,80.2080911697498,52.6132682647013
8972,80,80.2080911697498,52.6132682647013
8973,80,80.2080911697498,52.6132682647013
8974,80,80.2080911697498,52.6132682647013
8975,80,80.2080911697498,52.6132682647013
8976,80,80.2080911697498,52.6132682647013
8977,80,80.2080911697498,52.6132682647013
8978,80,80.2080911697498,52.6132682647013
8979,80,80.2080911697498,52.6132682647013
8980,80,80.2080911697498,52.6132682647013
8982,80,80.2080911697498,52.6132682647013
8983,80,80.2080911697498,52.6132682647013
8984,80,80.2080911697498,52.6132682647013
8985,80,80.2080911697498,52.6132682647013
8986,80,80.2080911697498,52.6132682647013
8987,80,80.2080911697498,52.6132682647013
8988,80,80.2080911697498,52.6132682647013
8989,80,80.2080911697498,52.6132682647013
8990,80,80.2080911697498,52.6132682647013
8991,80,80.2080911697498,52.6132682647013
8992,80,80.2080911697498,52.6132682647013
8993,80,80.2080911697498,52.6132682647013
8994,80,80.2080911697498,52.6132682647013
8995,80,80.2080911697498,52.6132682647013
8996,80,80.2080911697498,52.6132682647013
8997,80,80.2080911697498,52.6132682647013
8998,80,80.2080911697498,52.6132682647013
8999,80,80.2080911697498,52.6132682647013
9000,80,80.2080911697498,52.6132682647013
9001,80,80.2080911697498,52.6132682647013
9002,80,80.2080911697498,52.6132682647013
9003,80,80.2080911697498,52.6132682647013
9004,80,80.2080911697498,52.6132682647013
9005,80,80.2080911697498,52.6132682647013
9006,80,80.2080911697498,52.6132682647013
9007,80,80.2080911697498,52.6132682647013
9008,80,80.2080911697498,52.6132682647013
9009,80,80.2080911697498,52.6132682647013
9010,80,80.2080911697498,52.6132682647013
9012,80,80.2080911697498,52.6132682647013
9013,80,80.2080911697498,52.6132682647013
9014,80,80.2080911697498,52.6132682647013
9015,80,80.2080911697498,52.6132682647013
9016,80,80.2080911697498,52.6132682647013
9017,80,80.2080911697498,52.6132682647013
9018,80,80.2080911697498,52.6132682647013
9019,80,80.2080911697498,52.6132682647013
9020,80,80.2080911697498,52.6132682647013
9021,80,80.2080911697498,52.6132682647013
9022,80,80.2080911697498,52.6132682647013
9023,80,80.2080911697498,52.6132682647013
9024,80,80.2080911697498,52.6132682647013
9025,80,80.2080911697498,52.6132682647013
9026,80,80.2080911697498,52.6132682647013
9027,80,80.2080911697498,52.6132682647013
9028,80,80.2080911697498,52.6132682647013
9029,80,80.2080911697498,52.6132682647013
9030,80,80.2080911697498,52.6132682647013
9031,80,80.2080911697498,52.6132682647013
9032,80,80.2080911697498,52.6132682647013
9033,80,80.2080911697498,52.6132682647013
9034,80,80.2080911697498,52.6132682647013
9035,80,80.2080911697498,52.6132682647013
9036,80,80.2080911697498,52.6132682647013
9037,80,80.2080911697498,52.6132682647013
9038,80,80.2080911697498,52.6132682647013
9039,80,80.2080911697498,52.6132682647013
9040,80,80.2080911697498,52.6132682647013
9042,80,80.2080911697498,52.6132682647013
9043,80,80.2080911697498,52.6132682647013
9044,80,80.2080911697498,52.6132682647013
9045,80,80.2080911697498,52.6132682647013
9046,80,80.2080911697498,52.6132682647013
9047,80,80.2080911697498,52.6132682647013
9048,80,80.2080911697498,52.6132682647013
9049,80,80.2080911697498,52.6132682647013
9050,80,80.2080911697498,52.6132682647013
9051,80,80.2080911697498,52.6132682647013
9052,80,80.2080911697498,52.6132682647013
9053,80,80.2080911697498,52.6132682647013
9054,80,80.2080911697498,52.6132682647013
9055,80,80.2080911697498,52.6132682647013
9056,80,80.2080911697498,52.6132682647013
9057,80,80.2080911697498,52.6132682647013
9058,80,80.2080911697498,52.6132682647013
9059,80,80.2080911697498,52.6132682647013
9060,80,80.2080911697498,52.6132682647013
9061,80,80.2080911697498,52.6132682647013
9062,80,80.2080911697498,52.6132682647013
9063,80,80.2080911697498,52.6132682647013
9064,80,80.2080911697498,52.6132682647013
9065,80,80.2080911697498,52.6132682647013
9066,80,80.2080911697498,52.6132682647013
9067,80,80.2080911697498,52.6132682647013
9068,80,80.2080911697498,52.6132682647013
9069,80,80.2080911697498,52.6132682647013
9070,80,80.2080911697498,52.6132682647013
9071,80,80.2080911697498,52.6132682647013
9072,80,80.2080911697498,52.6132682647013
9073,80,80.2080911697498,52.6132682647013
9074,80,80.2080911697498,52.6132682647013
9075,80,80.2080911697498,52.6132682647013
9076,80,80.2080911697498,52.6132682647013
9077,80,80.2080911697498,52.6132682647013
9078,80,80.2080911697498,52.6132682647013
9079,80,80.2080911697498,52.6132682647013
9080,80,80.2080911697498,52.6132682647013
9081,80,80.2080911697498,52.6132682647013
9082,80,80.2080911697498,52.6132682647013
9083,80,80.2080911697498,52.6132682647013
9084,80,80.2080911697498,52.6132682647013
9085,80,80.2080911697498,52.6132682647013
9086,80,80.2080911697498,52.6132682647013
9087,80,80.2080911697498,52.6132682647013
9088,80,80.2080911697498,52.6132682647013
9089,80,80.2080911697498,52.6132682647013
9090,80,80.2080911697498,52.6132682647013
9091,80,80.2080911697498,52.6132682647013
9092,80,80.2080911697498,52.6132682647013
9093,80,80.2080911697498,52.6132682647013
9094,80,80.2080911697498,52.6132682647013
9095,80,80.2080911697498,52.6132682647013
9096,80,80.2080911697498,52.6132682647013
9097,80,80.2080911697498,52.6132682647013
9098,80,80.2080911697498,52.6132682647013
9099,80,80.2080911697498,52.6132682647013
9100,80,80.2080911697498,52.6132682647013
9101,80,80.2080911697498,52.6132682647013
9103,80,80.2080911697498,52.6132682647013
9104,80,80.2080911697498,52.6132682647013
9105,80,80.2080911697498,52.6132682647013
9106,80,80.2080911697498,52.6132682647013
9107,80,80.2080911697498,52.6132682647013
9108,80,80.2080911697498,52.6132682647013
9109,80,80.2080911697498,52.6132682647013
9110,80,80.2080911697498,52.6132682647013
9111,80,80.2080911697498,52.6132682647013
9112,80,80.2080911697498,52.6132682647013
9113,80,80.2080911697498,52.6132682647013
9114,80,80.2080911697498,52.6132682647013
9115,80,80.2080911697498,52.6132682647013
9116,80,80.2080911697498,52.6132682647013
9117,80,80.2080911697498,52.6132682647013
9118,80,80.2080911697498,52.6132682647013
9119,80,80.2080911697498,52.6132682647013
9120,80,80.2080911697498,52.6132682647013
9121,80,80.2080911697498,52.6132682647013
9122,80,80.2080911697498,52.6132682647013
9123,80,80.2080911697498,52.6132682647013
9124,80,80.2080911697498,52.6132682647013
9125,80,80.2080911697498,52.6132682647013
9126,80,80.2080911697498,52.6132682647013
9127,80,80.2080911697498,52.6132682647013
9128,80,80.2080911697498,52.6132682647013
9129,80,80.2080911697498,52.6132682647013
9130,80,80.2080911697498,52.6132682647013
9132,80,80.2080911697498,52.6132682647013
9133,80,80.2080911697498,52.6132682647013
9134,80,80.2080911697498,52.6132682647013
9135,80,80.2080911697498,52.6132682647013
9136,80,80.2080911697498,52.6132682647013
9137,80,80.2080911697498,52.6132682647013
9138,80,80.2080911697498,52.6132682647013
9139,80,80.2080911697498,52.6132682647013
9140,80,80.2080911697498,52.6132682647013
9141,80,80.2080911697498,52.6132682647013
9142,80,80.2080911697498,52.6132682647013
9143,80,80.2080911697498,52.6132682647013
9144,80,80.2080911697498,52.6132682647013
9145,80,80.2080911697498,52.6132682647013
9146,80,80.2080911697498,52.6132682647013
9147,80,80.2080911697498,52.6132682647013
9148,80,80.2080911697498,52.6132682647013
9149,80,80.2080911697498,52.6132682647013
9150,80,80.2080911697498,52.6132682647013
9151,80,80.2080911697498,52.6132682647013
9152,80,80.2080911697498,52.6132682647013
9153,80,80.2080911697498,52.6132682647013
9154,80,80.2080911697498,52.6132682647013
9155,80,80.2080911697498,52.6132682647013
9156,80,80.2080911697498,52.6132682647013
9157,80,80.2080911697498,52.6132682647013
9158,80,80.2080911697498,52.6132682647013
9159,80,80.2080911697498,52.6132682647013
9160,80,80.2080911697498,52.6132682647013
9161,80,80.2080911697498,52.6132682647013
9162,80,80.2080911697498,52.6132682647013
9163,80,80.2080911697498,52.6132682647013
9164,80,80.2080911697498,52.6132682647013
9165,80,80.2080911697498,52.6132682647013
9166,80,80.2080911697498,52.6132682647013
9167,80,80.2080911697498,52.6132682647013
9168,80,80.2080911697498,52.6132682647013
9169,80,80.2080911697498,52.6132682647013
9170,80,80.2080911697498,52.6132682647013
9171,80,80.2080911697498,52.6132682647013
9172,80,80.2080911697498,52.6132682647013
9173,80,80.3384761001283,52.6865421235504
9174,80,80.4688610305068,52.7598159823995
9175,80,80.4688610305068,52.7598159823995
9176,80,80.4688610305068,52.7598159823995
9177,80,80.4688610305068,52.7598159823995
9178,80,80.4688610305068,52.7598159823995
9179,80,80.4688610305068,52.7598159823995
9180,80,80.4688610305068,52.7598159823995
9181,80,80.4688610305068,52.7598159823995
9182,80,80.4688610305068,52.7598159823995
9183,80,80.4688610305068,52.7598159823995
9184,80,80.4688610305068,52.7598159823995
9185,80,80.4688610305068,52.7598159823995
9186,80,80.4688610305068,52.7598159823995
9187,80,80.4688610305068,52.7598159823995
9188,80,80.4688610305068,52.7598159823995
9189,80,80.4688610305068,52.7598159823995
9190,80,80.4688610305068,52.7598159823995
9191,80,80.4688610305068,52.7598159823995
9193,80,80.4688610305068,52.7598159823995
9194,80,80.4688610305068,52.7598159823995
9195,80,80.4688610305068,52.7598159823995
9196,80,80.4688610305068,52.7598159823995
9197,80,80.4688610305068,52.7598159823995
9198,80,80.4688610305068,52.7598159823995
9199,80,80.4688610305068,52.7598159823995
9200,80,80.4688610305068,52.7598159823995
9201,80,80.4688610305068,52.7598159823995
9202,80,80.4688610305068,52.7598159823995
9203,80,80.4688610305068,52.7598159823995
9204,80,80.4688610305068,52.7598159823995
9205,80,80.4688610305068,52.7598159823995
9206,80,80.4688610305068,52.7598159823995
9207,80,80.4688610305068,52.7598159823995
9208,80,80.4688610305068,52.7598159823995
9209,80,80.4688610305068,52.7598159823995
9210,80,80.4688610305068,52.7598159823995
9211,80,80.4688610305068,52.7598159823995
9212,80,80.4688610305068,52.7598159823995
9213,80,80.4688610305068,52.7598159823995
9214,80,80.4688610305068,52.7598159823995
9215,80,80.4688610305068,52.7598159823995
9216,80,80.4688610305068,52.7598159823995
9217,80,80.4688610305068,52.7598159823995
9218,80,80.4688610305068,52.7598159823995
9219,80,80.4688610305068,52.7598159823995
9220,80,80.4688610305068,52.7598159823995
9221,80,80.4688610305068,52.7598159823995
9223,80,80.4688610305068,52.7598159823995
9224,80,80.4688610305068,52.7598159823995
9225,80,80.4688610305068,52.7598159823995
9226,80,80.4688610305068,52.7598159823995
9227,80,80.4688610305068,52.7598159823995
9228,80,80.4688610305068,52.7598159823995
9229,80,80.4688610305068,52.7598159823995
9230,80,80.4688610305068,52.7598159823995
9231,80,80.4688610305068,52.7598159823995
9232,80,80.4688610305068,52.7598159823995
9233,80,80.4688610305068,52.7598159823995
9234,80,80.4688610305068,52.7598159823995
9235,80,80.4688610305068,52.7598159823995
9236,80,80.4688610305068,52.7598159823995
9237,80,80.4688610305068,52.7598159823995
9238,80,80.4688610305068,52.7598159823995
9239,80,80.4688610305068,52.7598159823995
9240,80,80.4688610305068,52.7598159823995
9241,80,80.4688610305068,52.7598159823995
9242,80,80.4688610305068,52.7598159823995
9243,80,80.4688610305068,52.7598159823995
9244,80,80.4688610305068,52.7598159823995
9245,80,80.4688610305068,52.7598159823995
9246,80,80.4688610305068,52.7598159823995
9247,80,80.4688610305068,52.7598159823995
9248,80,80.4688610305068,52.7598159823995
9249,80,80.4688610305068,52.7598159823995
9250,80,80.4688610305068,52.7598159823995
9251,80,80.4688610305068,52.7598159823995
9252,80,80.4688610305068,52.7598159823995
9254,80,80.4688610305068,52.7598159823995
9255,80,80.4688610305068,52.7598159823995
9256,80,80.4688610305068,52.7598159823995
9257,80,80.4688610305068,52.7598159823995
9258,80,80.4688610305068,52.7598159823995
9259,80,80.4688610305068,52.7598159823995
9260,80,80.4688610305068,52.7598159823995
9261,80,80.4688610305068,52.7598159823995
9262,80,80.4688610305068,52.7598159823995
9263,80,80.4688610305068,52.7598159823995
9264,80,80.4688610305068,52.7598159823995
9265,80,80.4688610305068,52.7598159823995
9266,80,80.4688610305068,52.7598159823995
9267,80,80.4688610305068,52.7598159823995
9268,80,80.4688610305068,52.7598159823995
9269,80,80.4688610305068,52.7598159823995
9270,80,80.4688610305068,52.7598159823995
9271,80,80.4688610305068,52.7598159823995
9272,80,80.4688610305068,52.7598159823995
9273,80,80.4688610305068,52.7598159823995
9274,80,80.4688610305068,52.7598159823995
9275,80,80.4688610305068,52.7598159823995
9276,80,80.4688610305068,52.7598159823995
9277,80,80.4688610305068,52.7598159823995
9278,80,80.4688610305068,52.7598159823995
9279,80,80.4688610305068,52.7598159823995
9280,80,80.4688610305068,52.7598159823995
9281,80,80.4688610305068,52.7598159823995
9282,80,80.4688610305068,52.7598159823995
9284,80,80.4688610305068,52.7598159823995
9285,80,80.4688610305068,52.7598159823995
9286,80,80.4688610305068,52.7598159823995
9287,80,80.4688610305068,52.7598159823995
9288,80,80.4688610305068,52.7598159823995
9289,80,80.4688610305068,52.7598159823995
9290,80,80.4688610305068,52.7598159823995
9291,80,80.4688610305068,52.7598159823995
9292,80,80.4688610305068,52.7598159823995
9293,80,80.4688610305068,52.7598159823995
9294,80,80.4688610305068,52.7598159823995
9295,80,80.4688610305068,52.7598159823995
9296,80,80.4688610305068,52.7598159823995
9297,80,80.4688610305068,52.7598159823995
9298,80,80.4688610305068,52.7598159823995
9299,80,80.4688610305068,52.7598159823995
9300,80,80.4688610305068,52.7598159823995
9301,80,80.4688610305068,52.7598159823995
9302,80,80.4688610305068,52.7598159823995
9303,80,80.4688610305068,52.7598159823995
9304,80,80.4688610305068,52.7598159823995
9305,80,80.4688610305068,52.7598159823995
9306,80,80.4688610305068,52.7598159823995
9307,80,80.4688610305068,52.7598159823995
9308,80,80.4688610305068,52.7598159823995
9309,80,80.4688610305068,52.7598159823995
9310,80,80.4688610305068,52.7598159823995
9311,80,80.4688610305068,52.7598159823995
9312,80,80.4688610305068,52.7598159823995
9314,80,80.4688610305068,52.7598159823995
9315,80,80.4688610305068,52.7598159823995
9316,80,80.4688610305068,52.7598159823995
9317,80,80.4688610305068,52.7598159823995
9318,80,80.4688610305068,52.7598159823995
9319,80,80.4688610305068,52.7598159823995
9320,80,80.4688610305068,52.7598159823995
9321,80,80.4688610305068,52.7598159823995
9322,80,80.4688610305068,52.7598159823995
9323,80,80.4688610305068,52.7598159823995
9324,80,80.4688610305068,52.7598159823995
9325,80,80.4688610305068,52.7598159823995
9326,80,80.4688610305068,52.7598159823995
9327,80,80.4688610305068,52.7598159823995
9328,80,80.4688610305068,52.7598159823995
9329,80,80.4688610305068,52.7598159823995
9330,80,80.4688610305068,52.7598159823995
9331,80,80.4688610305068,52.7598159823995
9332,80,80.4688610305068,52.7598159823995
9333,80,80.4688610305068,52.7598159823995
9334,80,80.4688610305068,52.7598159823995
9335,80,80.4688610305068,52.7598159823995
9336,80,80.4688610305068,52.7598159823995
9337,80,80.4688610305068,52.7598159823995
9338,80,80.4688610305068,52.7598159823995
9339,80,80.4688610305068,52.7598159823995
9340,80,80.4688610305068,52.7598159823995
9341,80,80.4688610305068,52.7598159823995
9342,80,80.4688610305068,52.7598159823995
9343,80,80.4688610305068,52.7598159823995
9344,80,80.4688610305068,52.7598159823995
9345,80,80.4688610305068,52.7598159823995
9346,80,80.4688610305068,52.7598159823995
9347,80,80.4688610305068,52.7598159823995
9348,80,80.4688610305068,52.7598159823995
9349,80,80.4688610305068,52.7598159823995
9350,80,80.4688610305068,52.7598159823995
9351,80,80.4688610305068,52.7598159823995
9352,80,80.4688610305068,52.7598159823995
9353,80,80.4688610305068,52.7598159823995
9354,80,80.4688610305068,52.7598159823995
9355,80,80.4688610305068,52.7598159823995
9356,80,80.4688610305068,52.7598159823995
9357,80,80.4688610305068,52.7598159823995
9358,80,80.4688610305068,52.7598159823995
9359,80,80.4688610305068,52.7598159823995
9360,80,80.4688610305068,52.7598159823995
9361,80,80.4688610305068,52.7598159823995
9362,80,80.4688610305068,52.7598159823995
9363,80,80.4688610305068,52.7598159823995
9364,80,80.4688610305068,52.7598159823995
9365,80,80.4688610305068,52.7598159823995
9366,80,80.4688610305068,52.7598159823995
9367,80,80.4688610305068,52.7598159823995
9368,80,80.4688610305068,52.7598159823995
9369,80,80.4688610305068,52.7598159823995
9370,80,80.4688610305068,52.7598159823995
9371,80,80.4688610305068,52.7598159823995
9372,80,80.4688610305068,52.7598159823995
9374,80,80.4688610305068,52.7598159823995
9375,80,80.4688610305068,52.7598159823995
9376,80,80.4688610305068,52.7598159823995
9377,80,80.4688610305068,52.7598159823995
9378,80,80.4688610305068,52.7598159823995
9379,80,80.4688610305068,52.7598159823995
9380,80,80.4688610305068,52.7598159823995
9381,80,80.4688610305068,52.7598159823995
9382,80,80.4688610305068,52.7598159823995
9383,80,80.4688610305068,52.7598159823995
9384,80,80.4688610305068,52.7598159823995
9385,80,80.4688610305068,52.7598159823995
9386,80,80.4688610305068,52.7598159823995
9387,80,80.4688610305068,52.7598159823995
9388,80,80.4688610305068,52.7598159823995
9389,80,80.4688610305068,52.7598159823995
9390,80,80.4688610305068,52.7598159823995
9391,80,80.4688610305068,52.7598159823995
9392,80,80.4688610305068,52.7598159823995
9393,80,80.4688610305068,52.7598159823995
9394,80,80.4688610305068,52.7598159823995
9395,80,80.4688610305068,52.7598159823995
9396,80,80.4688610305068,52.7598159823995
9397,80,80.4688610305068,52.7598159823995
9398,80,80.4688610305068,52.7598159823995
9399,80,80.4688610305068,52.7598159823995
9400,80,80.4688610305068,52.7598159823995
9401,80,80.4688610305068,52.7598159823995
9402,80,80.4688610305068,52.7598159823995
9404,80,80.4688610305068,52.7598159823995
9405,80,80.4688610305068,52.7598159823995
9406,80,80.4688610305068,52.7598159823995
9407,80,80.4688610305068,52.7598159823995
9408,80,80.4688610305068,52.7598159823995
9409,80,80.4688610305068,52.7598159823995
9410,80,80.4688610305068,52.7598159823995
9411,80,80.4688610305068,52.7598159823995
9412,80,80.4688610305068,52.7598159823995
9413,80,80.4688610305068,52.7598159823995
9414,80,80.4688610305068,52.7598159823995
9415,80,80.4688610305068,52.7598159823995
9416,80,80.4688610305068,52.7598159823995
9417,80,80.4688610305068,52.7598159823995
9418,80,80.4688610305068,52.7598159823995
9419,80,80.4688610305068,52.7598159823995
9420,80,80.4688610305068,52.7598159823995
9421,80,80.4688610305068,52.7598159823995
9422,80,80.4688610305068,52.7598159823995
9423,80,80.4688610305068,52.7598159823995
9424,80,80.4688610305068,52.7598159823995
9425,80,80.4688610305068,52.7598159823995
9426,80,80.4688610305068,52.7598159823995
9427,80,80.4688610305068,52.7598159823995
9428,80,80.4688610305068,52.7598159823995
9429,80,80.4688610305068,52.7598159823995
9430,80,80.4688610305068,52.7598159823995
9431,80,80.4688610305068,52.7598159823995
9432,80,80.4688610305068,52.7598159823995
9434,80,80.4688610305068,52.7598159823995
9435,80,80.4688610305068,52.7598159823995
9436,80,80.4688610305068,52.7598159823995
9437,80,80.4688610305068,52.7598159823995
9438,80,80.4688610305068,52.7598159823995
9439,80,80.4688610305068,52.7598159823995
9440,80,80.4688610305068,52.7598159823995
9441,80,80.4688610305068,52.7598159823995
9442,80,80.4688610305068,52.7598159823995
9443,80,80.4688610305068,52.7598159823995
9444,80,80.4688610305068,52.7598159823995
9445,80,80.4688610305068,52.7598159823995
9446,80,80.4688610305068,52.7598159823995
9447,80,80.4688610305068,52.7598159823995
9448,80,80.4688610305068,52.7598159823995
9449,80,80.4688610305068,52.7598159823995
9450,80,80.4688610305068,52.7598159823995
9451,80,80.4688610305068,52.7598159823995
9452,80,80.4688610305068,52.7598159823995
9453,80,80.4688610305068,52.7598159823995
9454,80,80.4688610305068,52.7598159823995
9455,80,80.4688610305068,52.7598159823995
9456,80,80.4688610305068,52.7598159823995
9457,80,80.4688610305068,52.7598159823995
9458,80,80.4186584663786,52.2609619870605
9459,80,80.4186584663786,52.2609619870605
9460,80,80.4186584663786,52.2609619870605
9461,80,80.4186584663786,52.2609619870605
9462,80,80.4186584663786,52.2609619870605
9463,80,80.4186584663786,52.2609619870605
9464,80,80.4186584663786,52.2609619870605
9465,80,80.4186584663786,52.2609619870605
9466,80,80.4186584663786,52.2609619870605
9467,80,80.4186584663786,52.2609619870605
9468,80,80.4186584663786,52.2609619870605
9469,80,80.4186584663786,52.2609619870605
9470,80,80.4186584663786,52.2609619870605
9471,80,80.4186584663786,52.2609619870605
9472,80,80.4186584663786,52.2609619870605
9473,80,80.4186584663786,52.2609619870605
9474,80,80.4186584663786,52.2609619870605
9475,80,80.4186584663786,52.2609619870605
9476,80,80.4186584663786,52.2609619870605
9477,80,80.4186584663786,52.2609619870605
9478,80,80.4186584663786,52.2609619870605
9479,80,80.4186584663786,52.2609619870605
9480,80,80.4186584663786,52.2609619870605
9481,80,80.4186584663786,52.2609619870605
9482,80,80.4186584663786,52.2609619870605
9483,80,80.4186584663786,52.2609619870605
9484,80,80.4186584663786,52.2609619870605
9485,80,80.4186584663786,52.2609619870605
9486,80,80.4186584663786,52.2609619870605
9487,80,80.4186584663786,52.2609619870605
9488,80,80.4186584663786,52.2609619870605
9489,80,80.4186584663786,52.2609619870605
9490,80,80.4186584663786,52.2609619870605
9491,80,80.4186584663786,52.2609619870605
9492,80,80.4186584663786,52.2609619870605
9493,80,80.4186584663786,52.2609619870605
9495,80,80.4186584663786,52.2609619870606
9496,80,80.4186584663786,52.2609619870605
9497,80,80.4186584663786,52.2609619870605
9498,80,80.4186584663786,52.2609619870605
9499,80,80.4186584663786,52.2609619870605
9500,80,80.4186584663786,52.2609619870605
9501,80,80.4186584663786,52.2609619870605
9502,80,80.4186584663786,52.2609619870605
9503,80,80.4186584663786,52.2609619870605
9504,80,80.4186584663786,52.2609619870605
9505,80,80.4186584663786,52.2609619870605
9506,80,80.4186584663786,52.2609619870605
9507,80,80.4186584663786,52.2609619870605
9508,80,80.4186584663786,52.2609619870605
9509,80,80.4186584663786,52.2609619870605
9510,80,80.4186584663786,52.2609619870605
9511,80,80.4186584663786,52.2609619870605
9512,80,80.4186584663786,52.2609619870605
9513,80,80.4186584663786,52.2609619870605
9514,80,80.4186584663786,52.2609619870605
9515,80,80.4186584663786,52.2609619870605
9516,80,80.4186584663786,52.2609619870605
9517,80,80.4186584663786,52.2609619870605
9518,80,80.4186584663786,52.2609619870605
9519,80,80.4186584663786,52.2609619870605
9520,80,80.4186584663786,52.2609619870605
9521,80,80.4186584663786,52.2609619870605
9522,80,80.4186584663786,52.2609619870605
9523,80,80.4186584663786,52.2609619870605
9524,80,80.4186584663786,52.2609619870605
9525,80,80.4186584663786,52.2609619870606
9526,80,80.4186584663786,52.2609619870605
9527,80,80.4186584663786,52.2609619870605
9528,80,80.4186584663786,52.2609619870605
9529,80,80.4186584663786,52.2609619870605
9530,80,80.4186584663786,52.2609619870605
9531,80,80.4186584663786,52.2609619870605
9532,80,80.4186584663786,52.2609619870605
9533,80,80.4186584663786,52.2609619870605
9534,80,80.4186584663786,52.2609619870605
9535,80,80.4186584663786,52.2609619870605
9536,80,80.4186584663786,52.2609619870605
9537,80,80.4186584663786,52.2609619870605
9538,80,80.4186584663786,52.2609619870605
9539,80,80.4186584663786,52.2609619870605
9540,80,80.4186584663786,52.2609619870605
9541,80,80.4186584663786,52.2609619870605
9542,80,80.4186584663786,52.2609619870605
9543,80,80.4186584663786,52.2609619870605
9544,80,80.4186584663786,52.2609619870605
9545,80,80.4186584663786,52.2609619870605
9546,80,80.4186584663786,52.2609619870605
9547,80,80.4186584663786,52.2609619870605
9548,80,80.4186584663786,52.2609619870605
9549,80,80.4186584663786,52.2609619870605
9550,80,80.4186584663786,52.2609619870605
9551,80,80.4186584663786,52.2609619870605
9552,80,80.4186584663786,52.2609619870605
9553,80,80.4186584663786,52.2609619870605
9555,80,80.4186584663786,52.2609619870606
9556,80,80.4186584663786,52.2609619870605
9557,80,80.4186584663786,52.2609619870605
9558,80,80.4186584663786,52.2609619870605
9559,80,80.4186584663786,52.2609619870605
9560,80,80.4186584663786,52.2609619870605
9561,80,80.4186584663786,52.2609619870605
9562,80,80.4186584663786,52.2609619870605
9563,80,80.4186584663786,52.2609619870605
9564,80,80.4186584663786,52.2609619870605
9565,80,80.4186584663786,52.2609619870605
9566,80,80.4186584663786,52.2609619870605
9567,80,80.4186584663786,52.2609619870605
9568,80,80.4186584663786,52.2609619870605
9569,80,80.4186584663786,52.2609619870605
9570,80,80.4186584663786,52.2609619870605
9571,80,80.4186584663786,52.2609619870605
9572,80,80.4186584663786,52.2609619870605
9573,80,80.4186584663786,52.2609619870605
9574,80,80.4186584663786,52.2609619870605
9575,80,80.4186584663786,52.2609619870605
9576,80,80.4186584663786,52.2609619870605
9577,80,80.4186584663786,52.2609619870605
9578,80,80.4186584663786,52.2609619870605
9579,80,80.4186584663786,52.2609619870605
9580,80,80.4186584663786,52.2609619870605
9581,80,80.4186584663786,52.2609619870605
9582,80,80.4186584663786,52.2609619870605
9583,80,80.4186584663786,52.2609619870605
9585,80,80.4186584663786,52.2609619870606
9586,80,80.4186584663786,52.2609619870605
9587,80,80.4186584663786,52.2609619870605
9588,80,80.4186584663786,52.2609619870605
9589,80,80.4186584663786,52.2609619870605
9590,80,80.4186584663786,52.2609619870605
9591,80,80.4186584663786,52.2609619870605
9592,80,80.4186584663786,52.2609619870605
9593,80,80.4186584663786,52.2609619870605
9594,80,80.4186584663786,52.2609619870605
9595,80,80.4186584663786,52.2609619870605
9596,80,80.4186584663786,52.2609619870605
9597,80,80.4186584663786,52.2609619870605
9598,80,80.4186584663786,52.2609619870605
9599,80,80.4186584663786,52.2609619870605
9600,80,80.4186584663786,52.2609619870605
9601,80,80.4186584663786,52.2609619870605
9602,80,80.4186584663786,52.2609619870605
9603,80,80.4186584663786,52.2609619870605
9604,80,80.4186584663786,52.2609619870605
9605,80,80.4186584663786,52.2609619870605
9606,80,80.4186584663786,52.2609619870605
9607,80,80.4186584663786,52.2609619870605
9608,80,80.4186584663786,52.2609619870605
9609,80,80.4186584663786,52.2609619870605
9610,80,80.4186584663786,52.2609619870605
9611,80,80.4186584663786,52.2609619870605
9612,80,80.4186584663786,52.2609619870605
9613,80,80.4186584663786,52.2609619870605
9615,80,80.4186584663786,52.2609619870605
9616,80,80.4186584663786,52.2609619870605
9617,80,80.4186584663786,52.2609619870605
9618,80,80.4186584663786,52.2609619870605
9619,80,80.4186584663786,52.2609619870605
9620,80,80.4186584663786,52.2609619870605
9621,80,80.4186584663786,52.2609619870605
9622,80,80.4186584663786,52.2609619870605
9623,80,80.4186584663786,52.2609619870605
9624,80,80.4186584663786,52.2609619870605
9625,80,80.4186584663786,52.2609619870605
9626,80,80.4186584663786,52.2609619870605
9627,80,80.4186584663786,52.2609619870605
9628,80,80.4186584663786,52.2609619870605
9629,80,80.4186584663786,52.2609619870605
9630,80,80.4186584663786,52.2609619870605
9631,80,80.4186584663786,52.2609619870605
9632,80,80.4186584663786,52.2609619870605
9633,80,80.4186584663786,52.2609619870605
9634,80,80.4186584663786,52.2609619870605
9635,80,80.4186584663786,52.2609619870605
9636,80,80.4186584663786,52.2609619870605
9637,80,80.4186584663786,52.2609619870605
9638,80,80.4186584663786,52.2609619870605
9639,80,80.4186584663786,52.2609619870605
9640,80,80.4186584663786,52.2609619870605
9641,80,80.4186584663786,52.2609619870605
9642,80,80.4186584663786,52.2609619870605
9643,80,80.4186584663786,52.2609619870605
9645,80,80.4186584663786,52.2609619870606
9646,80,80.4186584663786,52.2609619870605
9647,80,80.4186584663786,52.2609619870605
9648,80,80.4186584663786,52.2609619870605
9649,80,80.4186584663786,52.2609619870605
9650,80,80.4186584663786,52.2609619870605
9651,80,80.4186584663786,52.2609619870605
9652,80,80.4186584663786,52.2609619870605
9653,80,80.4186584663786,52.2609619870605
9654,80,80.4186584663786,52.2609619870605
9655,80,80.4186584663786,52.2609619870605
9656,80,80.4186584663786,52.2609619870605
9657,80,80.4186584663786,52.2609619870605
9658,80,80.4186584663786,52.2609619870605
9659,80,80.4186584663786,52.2609619870605
9660,80,80.4186584663786,52.2609619870605
9661,80,80.4186584663786,52.2609619870605
9662,80,80.4186584663786,52.2609619870605
9663,80,80.4186584663786,52.2609619870605
9664,80,80.4186584663786,52.2609619870605
9665,80,80.4186584663786,52.2609619870605
9666,80,80.4186584663786,52.2609619870605
9667,80,80.4186584663786,52.2609619870605
9668,80,80.4186584663786,52.2609619870605
9669,80,80.4186584663786,52.2609619870605
9670,80,80.4186584663786,52.2609619870605
9671,80,80.4186584663786,52.2609619870605
9672,80,80.4186584663786,52.2609619870605
9673,80,80.4186584663786,52.2609619870605
9674,80,80.4186584663786,52.2609619870605
9675,80,80.4186584663786,52.2609619870606
9676,80,80.4186584663786,52.2609619870605
9677,80,80.4186584663786,52.2609619870605
9678,80,80.4186584663786,52.2609619870605
9679,80,80.4186584663786,52.2609619870605
9680,80,80.4186584663786,52.2609619870605
9681,80,80.4186584663786,52.2609619870605
9682,80,80.4186584663786,52.2609619870605
9683,80,80.4186584663786,52.2609619870605
9684,80,80.4186584663786,52.2609619870605
9685,80,80.4186584663786,52.2609619870605
9686,80,80.4186584663786,52.2609619870605
9687,80,80.4186584663786,52.2609619870605
9688,80,80.4186584663786,52.2609619870605
9689,80,80.4186584663786,52.2609619870605
9690,80,80.4186584663786,52.2609619870605
9691,80,80.4186584663786,52.2609619870605
9692,80,80.4186584663786,52.2609619870605
9693,80,80.4186584663786,52.2609619870605
9694,80,80.4186584663786,52.2609619870605
9695,80,80.4186584663786,52.2609619870605
9696,80,80.4186584663786,52.2609619870605
9697,80,80.4186584663786,52.2609619870605
9698,80,80.4186584663786,52.2609619870605
9699,80,80.4186584663786,52.2609619870605
9700,80,80.4186584663786,52.2609619870605
9701,80,80.4186584663786,52.2609619870605
9702,80,80.4186584663786,52.2609619870605
9703,80,80.4186584663786,52.2609619870605
9704,80,80.4186584663786,52.2609619870605
9705,80,80.4186584663786,52.2609619870605
9706,80,80.4186584663786,52.2609619870606
9707,80,80.4186584663786,52.2609619870605
9708,80,80.4186584663786,52.2609619870605
9709,80,80.4186584663786,52.2609619870605
9710,80,80.4186584663786,52.2609619870605
9711,80,80.4186584663786,52.2609619870605
9712,80,80.4186584663786,52.2609619870605
9713,80,80.4186584663786,52.2609619870605
9714,80,80.4186584663786,52.2609619870605
9715,80,80.4186584663786,52.2609619870605
9716,80,80.4186584663786,52.2609619870605
9717,80,80.4186584663786,52.2609619870605
9718,80,80.4186584663786,52.2609619870605
9719,80,80.4186584663786,52.2609619870605
9720,80,80.4186584663786,52.2609619870605
9721,80,80.4186584663786,52.2609619870605
9722,80,80.4186584663786,52.2609619870605
9723,80,80.4186584663786,52.2609619870605
9724,80,80.4186584663786,52.2609619870605
9725,80,80.4186584663786,52.2609619870605
9726,80,80.4186584663786,52.2609619870605
9727,80,80.4186584663786,52.2609619870605
9728,80,80.4186584663786,52.2609619870605
9729,80,80.4186584663786,52.2609619870605
9730,80,80.4186584663786,52.2609619870605
9731,80,80.4186584663786,52.2609619870605
9732,80,80.4186584663786,52.2609619870605
9733,80,80.4186584663786,52.2609619870605
9734,80,80.4186584663786,52.2609619870605
9735,80,80.4186584663786,52.2609619870605
9737,80,80.4186584663786,52.2609619870605
9738,80,80.5830999206873,51.4242929531834
9739,80,80.5830999206873,51.4242929531834
9740,80,80.5830999206873,51.4242929531834
9741,80,80.5830999206873,51.4242929531834
9742,80,80.5830999206873,51.4242929531834
9743,80,80.5830999206873,51.4242929531834
9744,80,80.5830999206873,51.4242929531834
9745,80,80.5830999206873,51.4242929531834
9746,80,80.5830999206873,51.4242929531834
9747,80,80.5830999206873,51.4242929531834
9748,80,80.5830999206873,51.4242929531834
9749,80,80.5830999206873,51.4242929531834
9750,80,80.5830999206873,51.4242929531834
9751,80,80.5830999206873,51.4242929531834
9752,80,80.5830999206873,51.4242929531834
9753,80,80.5830999206873,51.4242929531834
9754,80,80.5830999206873,51.4242929531834
9755,80,80.5830999206873,51.4242929531834
9756,80,80.5830999206873,51.4242929531834
9757,80,80.5830999206873,51.4242929531834
9758,80,80.5830999206873,51.4242929531834
9759,80,80.5830999206873,51.4242929531834
9760,80,80.5830999206873,51.4242929531834
9761,80,80.5830999206873,51.4242929531834
9762,80,80.5830999206873,51.4242929531834
9763,80,80.5830999206873,51.4242929531834
9764,80,80.5830999206873,51.4242929531834
9766,80,80.5830999206872,51.4242929531834
9767,80,80.5830999206873,51.4242929531834
9768,80,80.5830999206873,51.4242929531834
9769,80,80.5830999206873,51.4242929531834
9770,80,80.5830999206873,51.4242929531834
9771,80,80.5830999206873,51.4242929531834
9772,80,80.5830999206873,51.4242929531834
9773,80,80.5830999206873,51.4242929531834
9774,80,80.5830999206873,51.4242929531834
9775,80,80.5830999206873,51.4242929531834
9776,80,80.5830999206873,51.4242929531834
9777,80,80.5830999206873,51.4242929531834
9778,80,80.5830999206873,51.4242929531834
9779,80,80.5830999206873,51.4242929531834
9780,80,80.5830999206873,51.4242929531834
9781,80,80.5830999206873,51.4242929531834
9782,80,80.5830999206873,51.4242929531834
9783,80,80.5830999206873,51.4242929531834
9784,80,80.5830999206873,51.4242929531834
9785,80,80.5830999206873,51.4242929531834
9786,80,80.5830999206873,51.4242929531834
9787,80,80.5830999206873,51.4242929531834
9788,80,80.5830999206873,51.4242929531834
9789,80,80.5830999206873,51.4242929531834
9790,80,80.5830999206873,51.4242929531834
9791,80,80.5830999206873,51.4242929531834
9792,80,80.5830999206873,51.4242929531834
9793,80,80.5830999206873,51.4242929531834
9794,80,80.5830999206873,51.4242929531834
9796,80,80.5830999206872,51.4242929531834
9797,80,80.5830999206873,51.4242929531834
9798,80,80.5830999206873,51.4242929531834
9799,80,80.5830999206873,51.4242929531834
9800,80,80.5830999206873,51.4242929531834
9801,80,80.5830999206873,51.4242929531834
9802,80,80.5830999206873,51.4242929531834
9803,80,80.5830999206873,51.4242929531834
9804,80,80.5830999206873,51.4242929531834
9805,80,80.5830999206873,51.4242929531834
9806,80,80.5830999206873,51.4242929531834
9807,80,80.5830999206873,51.4242929531834
9808,80,80.5830999206873,51.4242929531834
9809,80,80.5830999206873,51.4242929531834
9810,80,80.5830999206873,51.4242929531834
9811,80,80.5830999206873,51.4242929531834
9812,80,80.5830999206873,51.4242929531834
9813,80,80.5830999206873,51.4242929531834
9814,80,80.5830999206873,51.4242929531834
9815,80,80.5830999206873,51.4242929531834
9816,80,80.5830999206873,51.4242929531834
9817,80,80.5830999206873,51.4242929531834
9818,80,80.5830999206873,51.4242929531834
9819,80,80.5830999206873,51.4242929531834
9820,80,80.5830999206873,51.4242929531834
9821,80,80.5830999206873,51.4242929531834
9822,80,80.5830999206873,51.4242929531834
9823,80,80.5830999206873,51.4242929531834
9824,80,80.5830999206873,51.4242929531834
9826,80,80.5830999206872,51.4242929531834
9827,80,80.5830999206873,51.4242929531834
9828,80,80.5830999206873,51.4242929531834
9829,80,80.5830999206873,51.4242929531834
9830,80,80.5830999206873,51.4242929531834
9831,80,80.5830999206873,51.4242929531834
9832,80,80.5830999206873,51.4242929531834
9833,80,80.5830999206873,51.4242929531834
9834,80,80.5830999206873,51.4242929531834
9835,80,80.5830999206873,51.4242929531834
9836,80,80.5830999206873,51.4242929531834
9837,80,80.5830999206873,51.4242929531834
9838,80,80.5830999206873,51.4242929531834
9839,80,80.5830999206873,51.4242929531834
9840,80,80.5830999206873,51.4242929531834
9841,80,80.5830999206873,51.4242929531834
9842,80,80.5830999206873,51.4242929531834
9843,80,80.5830999206873,51.4242929531834
9844,80,80.5830999206873,51.4242929531834
9845,80,80.5830999206873,51.4242929531834
9846,80,80.5830999206873,51.4242929531834
9847,80,80.5830999206873,51.4242929531834
9848,80,80.5830999206873,51.4242929531834
9849,80,80.5830999206873,51.4242929531834
9850,80,80.5830999206873,51.4242929531834
9851,80,80.5830999206873,51.4242929531834
9852,80,80.5830999206873,51.4242929531834
9853,80,80.5830999206873,51.4242929531834
9854,80,80.5830999206873,51.4242929531834
9856,80,80.5830999206872,51.4242929531834
9857,80,80.5830999206873,51.4242929531834
9858,80,80.5830999206873,51.4242929531834
9859,80,80.5830999206873,51.4242929531834
9860,80,80.5830999206873,51.4242929531834
9861,80,80.5830999206873,51.4242929531834
9862,80,80.5830999206873,51.4242929531834
9863,80,80.5830999206873,51.4242929531834
9864,80,80.5830999206873,51.4242929531834
9865,80,80.5830999206873,51.4242929531834
9866,80,80.5830999206873,51.4242929531834
9867,80,80.5830999206873,51.4242929531834
9868,80,80.5830999206873,51.4242929531834
9869,80,80.5830999206873,51.4242929531834
9870,80,80.5830999206873,51.4242929531834
9871,80,80.5830999206873,51.4242929531834
9872,80,80.5830999206873,51.4242929531834
9873,80,80.5830999206873,51.4242929531834
9874,80,80.5830999206873,51.4242929531834
9875,80,80.5830999206873,51.4242929531834
9876,80,80.5830999206873,51.4242929531834
9877,80,80.5830999206873,51.4242929531834
9878,80,80.5830999206873,51.4242929531834
9879,80,80.5830999206873,51.4242929531834
9880,80,80.5830999206873,51.4242929531834
9881,80,80.5830999206873,51.4242929531834
9882,80,80.5830999206873,51.4242929531834
9883,80,80.5830999206873,51.4242929531834
9884,80,80.5830999206873,51.4242929531834
9886,80,80.5830999206873,51.4242929531834
9887,80,80.5830999206873,51.4242929531834
9888,80,80.5830999206873,51.4242929531834
9889,80,80.5830999206873,51.4242929531834
9890,80,80.5830999206873,51.4242929531834
9891,80,80.5830999206873,51.4242929531834
9892,80,80.5830999206873,51.4242929531834
9893,80,80.5830999206873,51.4242929531834
9894,80,80.5830999206873,51.4242929531834
9895,80,80.5830999206873,51.4242929531834
9896,80,80.5830999206873,51.4242929531834
9897,80,80.5830999206873,51.4242929531834
9898,80,80.5830999206873,51.4242929531834
9899,80,80.5830999206873,51.4242929531834
9900,80,80.5830999206873,51.4242929531834
9901,80,80.5830999206873,51.4242929531834
9902,80,80.5830999206873,51.4242929531834
9903,80,80.5830999206873,51.4242929531834
9904,80,80.5830999206873,51.4242929531834
9905,80,80.5830999206873,51.4242929531834
9906,80,80.5830999206873,51.4242929531834
9907,80,80.5830999206873,51.4242929531834
9908,80,80.5830999206873,51.4242929531834
9909,80,80.5830999206873,51.4242929531834
9910,80,80.5830999206873,51.4242929531834
9911,80,80.5830999206873,51.4242929531834
9912,80,80.5830999206873,51.4242929531834
9913,80,80.5830999206873,51.4242929531834
9914,80,80.5830999206873,51.4242929531834
9915,80,80.5830999206873,51.4242929531834
9917,80,80.5830999206872,51.4242929531834
9918,80,80.5830999206873,51.4242929531834
9919,80,80.5830999206873,51.4242929531834
9920,80,80.5830999206873,51.4242929531834
9921,80,80.5830999206873,51.4242929531834
9922,80,80.5830999206873,51.4242929531834
9923,80,80.5830999206873,51.4242929531834
9924,80,80.5830999206873,51.4242929531834
9925,80,80.5830999206873,51.4242929531834
9926,80,80.5830999206873,51.4242929531834
9927,80,80.5830999206873,51.4242929531834
9928,80,80.5830999206873,51.4242929531834
9929,80,80.5830999206873,51.4242929531834
9930,80,80.5830999206873,51.4242929531834
9931,80,80.5830999206873,51.4242929531834
9932,80,80.5830999206873,51.4242929531834
9933,80,80.5830999206873,51.4242929531834
9934,80,80.5830999206873,51.4242929531834
9935,80,80.5830999206873,51.4242929531834
9936,80,80.5830999206873,51.4242929531834
9937,80,80.5830999206873,51.4242929531834
9938,80,80.5830999206873,51.4242929531834
9939,80,80.5830999206873,51.4242929531834
9940,80,80.5830999206873,51.4242929531834
9941,80,80.5830999206873,51.4242929531834
9942,80,80.5830999206873,51.4242929531834
9943,80,80.5830999206873,51.4242929531834
9944,80,80.5830999206873,51.4242929531834
9945,80,80.5830999206873,51.4242929531834
9947,80,80.5830999206873,51.4242929531834
9948,80,80.5830999206873,51.4242929531834
9949,80,80.5830999206873,51.4242929531834
9950,80,80.5830999206873,51.4242929531834
9951,80,80.5830999206873,51.4242929531834
9952,80,80.5830999206873,51.4242929531834
9953,80,80.5830999206873,51.4242929531834
9954,80,80.5830999206873,51.4242929531834
9955,80,80.5830999206873,51.4242929531834
9956,80,80.5830999206873,51.4242929531834
9957,80,80.5830999206873,51.4242929531834
9958,80,80.5830999206873,51.4242929531834
9959,80,80.5830999206873,51.4242929531834
9960,80,80.5830999206873,51.4242929531834
9961,80,80.5830999206873,51.4242929531834
9962,80,80.5830999206873,51.4242929531834
9963,80,80.5830999206873,51.4242929531834
9964,80,80.5830999206873,51.4242929531834
9965,80,80.5830999206873,51.4242929531834
9966,80,80.5830999206873,51.4242929531834
9967,80,80.5830999206873,51.4242929531834
9968,80,80.5830999206873,51.4242929531834
9969,80,80.5830999206873,51.4242929531834
9970,80,80.5830999206873,51.4242929531834
9971,80,80.5830999206873,51.4242929531834
9972,80,80.5830999206873,51.4242929531834
9973,80,80.5830999206873,51.4242929531834
9974,80,80.5830999206873,51.4242929531834
9975,80,80.5830999206873,51.4242929531834
9977,80,80.5830999206872,51.4242929531834
9978,80,80.5830999206873,51.4242929531834
9979,80,80.5830999206873,51.4242929531834
9980,80,80.5830999206873,51.4242929531834
9981,80,80.5830999206873,51.4242929531834
9982,80,80.5830999206873,51.4242929531834
9983,80,80.5830999206873,51.4242929531834
9984,80,80.5830999206873,51.4242929531834
9985,80,80.5830999206873,51.4242929531834
9986,80,80.5830999206873,51.4242929531834
9987,80,80.5830999206873,51.4242929531834
9988,80,80.5830999206873,51.4242929531834
9989,80,80.5830999206873,51.4242929531834
9990,80,80.5830999206873,51.4242929531834
9991,80,80.5830999206873,51.4242929531834
9992,80,80.5830999206873,51.4242929531834
9993,80,80.5830999206873,51.4242929531834
9994,80,80.5830999206873,51.4242929531834
9995,80,80.5830999206873,51.4242929531834
9996,80,80.5830999206873,51.4242929531834
9997,80,80.5830999206873,51.4242929531834
9998,80,80.5830999206873,51.4242929531834
9999,80,80.5830999206873,51.4242929531834
10000,80,80.5830999206873,51.4242929531834
10001,80,80.5830999206873,51.4242929531834
10002,80,80.5830999206873,51.4242929531834
10003,80,80.5830999206873,51.4242929531834
10004,80,80.5830999206873,51.4242929531834
10005,80,80.5830999206873,51.4242929531834
10006,80,80.5830999206873,51.4242929531834
10008,80,80.5830999206872,51.4242929531834
10009,80,80.5830999206873,51.4242929531834
10010,80,80.5830999206873,51.4242929531834
10011,80,80.5830999206873,51.4242929531834
10012,80,80.5830999206873,51.4242929531834
10013,80,80.5830999206873,51.4242929531834
10014,80,80.726102908118,51.9435430219465
10015,80,80.726102908118,51.9435430219465
10016,80,80.726102908118,51.9435430219465
10017,80,80.726102908118,51.9435430219465
10018,80,80.726102908118,51.9435430219465
10019,80,80.726102908118,51.9435430219465
10020,80,80.726102908118,51.9435430219465
10021,80,80.726102908118,51.9435430219465
10022,80,80.726102908118,51.9435430219465
10023,80,80.726102908118,51.9435430219465
10024,80,80.726102908118,51.9435430219465
10025,80,80.726102908118,51.9435430219465
10026,80,80.726102908118,51.9435430219465
10027,80,80.726102908118,51.9435430219465
10028,80,80.726102908118,51.9435430219465
10029,80,80.726102908118,51.9435430219465
10030,80,80.726102908118,51.9435430219465
10031,80,80.726102908118,51.9435430219465
10032,80,80.726102908118,51.9435430219465
10033,80,80.726102908118,51.9435430219465
10034,80,80.726102908118,51.9435430219465
10035,80,80.726102908118,51.9435430219465
10037,80,80.726102908118,51.9435430219465
10038,80,80.726102908118,51.9435430219465
10039,80,80.726102908118,51.9435430219465
10040,80,80.726102908118,51.9435430219465
10041,80,80.726102908118,51.9435430219465
10042,80,80.726102908118,51.9435430219465
10043,80,80.726102908118,51.9435430219465
10044,80,80.726102908118,51.9435430219465
10045,80,80.726102908118,51.9435430219465
10046,80,80.726102908118,51.9435430219465
10047,80,80.726102908118,51.9435430219465
10048,80,80.726102908118,51.9435430219465
10049,80,80.726102908118,51.9435430219465
10050,80,80.726102908118,51.9435430219465
10051,80,80.726102908118,51.9435430219465
10052,80,80.726102908118,51.9435430219465
10053,80,80.726102908118,51.9435430219465
10054,80,80.726102908118,51.9435430219465
10055,80,80.726102908118,51.9435430219465
10056,80,80.726102908118,51.9435430219465
10057,80,80.726102908118,51.9435430219465
10058,80,80.726102908118,51.9435430219465
10059,80,80.726102908118,51.9435430219465
10060,80,80.726102908118,51.9435430219465
10061,80,80.726102908118,51.9435430219465
10062,80,80.726102908118,51.9435430219465
10063,80,80.726102908118,51.9435430219465
10064,80,80.726102908118,51.9435430219465
10065,80,80.726102908118,51.9435430219465
10067,80,80.726102908118,51.9435430219465
10068,80,80.726102908118,51.9435430219465
10069,80,80.726102908118,51.9435430219465
10070,80,80.726102908118,51.9435430219465
10071,80,80.726102908118,51.9435430219465
10072,80,80.726102908118,51.9435430219465
10073,80,80.726102908118,51.9435430219465
10074,80,80.726102908118,51.9435430219465
10075,80,80.726102908118,51.9435430219465
10076,80,80.726102908118,51.9435430219465
10077,80,80.726102908118,51.9435430219465
10078,80,80.726102908118,51.9435430219465
10079,80,80.726102908118,51.9435430219465
10080,80,80.726102908118,51.9435430219465
10081,80,80.726102908118,51.9435430219465
10082,80,80.726102908118,51.9435430219465
10083,80,80.726102908118,51.9435430219465
10084,80,80.726102908118,51.9435430219465
10085,80,80.726102908118,51.9435430219465
10086,80,80.726102908118,51.9435430219465
10087,80,80.726102908118,51.9435430219465
10088,80,80.726102908118,51.9435430219465
10089,80,80.726102908118,51.9435430219465
10090,80,80.726102908118,51.9435430219465
10091,80,80.726102908118,51.9435430219465
10092,80,80.726102908118,51.9435430219465
10093,80,80.726102908118,51.9435430219465
10094,80,80.726102908118,51.9435430219465
10095,80,80.726102908118,51.9435430219465
10096,80,80.726102908118,51.9435430219465
10097,80,80.726102908118,51.9435430219465
10098,80,80.726102908118,51.9435430219465
10099,80,80.726102908118,51.9435430219465
10100,80,80.726102908118,51.9435430219465
10101,80,80.726102908118,51.9435430219465
10102,80,80.726102908118,51.9435430219465
10103,80,80.726102908118,51.9435430219465
10104,80,80.726102908118,51.9435430219465
10105,80,80.726102908118,51.9435430219465
10106,80,80.726102908118,51.9435430219465
10107,80,80.726102908118,51.9435430219465
10108,80,80.726102908118,51.9435430219465
10109,80,80.726102908118,51.9435430219465
10110,80,80.726102908118,51.9435430219465
10111,80,80.726102908118,51.9435430219465
10112,80,80.726102908118,51.9435430219465
10113,80,80.726102908118,51.9435430219465
10114,80,80.726102908118,51.9435430219465
10115,80,80.726102908118,51.9435430219465
10116,80,80.726102908118,51.9435430219465
10117,80,80.726102908118,51.9435430219465
10118,80,80.726102908118,51.9435430219465
10119,80,80.726102908118,51.9435430219465
10120,80,80.726102908118,51.9435430219465
10121,80,80.726102908118,51.9435430219465
10122,80,80.726102908118,51.9435430219465
10123,80,80.726102908118,51.9435430219465
10124,80,80.726102908118,51.9435430219465
10125,80,80.726102908118,51.9435430219465
10126,80,80.726102908118,51.9435430219465
10127,80,80.726102908118,51.9435430219465
10128,80,80.726102908118,51.9435430219465
10129,80,80.726102908118,51.9435430219465
10130,80,80.726102908118,51.9435430219465
10131,80,80.726102908118,51.9435430219465
10132,80,80.726102908118,51.9435430219465
10133,80,80.726102908118,51.9435430219465
10134,80,80.726102908118,51.9435430219465
10135,80,80.726102908118,51.9435430219465
10136,80,80.726102908118,51.9435430219465
10137,80,80.726102908118,51.9435430219465
10138,80,80.726102908118,51.9435430219465
10139,80,80.726102908118,51.9435430219465
10140,80,80.726102908118,51.9435430219465
10141,80,80.726102908118,51.9435430219465
10142,80,80.726102908118,51.9435430219465
10143,80,80.726102908118,51.9435430219465
10144,80,80.726102908118,51.9435430219465
10145,80,80.726102908118,51.9435430219465
10146,80,80.726102908118,51.9435430219465
10147,80,80.726102908118,51.9435430219465
10148,80,80.726102908118,51.9435430219465
10149,80,80.726102908118,51.9435430219465
10150,80,80.726102908118,51.9435430219465
10151,80,80.726102908118,51.9435430219465
10152,80,80.726102908118,51.9435430219465
10153,80,80.726102908118,51.9435430219465
10154,80,80.726102908118,51.9435430219465
10155,80,80.726102908118,51.9435430219465
10156,80,80.726102908118,51.9435430219465
10158,80,80.726102908118,51.9435430219465
10159,80,80.726102908118,51.9435430219465
10160,80,80.726102908118,51.9435430219465
10161,80,80.726102908118,51.9435430219465
10162,80,80.726102908118,51.9435430219465
10163,80,80.726102908118,51.9435430219465
10164,80,80.726102908118,51.9435430219465
10165,80,80.726102908118,51.9435430219465
10166,80,80.726102908118,51.9435430219465
10167,80,80.726102908118,51.9435430219465
10168,80,80.726102908118,51.9435430219465
10169,80,80.726102908118,51.9435430219465
10170,80,80.726102908118,51.9435430219465
10171,80,80.726102908118,51.9435430219465
10172,80,80.726102908118,51.9435430219465
10173,80,80.726102908118,51.9435430219465
10174,80,80.726102908118,51.9435430219465
10175,80,80.726102908118,51.9435430219465
10176,80,80.726102908118,51.9435430219465
10177,80,80.726102908118,51.9435430219465
10178,80,80.726102908118,51.9435430219465
10179,80,80.726102908118,51.9435430219465
10180,80,80.726102908118,51.9435430219465
10181,80,80.726102908118,51.9435430219465
10182,80,80.726102908118,51.9435430219465
10183,80,80.726102908118,51.9435430219465
10184,80,80.726102908118,51.9435430219465
10185,80,80.726102908118,51.9435430219465
10186,80,80.726102908118,51.9435430219465
10188,80,80.726102908118,51.9435430219465
10189,80,80.726102908118,51.9435430219465
10190,80,80.726102908118,51.9435430219465
10191,80,80.726102908118,51.9435430219465
10192,80,80.726102908118,51.9435430219465
10193,80,80.726102908118,51.9435430219465
10194,80,80.726102908118,51.9435430219465
10195,80,80.726102908118,51.9435430219465
10196,80,80.726102908118,51.9435430219465
10197,80,80.726102908118,51.9435430219465
10198,80,80.726102908118,51.9435430219465
10199,80,80.726102908118,51.9435430219465
10200,80,80.726102908118,51.9435430219465
10201,80,80.726102908118,51.9435430219465
10202,80,80.726102908118,51.9435430219465
10203,80,80.726102908118,51.9435430219465
10204,80,80.726102908118,51.9435430219465
10205,80,80.726102908118,51.9435430219465
10206,80,80.726102908118,51.9435430219465
10207,80,80.726102908118,51.9435430219465
10208,80,80.726102908118,51.9435430219465
10209,80,80.726102908118,51.9435430219465
10210,80,80.726102908118,51.9435430219465
10211,80,80.726102908118,51.9435430219465
10212,80,80.726102908118,51.9435430219465
10213,80,80.726102908118,51.9435430219465
10214,80,80.726102908118,51.9435430219465
10215,80,80.726102908118,51.9435430219465
10216,80,80.726102908118,51.9435430219465
10218,80,80.726102908118,51.9435430219465
10219,80,80.726102908118,51.9435430219465
10220,80,80.726102908118,51.9435430219465
10221,80,80.726102908118,51.9435430219465
10222,80,80.726102908118,51.9435430219465
10223,80,80.726102908118,51.9435430219465
10224,80,80.726102908118,51.9435430219465
10225,80,80.726102908118,51.9435430219465
10226,80,80.726102908118,51.9435430219465
10227,80,80.726102908118,51.9435430219465
10228,80,80.726102908118,51.9435430219465
10229,80,80.726102908118,51.9435430219465
10230,80,80.726102908118,51.9435430219465
10231,80,80.726102908118,51.9435430219465
10232,80,80.726102908118,51.9435430219465
10233,80,80.726102908118,51.9435430219465
10234,80,80.726102908118,51.9435430219465
10235,80,80.726102908118,51.9435430219465
10236,80,80.726102908118,51.9435430219465
10237,80,80.726102908118,51.9435430219465
10238,80,80.726102908118,51.9435430219465
10239,80,80.726102908118,51.9435430219465
10240,80,80.726102908118,51.9435430219465
10241,80,80.726102908118,51.9435430219465
10242,80,80.726102908118,51.9435430219465
10243,80,80.726102908118,51.9435430219465
10244,80,80.726102908118,51.9435430219465
10245,80,80.726102908118,51.9435430219465
10246,80,80.726102908118,51.9435430219465
10248,80,80.726102908118,51.9435430219465
10249,80,80.726102908118,51.9435430219465
10250,80,80.726102908118,51.9435430219465
10251,80,80.726102908118,51.9435430219465
10252,80,80.726102908118,51.9435430219465
10253,80,80.726102908118,51.9435430219465
10254,80,80.726102908118,51.9435430219465
10255,80,80.726102908118,51.9435430219465
10256,80,80.726102908118,51.9435430219465
10257,80,80.726102908118,51.9435430219465
10258,80,80.726102908118,51.9435430219465
10259,80,80.726102908118,51.9435430219465
10260,80,80.726102908118,51.9435430219465
10261,80,80.726102908118,51.9435430219465
10262,80,80.726102908118,51.9435430219465
10263,80,80.726102908118,51.9435430219465
10264,80,80.726102908118,51.9435430219465
10265,80,80.726102908118,51.9435430219465
10266,80,80.726102908118,51.9435430219465
10267,80,80.726102908118,51.9435430219465
10268,80,80.726102908118,51.9435430219465
10269,80,80.726102908118,51.9435430219465
10270,80,80.726102908118,51.9435430219465
10271,80,80.726102908118,51.9435430219465
10272,80,80.726102908118,51.9435430219465
10273,80,80.726102908118,51.9435430219465
10274,80,80.726102908118,51.9435430219465
10275,80,80.726102908118,51.9435430219465
10276,80,80.726102908118,51.9435430219465
10277,80,80.726102908118,51.9435430219465
10279,80,80.726102908118,51.9435430219465
10280,80,80.726102908118,51.9435430219465
10281,80,80.726102908118,51.9435430219465
10282,80,80.726102908118,51.9435430219465
10283,80,80.726102908118,51.9435430219465
10284,80,80.726102908118,51.9435430219465
10285,80,80.726102908118,51.9435430219465
10286,80,80.726102908118,51.9435430219465
10287,80,80.726102908118,51.9435430219465
10288,80,80.726102908118,51.9435430219465
10289,80,80.726102908118,51.9435430219465
10290,80,80.726102908118,51.9435430219465
10291,80,80.726102908118,51.9435430219465
10292,80,80.726102908118,51.9435430219465
10293,80,80.726102908118,51.9435430219465
10294,80,80.726102908118,51.9435430219465
10295,80,80.726102908118,51.9435430219465
10296,80,80.726102908118,51.9435430219465
10297,80,80.726102908118,51.9435430219465
10298,80,80.4947058674706,51.4579682810127
10299,80,80.4947058674706,51.4579682810127
10300,80,80.4947058674706,51.4579682810127
10301,80,80.4947058674706,51.4579682810127
10302,80,80.4947058674706,51.4579682810127
10303,80,80.4947058674706,51.4579682810127
10304,80,80.4947058674706,51.4579682810127
10305,80,80.4947058674706,51.4579682810127
10306,80,80.4947058674706,51.4579682810127
10307,80,80.4947058674706,51.4579682810127
10309,80,80.4947058674706,51.4579682810127
10310,80,80.4947058674706,51.4579682810127
10311,80,80.4947058674706,51.4579682810127
10312,80,80.4947058674706,51.4579682810127
10313,80,80.4947058674706,51.4579682810127
10314,80,80.4947058674706,51.4579682810127
10315,80,80.4947058674706,51.4579682810127
10316,80,80.4947058674706,51.4579682810127
10317,80,80.4947058674706,51.4579682810127
10318,80,80.4947058674706,51.4579682810127
10319,80,80.4947058674706,51.4579682810127
10320,80,80.4947058674706,51.4579682810127
10321,80,80.4947058674706,51.4579682810127
10322,80,80.4947058674706,51.4579682810127
10323,80,80.4947058674706,51.4579682810127
10324,80,80.4947058674706,51.4579682810127
10325,80,80.4947058674706,51.4579682810127
10326,80,80.4947058674706,51.4579682810127
10327,80,80.4947058674706,51.4579682810127
10328,80,80.4947058674706,51.4579682810127
10329,80,80.4947058674706,51.4579682810127
10330,80,80.4947058674706,51.4579682810127
10331,80,80.4947058674706,51.4579682810127
10332,80,80.4947058674706,51.4579682810127
10333,80,80.4947058674706,51.4579682810127
10334,80,80.4947058674706,51.4579682810127
10335,80,80.4947058674706,51.4579682810127
10336,80,80.4947058674706,51.4579682810127
10337,80,80.4947058674706,51.4579682810127
10339,80,80.4947058674706,51.4579682810127
10340,80,80.4947058674706,51.4579682810127
10341,80,80.4947058674706,51.4579682810127
10342,80,80.4947058674706,51.4579682810127
10343,80,80.4947058674706,51.4579682810127
10344,80,80.4947058674706,51.4579682810127
10345,80,80.4947058674706,51.4579682810127
10346,80,80.4947058674706,51.4579682810127
10347,80,80.4947058674706,51.4579682810127
10348,80,80.4947058674706,51.4579682810127
10349,80,80.4947058674706,51.4579682810127
10350,80,80.4947058674706,51.4579682810127
10351,80,80.4947058674706,51.4579682810127
10352,80,80.4947058674706,51.4579682810127
10353,80,80.4947058674706,51.4579682810127
10354,80,80.4947058674706,51.4579682810127
10355,80,80.4947058674706,51.4579682810127
10356,80,80.4947058674706,51.4579682810127
10357,80,80.4947058674706,51.4579682810127
10358,80,80.4947058674706,51.4579682810127
10359,80,80.4947058674706,51.4579682810127
10360,80,80.4947058674706,51.4579682810127
10361,80,80.4947058674706,51.4579682810127
10362,80,80.4947058674706,51.4579682810127
10363,80,80.4947058674706,51.4579682810127
10364,80,80.4947058674706,51.4579682810127
10365,80,80.4947058674706,51.4579682810127
10366,80,80.4947058674706,51.4579682810127
10367,80,80.4947058674706,51.4579682810127
10368,80,80.4947058674706,51.4579682810127
10370,80,80.4947058674706,51.4579682810127
10371,80,80.4947058674706,51.4579682810127
10372,80,80.4947058674706,51.4579682810127
10373,80,80.4947058674706,51.4579682810127
10374,80,80.4947058674706,51.4579682810127
10375,80,80.4947058674706,51.4579682810127
10376,80,80.4947058674706,51.4579682810127
10377,80,80.4947058674706,51.4579682810127
10378,80,80.4947058674706,51.4579682810127
10379,80,80.4947058674706,51.4579682810127
10380,80,80.4947058674706,51.4579682810127
10381,80,80.4947058674706,51.4579682810127
10382,80,80.4947058674706,51.4579682810127
10383,80,80.4947058674706,51.4579682810127
10384,80,80.4947058674706,51.4579682810127
10385,80,80.4947058674706,51.4579682810127
10386,80,80.4947058674706,51.4579682810127
10387,80,80.4947058674706,51.4579682810127
10388,80,80.4947058674706,51.4579682810127
10389,80,80.4947058674706,51.4579682810127
10390,80,80.4947058674706,51.4579682810127
10391,80,80.4947058674706,51.4579682810127
10392,80,80.4947058674706,51.4579682810127
10393,80,80.4947058674706,51.4579682810127
10394,80,80.4947058674706,51.4579682810127
10395,80,80.4947058674706,51.4579682810127
10396,80,80.4947058674706,51.4579682810127
10397,80,80.4947058674706,51.4579682810127
10398,80,80.4947058674706,51.4579682810127
10399,80,80.4947058674706,51.4579682810127
10400,80,80.4947058674706,51.4579682810127
10401,80,80.4947058674706,51.4579682810127
10402,80,80.4947058674706,51.4579682810127
10403,80,80.4947058674706,51.4579682810127
10404,80,80.4947058674706,51.4579682810127
10405,80,80.4947058674706,51.4579682810127
10406,80,80.4947058674706,51.4579682810127
10407,80,80.4947058674706,51.4579682810127
10408,80,80.4947058674706,51.4579682810127
10409,80,80.4947058674706,51.4579682810127
10410,80,80.4947058674706,51.4579682810127
10411,80,80.4947058674706,51.4579682810127
10412,80,80.4947058674706,51.4579682810127
10413,80,80.4947058674706,51.4579682810127
10414,80,80.4947058674706,51.4579682810127
10415,80,80.4947058674706,51.4579682810127
10416,80,80.4947058674706,51.4579682810127
10417,80,80.4947058674706,51.4579682810127
10418,80,80.4947058674706,51.4579682810127
10419,80,80.4947058674706,51.4579682810127
10420,80,80.4947058674706,51.4579682810127
10421,80,80.4947058674706,51.4579682810127
10422,80,80.4947058674706,51.4579682810127
10423,80,80.4947058674706,51.4579682810127
10424,80,80.4947058674706,51.4579682810127
10425,80,80.4947058674706,51.4579682810127
10426,80,80.4947058674706,51.4579682810127
10427,80,80.4947058674706,51.4579682810127
10428,80,80.4947058674706,51.4579682810127
10429,80,80.4947058674706,51.4579682810127
10430,80,80.4947058674706,51.4579682810127
10431,80,80.4947058674706,51.4579682810127
10432,80,80.4947058674706,51.4579682810127
10433,80,80.4947058674706,51.4579682810127
10434,80,80.4947058674706,51.4579682810127
10435,80,80.4947058674706,51.4579682810127
10436,80,80.4947058674706,51.4579682810127
10437,80,80.4947058674706,51.4579682810127
10438,80,80.4947058674706,51.4579682810127
10439,80,80.4947058674706,51.4579682810127
10440,80,80.4947058674706,51.4579682810127
10441,80,80.4947058674706,51.4579682810127
10442,80,80.4947058674706,51.4579682810127
10443,80,80.4947058674706,51.4579682810127
10444,80,80.4947058674706,51.4579682810127
10445,80,80.4947058674706,51.4579682810127
10446,80,80.4947058674706,51.4579682810127
10447,80,80.4947058674706,51.4579682810127
10448,80,80.4947058674706,51.4579682810127
10449,80,80.4947058674706,51.4579682810127
10450,80,80.4947058674706,51.4579682810127
10451,80,80.4947058674706,51.4579682810127
10452,80,80.4947058674706,51.4579682810127
10453,80,80.4947058674706,51.4579682810127
10454,80,80.4947058674706,51.4579682810127
10455,80,80.4947058674706,51.4579682810127
10456,80,80.4947058674706,51.4579682810127
10457,80,80.4947058674706,51.4579682810127
10458,80,80.4947058674706,51.4579682810127
10459,80,80.4947058674706,51.4579682810127
10460,80,80.4947058674706,51.4579682810127
10461,80,80.4947058674706,51.4579682810127
10462,80,80.4947058674706,51.4579682810127
10463,80,80.4947058674706,51.4579682810127
10464,80,80.4947058674706,51.4579682810127
10465,80,80.4947058674706,51.4579682810127
10466,80,80.4947058674706,51.4579682810127
10467,80,80.4947058674706,51.4579682810127
10468,80,80.4947058674706,51.4579682810127
10469,80,80.4947058674706,51.4579682810127
10470,80,80.4947058674706,51.4579682810127
10471,80,80.4947058674706,51.4579682810127
10472,80,80.4947058674706,51.4579682810127
10473,80,80.4947058674706,51.4579682810127
10474,80,80.4947058674706,51.4579682810127
10475,80,80.4947058674706,51.4579682810127
10476,80,80.4947058674706,51.4579682810127
10477,80,80.4947058674706,51.4579682810127
10478,80,80.4947058674706,51.4579682810127
10479,80,80.4947058674706,51.4579682810127
10480,80,80.4947058674706,51.4579682810127
10481,80,80.4947058674706,51.4579682810127
10482,80,80.4947058674706,51.4579682810127
10483,80,80.4947058674706,51.4579682810127
10484,80,80.4947058674706,51.4579682810127
10485,80,80.4947058674706,51.4579682810127
10486,80,80.4947058674706,51.4579682810127
10487,80,80.4947058674706,51.4579682810127
10489,80,80.4947058674706,51.4579682810127
10490,80,80.4947058674706,51.4579682810127
10491,80,80.4947058674706,51.4579682810127
10492,80,80.4947058674706,51.4579682810127
10493,80,80.4947058674706,51.4579682810127
10494,80,80.4947058674706,51.4579682810127
10495,80,80.4947058674706,51.4579682810127
10496,80,80.4947058674706,51.4579682810127
10497,80,80.4947058674706,51.4579682810127
10498,80,80.4947058674706,51.4579682810127
10499,80,80.4947058674706,51.4579682810127
10500,80,80.4947058674706,51.4579682810127
10501,80,80.4947058674706,51.4579682810127
10502,80,80.4947058674706,51.4579682810127
10503,80,80.4947058674706,51.4579682810127
10504,80,80.4947058674706,51.4579682810127
10505,80,80.4947058674706,51.4579682810127
10506,80,80.4947058674706,51.4579682810127
10507,80,80.4947058674706,51.4579682810127
10508,80,80.4947058674706,51.4579682810127
10509,80,80.4947058674706,51.4579682810127
10510,80,80.4947058674706,51.4579682810127
10511,80,80.4947058674706,51.4579682810127
10512,80,80.4947058674706,51.4579682810127
10513,80,80.4947058674706,51.4579682810127
10514,80,80.4947058674706,51.4579682810127
10515,80,80.4947058674706,51.4579682810127
10516,80,80.4947058674706,51.4579682810127
10517,80,80.4947058674706,51.4579682810127
10518,80,80.4947058674706,51.4579682810127
10520,80,80.4947058674706,51.4579682810127
10521,80,80.4947058674706,51.4579682810127
10522,80,80.4947058674706,51.4579682810127
10523,80,80.4947058674706,51.4579682810127
10524,80,80.4947058674706,51.4579682810127
10525,80,80.4947058674706,51.4579682810127
10526,80,80.4947058674706,51.4579682810127
10527,80,80.4947058674706,51.4579682810127
10528,80,80.4947058674706,51.4579682810127
10529,80,80.4947058674706,51.4579682810127
10530,80,80.4947058674706,51.4579682810127
10531,80,80.4947058674706,51.4579682810127
10532,80,80.4947058674706,51.4579682810127
10533,80,80.4947058674706,51.4579682810127
10534,80,80.4947058674706,51.4579682810127
10535,80,80.4947058674706,51.4579682810127
10536,80,80.4947058674706,51.4579682810127
10537,80,80.4947058674706,51.4579682810127
10538,80,80.4947058674706,51.4579682810127
10539,80,80.4947058674706,51.4579682810127
10540,80,80.4947058674706,51.4579682810127
10541,80,80.4947058674706,51.4579682810127
10542,80,80.4947058674706,51.4579682810127
10543,80,80.4947058674706,51.4579682810127
10544,80,80.4947058674706,51.4579682810127
10545,80,80.4947058674706,51.4579682810127
10546,80,80.4947058674706,51.4579682810127
10547,80,80.4947058674706,51.4579682810127
10548,80,80.4947058674706,51.4579682810127
10550,80,80.4947058674706,51.4579682810127
10551,80,80.4947058674706,51.4579682810127
10552,80,80.4947058674706,51.4579682810127
10553,80,80.4947058674706,51.4579682810127
10554,80,80.4947058674706,51.4579682810127
10555,80,80.4947058674706,51.4579682810127
10556,80,80.4947058674706,51.4579682810127
10557,80,80.4947058674706,51.4579682810127
10558,80,80.4947058674706,51.4579682810127
10559,80,80.4947058674706,51.4579682810127
10560,80,80.4947058674706,51.4579682810127
10561,80,80.4947058674706,51.4579682810127
10562,80,80.4947058674706,51.4579682810127
10563,80,80.4947058674706,51.4579682810127
10564,80,80.4947058674706,51.4579682810127
10565,80,80.4947058674706,51.4579682810127
10566,80,80.4947058674706,51.4579682810127
10567,80,80.4947058674706,51.4579682810127
10568,80,80.4947058674706,51.4579682810127
10569,80,80.4947058674706,51.4579682810127
10570,80,80.4947058674706,51.4579682810127
10571,80,80.4947058674706,51.4579682810127
10572,80,80.4947058674706,51.4579682810127
10573,80,80.4947058674706,51.4579682810127
10574,80,80.5498785089174,53.2629698272012
10575,80,80.5498785089174,53.2629698272012
10576,80,80.5498785089174,53.2629698272012
10577,80,80.5498785089174,53.2629698272012
10578,80,80.5498785089174,53.2629698272012
10580,80,80.5498785089174,53.2629698272012
10581,80,80.5498785089174,53.2629698272012
10582,80,80.5498785089174,53.2629698272012
10583,80,80.5498785089174,53.2629698272012
10584,80,80.5498785089174,53.2629698272012
10585,80,80.5498785089174,53.2629698272012
10586,80,80.5498785089174,53.2629698272012
10587,80,80.5498785089174,53.2629698272012
10588,80,80.5498785089174,53.2629698272012
10589,80,80.5498785089174,53.2629698272012
10590,80,80.5498785089174,53.2629698272012
10591,80,80.5498785089174,53.2629698272012
10592,80,80.5498785089174,53.2629698272012
10593,80,80.5498785089174,53.2629698272012
10594,80,80.5498785089174,53.2629698272012
10595,80,80.5498785089174,53.2629698272012
10596,80,80.5498785089174,53.2629698272012
10597,80,80.5498785089174,53.2629698272012
10598,80,80.5498785089174,53.2629698272012
10599,80,80.5498785089174,53.2629698272012
10600,80,80.5498785089174,53.2629698272012
10601,80,80.5498785089174,53.2629698272012
10602,80,80.5498785089174,53.2629698272012
10603,80,80.5498785089174,53.2629698272012
10604,80,80.5498785089174,53.2629698272012
10605,80,80.5498785089174,53.2629698272012
10606,80,80.5498785089174,53.2629698272012
10607,80,80.5498785089174,53.2629698272012
10608,80,80.5498785089174,53.2629698272012
10609,80,80.5498785089174,53.2629698272012
10610,80,80.5498785089174,53.2629698272012
10611,80,80.5498785089174,53.2629698272012
10612,80,80.5498785089174,53.2629698272012
10613,80,80.5498785089174,53.2629698272012
10614,80,80.5498785089174,53.2629698272012
10615,80,80.5498785089174,53.2629698272012
10616,80,80.5498785089174,53.2629698272012
10617,80,80.5498785089174,53.2629698272012
10618,80,80.5498785089174,53.2629698272012
10619,80,80.5498785089174,53.2629698272012
10620,80,80.5498785089174,53.2629698272012
10621,80,80.5498785089174,53.2629698272012
10622,80,80.5498785089174,53.2629698272012
10623,80,80.5498785089174,53.2629698272012
10624,80,80.5498785089174,53.2629698272012
10625,80,80.5498785089174,53.2629698272012
10626,80,80.5498785089174,53.2629698272012
10627,80,80.5498785089174,53.2629698272012
10628,80,80.5498785089174,53.2629698272012
10629,80,80.5498785089174,53.2629698272012
10630,80,80.5498785089174,53.2629698272012
10631,80,80.5498785089174,53.2629698272012
10632,80,80.5498785089174,53.2629698272012
10633,80,80.5498785089174,53.2629698272012
10634,80,80.5498785089174,53.2629698272012
10635,80,80.5498785089174,53.2629698272012
10636,80,80.5498785089174,53.2629698272012
10637,80,80.5498785089174,53.2629698272012
10638,80,80.5498785089174,53.2629698272012
10639,80,80.5498785089174,53.2629698272012
10641,80,80.5498785089174,53.2629698272012
10642,80,80.5498785089174,53.2629698272012
10643,80,80.5498785089174,53.2629698272012
10644,80,80.5498785089174,53.2629698272012
10645,80,80.5498785089174,53.2629698272012
10646,80,80.5498785089174,53.2629698272012
10647,80,80.5498785089174,53.2629698272012
10648,80,80.5498785089174,53.2629698272012
10649,80,80.5498785089174,53.2629698272012
10650,80,80.5498785089174,53.2629698272012
10651,80,80.5498785089174,53.2629698272012
10652,80,80.5498785089174,53.2629698272012
10653,80,80.5498785089174,53.2629698272012
10654,80,80.5498785089174,53.2629698272012
10655,80,80.5498785089174,53.2629698272012
10656,80,80.5498785089174,53.2629698272012
10657,80,80.5498785089174,53.2629698272012
10658,80,80.5498785089174,53.2629698272012
10659,80,80.5498785089174,53.2629698272012
10660,80,80.5498785089174,53.2629698272012
10661,80,80.5498785089174,53.2629698272012
10662,80,80.5498785089174,53.2629698272012
10663,80,80.5498785089174,53.2629698272012
10664,80,80.5498785089174,53.2629698272012
10665,80,80.5498785089174,53.2629698272012
10666,80,80.5498785089174,53.2629698272012
10667,80,80.5498785089174,53.2629698272012
10668,80,80.5498785089174,53.2629698272012
10669,80,80.5498785089174,53.2629698272012
10671,80,80.5498785089174,53.2629698272012
10672,80,80.5498785089174,53.2629698272012
10673,80,80.5498785089174,53.2629698272012
10674,80,80.5498785089174,53.2629698272012
10675,80,80.5498785089174,53.2629698272012
10676,80,80.5498785089174,53.2629698272012
10677,80,80.5498785089174,53.2629698272012
10678,80,80.5498785089174,53.2629698272012
10679,80,80.5498785089174,53.2629698272012
10680,80,80.5498785089174,53.2629698272012
10681,80,80.5498785089174,53.2629698272012
10682,80,80.5498785089174,53.2629698272012
10683,80,80.5498785089174,53.2629698272012
10684,80,80.5498785089174,53.2629698272012
10685,80,80.5498785089174,53.2629698272012
10686,80,80.5498785089174,53.2629698272012
10687,80,80.5498785089174,53.2629698272012
10688,80,80.5498785089174,53.2629698272012
10689,80,80.5498785089174,53.2629698272012
10690,80,80.5498785089174,53.2629698272012
10691,80,80.5498785089174,53.2629698272012
10692,80,80.5498785089174,53.2629698272012
10693,80,80.5498785089174,53.2629698272012
10694,80,80.5498785089174,53.2629698272012
10695,80,80.5498785089174,53.2629698272012
10696,80,80.5498785089174,53.2629698272012
10697,80,80.5498785089174,53.2629698272012
10698,80,80.5498785089174,53.2629698272012
10699,80,80.5498785089174,53.2629698272012
10700,80,80.5498785089174,53.2629698272012
10701,80,80.5498785089174,53.2629698272012
10702,80,80.5498785089174,53.2629698272012
10703,80,80.5498785089174,53.2629698272012
10704,80,80.5498785089174,53.2629698272012
10705,80,80.5498785089174,53.2629698272012
10706,80,80.5498785089174,53.2629698272012
10707,80,80.5498785089174,53.2629698272012
10708,80,80.5498785089174,53.2629698272012
10709,80,80.5498785089174,53.2629698272012
10710,80,80.5498785089174,53.2629698272012
10711,80,80.5498785089174,53.2629698272012
10712,80,80.5498785089174,53.2629698272012
10713,80,80.5498785089174,53.2629698272012
10714,80,80.5498785089174,53.2629698272012
10715,80,80.5498785089174,53.2629698272012
10716,80,80.5498785089174,53.2629698272012
10717,80,80.5498785089174,53.2629698272012
10718,80,80.5498785089174,53.2629698272012
10719,80,80.5498785089174,53.2629698272012
10720,80,80.5498785089174,53.2629698272012
10721,80,80.5498785089174,53.2629698272012
10722,80,80.5498785089174,53.2629698272012
10723,80,80.5498785089174,53.2629698272012
10724,80,80.5498785089174,53.2629698272012
10725,80,80.5498785089174,53.2629698272012
10726,80,80.5498785089174,53.2629698272012
10727,80,80.5498785089174,53.2629698272012
10728,80,80.5498785089174,53.2629698272012
10729,80,80.5498785089174,53.2629698272012
10731,80,80.5498785089174,53.2629698272012
10732,80,80.5498785089174,53.2629698272012
10733,80,80.5498785089174,53.2629698272012
10734,80,80.5498785089174,53.2629698272012
10735,80,80.5498785089174,53.2629698272012
10736,80,80.5498785089174,53.2629698272012
10737,80,80.5498785089174,53.2629698272012
10738,80,80.5498785089174,53.2629698272012
10739,80,80.5498785089174,53.2629698272012
10740,80,80.5498785089174,53.2629698272012
10741,80,80.5498785089174,53.2629698272012
10742,80,80.5498785089174,53.2629698272012
10743,80,80.5498785089174,53.2629698272012
10744,80,80.5498785089174,53.2629698272012
10745,80,80.5498785089174,53.2629698272012
10746,80,80.5498785089174,53.2629698272012
10747,80,80.5498785089174,53.2629698272012
10748,80,80.5498785089174,53.2629698272012
10749,80,80.5498785089174,53.2629698272012
10750,80,80.5498785089174,53.2629698272012
10751,80,80.5498785089174,53.2629698272012
10752,80,80.5498785089174,53.2629698272012
10753,80,80.5498785089174,53.2629698272012
10754,80,80.5498785089174,53.2629698272012
10755,80,80.5498785089174,53.2629698272012
10756,80,80.5498785089174,53.2629698272012
10757,80,80.5498785089174,53.2629698272012
10758,80,80.5498785089174,53.2629698272012
10759,80,80.5498785089174,53.2629698272012
10761,80,80.5498785089174,53.2629698272012
10762,80,80.5498785089174,53.2629698272012
10763,80,80.5498785089174,53.2629698272012
10764,80,80.5498785089174,53.2629698272012
10765,80,80.5498785089174,53.2629698272012
10766,80,80.5498785089174,53.2629698272012
10767,80,80.5498785089174,53.2629698272012
10768,80,80.5498785089174,53.2629698272012
10769,80,80.5498785089174,53.2629698272012
10770,80,80.5498785089174,53.2629698272012
10771,80,80.5498785089174,53.2629698272012
10772,80,80.5498785089174,53.2629698272012
10773,80,80.5498785089174,53.2629698272012
10774,80,80.5498785089174,53.2629698272012
10775,80,80.5498785089174,53.2629698272012
10776,80,80.5498785089174,53.2629698272012
10777,80,80.5498785089174,53.2629698272012
10778,80,80.5498785089174,53.2629698272012
10779,80,80.5498785089174,53.2629698272012
10780,80,80.5498785089174,53.2629698272012
10781,80,80.5498785089174,53.2629698272012
10782,80,80.5498785089174,53.2629698272012
10783,80,80.5498785089174,53.2629698272012
10784,80,80.5498785089174,53.2629698272012
10785,80,80.5498785089174,53.2629698272012
10786,80,80.5498785089174,53.2629698272012
10787,80,80.5498785089174,53.2629698272012
10788,80,80.5498785089174,53.2629698272012
10789,80,80.5498785089174,53.2629698272012
10791,80,80.5498785089174,53.2629698272012
10792,80,80.5498785089174,53.2629698272012
10793,80,80.5498785089174,53.2629698272012
10794,80,80.5498785089174,53.2629698272012
10795,80,80.5498785089174,53.2629698272012
10796,80,80.5498785089174,53.2629698272012
10797,80,80.5498785089174,53.2629698272012
10798,80,80.5498785089174,53.2629698272012
10799,80,80.5498785089174,53.2629698272012
10800,80,80.5498785089174,53.2629698272012
10801,80,80.5498785089174,53.2629698272012
10802,80,80.5498785089174,53.2629698272012
10803,80,80.5498785089174,53.2629698272012
10804,80,80.5498785089174,53.2629698272012
10805,80,80.5498785089174,53.2629698272012
10806,80,80.5498785089174,53.2629698272012
10807,80,80.5498785089174,53.2629698272012
10808,80,80.5498785089174,53.2629698272012
10809,80,80.5498785089174,53.2629698272012
10810,80,80.5498785089174,53.2629698272012
10811,80,80.5498785089174,53.2629698272012
10812,80,80.5498785089174,53.2629698272012
10813,80,80.5498785089174,53.2629698272012
10814,80,80.5498785089174,53.2629698272012
10815,80,80.5498785089174,53.2629698272012
10816,80,80.5498785089174,53.2629698272012
10817,80,80.5498785089174,53.2629698272012
10818,80,80.5498785089174,53.2629698272012
10819,80,80.5498785089174,53.2629698272012
10821,80,80.5498785089174,53.2629698272012
10822,80,80.5498785089174,53.2629698272012
10823,80,80.5498785089174,53.2629698272012
10824,80,80.5498785089174,53.2629698272012
10825,80,80.5498785089174,53.2629698272012
10826,80,80.5498785089174,53.2629698272012
10827,80,80.5498785089174,53.2629698272012
10828,80,80.5498785089174,53.2629698272012
10829,80,80.5498785089174,53.2629698272012
10830,80,80.5498785089174,53.2629698272012
10831,80,80.5498785089174,53.2629698272012
10832,80,80.5498785089174,53.2629698272012
10833,80,80.5498785089174,53.2629698272012
10834,80,80.5498785089174,53.2629698272012
10835,80,80.5498785089174,53.2629698272012
10836,80,80.5498785089174,53.2629698272012
10837,80,80.5498785089174,53.2629698272012
10838,80,80.5498785089174,53.2629698272012
10839,80,80.5498785089174,53.2629698272012
10840,80,80.5498785089174,53.2629698272012
10841,80,80.5498785089174,53.2629698272012
10842,80,80.5498785089174,53.2629698272012
10843,80,80.5498785089174,53.2629698272012
10844,80,80.5498785089174,53.2629698272012
10845,80,80.5498785089174,53.2629698272012
10846,80,80.5498785089174,53.2629698272012
10847,80,80.5498785089174,53.2629698272012
10848,80,80.5498785089174,53.2629698272012
10849,80,80.5498785089174,53.2629698272012
10850,80,80.5498785089174,53.2629698272012
10851,80,80.5498785089174,53.2629698272012
10852,80,80.5498785089174,53.2629698272012
10853,80,80.5498785089174,53.2629698272012
10854,80,80.5498785089174,53.2629698272012
10855,80,80.5498785089174,53.2629698272012
10856,80,80.5498785089174,53.2629698272012
10857,80,80.4573880392843,52.4137326208253
10858,80,80.4573880392843,52.4137326208253
10859,80,80.4573880392843,52.4137326208253
10860,80,80.4573880392843,52.4137326208253
10861,80,80.4573880392843,52.4137326208253
10862,80,80.4573880392843,52.4137326208253
10863,80,80.4573880392843,52.4137326208253
10864,80,80.4573880392843,52.4137326208253
10865,80,80.4573880392843,52.4137326208253
10866,80,80.4573880392843,52.4137326208253
10867,80,80.4573880392843,52.4137326208253
10868,80,80.4573880392843,52.4137326208253
10869,80,80.4573880392843,52.4137326208253
10870,80,80.4573880392843,52.4137326208253
10871,80,80.4573880392843,52.4137326208253
10872,80,80.4573880392843,52.4137326208253
10873,80,80.4573880392843,52.4137326208253
10874,80,80.4573880392843,52.4137326208253
10875,80,80.4573880392843,52.4137326208253
10876,80,80.4573880392843,52.4137326208253
10877,80,80.4573880392843,52.4137326208253
10878,80,80.4573880392843,52.4137326208253
10879,80,80.4573880392843,52.4137326208253
10880,80,80.4573880392843,52.4137326208253
10881,80,80.4573880392843,52.4137326208253
10882,80,80.4573880392843,52.4137326208253
10883,80,80.4573880392843,52.4137326208253
10884,80,80.4573880392843,52.4137326208253
10885,80,80.4573880392843,52.4137326208253
10886,80,80.4573880392843,52.4137326208253
10887,80,80.4573880392843,52.4137326208253
10888,80,80.4573880392843,52.4137326208253
10889,80,80.4573880392843,52.4137326208253
10890,80,80.4573880392843,52.4137326208253
10891,80,80.4573880392843,52.4137326208253
10892,80,80.4573880392843,52.4137326208253
10893,80,80.4573880392843,52.4137326208253
10894,80,80.4573880392843,52.4137326208253
10895,80,80.4573880392843,52.4137326208253
10896,80,80.4573880392843,52.4137326208253
10897,80,80.4573880392843,52.4137326208253
10898,80,80.4573880392843,52.4137326208253
10899,80,80.4573880392843,52.4137326208253
10900,80,80.4573880392843,52.4137326208253
10901,80,80.4573880392843,52.4137326208253
10902,80,80.4573880392843,52.4137326208253
10903,80,80.4573880392843,52.4137326208253
10904,80,80.4573880392843,52.4137326208253
10905,80,80.4573880392843,52.4137326208253
10906,80,80.4573880392843,52.4137326208253
10907,80,80.4573880392843,52.4137326208253
10908,80,80.4573880392843,52.4137326208253
10909,80,80.4573880392843,52.4137326208253
10910,80,80.4573880392843,52.4137326208253
10912,80,80.4573880392843,52.4137326208253
10913,80,80.4573880392843,52.4137326208253
10914,80,80.4573880392843,52.4137326208253
10915,80,80.4573880392843,52.4137326208253
10916,80,80.4573880392843,52.4137326208253
10917,80,80.4573880392843,52.4137326208253
10918,80,80.4573880392843,52.4137326208253
10919,80,80.4573880392843,52.4137326208253
10920,80,80.4573880392843,52.4137326208253
10921,80,80.4573880392843,52.4137326208253
10922,80,80.4573880392843,52.4137326208253
10923,80,80.4573880392843,52.4137326208253
10924,80,80.4573880392843,52.4137326208253
10925,80,80.4573880392843,52.4137326208253
10926,80,80.4573880392843,52.4137326208253
10927,80,80.4573880392843,52.4137326208253
10928,80,80.4573880392843,52.4137326208253
10929,80,80.4573880392843,52.4137326208253
10930,80,80.4573880392843,52.4137326208253
10931,80,80.4573880392843,52.4137326208253
10932,80,80.4573880392843,52.4137326208253
10933,80,80.4573880392843,52.4137326208253
10934,80,80.4573880392843,52.4137326208253
10935,80,80.4573880392843,52.4137326208253
10936,80,80.4573880392843,52.4137326208253
10937,80,80.4573880392843,52.4137326208253
10938,80,80.4573880392843,52.4137326208253
10939,80,80.4573880392843,52.4137326208253
10940,80,80.4573880392843,52.4137326208253
10942,80,80.4573880392843,52.4137326208253
10943,80,80.4573880392843,52.4137326208253
10944,80,80.4573880392843,52.4137326208253
10945,80,80.4573880392843,52.4137326208253
10946,80,80.4573880392843,52.4137326208253
10947,80,80.4573880392843,52.4137326208253
10948,80,80.4573880392843,52.4137326208253
10949,80,80.4573880392843,52.4137326208253
10950,80,80.4573880392843,52.4137326208253
10951,80,80.4573880392843,52.4137326208253
10952,80,80.4573880392843,52.4137326208253
10953,80,80.4573880392843,52.4137326208253
10954,80,80.4573880392843,52.4137326208253
10955,80,80.4573880392843,52.4137326208253
10956,80,80.4573880392843,52.4137326208253
10957,80,80.4573880392843,52.4137326208253
10958,80,80.4573880392843,52.4137326208253
10959,80,80.4573880392843,52.4137326208253
10960,80,80.4573880392843,52.4137326208253
10961,80,80.4573880392843,52.4137326208253
10962,80,80.4573880392843,52.4137326208253
10963,80,80.4573880392843,52.4137326208253
10964,80,80.4573880392843,52.4137326208253
10965,80,80.4573880392843,52.4137326208253
10966,80,80.4573880392843,52.4137326208253
10967,80,80.4573880392843,52.4137326208253
10968,80,80.4573880392843,52.4137326208253
10969,80,80.4573880392843,52.4137326208253
10970,80,80.4573880392843,52.4137326208253
10972,80,80.4573880392843,52.4137326208253
10973,80,80.4573880392843,52.4137326208253
10974,80,80.4573880392843,52.4137326208253
10975,80,80.4573880392843,52.4137326208253
10976,80,80.4573880392843,52.4137326208253
10977,80,80.4573880392843,52.4137326208253
10978,80,80.4573880392843,52.4137326208253
10979,80,80.4573880392843,52.4137326208253
10980,80,80.4573880392843,52.4137326208253
10981,80,80.4573880392843,52.4137326208253
10982,80,80.4573880392843,52.4137326208253
10983,80,80.4573880392843,52.4137326208253
10984,80,80.4573880392843,52.4137326208253
10985,80,80.4573880392843,52.4137326208253
10986,80,80.4573880392843,52.4137326208253
10987,80,80.4573880392843,52.4137326208253
10988,80,80.4573880392843,52.4137326208253
10989,80,80.4573880392843,52.4137326208253
10990,80,80.4573880392843,52.4137326208253
10991,80,80.4573880392843,52.4137326208253
10992,80,80.4573880392843,52.4137326208253
10993,80,80.4573880392843,52.4137326208253
10994,80,80.4573880392843,52.4137326208253
10995,80,80.4573880392843,52.4137326208253
10996,80,80.4573880392843,52.4137326208253
10997,80,80.4573880392843,52.4137326208253
10998,80,80.4573880392843,52.4137326208253
10999,80,80.4573880392843,52.4137326208253
11000,80,80.4573880392843,52.4137326208253
11002,80,80.4573880392843,52.4137326208253
11003,80,80.4573880392843,52.4137326208253
11004,80,80.4573880392843,52.4137326208253
11005,80,80.4573880392843,52.4137326208253
11006,80,80.4573880392843,52.4137326208253
11007,80,80.4573880392843,52.4137326208253
11008,80,80.4573880392843,52.4137326208253
11009,80,80.4573880392843,52.4137326208253
11010,80,80.4573880392843,52.4137326208253
11011,80,80.4573880392843,52.4137326208253
11012,80,80.4573880392843,52.4137326208253
11013,80,80.4573880392843,52.4137326208253
11014,80,80.4573880392843,52.4137326208253
11015,80,80.4573880392843,52.4137326208253
11016,80,80.4573880392843,52.4137326208253
11017,80,80.4573880392843,52.4137326208253
11018,80,80.4573880392843,52.4137326208253
11019,80,80.4573880392843,52.4137326208253
11020,80,80.4573880392843,52.4137326208253
11021,80,80.4573880392843,52.4137326208253
11022,80,80.4573880392843,52.4137326208253
11023,80,80.4573880392843,52.4137326208253
11024,80,80.4573880392843,52.4137326208253
11025,80,80.4573880392843,52.4137326208253
11026,80,80.4573880392843,52.4137326208253
11027,80,80.4573880392843,52.4137326208253
11028,80,80.4573880392843,52.4137326208253
11029,80,80.4573880392843,52.4137326208253
11030,80,80.4573880392843,52.4137326208253
11032,80,80.4573880392843,52.4137326208253
11033,80,80.4573880392843,52.4137326208253
11034,80,80.4573880392843,52.4137326208253
11035,80,80.4573880392843,52.4137326208253
11036,80,80.4573880392843,52.4137326208253
11037,80,80.4573880392843,52.4137326208253
11038,80,80.4573880392843,52.4137326208253
11039,80,80.4573880392843,52.4137326208253
11040,80,80.4573880392843,52.4137326208253
11041,80,80.4573880392843,52.4137326208253
11042,80,80.4573880392843,52.4137326208253
11043,80,80.4573880392843,52.4137326208253
11044,80,80.4573880392843,52.4137326208253
11045,80,80.4573880392843,52.4137326208253
11046,80,80.4573880392843,52.4137326208253
11047,80,80.4573880392843,52.4137326208253
11048,80,80.4573880392843,52.4137326208253
11049,80,80.4573880392843,52.4137326208253
11050,80,80.4573880392843,52.4137326208253
11051,80,80.4573880392843,52.4137326208253
11052,80,80.4573880392843,52.4137326208253
11053,80,80.4573880392843,52.4137326208253
11054,80,80.4573880392843,52.4137326208253
11055,80,80.4573880392843,52.4137326208253
11056,80,80.4573880392843,52.4137326208253
11057,80,80.4573880392843,52.4137326208253
11058,80,80.4573880392843,52.4137326208253
11059,80,80.4573880392843,52.4137326208253
11060,80,80.4573880392843,52.4137326208253
11061,80,80.4573880392843,52.4137326208253
11063,80,80.4573880392843,52.4137326208253
11064,80,80.4573880392843,52.4137326208253
11065,80,80.4573880392843,52.4137326208253
11066,80,80.4573880392843,52.4137326208253
11067,80,80.4573880392843,52.4137326208253
11068,80,80.4573880392843,52.4137326208253
11069,80,80.4573880392843,52.4137326208253
11070,80,80.4573880392843,52.4137326208253
11071,80,80.4573880392843,52.4137326208253
11072,80,80.4573880392843,52.4137326208253
11073,80,80.4573880392843,52.4137326208253
11074,80,80.4573880392843,52.4137326208253
11075,80,80.4573880392843,52.4137326208253
11076,80,80.4573880392843,52.4137326208253
11077,80,80.4573880392843,52.4137326208253
11078,80,80.4573880392843,52.4137326208253
11079,80,80.4573880392843,52.4137326208253
11080,80,80.4573880392843,52.4137326208253
11081,80,80.4573880392843,52.4137326208253
11082,80,80.4573880392843,52.4137326208253
11083,80,80.4573880392843,52.4137326208253
11084,80,80.4573880392843,52.4137326208253
11085,80,80.4573880392843,52.4137326208253
11086,80,80.4573880392843,52.4137326208253
11087,80,80.4573880392843,52.4137326208253
11088,80,80.4573880392843,52.4137326208253
11089,80,80.4573880392843,52.4137326208253
11090,80,80.4573880392843,52.4137326208253
11091,80,80.4573880392843,52.4137326208253
11092,80,80.4573880392843,52.4137326208253
11093,80,80.4573880392843,52.4137326208253
11094,80,80.4573880392843,52.4137326208253
11095,80,80.4573880392843,52.4137326208253
11096,80,80.4573880392843,52.4137326208253
11097,80,80.4573880392843,52.4137326208253
11098,80,80.4573880392843,52.4137326208253
11099,80,80.4573880392843,52.4137326208253
11100,80,80.4573880392843,52.4137326208253
11101,80,80.4573880392843,52.4137326208253
11102,80,80.4573880392843,52.4137326208253
11103,80,80.4573880392843,52.4137326208253
11104,80,80.4573880392843,52.4137326208253
11105,80,80.4573880392843,52.4137326208253
11106,80,80.4573880392843,52.4137326208253
11107,80,80.4573880392843,52.4137326208253
11108,80,80.4573880392843,52.4137326208253
11109,80,80.4573880392843,52.4137326208253
11110,80,80.4573880392843,52.4137326208253
11111,80,80.4573880392843,52.4137326208253
11112,80,80.4573880392843,52.4137326208253
11113,80,80.4573880392843,52.4137326208253
11114,80,80.4573880392843,52.4137326208253
11115,80,80.4573880392843,52.4137326208253
11116,80,80.4573880392843,52.4137326208253
11117,80,80.4573880392843,52.4137326208253
11118,80,80.4573880392843,52.4137326208253
11119,80,80.4573880392843,52.4137326208253
11120,80,80.4573880392843,52.4137326208253
11121,80,80.4573880392843,52.4137326208253
11123,80,80.4573880392843,52.4137326208253
11124,80,80.4573880392843,52.4137326208253
11125,80,80.4573880392843,52.4137326208253
11126,80,80.4573880392843,52.4137326208253
11127,80,80.4573880392843,52.4137326208253
11128,80,80.4573880392843,52.4137326208253
11129,80,80.4573880392843,52.4137326208253
11130,80,80.4573880392843,52.4137326208253
11131,80,80.4573880392843,52.4137326208253
11132,80,80.4573880392843,52.4137326208253
11133,80,80.4573880392843,52.4137326208253
11134,80,80.4573880392843,52.4137326208253
11135,80,80.4573880392843,52.4137326208253
11136,80,80.4573880392843,52.4137326208253
11137,80,80.4573880392843,52.4137326208253
11138,80,80.4573880392843,52.4137326208253
11139,80,80.4573880392843,52.4137326208253
11140,80,80.4573880392843,52.4137326208253
11141,80,80.4573880392843,52.4137326208253
11142,80,79.9609342217838,53.2311364777661
11143,80,79.9609342217838,53.2311364777661
11144,80,79.9609342217838,53.2311364777661
11145,80,79.9609342217838,53.2311364777661
11146,80,79.9609342217838,53.2311364777661
11147,80,79.9609342217838,53.2311364777661
11148,80,79.9609342217838,53.2311364777661
11149,80,79.9609342217838,53.2311364777661
11150,80,79.9609342217838,53.2311364777661
11151,80,79.9609342217838,53.2311364777661
11153,80,79.9609342217838,53.2311364777661
11154,80,79.9609342217838,53.2311364777661
11155,80,79.9609342217838,53.2311364777661
11156,80,79.9609342217838,53.2311364777661
11157,80,79.9609342217838,53.2311364777661
11158,80,79.9609342217838,53.2311364777661
11159,80,79.9609342217838,53.2311364777661
11160,80,79.9609342217838,53.2311364777661
11161,80,79.9609342217838,53.2311364777661
11162,80,79.9609342217838,53.2311364777661
11163,80,79.9609342217838,53.2311364777661
11164,80,79.9609342217838,53.2311364777661
11165,80,79.9609342217838,53.2311364777661
11166,80,79.9609342217838,53.2311364777661
11167,80,79.9609342217838,53.2311364777661
11168,80,79.9609342217838,53.2311364777661
11169,80,79.9609342217838,53.2311364777661
11170,80,79.9609342217838,53.2311364777661
11171,80,79.9609342217838,53.2311364777661
11172,80,79.9609342217838,53.2311364777661
11173,80,79.9609342217838,53.2311364777661
11174,80,79.9609342217838,53.2311364777661
11175,80,79.9609342217838,53.2311364777661
11176,80,79.9609342217838,53.2311364777661
11177,80,79.9609342217838,53.2311364777661
11178,80,79.9609342217838,53.2311364777661
11179,80,79.9609342217838,53.2311364777661
11180,80,79.9609342217838,53.2311364777661
11181,80,79.9609342217838,53.2311364777661
11182,80,79.9609342217838,53.2311364777661
11183,80,79.9609342217838,53.2311364777661
11184,80,79.9609342217838,53.2311364777661
11185,80,79.9609342217838,53.2311364777661
11186,80,79.9609342217838,53.2311364777661
11187,80,79.9609342217838,53.2311364777661
11188,80,79.9609342217838,53.2311364777661
11189,80,79.9609342217838,53.2311364777661
11190,80,79.9609342217838,53.2311364777661
11191,80,79.9609342217838,53.2311364777661
11192,80,79.9609342217838,53.2311364777661
11193,80,79.9609342217838,53.2311364777661
11194,80,79.9609342217838,53.2311364777661
11195,80,79.9609342217838,53.2311364777661
11196,80,79.9609342217838,53.2311364777661
11197,80,79.9609342217838,53.2311364777661
11198,80,79.9609342217838,53.2311364777661
11199,80,79.9609342217838,53.2311364777661
11200,80,79.9609342217838,53.2311364777661
11201,80,79.9609342217838,53.2311364777661
11202,80,79.9609342217838,53.2311364777661
11203,80,79.9609342217838,53.2311364777661
11204,80,79.9609342217838,53.2311364777661
11205,80,79.9609342217838,53.2311364777661
11206,80,79.9609342217838,53.2311364777661
11207,80,79.9609342217838,53.2311364777661
11208,80,79.9609342217838,53.2311364777661
11209,80,79.9609342217838,53.2311364777661
11210,80,79.9609342217838,53.2311364777661
11211,80,79.9609342217838,53.2311364777661
11213,80,79.9609342217838,53.2311364777661
11214,80,79.9609342217838,53.2311364777661
11215,80,79.9609342217838,53.2311364777661
11216,80,79.9609342217838,53.2311364777661
11217,80,79.9609342217838,53.2311364777661
11218,80,79.9609342217838,53.2311364777661
11219,80,79.9609342217838,53.2311364777661
11220,80,79.9609342217838,53.2311364777661
11221,80,79.9609342217838,53.2311364777661
11222,80,79.9609342217838,53.2311364777661
11223,80,79.9609342217838,53.2311364777661
11224,80,79.9609342217838,53.2311364777661
11225,80,79.9609342217838,53.2311364777661
11226,80,79.9609342217838,53.2311364777661
11227,80,79.9609342217838,53.2311364777661
11228,80,79.9609342217838,53.2311364777661
11229,80,79.9609342217838,53.2311364777661
11230,80,79.9609342217838,53.2311364777661
11231,80,79.9609342217838,53.2311364777661
11232,80,79.9609342217838,53.2311364777661
11233,80,79.9609342217838,53.2311364777661
11234,80,79.9609342217838,53.2311364777661
11235,80,79.9609342217838,53.2311364777661
11236,80,79.9609342217838,53.2311364777661
11237,80,79.9609342217838,53.2311364777661
11238,80,79.9609342217838,53.2311364777661
11239,80,79.9609342217838,53.2311364777661
11240,80,79.9609342217838,53.2311364777661
11241,80,79.9609342217838,53.2311364777661
11243,80,79.9609342217838,53.2311364777661
11244,80,79.9609342217838,53.2311364777661
11245,80,79.9609342217838,53.2311364777661
11246,80,79.9609342217838,53.2311364777661
11247,80,79.9609342217838,53.2311364777661
11248,80,79.9609342217838,53.2311364777661
11249,80,79.9609342217838,53.2311364777661
11250,80,79.9609342217838,53.2311364777661
11251,80,79.9609342217838,53.2311364777661
11252,80,79.9609342217838,53.2311364777661
11253,80,79.9609342217838,53.2311364777661
11254,80,79.9609342217838,53.2311364777661
11255,80,79.9609342217838,53.2311364777661
11256,80,79.9609342217838,53.2311364777661
11257,80,79.9609342217838,53.2311364777661
11258,80,79.9609342217838,53.2311364777661
11259,80,79.9609342217838,53.2311364777661
11260,80,79.9609342217838,53.2311364777661
11261,80,79.9609342217838,53.2311364777661
11262,80,79.9609342217838,53.2311364777661
11263,80,79.9609342217838,53.2311364777661
11264,80,79.9609342217838,53.2311364777661
11265,80,79.9609342217838,53.2311364777661
11266,80,79.9609342217838,53.2311364777661
11267,80,79.9609342217838,53.2311364777661
11268,80,79.9609342217838,53.2311364777661
11269,80,79.9609342217838,53.2311364777661
11270,80,79.9609342217838,53.2311364777661
11271,80,79.9609342217838,53.2311364777661
11272,80,79.9609342217838,53.2311364777661
11273,80,79.9609342217838,53.2311364777661
11274,80,79.9609342217838,53.2311364777661
11275,80,79.9609342217838,53.2311364777661
11276,80,79.9609342217838,53.2311364777661
11277,80,79.9609342217838,53.2311364777661
11278,80,79.9609342217838,53.2311364777661
11279,80,79.9609342217838,53.2311364777661
11280,80,79.9609342217838,53.2311364777661
11281,80,79.9609342217838,53.2311364777661
11282,80,79.9609342217838,53.2311364777661
11283,80,79.9609342217838,53.2311364777661
11284,80,79.9609342217838,53.2311364777661
11285,80,79.9609342217838,53.2311364777661
11286,80,79.9609342217838,53.2311364777661
11287,80,79.9609342217838,53.2311364777661
11288,80,79.9609342217838,53.2311364777661
11289,80,79.9609342217838,53.2311364777661
11290,80,79.9609342217838,53.2311364777661
11291,80,79.9609342217838,53.2311364777661
11292,80,79.9609342217838,53.2311364777661
11293,80,79.9609342217838,53.2311364777661
11294,80,79.9609342217838,53.2311364777661
11295,80,79.9609342217838,53.2311364777661
11296,80,79.9609342217838,53.2311364777661
11297,80,79.9609342217838,53.2311364777661
11298,80,79.9609342217838,53.2311364777661
11299,80,79.9609342217838,53.2311364777661
11300,80,79.9609342217838,53.2311364777661
11301,80,79.9609342217838,53.2311364777661
11303,80,79.9609342217838,53.2311364777661
11304,80,79.9609342217838,53.2311364777661
11305,80,79.9609342217838,53.2311364777661
11306,80,79.9609342217838,53.2311364777661
11307,80,79.9609342217838,53.2311364777661
11308,80,79.9609342217838,53.2311364777661
11309,80,79.9609342217838,53.2311364777661
11310,80,79.9609342217838,53.2311364777661
11311,80,79.9609342217838,53.2311364777661
11312,80,79.9609342217838,53.2311364777661
11313,80,79.9609342217838,53.2311364777661
11314,80,79.9609342217838,53.2311364777661
11315,80,79.9609342217838,53.2311364777661
11316,80,79.9609342217838,53.2311364777661
11317,80,79.9609342217838,53.2311364777661
11318,80,79.9609342217838,53.2311364777661
11319,80,79.9609342217838,53.2311364777661
11320,80,79.9609342217838,53.2311364777661
11321,80,79.9609342217838,53.2311364777661
11322,80,79.9609342217838,53.2311364777661
11323,80,79.9609342217838,53.2311364777661
11324,80,79.9609342217838,53.2311364777661
11325,80,79.9609342217838,53.2311364777661
11326,80,79.9609342217838,53.2311364777661
11327,80,79.9609342217838,53.2311364777661
11328,80,79.9609342217838,53.2311364777661
11329,80,79.9609342217838,53.2311364777661
11330,80,79.9609342217838,53.2311364777661
11331,80,79.9609342217838,53.2311364777661
11332,80,79.9609342217838,53.2311364777661
11334,80,79.9609342217838,53.2311364777661
11335,80,79.9609342217838,53.2311364777661
11336,80,79.9609342217838,53.2311364777661
11337,80,79.9609342217838,53.2311364777661
11338,80,79.9609342217838,53.2311364777661
11339,80,79.9609342217838,53.2311364777661
11340,80,79.9609342217838,53.2311364777661
11341,80,79.9609342217838,53.2311364777661
11342,80,79.9609342217838,53.2311364777661
11343,80,79.9609342217838,53.2311364777661
11344,80,79.9609342217838,53.2311364777661
11345,80,79.9609342217838,53.2311364777661
11346,80,79.9609342217838,53.2311364777661
11347,80,79.9609342217838,53.2311364777661
11348,80,79.9609342217838,53.2311364777661
11349,80,79.9609342217838,53.2311364777661
11350,80,79.9609342217838,53.2311364777661
11351,80,79.9609342217838,53.2311364777661
11352,80,79.9609342217838,53.2311364777661
11353,80,79.9609342217838,53.2311364777661
11354,80,79.9609342217838,53.2311364777661
11355,80,79.9609342217838,53.2311364777661
11356,80,79.9609342217838,53.2311364777661
11357,80,79.9609342217838,53.2311364777661
11358,80,79.9609342217838,53.2311364777661
11359,80,79.9609342217838,53.2311364777661
11360,80,79.9609342217838,53.2311364777661
11361,80,79.9609342217838,53.2311364777661
11362,80,79.9609342217838,53.2311364777661
11364,80,79.9609342217838,53.2311364777661
11365,80,79.9609342217838,53.2311364777661
11366,80,79.9609342217838,53.2311364777661
11367,80,79.9609342217838,53.2311364777661
11368,80,79.9609342217838,53.2311364777661
11369,80,79.9609342217838,53.2311364777661
11370,80,79.9609342217838,53.2311364777661
11371,80,79.9609342217838,53.2311364777661
11372,80,79.9609342217838,53.2311364777661
11373,80,79.9609342217838,53.2311364777661
11374,80,79.9609342217838,53.2311364777661
11375,80,79.9609342217838,53.2311364777661
11376,80,79.9609342217838,53.2311364777661
11377,80,79.9609342217838,53.2311364777661
11378,80,79.9609342217838,53.2311364777661
11379,80,79.9609342217838,53.2311364777661
11380,80,79.9609342217838,53.2311364777661
11381,80,79.9609342217838,53.2311364777661
11382,80,79.9609342217838,53.2311364777661
11383,80,79.9609342217838,53.2311364777661
11384,80,79.9609342217838,53.2311364777661
11385,80,79.9609342217838,53.2311364777661
11386,80,79.9609342217838,53.2311364777661
11387,80,79.9609342217838,53.2311364777661
11388,80,79.9609342217838,53.2311364777661
11389,80,79.9609342217838,53.2311364777661
11390,80,79.9609342217838,53.2311364777661
11391,80,79.9609342217838,53.2311364777661
11392,80,79.9609342217838,53.2311364777661
11393,80,79.9609342217838,53.2311364777661
11394,80,79.9609342217838,53.2311364777661
11395,80,79.9609342217838,53.2311364777661
11396,80,79.9609342217838,53.2311364777661
11397,80,79.9609342217838,53.2311364777661
11398,80,79.9609342217838,53.2311364777661
11399,80,79.9609342217838,53.2311364777661
11400,80,79.9609342217838,53.2311364777661
11401,80,79.9609342217838,53.2311364777661
11402,80,79.9609342217838,53.2311364777661
11403,80,79.9609342217838,53.2311364777661
11404,80,79.9609342217838,53.2311364777661
11405,80,79.9609342217838,53.2311364777661
11406,80,79.9609342217838,53.2311364777661
11407,80,79.9609342217838,53.2311364777661
11408,80,79.9609342217838,53.2311364777661
11409,80,79.9609342217838,53.2311364777661
11410,80,79.9609342217838,53.2311364777661
11411,80,79.9609342217838,53.2311364777661
11412,80,79.9609342217838,53.2311364777661
11413,80,79.9609342217838,53.2311364777661
11414,80,79.9609342217838,53.2311364777661
11415,80,79.9609342217838,53.2311364777661
11416,80,79.9609342217838,53.2311364777661
11417,80,79.9609342217838,53.2311364777661
11418,80,79.9609342217838,53.2311364777661
11419,80,79.9609342217838,53.2311364777661
11420,80,79.9609342217838,53.2311364777661
11421,80,79.9609342217838,53.2311364777661
11422,80,74.272761106953,65.4586125197186
11423,80,74.272761106953,65.4586125197186
11424,80,74.272761106953,65.4586125197186
11425,80,74.272761106953,65.4586125197186
11426,80,74.272761106953,65.4586125197186
11427,80,74.272761106953,65.4586125197186
11428,80,74.272761106953,65.4586125197186
11429,80,74.272761106953,65.4586125197186
11430,80,74.272761106953,65.4586125197186
11431,80,74.272761106953,65.4586125197186
11432,80,74.272761106953,65.4586125197186
11433,80,74.272761106953,65.4586125197186
11434,80,74.272761106953,65.4586125197186
11435,80,74.272761106953,65.4586125197186
11436,80,74.272761106953,65.4586125197186
11437,80,74.272761106953,65.4586125197186
11438,80,74.272761106953,65.4586125197186
11439,80,74.272761106953,65.4586125197186
11440,80,74.272761106953,65.4586125197186
11441,80,74.272761106953,65.4586125197186
11442,80,74.272761106953,65.4586125197186
11443,80,74.272761106953,65.4586125197186
11444,80,74.272761106953,65.4586125197186
11445,80,74.272761106953,65.4586125197186
11446,80,74.272761106953,65.4586125197186
11447,80,74.272761106953,65.4586125197186
11448,80,74.272761106953,65.4586125197186
11449,80,74.272761106953,65.4586125197186
11450,80,74.272761106953,65.4586125197186
11451,80,74.272761106953,65.4586125197186
11452,80,74.272761106953,65.4586125197186
11453,80,74.272761106953,65.4586125197186
11454,80,74.272761106953,65.4586125197186
11455,80,74.272761106953,65.4586125197186
11456,80,74.272761106953,65.4586125197186
11457,80,74.272761106953,65.4586125197186
11458,80,74.272761106953,65.4586125197186
11459,80,74.272761106953,65.4586125197186
11460,80,74.272761106953,65.4586125197186
11461,80,74.272761106953,65.4586125197186
11462,80,74.272761106953,65.4586125197186
11463,80,74.272761106953,65.4586125197186
11464,80,74.272761106953,65.4586125197186
11465,80,74.272761106953,65.4586125197186
11466,80,74.272761106953,65.4586125197186
11467,80,74.272761106953,65.4586125197186
11468,80,74.272761106953,65.4586125197186
11469,80,74.272761106953,65.4586125197186
11470,80,74.272761106953,65.4586125197186
11471,80,74.272761106953,65.4586125197186
11472,80,74.272761106953,65.4586125197186
11473,80,74.272761106953,65.4586125197186
11474,80,74.272761106953,65.4586125197186
11475,80,74.272761106953,65.4586125197186
11476,80,74.272761106953,65.4586125197186
11477,80,74.272761106953,65.4586125197186
11478,80,74.272761106953,65.4586125197186
11479,80,74.272761106953,65.4586125197186
11480,80,74.272761106953,65.4586125197186
11481,80,74.272761106953,65.4586125197186
11482,80,74.272761106953,65.4586125197186
11483,80,74.272761106953,65.4586125197186
11485,80,74.272761106953,65.4586125197186
11486,80,74.272761106953,65.4586125197186
11487,80,74.272761106953,65.4586125197186
11488,80,74.272761106953,65.4586125197186
11489,80,74.272761106953,65.4586125197186
11490,80,74.272761106953,65.4586125197186
11491,80,74.272761106953,65.4586125197186
11492,80,74.272761106953,65.4586125197186
11493,80,74.272761106953,65.4586125197186
11494,80,74.272761106953,65.4586125197186
11495,80,74.272761106953,65.4586125197186
11496,80,74.272761106953,65.4586125197186
11497,80,74.272761106953,65.4586125197186
11498,80,74.272761106953,65.4586125197186
11499,80,74.272761106953,65.4586125197186
11500,80,74.272761106953,65.4586125197186
11501,80,74.272761106953,65.4586125197186
11502,80,74.272761106953,65.4586125197186
11503,80,74.272761106953,65.4586125197186
11504,80,74.272761106953,65.4586125197186
11505,80,74.272761106953,65.4586125197186
11506,80,74.272761106953,65.4586125197186
11507,80,74.272761106953,65.4586125197186
11508,80,74.272761106953,65.4586125197186
11509,80,74.272761106953,65.4586125197186
11510,80,74.272761106953,65.4586125197186
11511,80,74.272761106953,65.4586125197186
11512,80,74.272761106953,65.4586125197186
11513,80,74.272761106953,65.4586125197186
11514,80,74.272761106953,65.4586125197186
11515,80,74.272761106953,65.4586125197186
11516,80,74.272761106953,65.4586125197186
11517,80,74.272761106953,65.4586125197186
11518,80,74.272761106953,65.4586125197186
11519,80,74.272761106953,65.4586125197186
11520,80,74.272761106953,65.4586125197186
11521,80,74.272761106953,65.4586125197186
11522,80,74.272761106953,65.4586125197186
11523,80,74.272761106953,65.4586125197186
11524,80,74.272761106953,65.4586125197186
11525,80,74.272761106953,65.4586125197186
11526,80,74.272761106953,65.4586125197186
11527,80,74.272761106953,65.4586125197186
11528,80,74.272761106953,65.4586125197186
11529,80,74.272761106953,65.4586125197186
11530,80,74.272761106953,65.4586125197186
11531,80,74.272761106953,65.4586125197186
11532,80,74.272761106953,65.4586125197186
11533,80,74.272761106953,65.4586125197186
11534,80,74.272761106953,65.4586125197186
11535,80,74.272761106953,65.4586125197186
11536,80,74.272761106953,65.4586125197186
11537,80,74.272761106953,65.4586125197186
11538,80,74.272761106953,65.4586125197186
11539,80,74.272761106953,65.4586125197186
11540,80,74.272761106953,65.4586125197186
11541,80,74.272761106953,65.4586125197186
11542,80,74.272761106953,65.4586125197186
11543,80,74.272761106953,65.4586125197186
11545,80,74.272761106953,65.4586125197186
11546,80,74.272761106953,65.4586125197186
11547,80,74.272761106953,65.4586125197186
11548,80,74.272761106953,65.4586125197186
11549,80,74.272761106953,65.4586125197186
11550,80,74.272761106953,65.4586125197186
11551,80,74.272761106953,65.4586125197186
11552,80,74.272761106953,65.4586125197186
11553,80,74.272761106953,65.4586125197186
11554,80,74.272761106953,65.4586125197186
11555,80,74.272761106953,65.4586125197186
11556,80,74.272761106953,65.4586125197186
11557,80,74.272761106953,65.4586125197186
11558,80,74.272761106953,65.4586125197186
11559,80,74.272761106953,65.4586125197186
11560,80,74.272761106953,65.4586125197186
11561,80,74.272761106953,65.4586125197186
11562,80,74.272761106953,65.4586125197186
11563,80,74.272761106953,65.4586125197186
11564,80,74.272761106953,65.4586125197186
11565,80,74.272761106953,65.4586125197186
11566,80,74.272761106953,65.4586125197186
11567,80,74.272761106953,65.4586125197186
11568,80,74.272761106953,65.4586125197186
11569,80,74.272761106953,65.4586125197186
11570,80,74.272761106953,65.4586125197186
11571,80,74.272761106953,65.4586125197186
11572,80,74.272761106953,65.4586125197186
11573,80,74.272761106953,65.4586125197186
11575,80,74.272761106953,65.4586125197186
11576,80,74.272761106953,65.4586125197186
11577,80,74.272761106953,65.4586125197186
11578,80,74.272761106953,65.4586125197186
11579,80,74.272761106953,65.4586125197186
11580,80,74.272761106953,65.4586125197186
11581,80,74.272761106953,65.4586125197186
11582,80,74.272761106953,65.4586125197186
11583,80,74.272761106953,65.4586125197186
11584,80,74.272761106953,65.4586125197186
11585,80,74.272761106953,65.4586125197186
11586,80,74.272761106953,65.4586125197186
11587,80,74.272761106953,65.4586125197186
11588,80,74.272761106953,65.4586125197186
11589,80,74.272761106953,65.4586125197186
11590,80,74.272761106953,65.4586125197186
11591,80,74.272761106953,65.4586125197186
11592,80,74.272761106953,65.4586125197186
11593,80,74.272761106953,65.4586125197186
11594,80,74.272761106953,65.4586125197186
11595,80,74.272761106953,65.4586125197186
11596,80,74.272761106953,65.4586125197186
11597,80,74.272761106953,65.4586125197186
11598,80,74.272761106953,65.4586125197186
11599,80,74.272761106953,65.4586125197186
11600,80,74.272761106953,65.4586125197186
11601,80,74.272761106953,65.4586125197186
11602,80,74.272761106953,65.4586125197186
11603,80,74.272761106953,65.4586125197186
11605,80,74.272761106953,65.4586125197186
11606,80,74.272761106953,65.4586125197186
11607,80,74.272761106953,65.4586125197186
11608,80,74.272761106953,65.4586125197186
11609,80,74.272761106953,65.4586125197186
11610,80,74.272761106953,65.4586125197186
11611,80,74.272761106953,65.4586125197186
11612,80,74.272761106953,65.4586125197186
11613,80,74.272761106953,65.4586125197186
11614,80,74.272761106953,65.4586125197186
11615,80,74.272761106953,65.4586125197186
11616,80,74.272761106953,65.4586125197186
11617,80,74.272761106953,65.4586125197186
11618,80,74.272761106953,65.4586125197186
11619,80,74.272761106953,65.4586125197186
11620,80,74.272761106953,65.4586125197186
11621,80,74.272761106953,65.4586125197186
11622,80,74.272761106953,65.4586125197186
11623,80,74.272761106953,65.4586125197186
11624,80,74.272761106953,65.4586125197186
11625,80,74.272761106953,65.4586125197186
11626,80,74.272761106953,65.4586125197186
11627,80,74.272761106953,65.4586125197186
11628,80,74.272761106953,65.4586125197186
11629,80,74.272761106953,65.4586125197186
11630,80,74.272761106953,65.4586125197186
11631,80,74.272761106953,65.4586125197186
11632,80,74.272761106953,65.4586125197186
11633,80,74.272761106953,65.4586125197186
11635,80,74.272761106953,65.4586125197186
11636,80,74.272761106953,65.4586125197186
11637,80,74.272761106953,65.4586125197186
11638,80,74.272761106953,65.4586125197186
11639,80,74.272761106953,65.4586125197186
11640,80,74.272761106953,65.4586125197186
11641,80,74.272761106953,65.4586125197186
11642,80,74.272761106953,65.4586125197186
11643,80,74.272761106953,65.4586125197186
11644,80,74.272761106953,65.4586125197186
11645,80,74.272761106953,65.4586125197186
11646,80,74.272761106953,65.4586125197186
11647,80,74.272761106953,65.4586125197186
11648,80,74.272761106953,65.4586125197186
11649,80,74.272761106953,65.4586125197186
11650,80,74.272761106953,65.4586125197186
11651,80,74.272761106953,65.4586125197186
11652,80,74.272761106953,65.4586125197186
11653,80,74.272761106953,65.4586125197186
11654,80,74.272761106953,65.4586125197186
11655,80,74.272761106953,65.4586125197186
11656,80,74.272761106953,65.4586125197186
11657,80,74.272761106953,65.4586125197186
11658,80,74.272761106953,65.4586125197186
11659,80,74.272761106953,65.4586125197186
11660,80,74.272761106953,65.4586125197186
11661,80,74.272761106953,65.4586125197186
11662,80,74.272761106953,65.4586125197186
11663,80,74.272761106953,65.4586125197186
11664,80,74.272761106953,65.4586125197186
11666,80,74.272761106953,65.4586125197186
11667,80,74.272761106953,65.4586125197186
11668,80,74.272761106953,65.4586125197186
11669,80,74.272761106953,65.4586125197186
11670,80,74.272761106953,65.4586125197186
11671,80,74.272761106953,65.4586125197186
11672,80,74.272761106953,65.4586125197186
11673,80,74.272761106953,65.4586125197186
11674,80,74.272761106953,65.4586125197186
11675,80,74.272761106953,65.4586125197186
11676,80,74.272761106953,65.4586125197186
11677,80,74.272761106953,65.4586125197186
11678,80,74.272761106953,65.4586125197186
11679,80,74.272761106953,65.4586125197186
11680,80,74.272761106953,65.4586125197186
11681,80,74.272761106953,65.4586125197186
11682,80,74.272761106953,65.4586125197186
11683,80,74.272761106953,65.4586125197186
11684,80,74.272761106953,65.4586125197186
11685,80,74.272761106953,65.4586125197186
11686,80,74.272761106953,65.4586125197186
11687,80,74.272761106953,65.4586125197186
11688,80,74.272761106953,65.4586125197186
11689,80,74.272761106953,65.4586125197186
11690,80,74.272761106953,65.4586125197186
11691,80,74.272761106953,65.4586125197186
11692,80,74.272761106953,65.4586125197186
11693,80,74.272761106953,65.4586125197186
11694,80,74.272761106953,65.4586125197186
11695,80,74.272761106953,65.4586125197186
11696,80,74.272761106953,65.4586125197186
11697,80,74.272761106953,65.4586125197186
11698,80,74.272761106953,65.4586125197186
11699,80,74.272761106953,65.4586125197186
11700,80,74.272761106953,65.4586125197186
11701,80,74.272761106953,65.4586125197186
11702,80,74.272761106953,65.4586125197186
11703,80,74.272761106953,65.4586125197186
11704,80,74.272761106953,65.4586125197186
11705,80,74.272761106953,65.4586125197186
11706,80,74.272761106953,65.4586125197186
11707,80,74.272761106953,65.4586125197186
11708,80,74.272761106953,65.4586125197186
11709,80,74.272761106953,65.4586125197186
11710,80,74.272761106953,65.4586125197186
11711,80,74.272761106953,65.4586125197186
11712,80,74.272761106953,65.4586125197186
11713,80,74.272761106953,65.4586125197186
11714,80,74.272761106953,65.4586125197186
11715,80,74.272761106953,65.4586125197186
11716,80,74.272761106953,65.4586125197186
11717,80,74.272761106953,65.4586125197186
11718,80,80.2464470176746,69.0572734720435
11719,80,80.2464470176746,69.0572734720435
11720,80,80.2464470176746,69.0572734720435
11721,80,80.2464470176746,69.0572734720435
11722,80,80.2464470176746,69.0572734720435
11723,80,80.2464470176746,69.0572734720435
11724,80,80.2464470176746,69.0572734720435
11725,80,80.2464470176746,69.0572734720435
11727,80,80.2464470176746,69.0572734720435
11728,80,80.2464470176746,69.0572734720435
11729,80,80.2464470176746,69.0572734720435
11730,80,80.2464470176746,69.0572734720435
11731,80,80.2464470176746,69.0572734720435
11732,80,80.2464470176746,69.0572734720435
11733,80,80.2464470176746,69.0572734720435
11734,80,80.2464470176746,69.0572734720435
11735,80,80.2464470176746,69.0572734720435
11736,80,80.2464470176746,69.0572734720435
11737,80,80.2464470176746,69.0572734720435
11738,80,80.2464470176746,69.0572734720435
11739,80,80.2464470176746,69.0572734720435
11740,80,80.2464470176746,69.0572734720435
11741,80,80.2464470176746,69.0572734720435
11742,80,80.2464470176746,69.0572734720435
11743,80,80.2464470176746,69.0572734720435
11744,80,80.2464470176746,69.0572734720435
11745,80,80.2464470176746,69.0572734720435
11746,80,80.2464470176746,69.0572734720435
11747,80,80.2464470176746,69.0572734720435
11748,80,80.2464470176746,69.0572734720435
11749,80,80.2464470176746,69.0572734720435
11750,80,80.2464470176746,69.0572734720435
11751,80,80.2464470176746,69.0572734720435
11752,80,80.2464470176746,69.0572734720435
11753,80,80.2464470176746,69.0572734720435
11754,80,80.2464470176746,69.0572734720435
11755,80,80.2464470176746,69.0572734720435
11756,80,80.2464470176746,69.0572734720435
11757,80,80.2464470176746,69.0572734720435
11758,80,80.2464470176746,69.0572734720435
11759,80,80.2464470176746,69.0572734720435
11760,80,80.2464470176746,69.0572734720435
11761,80,80.2464470176746,69.0572734720435
11762,80,80.2464470176746,69.0572734720435
11763,80,80.2464470176746,69.0572734720435
11764,80,80.2464470176746,69.0572734720435
11765,80,80.2464470176746,69.0572734720435
11766,80,80.2464470176746,69.0572734720435
11767,80,80.2464470176746,69.0572734720435
11768,80,80.2464470176746,69.0572734720435
11769,80,80.2464470176746,69.0572734720435
11770,80,80.2464470176746,69.0572734720435
11771,80,80.2464470176746,69.0572734720435
11772,80,80.2464470176746,69.0572734720435
11773,80,80.2464470176746,69.0572734720435
11774,80,80.2464470176746,69.0572734720435
11775,80,80.2464470176746,69.0572734720435
11776,80,80.2464470176746,69.0572734720435
11777,80,80.2464470176746,69.0572734720435
11778,80,80.2464470176746,69.0572734720435
11779,80,80.2464470176746,69.0572734720435
11780,80,80.2464470176746,69.0572734720435
11781,80,80.2464470176746,69.0572734720435
11782,80,80.2464470176746,69.0572734720435
11783,80,80.2464470176746,69.0572734720435
11784,80,80.2464470176746,69.0572734720435
11786,80,80.2464470176746,69.0572734720435
11787,80,80.2464470176746,69.0572734720435
11788,80,80.2464470176746,69.0572734720435
11789,80,80.2464470176746,69.0572734720435
11790,80,80.2464470176746,69.0572734720435
11791,80,80.2464470176746,69.0572734720435
11792,80,80.2464470176746,69.0572734720435
11793,80,80.2464470176746,69.0572734720435
11794,80,80.2464470176746,69.0572734720435
11795,80,80.2464470176746,69.0572734720435
11796,80,80.2464470176746,69.0572734720435
11797,80,80.2464470176746,69.0572734720435
11798,80,80.2464470176746,69.0572734720435
11799,80,80.2464470176746,69.0572734720435
11800,80,80.2464470176746,69.0572734720435
11801,80,80.2464470176746,69.0572734720435
11802,80,80.2464470176746,69.0572734720435
11803,80,80.2464470176746,69.0572734720435
11804,80,80.2464470176746,69.0572734720435
11805,80,80.2464470176746,69.0572734720435
11806,80,80.2464470176746,69.0572734720435
11807,80,80.2464470176746,69.0572734720435
11808,80,80.2464470176746,69.0572734720435
11809,80,80.2464470176746,69.0572734720435
11810,80,80.2464470176746,69.0572734720435
11811,80,80.2464470176746,69.0572734720435
11812,80,80.2464470176746,69.0572734720435
11813,80,80.2464470176746,69.0572734720435
11814,80,80.2464470176746,69.0572734720435
11816,80,80.2464470176746,69.0572734720435
11817,80,80.2464470176746,69.0572734720435
11818,80,80.2464470176746,69.0572734720435
11819,80,80.2464470176746,69.0572734720435
11820,80,80.2464470176746,69.0572734720435
11821,80,80.2464470176746,69.0572734720435
11822,80,80.2464470176746,69.0572734720435
11823,80,80.2464470176746,69.0572734720435
11824,80,80.2464470176746,69.0572734720435
11825,80,80.2464470176746,69.0572734720435
11826,80,80.2464470176746,69.0572734720435
11827,80,80.2464470176746,69.0572734720435
11828,80,80.2464470176746,69.0572734720435
11829,80,80.2464470176746,69.0572734720435
11830,80,80.2464470176746,69.0572734720435
11831,80,80.2464470176746,69.0572734720435
11832,80,80.2464470176746,69.0572734720435
11833,80,80.2464470176746,69.0572734720435
11834,80,80.2464470176746,69.0572734720435
11835,80,80.2464470176746,69.0572734720435
11836,80,80.2464470176746,69.0572734720435
11837,80,80.2464470176746,69.0572734720435
11838,80,80.2464470176746,69.0572734720435
11839,80,80.2464470176746,69.0572734720435
11840,80,80.2464470176746,69.0572734720435
11841,80,80.2464470176746,69.0572734720435
11842,80,80.2464470176746,69.0572734720435
11843,80,80.2464470176746,69.0572734720435
11844,80,80.2464470176746,69.0572734720435
11845,80,80.2464470176746,69.0572734720435
11846,80,80.2464470176746,69.0572734720435
11847,80,80.2464470176746,69.0572734720435
11848,80,80.2464470176746,69.0572734720435
11849,80,80.2464470176746,69.0572734720435
11850,80,80.2464470176746,69.0572734720435
11851,80,80.2464470176746,69.0572734720435
11852,80,80.2464470176746,69.0572734720435
11853,80,80.2464470176746,69.0572734720435
11854,80,80.2464470176746,69.0572734720435
11855,80,80.2464470176746,69.0572734720435
11856,80,80.2464470176746,69.0572734720435
11857,80,80.2464470176746,69.0572734720435
11858,80,80.2464470176746,69.0572734720435
11859,80,80.2464470176746,69.0572734720435
11860,80,80.2464470176746,69.0572734720435
11861,80,80.2464470176746,69.0572734720435
11862,80,80.2464470176746,69.0572734720435
11863,80,80.2464470176746,69.0572734720435
11864,80,80.2464470176746,69.0572734720435
11865,80,80.2464470176746,69.0572734720435
11866,80,80.2464470176746,69.0572734720435
11867,80,80.2464470176746,69.0572734720435
11868,80,80.2464470176746,69.0572734720435
11869,80,80.2464470176746,69.0572734720435
11870,80,80.2464470176746,69.0572734720435
11871,80,80.2464470176746,69.0572734720435
11872,80,80.2464470176746,69.0572734720435
11873,80,80.2464470176746,69.0572734720435
11874,80,80.2464470176746,69.0572734720435
11875,80,80.2464470176746,69.0572734720435
11877,80,80.2464470176746,69.0572734720435
11878,80,80.2464470176746,69.0572734720435
11879,80,80.2464470176746,69.0572734720435
11880,80,80.2464470176746,69.0572734720435
11881,80,80.2464470176746,69.0572734720435
11882,80,80.2464470176746,69.0572734720435
11883,80,80.2464470176746,69.0572734720435
11884,80,80.2464470176746,69.0572734720435
11885,80,80.2464470176746,69.0572734720435
11886,80,80.2464470176746,69.0572734720435
11887,80,80.2464470176746,69.0572734720435
11888,80,80.2464470176746,69.0572734720435
11889,80,80.2464470176746,69.0572734720435
11890,80,80.2464470176746,69.0572734720435
11891,80,80.2464470176746,69.0572734720435
11892,80,80.2464470176746,69.0572734720435
11893,80,80.2464470176746,69.0572734720435
11894,80,80.2464470176746,69.0572734720435
11895,80,80.2464470176746,69.0572734720435
11896,80,80.2464470176746,69.0572734720435
11897,80,80.2464470176746,69.0572734720435
11898,80,80.2464470176746,69.0572734720435
11899,80,80.2464470176746,69.0572734720435
11900,80,80.2464470176746,69.0572734720435
11901,80,80.2464470176746,69.0572734720435
11902,80,80.2464470176746,69.0572734720435
11903,80,80.2464470176746,69.0572734720435
11904,80,80.2464470176746,69.0572734720435
11905,80,80.2464470176746,69.0572734720435
11906,80,80.2464470176746,69.0572734720435
11907,80,80.2464470176746,69.0572734720435
11908,80,80.2464470176746,69.0572734720435
11909,80,80.2464470176746,69.0572734720435
11910,80,80.2464470176746,69.0572734720435
11911,80,80.2464470176746,69.0572734720435
11912,80,80.2464470176746,69.0572734720435
11913,80,80.2464470176746,69.0572734720435
11914,80,80.2464470176746,69.0572734720435
11915,80,80.2464470176746,69.0572734720435
11916,80,80.2464470176746,69.0572734720435
11917,80,80.2464470176746,69.0572734720435
11918,80,80.2464470176746,69.0572734720435
11919,80,80.2464470176746,69.0572734720435
11920,80,80.2464470176746,69.0572734720435
11921,80,80.2464470176746,69.0572734720435
11922,80,80.2464470176746,69.0572734720435
11923,80,80.2464470176746,69.0572734720435
11924,80,80.2464470176746,69.0572734720435
11925,80,80.2464470176746,69.0572734720435
11926,80,80.2464470176746,69.0572734720435
11927,80,80.2464470176746,69.0572734720435
11928,80,80.2464470176746,69.0572734720435
11929,80,80.2464470176746,69.0572734720435
11930,80,80.2464470176746,69.0572734720435
11931,80,80.2464470176746,69.0572734720435
11932,80,80.2464470176746,69.0572734720435
11933,80,80.2464470176746,69.0572734720435
11934,80,80.2464470176746,69.0572734720435
11935,80,80.2464470176746,69.0572734720435
11937,80,80.2464470176746,69.0572734720435
11938,80,80.2464470176746,69.0572734720435
11939,80,80.2464470176746,69.0572734720435
11940,80,80.2464470176746,69.0572734720435
11941,80,80.2464470176746,69.0572734720435
11942,80,80.2464470176746,69.0572734720435
11943,80,80.2464470176746,69.0572734720435
11944,80,80.2464470176746,69.0572734720435
11945,80,80.2464470176746,69.0572734720435
11946,80,80.2464470176746,69.0572734720435
11947,80,80.2464470176746,69.0572734720435
11948,80,80.2464470176746,69.0572734720435
11949,80,80.2464470176746,69.0572734720435
11950,80,80.2464470176746,69.0572734720435
11951,80,80.2464470176746,69.0572734720435
11952,80,80.2464470176746,69.0572734720435
11953,80,80.2464470176746,69.0572734720435
11954,80,80.2464470176746,69.0572734720435
11955,80,80.2464470176746,69.0572734720435
11956,80,80.2464470176746,69.0572734720435
11957,80,80.2464470176746,69.0572734720435
11958,80,80.2464470176746,69.0572734720435
11959,80,80.2464470176746,69.0572734720435
11960,80,80.2464470176746,69.0572734720435
11961,80,80.2464470176746,69.0572734720435
11962,80,80.2464470176746,69.0572734720435
11963,80,80.2464470176746,69.0572734720435
11964,80,80.2464470176746,69.0572734720435
11965,80,80.2464470176746,69.0572734720435
11967,80,80.2464470176746,69.0572734720435
11968,80,80.2464470176746,69.0572734720435
11969,80,80.2464470176746,69.0572734720435
11970,80,80.2464470176746,69.0572734720435
11971,80,80.2464470176746,69.0572734720435
11972,80,80.2464470176746,69.0572734720435
11973,80,80.2464470176746,69.0572734720435
11974,80,80.2464470176746,69.0572734720435
11975,80,80.2464470176746,69.0572734720435
11976,80,80.2464470176746,69.0572734720435
11977,80,80.2464470176746,69.0572734720435
11978,80,80.2464470176746,69.0572734720435
11979,80,80.2464470176746,69.0572734720435
11980,80,80.2464470176746,69.0572734720435
11981,80,80.2464470176746,69.0572734720435
11982,80,80.2464470176746,69.0572734720435
11983,80,80.2464470176746,69.0572734720435
11984,80,80.2464470176746,69.0572734720435
11985,80,80.2464470176746,69.0572734720435
11986,80,80.2464470176746,69.0572734720435
11987,80,80.2464470176746,69.0572734720435
11988,80,80.2464470176746,69.0572734720435
11989,80,80.2464470176746,69.0572734720435
11990,80,80.2464470176746,69.0572734720435
11991,80,80.2464470176746,69.0572734720435
11992,80,80.2464470176746,69.0572734720435
11993,80,80.2464470176746,69.0572734720435
11994,80,80.2464470176746,69.0572734720435
11995,80,80.2464470176746,69.0572734720435
11996,80,80.2464470176746,69.0572734720435
11997,80,80.2464470176746,69.0572734720435
11998,80,80.2464470176746,69.0572734720435
11999,80,71.805255802939,93.2936418348733
12000,80,71.805255802939,93.2936418348733
12001,80,71.805255802939,93.2936418348733
12002,80,71.805255802939,93.2936418348733
12003,80,71.805255802939,93.2936418348733
12004,80,71.805255802939,93.2936418348733
12005,80,71.805255802939,93.2936418348733
12006,80,71.805255802939,93.2936418348733
12007,80,71.805255802939,93.2936418348733
12008,80,71.805255802939,93.2936418348733
12009,80,71.805255802939,93.2936418348733
12010,80,71.805255802939,93.2936418348733
12011,80,71.805255802939,93.2936418348733
12012,80,71.805255802939,93.2936418348733
12013,80,71.805255802939,93.2936418348733
12014,80,71.805255802939,93.2936418348733
12015,80,71.805255802939,93.2936418348733
12016,80,71.805255802939,93.2936418348733
12017,80,71.805255802939,93.2936418348733
12018,80,71.805255802939,93.2936418348733
12019,80,71.805255802939,93.2936418348733
12020,80,71.805255802939,93.2936418348733
12021,80,71.805255802939,93.2936418348733
12022,80,71.805255802939,93.2936418348733
12023,80,71.805255802939,93.2936418348733
12024,80,71.805255802939,93.2936418348733
12025,80,71.805255802939,93.2936418348733
12026,80,71.805255802939,93.2936418348733
12028,80,71.805255802939,93.2936418348733
12029,80,71.805255802939,93.2936418348733
12030,80,71.805255802939,93.2936418348733
12031,80,71.805255802939,93.2936418348733
12032,80,71.805255802939,93.2936418348733
12033,80,71.805255802939,93.2936418348733
12034,80,71.805255802939,93.2936418348733
12035,80,71.805255802939,93.2936418348733
12036,80,71.805255802939,93.2936418348733
12037,80,71.805255802939,93.2936418348733
12038,80,71.805255802939,93.2936418348733
12039,80,71.805255802939,93.2936418348733
12040,80,71.805255802939,93.2936418348733
12041,80,71.805255802939,93.2936418348733
12042,80,71.805255802939,93.2936418348733
12043,80,71.805255802939,93.2936418348733
12044,80,71.805255802939,93.2936418348733
12045,80,71.805255802939,93.2936418348733
12046,80,71.805255802939,93.2936418348733
12047,80,71.805255802939,93.2936418348733
12048,80,71.805255802939,93.2936418348733
12049,80,71.805255802939,93.2936418348733
12050,80,71.805255802939,93.2936418348733
12051,80,71.805255802939,93.2936418348733
12052,80,71.805255802939,93.2936418348733
12053,80,71.805255802939,93.2936418348733
12054,80,71.805255802939,93.2936418348733
12055,80,71.805255802939,93.2936418348733
12056,80,71.805255802939,93.2936418348733
12057,80,71.805255802939,93.2936418348733
12058,80,71.805255802939,93.2936418348733
12059,80,71.805255802939,93.2936418348733
12060,80,71.805255802939,93.2936418348733
12061,80,71.805255802939,93.2936418348733
12062,80,71.805255802939,93.2936418348733
12063,80,71.805255802939,93.2936418348733
12064,80,71.805255802939,93.2936418348733
12065,80,71.805255802939,93.2936418348733
12066,80,71.805255802939,93.2936418348733
12067,80,71.805255802939,93.2936418348733
12068,80,71.805255802939,93.2936418348733
12069,80,71.805255802939,93.2936418348733
12070,80,71.805255802939,93.2936418348733
12071,80,71.805255802939,93.2936418348733
12072,80,71.805255802939,93.2936418348733
12073,80,71.805255802939,93.2936418348733
12074,80,71.805255802939,93.2936418348733
12075,80,71.805255802939,93.2936418348733
12076,80,71.805255802939,93.2936418348733
12077,80,71.805255802939,93.2936418348733
12078,80,71.805255802939,93.2936418348733
12079,80,71.805255802939,93.2936418348733
12080,80,71.805255802939,93.2936418348733
12081,80,71.805255802939,93.2936418348733
12082,80,71.805255802939,93.2936418348733
12083,80,71.805255802939,93.2936418348733
12084,80,71.805255802939,93.2936418348733
12085,80,71.805255802939,93.2936418348733
12086,80,71.805255802939,93.2936418348733
12088,80,71.805255802939,93.2936418348733
12089,80,71.805255802939,93.2936418348733
12090,80,71.805255802939,93.2936418348733
12091,80,71.805255802939,93.2936418348733
12092,80,71.805255802939,93.2936418348733
12093,80,71.805255802939,93.2936418348733
12094,80,71.805255802939,93.2936418348733
12095,80,71.805255802939,93.2936418348733
12096,80,71.805255802939,93.2936418348733
12097,80,71.805255802939,93.2936418348733
12098,80,71.805255802939,93.2936418348733
12099,80,71.805255802939,93.2936418348733
12100,80,71.805255802939,93.2936418348733
12101,80,71.805255802939,93.2936418348733
12102,80,71.805255802939,93.2936418348733
12103,80,71.805255802939,93.2936418348733
12104,80,71.805255802939,93.2936418348733
12105,80,71.805255802939,93.2936418348733
12106,80,71.805255802939,93.2936418348733
12107,80,71.805255802939,93.2936418348733
12108,80,71.805255802939,93.2936418348733
12109,80,71.805255802939,93.2936418348733
12110,80,71.805255802939,93.2936418348733
12111,80,71.805255802939,93.2936418348733
12112,80,71.805255802939,93.2936418348733
12113,80,71.805255802939,93.2936418348733
12114,80,71.805255802939,93.2936418348733
12115,80,71.805255802939,93.2936418348733
12116,80,71.805255802939,93.2936418348733
12118,80,71.805255802939,93.2936418348733
12119,80,71.805255802939,93.2936418348733
12120,80,71.805255802939,93.2936418348733
12121,80,71.805255802939,93.2936418348733
12122,80,71.805255802939,93.2936418348733
12123,80,71.805255802939,93.2936418348733
12124,80,71.805255802939,93.2936418348733
12125,80,71.805255802939,93.2936418348733
12126,80,71.805255802939,93.2936418348733
12127,80,71.805255802939,93.2936418348733
12128,80,71.805255802939,93.2936418348733
12129,80,71.805255802939,93.2936418348733
12130,80,71.805255802939,93.2936418348733
12131,80,71.805255802939,93.2936418348733
12132,80,71.805255802939,93.2936418348733
12133,80,71.805255802939,93.2936418348733
12134,80,71.805255802939,93.2936418348733
12135,80,71.805255802939,93.2936418348733
12136,80,71.805255802939,93.2936418348733
12137,80,71.805255802939,93.2936418348733
12138,80,71.805255802939,93.2936418348733
12139,80,71.805255802939,93.2936418348733
12140,80,71.805255802939,93.2936418348733
12141,80,71.805255802939,93.2936418348733
12142,80,71.805255802939,93.2936418348733
12143,80,71.805255802939,93.2936418348733
12144,80,71.805255802939,93.2936418348733
12145,80,71.805255802939,93.2936418348733
12146,80,71.805255802939,93.2936418348733
12148,80,71.805255802939,93.2936418348733
12149,80,71.805255802939,93.2936418348733
12150,80,71.805255802939,93.2936418348733
12151,80,71.805255802939,93.2936418348733
12152,80,71.805255802939,93.2936418348733
12153,80,71.805255802939,93.2936418348733
12154,80,71.805255802939,93.2936418348733
12155,80,71.805255802939,93.2936418348733
12156,80,71.805255802939,93.2936418348733
12157,80,71.805255802939,93.2936418348733
12158,80,71.805255802939,93.2936418348733
12159,80,71.805255802939,93.2936418348733
12160,80,71.805255802939,93.2936418348733
12161,80,71.805255802939,93.2936418348733
12162,80,71.805255802939,93.2936418348733
12163,80,71.805255802939,93.2936418348733
12164,80,71.805255802939,93.2936418348733
12165,80,71.805255802939,93.2936418348733
12166,80,71.805255802939,93.2936418348733
12167,80,71.805255802939,93.2936418348733
12168,80,71.805255802939,93.2936418348733
12169,80,71.805255802939,93.2936418348733
12170,80,71.805255802939,93.2936418348733
12171,80,71.805255802939,93.2936418348733
12172,80,71.805255802939,93.2936418348733
12173,80,71.805255802939,93.2936418348733
12174,80,71.805255802939,93.2936418348733
12175,80,71.805255802939,93.2936418348733
12176,80,71.805255802939,93.2936418348733
12177,80,71.805255802939,93.2936418348733
12179,80,71.805255802939,93.2936418348733
12180,80,71.805255802939,93.2936418348733
12181,80,71.805255802939,93.2936418348733
12182,80,71.805255802939,93.2936418348733
12183,80,71.805255802939,93.2936418348733
12184,80,71.805255802939,93.2936418348733
12185,80,71.805255802939,93.2936418348733
12186,80,71.805255802939,93.2936418348733
12187,80,71.805255802939,93.2936418348733
12188,80,71.805255802939,93.2936418348733
12189,80,71.805255802939,93.2936418348733
12190,80,71.805255802939,93.2936418348733
12191,80,71.805255802939,93.2936418348733
12192,80,71.805255802939,93.2936418348733
12193,80,71.805255802939,93.2936418348733
12194,80,71.805255802939,93.2936418348733
12195,80,71.805255802939,93.2936418348733
12196,80,71.805255802939,93.2936418348733
12197,80,71.805255802939,93.2936418348733
12198,80,71.805255802939,93.2936418348733
12199,80,71.805255802939,93.2936418348733
12200,80,71.805255802939,93.2936418348733
12201,80,71.805255802939,93.2936418348733
12202,80,71.805255802939,93.2936418348733
12203,80,71.805255802939,93.2936418348733
12204,80,71.805255802939,93.2936418348733
12205,80,71.805255802939,93.2936418348733
12206,80,71.805255802939,93.2936418348733
12207,80,71.805255802939,93.2936418348733
12208,80,71.805255802939,93.2936418348733
12209,80,71.805255802939,93.2936418348733
12210,80,71.805255802939,93.2936418348733
12211,80,71.805255802939,93.2936418348733
12212,80,71.805255802939,93.2936418348733
12213,80,71.805255802939,93.2936418348733
12214,80,71.805255802939,93.2936418348733
12215,80,71.805255802939,93.2936418348733
12216,80,71.805255802939,93.2936418348733
12217,80,71.805255802939,93.2936418348733
12218,80,71.805255802939,93.2936418348733
12219,80,71.805255802939,93.2936418348733
12220,80,71.805255802939,93.2936418348733
12221,80,71.805255802939,93.2936418348733
12222,80,71.805255802939,93.2936418348733
12223,80,71.805255802939,93.2936418348733
12224,80,71.805255802939,93.2936418348733
12225,80,71.805255802939,93.2936418348733
12226,80,71.805255802939,93.2936418348733
12227,80,71.805255802939,93.2936418348733
12228,80,71.805255802939,93.2936418348733
12229,80,71.805255802939,93.2936418348733
12230,80,71.805255802939,93.2936418348733
12231,80,71.805255802939,93.2936418348733
12232,80,71.805255802939,93.2936418348733
12233,80,71.805255802939,93.2936418348733
12234,80,71.805255802939,93.2936418348733
12235,80,71.805255802939,93.2936418348733
12236,80,71.805255802939,93.2936418348733
12237,80,71.805255802939,93.2936418348733
12239,80,71.805255802939,93.2936418348733
12240,80,71.805255802939,93.2936418348733
12241,80,71.805255802939,93.2936418348733
12242,80,71.805255802939,93.2936418348733
12243,80,71.805255802939,93.2936418348733
12244,80,71.805255802939,93.2936418348733
12245,80,71.805255802939,93.2936418348733
12246,80,71.805255802939,93.2936418348733
12247,80,71.805255802939,93.2936418348733
12248,80,71.805255802939,93.2936418348733
12249,80,71.805255802939,93.2936418348733
12250,80,71.805255802939,93.2936418348733
12251,80,71.805255802939,93.2936418348733
12252,80,71.805255802939,93.2936418348733
12253,80,71.805255802939,93.2936418348733
12254,80,71.805255802939,93.2936418348733
12255,80,71.805255802939,93.2936418348733
12256,80,71.805255802939,93.2936418348733
12257,80,71.805255802939,93.2936418348733
12258,80,71.805255802939,93.2936418348733
12259,80,71.805255802939,93.2936418348733
12260,80,71.805255802939,93.2936418348733
12261,80,71.805255802939,93.2936418348733
12262,80,71.805255802939,93.2936418348733
12263,80,71.805255802939,93.2936418348733
12264,80,71.805255802939,93.2936418348733
12265,80,71.805255802939,93.2936418348733
12266,80,71.805255802939,93.2936418348733
12267,80,71.805255802939,93.2936418348733
12268,80,71.805255802939,93.2936418348733
12269,80,71.805255802939,93.2936418348733
12270,80,71.805255802939,93.2936418348733
12271,80,71.805255802939,93.2936418348733
12272,80,71.805255802939,93.2936418348733
12273,80,71.805255802939,93.2936418348733
12274,80,71.805255802939,93.2936418348733
12275,80,71.805255802939,93.2936418348733
12276,80,71.805255802939,93.2936418348733
12277,80,71.805255802939,93.2936418348733
12278,80,71.805255802939,93.2936418348733
12279,80,71.805255802939,93.2936418348733
12280,80,71.805255802939,93.2936418348733
12281,80,71.805255802939,93.2936418348733
12282,80,71.805255802939,93.2936418348733
12283,80,71.805255802939,93.2936418348733
12284,80,71.805255802939,93.2936418348733
12285,80,71.805255802939,93.2936418348733
12286,80,71.805255802939,93.2936418348733
12287,80,71.805255802939,93.2936418348733
12288,80,71.805255802939,93.2936418348733
12289,80,71.805255802939,93.2936418348733
12290,80,71.805255802939,93.2936418348733
12291,80,71.805255802939,93.2936418348733
12292,80,71.805255802939,93.2936418348733
12293,80,71.805255802939,93.2936418348733
12294,80,71.805255802939,93.2936418348733
12295,80,71.805255802939,93.2936418348733
12296,80,71.805255802939,93.2936418348733
12297,80,71.805255802939,93.2936418348733
12299,80,71.805255802939,93.2936418348733
12300,80,71.805255802939,93.2936418348733
12301,80,71.805255802939,93.2936418348733
12302,80,71.805255802939,93.2936418348733
12303,80,76.2070551545677,73.8816953404695
12304,80,80.6088545061965,54.4697488460658
12305,80,80.6088545061965,54.4697488460658
12306,80,80.6088545061965,54.4697488460658
12307,80,80.6088545061965,54.4697488460658
12308,80,80.6088545061965,54.4697488460658
12309,80,80.6088545061965,54.4697488460658
12310,80,80.6088545061965,54.4697488460658
12311,80,80.6088545061965,54.4697488460658
12312,80,80.6088545061965,54.4697488460658
12313,80,80.6088545061965,54.4697488460658
12314,80,80.6088545061965,54.4697488460658
12315,80,80.6088545061965,54.4697488460658
12316,80,80.6088545061965,54.4697488460658
12317,80,80.6088545061965,54.4697488460658
12318,80,80.6088545061965,54.4697488460658
12319,80,80.6088545061965,54.4697488460658
12320,80,80.6088545061965,54.4697488460658
12321,80,80.6088545061965,54.4697488460658
12322,80,80.6088545061965,54.4697488460658
12323,80,80.6088545061965,54.4697488460658
12324,80,80.6088545061965,54.4697488460658
12325,80,80.6088545061965,54.4697488460658
12326,80,80.6088545061965,54.4697488460658
12327,80,80.6088545061965,54.4697488460658
12329,80,80.6088545061965,54.4697488460658
12330,80,80.6088545061965,54.4697488460658
12331,80,80.6088545061965,54.4697488460658
12332,80,80.6088545061965,54.4697488460658
12333,80,80.6088545061965,54.4697488460658
12334,80,80.6088545061965,54.4697488460658
12335,80,80.6088545061965,54.4697488460658
12336,80,80.6088545061965,54.4697488460658
12337,80,80.6088545061965,54.4697488460658
12338,80,80.6088545061965,54.4697488460658
12339,80,80.6088545061965,54.4697488460658
12340,80,80.6088545061965,54.4697488460658
12341,80,80.6088545061965,54.4697488460658
12342,80,80.6088545061965,54.4697488460658
12343,80,80.6088545061965,54.4697488460658
12344,80,80.6088545061965,54.4697488460658
12345,80,80.6088545061965,54.4697488460658
12346,80,80.6088545061965,54.4697488460658
12347,80,80.6088545061965,54.4697488460658
12348,80,80.6088545061965,54.4697488460658
12349,80,80.6088545061965,54.4697488460658
12350,80,80.6088545061965,54.4697488460658
12351,80,80.6088545061965,54.4697488460658
12352,80,80.6088545061965,54.4697488460658
12353,80,80.6088545061965,54.4697488460658
12354,80,80.6088545061965,54.4697488460658
12355,80,80.6088545061965,54.4697488460658
12356,80,80.6088545061965,54.4697488460658
12357,80,80.6088545061965,54.4697488460658
12358,80,80.6088545061965,54.4697488460658
12359,80,80.6088545061965,54.4697488460658
12360,80,80.6088545061965,54.4697488460658
12361,80,80.6088545061965,54.4697488460658
12362,80,80.6088545061965,54.4697488460658
12363,80,80.6088545061965,54.4697488460658
12364,80,80.6088545061965,54.4697488460658
12365,80,80.6088545061965,54.4697488460658
12366,80,80.6088545061965,54.4697488460658
12367,80,80.6088545061965,54.4697488460658
12368,80,80.6088545061965,54.4697488460658
12369,80,80.6088545061965,54.4697488460658
12370,80,80.6088545061965,54.4697488460658
12371,80,80.6088545061965,54.4697488460658
12372,80,80.6088545061965,54.4697488460658
12373,80,80.6088545061965,54.4697488460658
12374,80,80.6088545061965,54.4697488460658
12375,80,80.6088545061965,54.4697488460658
12376,80,80.6088545061965,54.4697488460658
12377,80,80.6088545061965,54.4697488460658
12378,80,80.6088545061965,54.4697488460658
12379,80,80.6088545061965,54.4697488460658
12380,80,80.6088545061965,54.4697488460658
12381,80,80.6088545061965,54.4697488460658
12382,80,80.6088545061965,54.4697488460658
12383,80,80.6088545061965,54.4697488460658
12384,80,80.6088545061965,54.4697488460658
12385,80,80.6088545061965,54.4697488460658
12386,80,80.6088545061965,54.4697488460658
12387,80,80.6088545061965,54.4697488460658
12388,80,80.6088545061965,54.4697488460658
12389,80,80.6088545061965,54.4697488460658
12390,80,80.6088545061965,54.4697488460658
12391,80,80.6088545061965,54.4697488460658
12392,80,80.6088545061965,54.4697488460658
12393,80,80.6088545061965,54.4697488460658
12394,80,80.6088545061965,54.4697488460658
12395,80,80.6088545061965,54.4697488460658
12396,80,80.6088545061965,54.4697488460658
12397,80,80.6088545061965,54.4697488460658
12398,80,80.6088545061965,54.4697488460658
12399,80,80.6088545061965,54.4697488460658
12400,80,80.6088545061965,54.4697488460658
12401,80,80.6088545061965,54.4697488460658
12402,80,80.6088545061965,54.4697488460658
12403,80,80.6088545061965,54.4697488460658
12404,80,80.6088545061965,54.4697488460658
12405,80,80.6088545061965,54.4697488460658
12406,80,80.6088545061965,54.4697488460658
12407,80,80.6088545061965,54.4697488460658
12408,80,80.6088545061965,54.4697488460658
12409,80,80.6088545061965,54.4697488460658
12410,80,80.6088545061965,54.4697488460658
12411,80,80.6088545061965,54.4697488460658
12412,80,80.6088545061965,54.4697488460658
12413,80,80.6088545061965,54.4697488460658
12414,80,80.6088545061965,54.4697488460658
12415,80,80.6088545061965,54.4697488460658
12416,80,80.6088545061965,54.4697488460658
12417,80,80.6088545061965,54.4697488460658
12418,80,80.6088545061965,54.4697488460658
12420,80,80.6088545061965,54.4697488460658
12421,80,80.6088545061965,54.4697488460658
12422,80,80.6088545061965,54.4697488460658
12423,80,80.6088545061965,54.4697488460658
12424,80,80.6088545061965,54.4697488460658
12425,80,80.6088545061965,54.4697488460658
12426,80,80.6088545061965,54.4697488460658
12427,80,80.6088545061965,54.4697488460658
12428,80,80.6088545061965,54.4697488460658
12429,80,80.6088545061965,54.4697488460658
12430,80,80.6088545061965,54.4697488460658
12431,80,80.6088545061965,54.4697488460658
12432,80,80.6088545061965,54.4697488460658
12433,80,80.6088545061965,54.4697488460658
12434,80,80.6088545061965,54.4697488460658
12435,80,80.6088545061965,54.4697488460658
12436,80,80.6088545061965,54.4697488460658
12437,80,80.6088545061965,54.4697488460658
12438,80,80.6088545061965,54.4697488460658
12439,80,80.6088545061965,54.4697488460658
12440,80,80.6088545061965,54.4697488460658
12441,80,80.6088545061965,54.4697488460658
12442,80,80.6088545061965,54.4697488460658
12443,80,80.6088545061965,54.4697488460658
12444,80,80.6088545061965,54.4697488460658
12445,80,80.6088545061965,54.4697488460658
12446,80,80.6088545061965,54.4697488460658
12447,80,80.6088545061965,54.4697488460658
12448,80,80.6088545061965,54.4697488460658
12450,80,80.6088545061965,54.4697488460658
12451,80,80.6088545061965,54.4697488460658
12452,80,80.6088545061965,54.4697488460658
12453,80,80.6088545061965,54.4697488460658
12454,80,80.6088545061965,54.4697488460658
12455,80,80.6088545061965,54.4697488460658
12456,80,80.6088545061965,54.4697488460658
12457,80,80.6088545061965,54.4697488460658
12458,80,80.6088545061965,54.4697488460658
12459,80,80.6088545061965,54.4697488460658
12460,80,80.6088545061965,54.4697488460658
12461,80,80.6088545061965,54.4697488460658
12462,80,80.6088545061965,54.4697488460658
12463,80,80.6088545061965,54.4697488460658
12464,80,80.6088545061965,54.4697488460658
12465,80,80.6088545061965,54.4697488460658
12466,80,80.6088545061965,54.4697488460658
12467,80,80.6088545061965,54.4697488460658
12468,80,80.6088545061965,54.4697488460658
12469,80,80.6088545061965,54.4697488460658
12470,80,80.6088545061965,54.4697488460658
12471,80,80.6088545061965,54.4697488460658
12472,80,80.6088545061965,54.4697488460658
12473,80,80.6088545061965,54.4697488460658
12474,80,80.6088545061965,54.4697488460658
12475,80,80.6088545061965,54.4697488460658
12476,80,80.6088545061965,54.4697488460658
12477,80,80.6088545061965,54.4697488460658
12478,80,80.6088545061965,54.4697488460658
12479,80,80.6088545061965,54.4697488460658
12480,80,80.6088545061965,54.4697488460658
12481,80,80.6088545061965,54.4697488460658
12482,80,80.6088545061965,54.4697488460658
12483,80,80.6088545061965,54.4697488460658
12484,80,80.6088545061965,54.4697488460658
12485,80,80.6088545061965,54.4697488460658
12486,80,80.6088545061965,54.4697488460658
12487,80,80.6088545061965,54.4697488460658
12488,80,80.6088545061965,54.4697488460658
12489,80,80.6088545061965,54.4697488460658
12490,80,80.6088545061965,54.4697488460658
12491,80,80.6088545061965,54.4697488460658
12492,80,80.6088545061965,54.4697488460658
12493,80,80.6088545061965,54.4697488460658
12494,80,80.6088545061965,54.4697488460658
12495,80,80.6088545061965,54.4697488460658
12496,80,80.6088545061965,54.4697488460658
12497,80,80.6088545061965,54.4697488460658
12498,80,80.6088545061965,54.4697488460658
12499,80,80.6088545061965,54.4697488460658
12500,80,80.6088545061965,54.4697488460658
12501,80,80.6088545061965,54.4697488460658
12502,80,80.6088545061965,54.4697488460658
12503,80,80.6088545061965,54.4697488460658
12504,80,80.6088545061965,54.4697488460658
12505,80,80.6088545061965,54.4697488460658
12506,80,80.6088545061965,54.4697488460658
12507,80,80.6088545061965,54.4697488460658
12508,80,80.6088545061965,54.4697488460658
12510,80,80.6088545061965,54.4697488460658
12511,80,80.6088545061965,54.4697488460658
12512,80,80.6088545061965,54.4697488460658
12513,80,80.6088545061965,54.4697488460658
12514,80,80.6088545061965,54.4697488460658
12515,80,80.6088545061965,54.4697488460658
12516,80,80.6088545061965,54.4697488460658
12517,80,80.6088545061965,54.4697488460658
12518,80,80.6088545061965,54.4697488460658
12519,80,80.6088545061965,54.4697488460658
12520,80,80.6088545061965,54.4697488460658
12521,80,80.6088545061965,54.4697488460658
12522,80,80.6088545061965,54.4697488460658
12523,80,80.6088545061965,54.4697488460658
12524,80,80.6088545061965,54.4697488460658
12525,80,80.6088545061965,54.4697488460658
12526,80,80.6088545061965,54.4697488460658
12527,80,80.6088545061965,54.4697488460658
12528,80,80.6088545061965,54.4697488460658
12529,80,80.6088545061965,54.4697488460658
12530,80,80.6088545061965,54.4697488460658
12531,80,80.6088545061965,54.4697488460658
12532,80,80.6088545061965,54.4697488460658
12533,80,80.6088545061965,54.4697488460658
12534,80,80.6088545061965,54.4697488460658
12535,80,80.6088545061965,54.4697488460658
12536,80,80.6088545061965,54.4697488460658
12537,80,80.6088545061965,54.4697488460658
12538,80,80.6088545061965,54.4697488460658
12539,80,80.6088545061965,54.4697488460658
12540,80,80.6088545061965,54.4697488460658
12541,80,80.6088545061965,54.4697488460658
12542,80,80.6088545061965,54.4697488460658
12543,80,80.6088545061965,54.4697488460658
12544,80,80.6088545061965,54.4697488460658
12545,80,80.6088545061965,54.4697488460658
12546,80,80.6088545061965,54.4697488460658
12547,80,80.6088545061965,54.4697488460658
12548,80,80.6088545061965,54.4697488460658
12549,80,80.6088545061965,54.4697488460658
12550,80,80.6088545061965,54.4697488460658
12551,80,80.6088545061965,54.4697488460658
12552,80,80.6088545061965,54.4697488460658
12553,80,80.6088545061965,54.4697488460658
12554,80,80.6088545061965,54.4697488460658
12555,80,80.6088545061965,54.4697488460658
12556,80,80.6088545061965,54.4697488460658
12557,80,80.6088545061965,54.4697488460658
12558,80,80.6088545061965,54.4697488460658
12559,80,80.6088545061965,54.4697488460658
12560,80,80.6088545061965,54.4697488460658
12561,80,80.6088545061965,54.4697488460658
12562,80,80.6088545061965,54.4697488460658
12563,80,80.6088545061965,54.4697488460658
12564,80,80.6088545061965,54.4697488460658
12565,80,80.6088545061965,54.4697488460658
12566,80,80.6088545061965,54.4697488460658
12567,80,80.6088545061965,54.4697488460658
12568,80,80.6088545061965,54.4697488460658
12570,80,80.6088545061965,54.4697488460658
12571,80,80.6088545061965,54.4697488460658
12572,80,80.6088545061965,54.4697488460658
12573,80,80.6088545061965,54.4697488460658
12574,80,80.6088545061965,54.4697488460658
12575,80,80.6088545061965,54.4697488460658
12576,80,80.6088545061965,54.4697488460658
12577,80,80.6088545061965,54.4697488460658
12578,80,80.6088545061965,54.4697488460658
12579,80,80.6088545061965,54.4697488460658
12580,80,80.6088545061965,54.4697488460658
12581,80,80.6088545061965,54.4697488460658
12582,80,80.6088545061965,54.4697488460658
12583,80,80.6088545061965,54.4697488460658
12584,80,80.6088545061965,54.4697488460658
12585,80,80.6088545061965,54.4697488460658
12586,80,80.6088545061965,54.4697488460658
12587,80,80.6088545061965,54.4697488460658
12588,80,80.6088545061965,54.4697488460658
12589,80,80.6088545061965,54.4697488460658
12590,80,80.6088545061965,54.4697488460658
12591,80,80.6088545061965,54.4697488460658
12592,80,80.1639399839756,55.3230318519686
12593,80,79.7190254617548,56.1763148578713
12594,80,79.7190254617548,56.1763148578713
12595,80,79.7190254617548,56.1763148578713
12596,80,79.7190254617548,56.1763148578713
12597,80,79.7190254617548,56.1763148578713
12598,80,79.7190254617548,56.1763148578713
12600,80,79.7190254617548,56.1763148578713
12601,80,79.7190254617548,56.1763148578713
12602,80,79.7190254617548,56.1763148578713
12603,80,79.7190254617548,56.1763148578713
12604,80,79.7190254617548,56.1763148578713
12605,80,79.7190254617548,56.1763148578713
12606,80,79.7190254617548,56.1763148578713
12607,80,79.7190254617548,56.1763148578713
12608,80,79.7190254617548,56.1763148578713
12609,80,79.7190254617548,56.1763148578713
12610,80,79.7190254617548,56.1763148578713
12611,80,79.7190254617548,56.1763148578713
12612,80,79.7190254617548,56.1763148578713
12613,80,79.7190254617548,56.1763148578713
12614,80,79.7190254617548,56.1763148578713
12615,80,79.7190254617548,56.1763148578713
12616,80,79.7190254617548,56.1763148578713
12617,80,79.7190254617548,56.1763148578713
12618,80,79.7190254617548,56.1763148578713
12619,80,79.7190254617548,56.1763148578713
12620,80,79.7190254617548,56.1763148578713
12621,80,79.7190254617548,56.1763148578713
12622,80,79.7190254617548,56.1763148578713
12623,80,79.7190254617548,56.1763148578713
12624,80,79.7190254617548,56.1763148578713
12625,80,79.7190254617548,56.1763148578713
12626,80,79.7190254617548,56.1763148578713
12627,80,79.7190254617548,56.1763148578713
12628,80,79.7190254617548,56.1763148578713
12629,80,79.7190254617548,56.1763148578713
12631,80,79.7190254617548,56.1763148578713
12632,80,79.7190254617548,56.1763148578713
12633,80,79.7190254617548,56.1763148578713
12634,80,79.7190254617548,56.1763148578713
12635,80,79.7190254617548,56.1763148578713
12636,80,79.7190254617548,56.1763148578713
12637,80,79.7190254617548,56.1763148578713
12638,80,79.7190254617548,56.1763148578713
12639,80,79.7190254617548,56.1763148578713
12640,80,79.7190254617548,56.1763148578713
12641,80,79.7190254617548,56.1763148578713
12642,80,79.7190254617548,56.1763148578713
12643,80,79.7190254617548,56.1763148578713
12644,80,79.7190254617548,56.1763148578713
12645,80,79.7190254617548,56.1763148578713
12646,80,79.7190254617548,56.1763148578713
12647,80,79.7190254617548,56.1763148578713
12648,80,79.7190254617548,56.1763148578713
12649,80,79.7190254617548,56.1763148578713
12650,80,79.7190254617548,56.1763148578713
12651,80,79.7190254617548,56.1763148578713
12652,80,79.7190254617548,56.1763148578713
12653,80,79.7190254617548,56.1763148578713
12654,80,79.7190254617548,56.1763148578713
12655,80,79.7190254617548,56.1763148578713
12656,80,79.7190254617548,56.1763148578713
12657,80,79.7190254617548,56.1763148578713
12658,80,79.7190254617548,56.1763148578713
12659,80,79.7190254617548,56.1763148578713
12660,80,79.7190254617548,56.1763148578713
12661,80,79.7190254617548,56.1763148578713
12662,80,79.7190254617548,56.1763148578713
12663,80,79.7190254617548,56.1763148578713
12664,80,79.7190254617548,56.1763148578713
12665,80,79.7190254617548,56.1763148578713
12666,80,79.7190254617548,56.1763148578713
12667,80,79.7190254617548,56.1763148578713
12668,80,79.7190254617548,56.1763148578713
12669,80,79.7190254617548,56.1763148578713
12670,80,79.7190254617548,56.1763148578713
12671,80,79.7190254617548,56.1763148578713
12672,80,79.7190254617548,56.1763148578713
12673,80,79.7190254617548,56.1763148578713
12674,80,79.7190254617548,56.1763148578713
12675,80,79.7190254617548,56.1763148578713
12676,80,79.7190254617548,56.1763148578713
12677,80,79.7190254617548,56.1763148578713
12678,80,79.7190254617548,56.1763148578713
12679,80,79.7190254617548,56.1763148578713
12680,80,79.7190254617548,56.1763148578713
12681,80,79.7190254617548,56.1763148578713
12682,80,79.7190254617548,56.1763148578713
12683,80,79.7190254617548,56.1763148578713
12684,80,79.7190254617548,56.1763148578713
12685,80,79.7190254617548,56.1763148578713
12686,80,79.7190254617548,56.1763148578713
12687,80,79.7190254617548,56.1763148578713
12688,80,79.7190254617548,56.1763148578713
12689,80,79.7190254617548,56.1763148578713
12691,80,79.7190254617548,56.1763148578713
12692,80,79.7190254617548,56.1763148578713
12693,80,79.7190254617548,56.1763148578713
12694,80,79.7190254617548,56.1763148578713
12695,80,79.7190254617548,56.1763148578713
12696,80,79.7190254617548,56.1763148578713
12697,80,79.7190254617548,56.1763148578713
12698,80,79.7190254617548,56.1763148578713
12699,80,79.7190254617548,56.1763148578713
12700,80,79.7190254617548,56.1763148578713
12701,80,79.7190254617548,56.1763148578713
12702,80,79.7190254617548,56.1763148578713
12703,80,79.7190254617548,56.1763148578713
12704,80,79.7190254617548,56.1763148578713
12705,80,79.7190254617548,56.1763148578713
12706,80,79.7190254617548,56.1763148578713
12707,80,79.7190254617548,56.1763148578713
12708,80,79.7190254617548,56.1763148578713
12709,80,79.7190254617548,56.1763148578713
12710,80,79.7190254617548,56.1763148578713
12711,80,79.7190254617548,56.1763148578713
12712,80,79.7190254617548,56.1763148578713
12713,80,79.7190254617548,56.1763148578713
12714,80,79.7190254617548,56.1763148578713
12715,80,79.7190254617548,56.1763148578713
12716,80,79.7190254617548,56.1763148578713
12717,80,79.7190254617548,56.1763148578713
12718,80,79.7190254617548,56.1763148578713
12719,80,79.7190254617548,56.1763148578713
12721,80,79.7190254617548,56.1763148578713
12722,80,79.7190254617548,56.1763148578713
12723,80,79.7190254617548,56.1763148578713
12724,80,79.7190254617548,56.1763148578713
12725,80,79.7190254617548,56.1763148578713
12726,80,79.7190254617548,56.1763148578713
12727,80,79.7190254617548,56.1763148578713
12728,80,79.7190254617548,56.1763148578713
12729,80,79.7190254617548,56.1763148578713
12730,80,79.7190254617548,56.1763148578713
12731,80,79.7190254617548,56.1763148578713
12732,80,79.7190254617548,56.1763148578713
12733,80,79.7190254617548,56.1763148578713
12734,80,79.7190254617548,56.1763148578713
12735,80,79.7190254617548,56.1763148578713
12736,80,79.7190254617548,56.1763148578713
12737,80,79.7190254617548,56.1763148578713
12738,80,79.7190254617548,56.1763148578713
12739,80,79.7190254617548,56.1763148578713
12740,80,79.7190254617548,56.1763148578713
12741,80,79.7190254617548,56.1763148578713
12742,80,79.7190254617548,56.1763148578713
12743,80,79.7190254617548,56.1763148578713
12744,80,79.7190254617548,56.1763148578713
12745,80,79.7190254617548,56.1763148578713
12746,80,79.7190254617548,56.1763148578713
12747,80,79.7190254617548,56.1763148578713
12748,80,79.7190254617548,56.1763148578713
12749,80,79.7190254617548,56.1763148578713
12750,80,79.7190254617548,56.1763148578713
12751,80,79.7190254617548,56.1763148578713
12752,80,79.7190254617548,56.1763148578713
12753,80,79.7190254617548,56.1763148578713
12754,80,79.7190254617548,56.1763148578713
12755,80,79.7190254617548,56.1763148578713
12756,80,79.7190254617548,56.1763148578713
12757,80,79.7190254617548,56.1763148578713
12758,80,79.7190254617548,56.1763148578713
12759,80,79.7190254617548,56.1763148578713
12760,80,79.7190254617548,56.1763148578713
12761,80,79.7190254617548,56.1763148578713
12762,80,79.7190254617548,56.1763148578713
12763,80,79.7190254617548,56.1763148578713
12764,80,79.7190254617548,56.1763148578713
12765,80,79.7190254617548,56.1763148578713
12766,80,79.7190254617548,56.1763148578713
12767,80,79.7190254617548,56.1763148578713
12768,80,79.7190254617548,56.1763148578713
12769,80,79.7190254617548,56.1763148578713
12770,80,79.7190254617548,56.1763148578713
12771,80,79.7190254617548,56.1763148578713
12772,80,79.7190254617548,56.1763148578713
12773,80,79.7190254617548,56.1763148578713
12774,80,79.7190254617548,56.1763148578713
12775,80,79.7190254617548,56.1763148578713
12776,80,79.7190254617548,56.1763148578713
12777,80,79.7190254617548,56.1763148578713
12778,80,79.7190254617548,56.1763148578713
12779,80,79.7190254617548,56.1763148578713
12781,80,79.7190254617548,56.1763148578713
12782,80,79.7190254617548,56.1763148578713
12783,80,79.7190254617548,56.1763148578713
12784,80,79.7190254617548,56.1763148578713
12785,80,79.7190254617548,56.1763148578713
12786,80,79.7190254617548,56.1763148578713
12787,80,79.7190254617548,56.1763148578713
12788,80,79.7190254617548,56.1763148578713
12789,80,79.7190254617548,56.1763148578713
12790,80,79.7190254617548,56.1763148578713
12791,80,79.7190254617548,56.1763148578713
12792,80,79.7190254617548,56.1763148578713
12793,80,79.7190254617548,56.1763148578713
12794,80,79.7190254617548,56.1763148578713
12795,80,79.7190254617548,56.1763148578713
12796,80,79.7190254617548,56.1763148578713
12797,80,79.7190254617548,56.1763148578713
12798,80,79.7190254617548,56.1763148578713
12799,80,79.7190254617548,56.1763148578713
12800,80,79.7190254617548,56.1763148578713
12801,80,79.7190254617548,56.1763148578713
12802,80,79.7190254617548,56.1763148578713
12803,80,79.7190254617548,56.1763148578713
12804,80,79.7190254617548,56.1763148578713
12805,80,79.7190254617548,56.1763148578713
12806,80,79.7190254617548,56.1763148578713
12807,80,79.7190254617548,56.1763148578713
12808,80,79.7190254617548,56.1763148578713
12809,80,79.7190254617548,56.1763148578713
12811,80,79.7190254617548,56.1763148578713
12812,80,79.7190254617548,56.1763148578713
12813,80,79.7190254617548,56.1763148578713
12814,80,79.7190254617548,56.1763148578713
12815,80,79.7190254617548,56.1763148578713
12816,80,79.7190254617548,56.1763148578713
12817,80,79.7190254617548,56.1763148578713
12818,80,79.7190254617548,56.1763148578713
12819,80,79.7190254617548,56.1763148578713
12820,80,79.7190254617548,56.1763148578713
12821,80,79.7190254617548,56.1763148578713
12822,80,79.7190254617548,56.1763148578713
12823,80,79.7190254617548,56.1763148578713
12824,80,79.7190254617548,56.1763148578713
12825,80,79.7190254617548,56.1763148578713
12826,80,79.7190254617548,56.1763148578713
12827,80,79.7190254617548,56.1763148578713
12828,80,79.7190254617548,56.1763148578713
12829,80,79.7190254617548,56.1763148578713
12830,80,79.7190254617548,56.1763148578713
12831,80,79.7190254617548,56.1763148578713
12832,80,79.7190254617548,56.1763148578713
12833,80,79.7190254617548,56.1763148578713
12834,80,79.7190254617548,56.1763148578713
12835,80,79.7190254617548,56.1763148578713
12836,80,79.7190254617548,56.1763148578713
12837,80,79.7190254617548,56.1763148578713
12838,80,79.7190254617548,56.1763148578713
12839,80,79.7190254617548,56.1763148578713
12840,80,79.7190254617548,56.1763148578713
12841,80,79.7190254617548,56.1763148578713
12842,80,79.7190254617548,56.1763148578713
12843,80,79.7190254617548,56.1763148578713
12844,80,79.7190254617548,56.1763148578713
12845,80,79.7190254617548,56.1763148578713
12846,80,79.7190254617548,56.1763148578713
12847,80,79.7190254617548,56.1763148578713
12848,80,79.7190254617548,56.1763148578713
12849,80,79.7190254617548,56.1763148578713
12850,80,79.7190254617548,56.1763148578713
12851,80,79.7190254617548,56.1763148578713
12852,80,79.7190254617548,56.1763148578713
12853,80,79.7190254617548,56.1763148578713
12854,80,79.7190254617548,56.1763148578713
12855,80,79.7190254617548,56.1763148578713
12856,80,79.7190254617548,56.1763148578713
12857,80,79.7190254617548,56.1763148578713
12858,80,79.7190254617548,56.1763148578713
12859,80,79.7190254617548,56.1763148578713
12860,80,79.7190254617548,56.1763148578713
12861,80,79.7190254617548,56.1763148578713
12862,80,79.7190254617548,56.1763148578713
12863,80,79.7190254617548,56.1763148578713
12864,80,79.7190254617548,56.1763148578713
12865,80,79.7190254617548,56.1763148578713
12866,80,79.7190254617548,56.1763148578713
12867,80,79.7190254617548,56.1763148578713
12868,80,79.7190254617548,56.1763148578713
12869,80,79.7190254617548,56.1763148578713
12870,80,79.7190254617548,56.1763148578713
12871,80,79.7190254617548,56.1763148578713
12872,80,79.7778136775638,55.9208506874586
12873,80,79.9541783249907,55.1544581762204
12874,80,79.9541783249907,55.1544581762204
12875,80,79.9541783249907,55.1544581762204
12876,80,79.9541783249907,55.1544581762204
12877,80,79.9541783249907,55.1544581762204
12878,80,79.9541783249907,55.1544581762204
12879,80,79.9541783249907,55.1544581762204
12880,80,79.9541783249907,55.1544581762204
12881,80,79.9541783249907,55.1544581762204
12882,80,79.9541783249907,55.1544581762204
12883,80,79.9541783249907,55.1544581762204
12884,80,79.9541783249907,55.1544581762204
12885,80,79.9541783249907,55.1544581762204
12886,80,79.9541783249907,55.1544581762204
12887,80,79.9541783249907,55.1544581762204
12888,80,79.9541783249907,55.1544581762204
12889,80,79.9541783249907,55.1544581762204
12890,80,79.9541783249907,55.1544581762204
12891,80,79.9541783249907,55.1544581762204
12892,80,79.9541783249907,55.1544581762204
12893,80,79.9541783249907,55.1544581762204
12894,80,79.9541783249907,55.1544581762204
12895,80,79.9541783249907,55.1544581762204
12896,80,79.9541783249907,55.1544581762204
12897,80,79.9541783249907,55.1544581762204
12898,80,79.9541783249907,55.1544581762204
12899,80,79.9541783249907,55.1544581762204
12900,80,79.9541783249907,55.1544581762204
12901,80,79.9541783249907,55.1544581762204
12902,80,79.9541783249907,55.1544581762204
12903,80,79.9541783249907,55.1544581762204
12904,80,79.9541783249907,55.1544581762204
12905,80,79.9541783249907,55.1544581762204
12906,80,79.9541783249907,55.1544581762204
12907,80,79.9541783249907,55.1544581762204
12908,80,79.9541783249907,55.1544581762204
12909,80,79.9541783249907,55.1544581762204
12910,80,79.9541783249907,55.1544581762204
12911,80,79.9541783249907,55.1544581762204
12912,80,79.9541783249907,55.1544581762204
12913,80,79.9541783249907,55.1544581762204
12914,80,79.9541783249907,55.1544581762204
12915,80,79.9541783249907,55.1544581762204
12916,80,79.9541783249907,55.1544581762204
12917,80,79.9541783249907,55.1544581762204
12918,80,79.9541783249907,55.1544581762204
12919,80,79.9541783249907,55.1544581762204
12920,80,79.9541783249907,55.1544581762204
12921,80,79.9541783249907,55.1544581762204
12922,80,79.9541783249907,55.1544581762204
12923,80,79.9541783249907,55.1544581762204
12924,80,79.9541783249907,55.1544581762204
12925,80,79.9541783249907,55.1544581762204
12926,80,79.9541783249907,55.1544581762204
12927,80,79.9541783249907,55.1544581762204
12928,80,79.9541783249907,55.1544581762204
12929,80,79.9541783249907,55.1544581762204
12930,80,79.9541783249907,55.1544581762204
12931,80,79.9541783249907,55.1544581762204
12932,80,79.9541783249907,55.1544581762204
12933,80,79.9541783249907,55.1544581762204
12934,80,79.9541783249907,55.1544581762204
12935,80,79.9541783249907,55.1544581762204
12936,80,79.9541783249907,55.1544581762204
12937,80,79.9541783249907,55.1544581762204
12938,80,79.9541783249907,55.1544581762204
12939,80,79.9541783249907,55.1544581762204
12940,80,79.9541783249907,55.1544581762204
12941,80,79.9541783249907,55.1544581762204
12942,80,79.9541783249907,55.1544581762204
12943,80,79.9541783249907,55.1544581762204
12944,80,79.9541783249907,55.1544581762204
12945,80,79.9541783249907,55.1544581762204
12946,80,79.9541783249907,55.1544581762204
12947,80,79.9541783249907,55.1544581762204
12948,80,79.9541783249907,55.1544581762204
12949,80,79.9541783249907,55.1544581762204
12950,80,79.9541783249907,55.1544581762204
12951,80,79.9541783249907,55.1544581762204
12952,80,79.9541783249907,55.1544581762204
12953,80,79.9541783249907,55.1544581762204
12954,80,79.9541783249907,55.1544581762204
12955,80,79.9541783249907,55.1544581762204
12956,80,79.9541783249907,55.1544581762204
12957,80,79.9541783249907,55.1544581762204
12958,80,79.9541783249907,55.1544581762204
12959,80,79.9541783249907,55.1544581762204
12960,80,79.9541783249907,55.1544581762204
12962,80,79.9541783249907,55.1544581762204
12963,80,79.9541783249907,55.1544581762204
12964,80,79.9541783249907,55.1544581762204
12965,80,79.9541783249907,55.1544581762204
12966,80,79.9541783249907,55.1544581762204
12967,80,79.9541783249907,55.1544581762204
12968,80,79.9541783249907,55.1544581762204
12969,80,79.9541783249907,55.1544581762204
12970,80,79.9541783249907,55.1544581762204
12971,80,79.9541783249907,55.1544581762204
12972,80,79.9541783249907,55.1544581762204
12973,80,79.9541783249907,55.1544581762204
12974,80,79.9541783249907,55.1544581762204
12975,80,79.9541783249907,55.1544581762204
12976,80,79.9541783249907,55.1544581762204
12977,80,79.9541783249907,55.1544581762204
12978,80,79.9541783249907,55.1544581762204
12979,80,79.9541783249907,55.1544581762204
12980,80,79.9541783249907,55.1544581762204
12981,80,79.9541783249907,55.1544581762204
12982,80,79.9541783249907,55.1544581762204
12983,80,79.9541783249907,55.1544581762204
12984,80,79.9541783249907,55.1544581762204
12985,80,79.9541783249907,55.1544581762204
12986,80,79.9541783249907,55.1544581762204
12987,80,79.9541783249907,55.1544581762204
12988,80,79.9541783249907,55.1544581762204
12989,80,79.9541783249907,55.1544581762204
12990,80,79.9541783249907,55.1544581762204
12992,80,79.9541783249907,55.1544581762204
12993,80,79.9541783249907,55.1544581762204
12994,80,79.9541783249907,55.1544581762204
12995,80,79.9541783249907,55.1544581762204
12996,80,79.9541783249907,55.1544581762204
12997,80,79.9541783249907,55.1544581762204
12998,80,79.9541783249907,55.1544581762204
12999,80,79.9541783249907,55.1544581762204
13000,80,79.9541783249907,55.1544581762204
