tempo,SP,PV,MV
5001,80,85.006104,73.248726
5002,80,85.909645,73.248726
5003,80,85.909645,73.248726
5004,80,85.909645,71.238537
5005,80,86.239315,69.228348
5006,80,86.568985,69.228348
5007,80,86.568985,69.228348
5008,80,86.568985,69.228348
5009,80,86.568985,69.228348
5010,80,87.0695955,67.2419815
5011,80,87.570206,65.255615
5012,80,87.570206,65.255615
5013,80,87.570206,65.255615
5014,80,87.570206,65.255615
5015,80,87.9365085,65.255615
5016,80,88.302811,65.255615
5017,80,88.302811,62.732269
5018,80,88.302811,60.208923
5019,80,88.693531,60.208923
5020,80,89.084251,60.208923
5021,80,89.084251,60.208923
5022,80,89.084251,60.208923
5023,80,89.328453,60.208923
5024,80,89.572655,57.133825
5025,80,89.572655,54.058727
5026,80,89.572655,54.058727
5027,80,89.572655,54.058727
5028,80,89.890114,54.058727
5029,80,90.207573,51.556793
5030,80,90.207573,49.054859
5032,80,90.207573,49.054859
5033,80,90.402931,49.054859
5034,80,90.598289,49.054859
5035,80,90.598289,45.977665
5036,80,90.598289,42.900471
5037,80,90.818069,42.900471
5038,80,91.037849,42.900471
5039,80,91.037849,42.900471
5040,80,91.037849,42.900471
5041,80,91.037849,40.133177
5042,80,91.037849,37.365883
5043,80,91.037849,37.365883
5044,80,91.037849,37.365883
5045,80,91.037849,37.365883
5046,80,91.1111105,37.365883
5047,80,91.184372,34.392852
5048,80,91.184372,31.419821
5049,80,91.184372,31.419821
5050,80,91.184372,31.419821
5051,80,91.172161,31.419821
5052,80,91.15995,31.419821
5053,80,91.15995,31.419821
5054,80,91.15995,28.1445325
5055,80,91.15995,24.869244
5056,80,91.037853,24.869244
5057,80,90.915756,24.869244
5058,80,90.915756,24.869244
5059,80,90.915756,24.869244
5060,80,90.915756,22.3473085
5061,80,90.6349255,19.825373
5062,80,90.354095,19.825373
5063,80,90.354095,19.825373
5064,80,90.354095,19.825373
5065,80,90.1465225,19.825373
5066,80,89.93895,17.4490515
5067,80,89.93895,15.07273
5068,80,89.93895,15.07273
5069,80,89.93895,15.07273
5070,80,89.6337015,15.07273
5071,80,89.328453,15.07273
5072,80,89.328453,15.07273
5073,80,89.328453,12.6391515
5074,80,88.9743615,10.205573
5075,80,88.62027,10.205573
5076,80,88.62027,10.205573
5077,80,88.62027,10.205573
5078,80,88.62027,8.4480475
5079,80,88.168499,6.690522
5080,80,87.716728,6.690522
5081,80,87.716728,6.690522
5082,80,87.716728,6.690522
5083,80,87.387058,6.690522
5084,80,87.057388,6.690522
5085,80,87.057388,5.0504115
5086,80,87.057388,3.410301
5087,80,87.057388,3.410301
5088,80,86.4590985,3.410301
5089,80,85.860809,3.410301
5090,80,85.860809,3.410301
5092,80,85.860809,1.063265
5093,80,84.981689,1.063265
5094,80,84.981689,1.063265
5095,80,84.981689,1.063265
5096,80,84.981689,1.063265
5097,80,84.4078175,0.5316325
5098,80,83.833946,0
5099,80,83.833946,0
5100,80,83.833946,0
5101,80,83.333336,0
5102,80,82.832726,0
5103,80,82.832726,0
5104,80,82.832726,0
5105,80,82.832726,0
5106,80,82.271065,0
5107,80,81.709404,0
5108,80,81.709404,0
5109,80,81.709404,0
5110,80,81.172161,0.1161705
5111,80,80.634918,0.232341
5112,80,80.634918,0.232341
5113,80,80.634918,0.232341
5114,80,80.634918,0.232341
5115,80,80.134308,0.232341
5116,80,79.633698,0.7052905
5117,80,79.633698,1.17824
5118,80,79.633698,1.17824
5119,80,79.1086695,1.17824
5120,80,78.583641,1.17824
5122,80,78.583641,1.17824
5123,80,78.583641,2.699496
5124,80,78.034191,2.699496
5125,80,77.484741,2.699496
5126,80,77.484741,2.699496
5127,80,77.484741,2.699496
5128,80,76.9108695,2.699496
5129,80,76.336998,4.031746
5130,80,76.336998,5.363996
5131,80,76.336998,5.363996
5132,80,76.336998,5.363996
5133,80,75.799759,5.363996
5134,80,75.26252,5.363996
5135,80,75.26252,6.8567465
5136,80,75.26252,8.349497
5137,80,74.810749,8.349497
5138,80,74.358978,8.349497
5139,80,74.358978,8.349497
5140,80,74.358978,8.349497
5141,80,74.358978,10.3412175
5142,80,73.7851065,12.332938
5143,80,73.211235,12.332938
5144,80,73.211235,12.332938
5145,80,73.211235,12.332938
5146,80,72.7472535,12.332938
5147,80,72.283272,12.332938
5148,80,72.283272,15.0141665
5149,80,72.283272,17.695395
5150,80,72.283272,17.695395
5151,80,71.807083,17.695395
5152,80,71.330894,17.695395
5153,80,71.330894,17.695395
5154,80,71.330894,20.122245
5155,80,71.050064,22.549095
5156,80,70.769234,22.549095
5157,80,70.769234,22.549095
5158,80,70.769234,22.549095
5159,80,70.769234,25.135085
5160,80,70.341881,27.721075
5161,80,69.914528,27.721075
5162,80,69.914528,27.721075
5163,80,69.914528,27.721075
5164,80,69.6581195,27.721075
5165,80,69.401711,27.721075
5166,80,69.401711,30.9478425
5167,80,69.401711,34.17461
5168,80,69.401711,34.17461
5169,80,69.1086695,34.17461
5170,80,68.815628,34.17461
5171,80,68.815628,34.17461
5172,80,68.815628,36.9319455
5173,80,68.68132,39.689281
5174,80,68.547012,39.689281
5175,80,68.547012,39.689281
5176,80,68.547012,39.689281
5177,80,68.547012,39.689281
5178,80,68.4127005,42.8379265
5179,80,68.278389,45.986572
5180,80,68.278389,45.986572
5181,80,68.278389,45.986572
5183,80,68.327232,45.986572
5184,80,68.327232,49.229141
5185,80,68.327232,52.47171
5186,80,68.327232,52.47171
5187,80,68.5225905,52.47171
5188,80,68.717949,52.47171
5189,80,68.717949,52.47171
5190,80,68.717949,55.038767
5191,80,68.717949,57.605824
5192,80,68.937729,57.605824
5193,80,69.157509,57.605824
5194,80,69.157509,57.605824
5195,80,69.157509,57.605824
5196,80,69.157509,57.605824
5197,80,69.4139215,60.2771225
5198,80,69.670334,62.948421
5199,80,69.670334,62.948421
5200,80,69.670334,62.948421
5201,80,69.670334,62.948421
5202,80,70.024422,62.948421
5203,80,70.37851,62.948421
5204,80,70.37851,65.375158
5205,80,70.37851,67.801895
5206,80,70.7203905,67.801895
5207,80,71.062271,67.801895
5208,80,71.062271,67.801895
5209,80,71.062271,69.71265
5210,80,71.062271,71.623405
5211,80,71.5628815,71.623405
5212,80,72.063492,71.623405
5213,80,72.063492,71.623405
5214,80,72.2344325,73.4142795
5215,80,72.405373,75.205154
5216,80,72.405373,75.205154
5217,80,72.405373,75.205154
5218,80,72.405373,75.205154
5219,80,72.930405,75.205154
5220,80,73.455437,75.205154
5221,80,73.455437,76.680954
5222,80,73.455437,78.156754
5223,80,74.004887,78.156754
5224,80,74.554337,78.156754
5225,80,74.554337,78.156754
5226,80,74.554337,79.088547
5227,80,74.554337,80.02034
5228,80,75.067158,80.02034
5229,80,75.579979,80.02034
5230,80,75.579979,80.02034
5231,80,75.579979,80.02034
5232,80,75.9584885,80.02034
5233,80,76.336998,80.7831495
5234,80,76.336998,81.545959
5235,80,76.336998,81.545959
5236,80,76.336998,81.545959
5237,80,76.776558,81.545959
5238,80,77.216118,81.545959
5239,80,77.216118,81.954128
5240,80,77.216118,82.362297
5241,80,77.216118,82.362297
5243,80,78.168503,82.362297
5244,80,78.168503,82.362297
5245,80,78.168503,82.4560585
5246,80,78.62027,82.54982
5247,80,79.072037,82.54982
5248,80,79.072037,82.54982
5249,80,79.072037,82.54982
5250,80,79.49939,82.54982
5251,80,79.926743,82.54982
5252,80,79.926743,82.334507
5253,80,79.926743,82.119194
5254,80,79.926743,82.119194
5255,80,80.3785135,82.119194
5256,80,80.830284,82.119194
5257,80,80.830284,81.567421
5258,80,80.830284,81.015648
5259,80,80.830284,81.015648
5260,80,81.367523,81.015648
5261,80,81.904762,81.015648
5262,80,81.904762,81.015648
5263,80,81.904762,81.015648
5264,80,82.368744,80.1058235
5265,80,82.832726,79.195999
5266,80,82.832726,79.195999
5267,80,82.832726,79.195999
5268,80,82.832726,79.195999
5269,80,83.1990245,79.195999
5270,80,83.565323,77.852745
5271,80,83.565323,76.509491
5273,80,83.565323,76.509491
5274,80,84.590965,76.509491
5275,80,84.590965,76.509491
5276,80,84.590965,75.05912
5277,80,84.590965,73.608749
5278,80,84.920635,73.608749
5279,80,85.250305,73.608749
5280,80,85.250305,73.608749
5281,80,85.250305,73.608749
5282,80,85.250305,71.7712895
5283,80,85.897438,69.93383
5284,80,86.544571,69.93383
5285,80,86.544571,69.93383
5286,80,86.544571,69.93383
5287,80,86.86203,69.93383
5288,80,87.179489,69.93383
5289,80,87.179489,67.4815865
5290,80,87.179489,65.029343
5291,80,87.63126,65.029343
5292,80,88.083031,65.029343
5293,80,88.083031,65.029343
5294,80,88.083031,65.029343
5295,80,88.083031,62.787739
5296,80,88.388279,60.546135
5297,80,88.693527,60.546135
5298,80,88.693527,60.546135
5299,80,88.693527,60.546135
5300,80,88.693527,60.546135
5301,80,89.0842475,58.016796
5302,80,89.474968,55.487457
5303,80,89.474968,55.487457
5304,80,89.474968,55.487457
5305,80,89.694748,55.487457
5306,80,89.914528,55.487457
5307,80,89.914528,52.5097215
5308,80,89.914528,49.531986
5309,80,90.231991,49.531986
5310,80,90.549454,49.531986
5311,80,90.549454,49.531986
5312,80,90.549454,49.531986
5313,80,90.549454,46.81921
5314,80,90.6959725,44.106434
5315,80,90.842491,44.106434
5316,80,90.842491,44.106434
5317,80,90.842491,44.106434
5318,80,90.842491,44.106434
5319,80,91.0012205,41.080084
5320,80,91.15995,38.053734
5321,80,91.15995,38.053734
5322,80,91.15995,38.053734
5323,80,91.26984,38.053734
5324,80,91.37973,38.053734
5325,80,91.37973,34.9689465
5326,80,91.37973,31.884159
5327,80,91.3064725,31.884159
5328,80,91.233215,31.884159
5329,80,91.233215,31.884159
5330,80,91.233215,31.884159
5331,80,91.233215,29.2426635
5332,80,91.1843755,26.601168
5333,80,91.135536,26.601168
5334,80,91.135536,26.601168
5335,80,91.135536,26.601168
5336,80,91.135536,26.601168
5337,80,90.842495,23.8945895
5338,80,90.549454,21.188011
5339,80,90.549454,21.188011
5340,80,90.549454,21.188011
5341,80,90.329674,21.188011
5342,80,90.109894,21.188011
5343,80,90.109894,18.5650775
5344,80,90.109894,15.942144
5345,80,90.109894,15.942144
5346,80,89.890114,15.942144
5347,80,89.670334,15.942144
5348,80,89.670334,15.942144
5349,80,89.670334,13.7702565
5350,80,89.365082,11.598369
5351,80,89.05983,11.598369
5352,80,89.05983,11.598369
5353,80,89.05983,11.598369
5354,80,89.05983,11.598369
5355,80,88.608059,9.69215
5356,80,88.156288,7.785931
5357,80,88.156288,7.785931
5358,80,88.156288,7.785931
5359,80,87.8876685,7.785931
5360,80,87.619049,7.785931
5361,80,87.619049,7.785931
5362,80,87.619049,5.9622285
5363,80,87.106228,4.138526
5364,80,86.593407,4.138526
5365,80,86.593407,4.138526
5366,80,86.593407,4.138526
5367,80,86.593407,2.976939
5368,80,86.043957,1.815352
5369,80,85.494507,1.815352
5370,80,85.494507,1.815352
5371,80,85.494507,1.815352
5372,80,85.494507,1.815352
5373,80,84.957268,1.815352
5374,80,84.420029,0.9113205
5375,80,84.420029,0.007289
5376,80,84.420029,0.007289
5377,80,83.9072075,0.007289
5378,80,83.394386,0.007289
5379,80,83.394386,0.007289
5380,80,83.394386,0.007289
5381,80,82.869354,0.0036445
5382,80,82.344322,0
5383,80,82.344322,0
5384,80,82.344322,0
5385,80,82.344322,0
5386,80,81.7582435,0.0335685
5387,80,81.172165,0.067137
5388,80,81.172165,0.067137
5389,80,81.172165,0.067137
5390,80,81.172165,0.067137
5391,80,80.622715,0.067137
5392,80,80.073265,0.067137
5394,80,80.073265,0.905099
5395,80,79.548233,0.905099
5396,80,79.023201,0.905099
5397,80,79.023201,0.905099
5398,80,79.023201,0.905099
5399,80,79.023201,1.6013225
5400,80,78.46154,2.297546
5401,80,77.899879,2.297546
5402,80,77.899879,2.297546
5403,80,77.899879,2.297546
5404,80,77.36264,2.297546
5405,80,76.825401,3.4192875
5406,80,76.825401,4.541029
5407,80,76.825401,4.541029
5408,80,76.825401,4.541029
5409,80,76.2515295,4.541029
5410,80,75.677658,4.541029
5411,80,75.677658,4.541029
5412,80,75.677658,6.3764525
5413,80,75.677658,8.211876
5414,80,75.1770475,8.211876
5415,80,74.676437,8.211876
5416,80,74.676437,8.211876
5417,80,74.676437,8.211876
5418,80,74.676437,8.211876
5419,80,74.0781475,10.069342
5420,80,73.479858,11.926808
5421,80,73.479858,11.926808
5422,80,73.479858,11.926808
5423,80,72.9426155,11.926808
5424,80,72.405373,11.926808
5425,80,72.405373,11.926808
5426,80,72.405373,16.558529
5427,80,72.405373,16.558529
5428,80,71.9780235,16.558529
5429,80,71.550674,16.558529
5430,80,71.550674,16.558529
5431,80,71.550674,19.260585
5432,80,71.147743,21.962641
5433,80,70.744812,21.962641
5434,80,70.744812,21.962641
5435,80,70.744812,21.962641
5436,80,70.5006105,24.5072435
5437,80,70.256409,27.051846
5438,80,70.256409,27.051846
5439,80,70.256409,27.051846
5440,80,69.82906,27.051846
5441,80,69.401711,27.051846
5442,80,69.401711,29.994465
5443,80,69.401711,32.937084
5444,80,69.401711,32.937084
5445,80,69.2307705,32.937084
5446,80,69.05983,32.937084
5447,80,69.05983,32.937084
5448,80,69.05983,32.937084
5449,80,69.05983,36.269941
5450,80,68.827839,39.602798
5451,80,68.595848,39.602798
5452,80,68.595848,39.602798
5454,80,68.595848,39.602798
5455,80,68.278389,45.097473
5456,80,68.278389,45.097473
5457,80,68.278389,45.097473
5458,80,68.278389,45.097473
5459,80,68.2051275,45.097473
5460,80,68.131866,45.097473
5461,80,68.131866,48.1757585
5462,80,68.131866,51.254044
5463,80,68.351646,51.254044
5464,80,68.571426,51.254044
5465,80,68.571426,51.254044
5466,80,68.571426,51.254044
5467,80,68.571426,54.5618115
5468,80,68.7667885,57.869579
5469,80,68.962151,57.869579
5470,80,68.962151,57.869579
5471,80,68.962151,57.869579
5472,80,69.2063525,57.869579
5473,80,69.450554,60.262863
5474,80,69.450554,62.656147
5475,80,69.450554,62.656147
5476,80,69.450554,62.656147
5477,80,69.7435915,62.656147
5478,80,70.036629,62.656147
5479,80,70.036629,62.656147
5480,80,70.036629,65.177397
5481,80,70.036629,67.698647
5482,80,70.4883995,67.698647
5483,80,70.94017,67.698647
5484,80,70.94017,67.698647
5485,80,70.94017,69.6261025
5486,80,70.94017,71.553558
5487,80,71.3186795,71.553558
5488,80,71.697189,71.553558
5489,80,71.697189,71.553558
5490,80,72.026863,71.553558
5491,80,72.356537,73.4206465
5492,80,72.356537,75.287735
5493,80,72.356537,75.287735
5494,80,72.356537,75.287735
5495,80,72.8449365,75.287735
5496,80,73.333336,75.287735
5497,80,73.333336,75.287735
5498,80,73.333336,76.823147
5499,80,73.333336,78.358559
5500,80,73.760685,78.358559
5501,80,74.188034,78.358559
5502,80,74.188034,78.358559
5503,80,74.188034,78.358559
5504,80,74.188034,79.409508
5505,80,74.725277,80.460457
5506,80,75.26252,80.460457
5507,80,75.26252,80.460457
5508,80,75.26252,80.460457
5509,80,75.26252,80.460457
5510,80,75.7387085,81.2395135
5511,80,76.214897,82.01857
5512,80,76.214897,82.01857
5514,80,76.80098,82.01857
5515,80,76.80098,82.01857
5516,80,76.80098,82.01857
5517,80,76.80098,82.4849775
5518,80,77.313801,82.951385
5519,80,77.826622,82.951385
5520,80,77.826622,82.951385
5521,80,77.826622,82.951385
5522,80,77.826622,82.951385
5523,80,78.35165,82.967754
5524,80,78.876678,82.984123
5525,80,78.876678,82.984123
5526,80,78.876678,82.984123
5527,80,78.876678,82.984123
5528,80,79.426128,82.984123
5529,80,79.975578,82.7730675
5530,80,79.975578,82.562012
5531,80,80.3662985,82.562012
5532,80,80.757019,82.562012
5533,80,80.757019,82.562012
5534,80,80.757019,82.562012
5535,80,80.757019,82.562012
5536,80,81.20879,81.9050255
5537,80,81.660561,81.248039
5538,80,81.660561,81.248039
5539,80,81.660561,81.248039
5540,80,81.660561,81.248039
5541,80,82.148964,80.3947905
5542,80,82.637367,79.541542
5543,80,82.637367,79.541542
5544,80,82.637367,79.541542
5545,80,82.637367,79.541542
5546,80,83.1501845,79.541542
5547,80,83.663002,78.357887
5548,80,83.663002,77.174232
5549,80,83.663002,77.174232
5550,80,84.004883,77.174232
5551,80,84.346764,77.174232
5552,80,84.346764,77.174232
5553,80,84.346764,77.174232
5554,80,84.346764,75.53479
5555,80,84.859585,73.895348
5556,80,85.372406,73.895348
5557,80,85.372406,73.895348
5558,80,85.372406,73.895348
5559,80,85.799755,72.2138405
5560,80,86.227104,70.532333
5561,80,86.227104,70.532333
5562,80,86.227104,70.532333
5563,80,86.227104,70.532333
5564,80,86.7032965,70.532333
5565,80,87.179489,68.3522945
5566,80,87.179489,66.172256
5567,80,87.179489,66.172256
5568,80,87.5579985,66.172256
5569,80,87.936508,66.172256
5570,80,87.936508,66.172256
5571,80,87.936508,66.172256
5572,80,87.936508,63.6562915
5573,80,88.2905995,61.140327
5574,80,88.644691,61.140327
5575,80,88.644691,61.140327
5576,80,88.644691,61.140327
5577,80,88.644691,58.704647
5578,80,89.0354115,56.268967
5579,80,89.426132,56.268967
5580,80,89.426132,56.268967
5581,80,89.426132,56.268967
5582,80,89.426132,56.268967
5583,80,89.743591,56.268967
5584,80,90.06105,53.439602
5585,80,90.06105,50.610237
5586,80,90.3296695,50.610237
5587,80,90.598289,50.610237
5588,80,90.598289,50.610237
5589,80,90.598289,50.610237
5590,80,90.598289,47.5287875
5591,80,90.818069,44.447338
5592,80,91.037849,44.447338
5593,80,91.037849,44.447338
5594,80,91.037849,44.447338
5595,80,91.037849,44.447338
5596,80,91.135532,41.562357
5597,80,91.233215,38.677376
5598,80,91.233215,38.677376
5599,80,91.233215,38.677376
5600,80,91.3308945,38.677376
5601,80,91.428574,38.677376
5602,80,91.428574,35.7605575
5603,80,91.428574,32.843739
5605,80,91.257629,32.843739
5606,80,91.257629,32.843739
5607,80,91.257629,32.843739
5608,80,91.257629,32.843739
5609,80,91.1965825,29.6480505
5610,80,91.135536,26.452362
5611,80,91.135536,26.452362
5612,80,91.135536,26.452362
5613,80,91.135536,26.452362
5614,80,91.135536,26.452362
5615,80,90.9157525,23.9328775
5616,80,90.695969,21.413393
5617,80,90.695969,21.413393
5618,80,90.695969,21.413393
5619,80,90.5372395,21.413393
5620,80,90.37851,21.413393
5621,80,90.37851,18.783099
5622,80,90.37851,16.152805
5623,80,90.37851,16.152805
5624,80,90.024422,16.152805
5625,80,89.670334,16.152805
5626,80,89.670334,16.152805
5627,80,89.670334,16.152805
5628,80,89.438343,13.451518
5629,80,89.206352,10.750231
5630,80,89.206352,10.750231
5631,80,89.206352,10.750231
5632,80,88.8400495,10.750231
5633,80,88.473747,9.028796
5634,80,88.473747,7.307361
5635,80,88.473747,7.307361
5636,80,88.058609,7.307361
5637,80,87.643471,7.307361
5638,80,87.643471,7.307361
5639,80,87.643471,5.5003625
5640,80,87.643471,3.693364
5641,80,87.106228,3.693364
5642,80,86.568985,3.693364
5643,80,86.568985,3.693364
5644,80,86.568985,2.5575405
5645,80,86.141636,1.421717
5646,80,85.714287,1.421717
5647,80,85.714287,1.421717
5648,80,85.714287,1.421717
5649,80,85.714287,1.421717
5650,80,85.177048,1.421717
5651,80,84.639809,0.7108585
5652,80,84.639809,0
5653,80,84.639809,0
5654,80,84.639809,0
5655,80,84.065937,0
5656,80,83.492065,0
5657,80,83.492065,0
5658,80,83.492065,0
5659,80,83.492065,0
5660,80,82.9181935,0
5661,80,82.344322,0
5662,80,82.344322,0
5663,80,82.344322,0.0069845
5664,80,81.819294,0.013969
5665,80,81.294266,0.013969
5666,80,81.294266,0.013969
5667,80,81.294266,0.013969
5668,80,80.659344,0.013969
5669,80,80.024422,0.013969
5670,80,80.024422,0.3229095
5671,80,80.024422,0.63185
5672,80,80.024422,0.63185
5673,80,79.5116005,0.63185
5674,80,78.998779,0.63185
5675,80,78.998779,0.63185
5676,80,78.998779,1.452946
5677,80,78.998779,2.274042
5678,80,78.35165,2.274042
5679,80,77.704521,2.274042
5680,80,77.704521,2.274042
5681,80,77.704521,2.274042
5682,80,77.2527505,3.2467595
5683,80,76.80098,4.219477
5684,80,76.80098,4.219477
5685,80,76.80098,4.219477
5686,80,76.80098,4.219477
5687,80,76.239319,4.219477
5688,80,75.677658,5.6897445
5689,80,75.677658,7.160012
5690,80,75.677658,7.160012
5691,80,75.0793685,7.160012
5692,80,74.481079,7.160012
5693,80,74.481079,7.160012
5695,80,74.481079,11.091263
5696,80,73.968258,11.091263
5697,80,73.455437,11.091263
5698,80,73.455437,11.091263
5699,80,73.455437,11.091263
5700,80,73.040295,13.159584
5701,80,72.625153,15.227905
5702,80,72.625153,15.227905
5703,80,72.625153,15.227905
5704,80,72.625153,15.227905
5705,80,72.173382,15.227905
5706,80,71.721611,17.5911475
5707,80,71.721611,19.95439
5708,80,71.721611,19.95439
5709,80,71.257633,19.95439
5710,80,70.793655,19.95439
5711,80,70.793655,19.95439
5712,80,70.793655,19.95439
5713,80,70.793655,22.906958
5714,80,70.4639815,25.859526
5715,80,70.134308,25.859526
5716,80,70.134308,25.859526
5717,80,70.134308,25.859526
5718,80,69.8534775,25.859526
5719,80,69.572647,28.5489665
5720,80,69.572647,31.238407
5721,80,69.572647,31.238407
5722,80,69.572647,31.238407
5723,80,69.2918205,31.238407
5724,80,69.010994,31.238407
5725,80,69.010994,31.238407
5726,80,69.010994,37.291374
5727,80,69.010994,37.291374
5728,80,68.8400535,37.291374
5729,80,68.669113,37.291374
5730,80,68.669113,37.291374
5731,80,68.669113,37.291374
5732,80,68.5225905,41.053972
5733,80,68.376068,44.81657
5734,80,68.376068,44.81657
5735,80,68.376068,44.81657
5736,80,68.35165,44.81657
5737,80,68.327232,47.5419865
5738,80,68.327232,50.267403
5739,80,68.327232,50.267403
5740,80,68.327232,50.267403
5741,80,68.4127005,50.267403
5742,80,68.498169,50.267403
5743,80,68.498169,50.267403
5744,80,68.498169,53.3024465
5745,80,68.498169,56.33749
5746,80,68.73016,56.33749
5747,80,68.962151,56.33749
5748,80,68.962151,56.33749
5749,80,68.962151,56.33749
5750,80,68.962151,58.8649045
5751,80,69.2185595,61.392319
5752,80,69.474968,61.392319
5753,80,69.474968,61.392319
5754,80,69.804638,61.392319
5755,80,70.134308,61.392319
5756,80,70.134308,61.392319
5757,80,70.134308,66.260475
5758,80,70.134308,66.260475
5759,80,70.43956,66.260475
5760,80,70.744812,66.260475
5761,80,70.744812,66.260475
5762,80,70.744812,66.260475
5763,80,70.744812,68.715187
5764,80,71.147743,71.169899
5765,80,71.550674,71.169899
5766,80,71.550674,71.169899
5767,80,71.550674,71.169899
5768,80,71.550674,71.169899
5769,80,71.9780235,72.8426435
5770,80,72.405373,74.515388
5771,80,72.405373,74.515388
5772,80,72.7472535,74.515388
5773,80,73.089134,74.515388
5774,80,73.089134,74.515388
5775,80,73.089134,76.0268285
5776,80,73.089134,77.538269
5777,80,73.638584,77.538269
5778,80,74.188034,77.538269
5779,80,74.188034,77.538269
5780,80,74.188034,77.538269
5781,80,74.188034,78.7749175
5782,80,74.615387,80.011566
5783,80,75.04274,80.011566
5784,80,75.04274,80.011566
5786,80,75.04274,80.011566
5787,80,75.5189285,80.7561795
5788,80,75.995117,81.500793
5789,80,75.995117,81.500793
5790,80,75.995117,81.500793
5791,80,75.995117,81.500793
5792,80,76.544567,81.500793
5793,80,77.094017,81.937561
5794,80,77.094017,82.374329
5795,80,77.4481085,82.374329
5796,80,77.8022,82.374329
5797,80,77.8022,82.374329
5798,80,77.8022,82.374329
5799,80,77.8022,82.374329
5800,80,78.24176,82.5739825
5801,80,78.68132,82.773636
5802,80,78.68132,82.773636
5803,80,78.68132,82.773636
5804,80,78.68132,82.773636
5805,80,79.206352,82.773636
5806,80,79.731384,82.58173
5807,80,79.731384,82.389824
5808,80,79.731384,82.389824
5809,80,79.731384,82.389824
5810,80,80.2564125,82.389824
5811,80,80.781441,82.389824
5812,80,80.781441,81.862816
5813,80,81.1233215,81.335808
5814,80,81.465202,81.335808
5816,80,81.465202,81.335808
5817,80,81.465202,81.335808
5818,80,81.929184,81.335808
5819,80,82.393166,80.3738555
5820,80,82.393166,79.411903
5821,80,82.393166,79.411903
5822,80,82.393166,79.411903
5823,80,82.930405,79.411903
5824,80,83.467644,79.411903
5825,80,83.467644,78.22332
5826,80,83.467644,77.034737
5827,80,83.467644,77.034737
5828,80,83.907204,77.034737
5829,80,84.346764,77.034737
5830,80,84.346764,77.034737
5831,80,84.7130665,75.5574535
5832,80,85.079369,74.08017
5833,80,85.079369,74.08017
5834,80,85.079369,74.08017
5835,80,85.079369,74.08017
5836,80,85.5433465,74.08017
5837,80,86.007324,72.120823
5838,80,86.007324,70.161476
5839,80,86.007324,70.161476
5840,80,86.007324,70.161476
5841,80,86.4835165,70.161476
5842,80,86.959709,70.161476
5843,80,86.959709,68.1361505
5844,80,86.959709,66.110825
5846,80,86.959709,66.110825
5847,80,87.887672,66.110825
5848,80,87.887672,66.110825
5849,80,87.887672,63.6584455
5850,80,88.2051315,61.206066
5851,80,88.522591,61.206066
5852,80,88.522591,61.206066
5853,80,88.522591,61.206066
5854,80,88.8766825,61.206066
5855,80,89.230774,61.206066
5856,80,89.230774,61.206066
5857,80,89.230774,58.097368
5858,80,89.230774,54.98867
5859,80,89.572651,54.98867
5860,80,89.914528,54.98867
5861,80,89.914528,54.98867
5862,80,89.914528,52.3502365
5863,80,89.914528,49.711803
5864,80,90.207569,49.711803
5865,80,90.50061,49.711803
5866,80,90.50061,49.711803
5867,80,90.50061,49.711803
5868,80,90.50061,46.9653775
5869,80,90.732601,44.218952
5870,80,90.964592,44.218952
5871,80,90.964592,44.218952
5872,80,90.964592,44.218952
5873,80,91.050064,44.218952
5874,80,91.135536,44.218952
5876,80,91.135536,37.649509
5877,80,91.135536,37.649509
5878,80,91.233215,37.649509
5879,80,91.330894,37.649509
5880,80,91.330894,37.649509
5881,80,91.330894,34.929819
5882,80,91.330894,32.210129
5883,80,91.2820545,32.210129
5884,80,91.233215,32.210129
5885,80,91.233215,32.210129
5886,80,91.233215,32.210129
5887,80,91.233215,32.210129
5888,80,91.1111145,29.2301245
5889,80,90.989014,26.25012
5890,80,90.989014,26.25012
5891,80,90.989014,26.25012
5892,80,90.9157525,26.25012
5893,80,90.842491,26.25012
5894,80,90.842491,23.380086
5895,80,90.842491,20.510052
5896,80,90.842491,20.510052
5897,80,90.5738715,20.510052
5898,80,90.305252,20.510052
5899,80,90.305252,18.303958
5900,80,90.305252,16.097864
5901,80,90.0244215,16.097864
5902,80,89.743591,16.097864
5903,80,89.743591,16.097864
5904,80,89.743591,16.097864
5906,80,89.743591,11.526596
5907,80,88.913307,11.526596
5908,80,88.913307,11.526596
5909,80,88.6324765,11.526596
5910,80,88.351646,11.526596
5911,80,88.351646,9.436556
5912,80,88.351646,7.346516
5913,80,88.351646,7.346516
5914,80,87.9853475,7.346516
5915,80,87.619049,7.346516
5916,80,87.619049,7.346516
5917,80,87.619049,5.7685395
5918,80,87.619049,4.190563
5919,80,87.1184385,4.190563
5920,80,86.617828,4.190563
5921,80,86.617828,4.190563
5922,80,86.617828,4.190563
5923,80,86.617828,2.9507865
5924,80,86.0317455,1.71101
5925,80,85.445663,1.71101
5926,80,85.445663,1.71101
5927,80,85.445663,1.71101
5928,80,85.445663,1.71101
5929,80,84.932846,1.71101
5930,80,84.420029,0.855505
5931,80,84.420029,0
5932,80,84.420029,0
5933,80,83.9194185,0
5934,80,83.418808,0
5935,80,83.418808,0
5936,80,83.418808,0
5937,80,83.418808,0
5938,80,82.246643,0
5939,80,82.246643,0
5940,80,82.246643,0
5941,80,82.246643,0.0018205
5942,80,81.7582435,0.003641
5943,80,81.269844,0.003641
5944,80,81.269844,0.003641
5945,80,81.269844,0.003641
5946,80,80.732601,0.003641
5947,80,80.195358,0.003641
5948,80,80.195358,0.4118585
5949,80,80.195358,0.820076
5950,80,80.195358,0.820076
5951,80,79.694748,0.820076
5952,80,79.194138,0.820076
5953,80,79.194138,0.820076
5954,80,79.194138,1.4539695
5955,80,78.5714305,2.087863
5956,80,77.948723,2.087863
5957,80,77.948723,2.087863
5958,80,77.948723,2.087863
5959,80,77.948723,2.087863
5960,80,77.4725305,3.0997345
5961,80,76.996338,4.111606
5962,80,76.996338,4.111606
5963,80,76.996338,4.111606
5964,80,76.5201495,4.111606
5965,80,76.043961,4.111606
5967,80,76.043961,7.165705
5968,80,75.4456675,7.165705
5969,80,74.847374,7.165705
5970,80,74.847374,7.165705
5971,80,74.847374,7.165705
5972,80,74.847374,8.8209475
5973,80,74.3589745,10.47619
5974,80,73.870575,10.47619
5975,80,73.870575,10.47619
5976,80,73.870575,10.47619
5977,80,73.870575,10.47619
5978,80,73.345543,12.6318795
5979,80,72.820511,14.787569
5980,80,72.820511,14.787569
5981,80,72.820511,14.787569
5982,80,72.393162,14.787569
5983,80,71.965813,14.787569
5984,80,71.965813,14.787569
5985,80,71.965813,17.3476135
5986,80,71.965813,19.907658
5987,80,71.599514,19.907658
5988,80,71.233215,19.907658
5989,80,71.233215,19.907658
5990,80,71.233215,19.907658
5991,80,70.7936515,22.3477195
5992,80,70.354088,24.787781
5993,80,70.354088,24.787781
5994,80,70.354088,24.787781
5995,80,70.354088,24.787781
5996,80,70.0610505,24.787781
5997,80,69.768013,27.7091065
5998,80,69.768013,30.630432
5999,80,69.768013,30.630432
6000,80,69.768013,30.630432
6001,80,69.4139215,30.630432
6002,80,69.05983,30.630432
6003,80,69.05983,33.963997
6004,80,69.0109905,37.297562
6005,80,68.962151,37.297562
6006,80,68.962151,37.297562
6007,80,68.962151,37.297562
6008,80,68.73016,37.297562
6009,80,68.498169,40.3847925
6010,80,68.498169,43.472023
6011,80,68.498169,43.472023
6012,80,68.3394395,43.472023
6013,80,68.18071,43.472023
6014,80,68.18071,46.486727
6015,80,68.18071,49.501431
6016,80,68.18071,49.501431
6017,80,68.278389,49.501431
6018,80,68.376068,49.501431
6019,80,68.376068,49.501431
6020,80,68.376068,49.501431
6021,80,68.5225905,52.5920185
6022,80,68.669113,55.682606
6023,80,68.669113,55.682606
6024,80,68.669113,55.682606
6025,80,68.669113,55.682606
6027,80,69.27961,55.682606
6028,80,69.27961,60.662682
6029,80,69.27961,60.662682
6030,80,69.27961,60.662682
6031,80,69.487179,60.662682
6032,80,69.694748,60.662682
6033,80,69.694748,60.662682
6034,80,69.694748,63.094601
6035,80,69.694748,65.52652
6036,80,70.0488395,65.52652
6037,80,70.402931,65.52652
6038,80,70.402931,65.52652
6039,80,70.402931,65.52652
6040,80,70.7936515,65.52652
6041,80,71.184372,68.0660785
6042,80,71.184372,70.605637
6043,80,71.184372,70.605637
6044,80,71.5750925,70.605637
6045,80,71.965813,70.605637
6046,80,71.965813,72.159775
6047,80,71.965813,73.713913
6048,80,71.965813,73.713913
6049,80,72.466423,73.713913
6050,80,72.967033,73.713913
6051,80,72.967033,73.713913
6052,80,72.967033,73.713913
6053,80,72.967033,75.376137
6054,80,73.296703,77.038361
6055,80,73.626373,77.038361
6057,80,73.626373,77.038361
6058,80,74.0293045,78.2151605
6059,80,74.432236,79.39196
6060,80,74.432236,79.39196
6061,80,74.432236,79.39196
6062,80,74.432236,79.39196
6063,80,74.9206355,79.39196
6064,80,75.409035,80.2379455
6065,80,75.409035,81.083931
6066,80,75.409035,81.083931
6067,80,75.9706955,81.083931
6068,80,76.532356,81.083931
6069,80,76.532356,81.083931
6070,80,76.532356,81.083931
6071,80,76.532356,81.083931
6072,80,76.9230765,81.722637
6073,80,77.313797,82.361343
6074,80,77.313797,82.361343
6075,80,77.313797,82.361343
6076,80,77.765568,82.361343
6077,80,78.217339,82.5494
6078,80,78.217339,82.737457
6079,80,78.217339,82.737457
6080,80,78.217339,82.737457
6081,80,78.644688,82.737457
6082,80,79.072037,82.737457
6083,80,79.072037,82.737457
6084,80,79.072037,82.5696905
6085,80,79.072037,82.401924
6087,80,80.195358,82.401924
6088,80,80.195358,82.401924
6089,80,80.195358,82.401924
6090,80,80.634922,81.905857
6091,80,81.074486,81.40979
6092,80,81.074486,81.40979
6093,80,81.074486,81.40979
6094,80,81.514046,81.40979
6095,80,81.953606,81.40979
6096,80,81.953606,80.640564
6097,80,81.953606,79.871338
6098,80,81.953606,79.871338
6099,80,82.4175835,79.871338
6100,80,82.881561,79.871338
6101,80,82.881561,79.871338
6102,80,82.881561,78.650303
6103,80,82.881561,77.429268
6104,80,83.3821715,77.429268
6105,80,83.882782,77.429268
6106,80,83.882782,77.429268
6107,80,83.882782,77.429268
6108,80,84.3589745,77.429268
6109,80,84.835167,75.8585585
6110,80,84.835167,74.287849
6111,80,84.835167,74.287849
6112,80,85.2014655,74.287849
6113,80,85.567764,74.287849
6114,80,85.567764,72.6111675
6115,80,85.567764,70.934486
6116,80,85.567764,70.934486
6118,80,86.471306,70.934486
6119,80,86.471306,70.934486
6120,80,86.471306,70.934486
6121,80,86.471306,68.7878455
6122,80,86.9474985,66.641205
6123,80,87.423691,66.641205
6124,80,87.423691,66.641205
6125,80,87.423691,66.641205
6126,80,87.838829,66.641205
6127,80,88.253967,64.0215415
6128,80,88.253967,61.401878
6129,80,88.253967,61.401878
6130,80,88.583637,61.401878
6131,80,88.913307,61.401878
6132,80,88.913307,61.401878
6133,80,88.913307,58.924837
6134,80,88.913307,56.447796
6135,80,89.157509,56.447796
6136,80,89.401711,56.447796
6137,80,89.401711,56.447796
6138,80,89.401711,56.447796
6139,80,89.401711,53.6909945
6140,80,89.7558025,50.934193
6141,80,90.109894,50.934193
6142,80,90.109894,50.934193
6143,80,90.109894,50.934193
6144,80,90.109894,50.934193
6145,80,90.3418845,50.934193
6146,80,90.573875,47.774588
6147,80,90.573875,44.614983
6148,80,90.573875,44.614983
6149,80,90.805862,44.614983
6150,80,91.037849,44.614983
6151,80,91.037849,44.614983
6152,80,91.037849,41.673466
6153,80,91.147739,38.731949
6154,80,91.257629,38.731949
6155,80,91.257629,38.731949
6156,80,91.257629,38.731949
6157,80,91.257629,38.731949
6158,80,91.2210005,35.7788925
6159,80,91.184372,32.825836
6160,80,91.184372,32.825836
6161,80,91.184372,32.825836
6162,80,91.159954,32.825836
6163,80,91.135536,32.825836
6164,80,91.135536,32.825836
6165,80,91.135536,29.4513615
6166,80,90.9890135,26.076887
6167,80,90.842491,26.076887
6168,80,90.842491,26.076887
6169,80,90.842491,26.076887
6170,80,90.842491,26.076887
6171,80,90.76923,23.5202685
6172,80,90.695969,20.96365
6173,80,90.695969,20.96365
6174,80,90.695969,20.96365
6175,80,90.695969,20.96365
6176,80,90.4029315,20.96365
6177,80,90.109894,18.6133215
6178,80,90.109894,16.262993
6179,80,90.109894,16.262993
6180,80,90.109894,16.262993
6181,80,89.792431,16.262993
6182,80,89.474968,16.262993
6183,80,89.474968,13.847654
6184,80,89.474968,11.432315
6185,80,89.1819305,11.432315
6186,80,88.888893,11.432315
6187,80,88.888893,11.432315
6188,80,88.888893,11.432315
6189,80,88.4981725,9.635354
6190,80,88.107452,7.838393
6191,80,88.107452,7.838393
6192,80,88.107452,7.838393
6193,80,88.107452,7.838393
6194,80,87.716732,7.838393
6195,80,87.326012,6.1635845
6196,80,87.326012,4.488776
6197,80,87.326012,4.488776
6198,80,87.326012,4.488776
6199,80,86.75214,4.488776
6200,80,86.178268,4.488776
6201,80,86.178268,4.488776
6202,80,86.178268,3.1614055
6203,80,85.750919,1.834035
6204,80,85.32357,1.834035
6205,80,85.32357,1.834035
6206,80,85.32357,1.834035
6208,80,84.322342,0.114013
6209,80,84.322342,0.114013
6210,80,84.322342,0.114013
6211,80,84.322342,0.114013
6212,80,83.6996345,0.114013
6213,80,83.076927,0.085634
6214,80,83.076927,0.057255
6215,80,83.076927,0.057255
6216,80,83.076927,0.057255
6217,80,82.5152665,0.057255
6218,80,81.953606,0.057255
6219,80,81.953606,0.057255
6220,80,81.953606,0.1089135
6221,80,81.4652025,0.160572
6222,80,80.976799,0.160572
6223,80,80.976799,0.160572
6224,80,80.976799,0.160572
6225,80,80.43956,0.160572
6226,80,79.902321,0.441147
6227,80,79.902321,0.721722
6228,80,79.902321,0.721722
6229,80,79.902321,0.721722
6230,80,79.255192,0.721722
6231,80,78.608063,0.721722
6232,80,78.608063,1.3900785
6233,80,78.608063,2.058435
6234,80,78.608063,2.058435
6235,80,78.058609,2.058435
6236,80,77.509155,2.058435
6238,80,77.509155,2.058435
6239,80,76.984127,4.329739
6240,80,76.459099,4.329739
6241,80,76.459099,4.329739
6242,80,76.459099,4.329739
6243,80,75.9462775,4.329739
6244,80,75.433456,5.8110465
6245,80,75.433456,7.292354
6246,80,75.433456,7.292354
6247,80,75.433456,7.292354
6248,80,74.8840065,7.292354
6249,80,74.334557,7.292354
6250,80,74.334557,9.140949
6251,80,74.334557,10.989544
6252,80,74.334557,10.989544
6253,80,73.797314,10.989544
6254,80,73.260071,10.989544
6255,80,73.260071,10.989544
6256,80,73.260071,10.989544
6257,80,72.8449325,13.543134
6258,80,72.429794,16.096724
6259,80,72.429794,16.096724
6260,80,72.429794,16.096724
6261,80,71.9413945,16.096724
6262,80,71.452995,16.096724
6263,80,71.452995,18.476964
6264,80,71.452995,20.857204
6265,80,71.452995,20.857204
6266,80,71.123325,20.857204
6267,80,70.793655,20.857204
6268,80,70.793655,20.857204
6269,80,70.793655,23.370957
6270,80,70.793655,25.88471
6271,80,70.3663025,25.88471
6272,80,69.93895,25.88471
6273,80,69.93895,25.88471
6274,80,69.93895,25.88471
6275,80,69.71917,29.044221
6276,80,69.49939,32.203732
6277,80,69.49939,32.203732
6278,80,69.49939,32.203732
6279,80,69.2307705,32.203732
6280,80,68.962151,32.203732
6281,80,68.962151,34.988825
6282,80,68.962151,37.773918
6283,80,68.962151,37.773918
6284,80,68.84005,37.773918
6285,80,68.717949,37.773918
6286,80,68.717949,37.773918
6287,80,68.717949,40.880392
6288,80,68.717949,43.986866
6289,80,68.4249075,43.986866
6290,80,68.131866,43.986866
6291,80,68.131866,43.986866
6292,80,68.131866,43.986866
6293,80,68.253967,43.986866
6294,80,68.376068,47.3103065
6295,80,68.376068,50.633747
6296,80,68.376068,50.633747
6298,80,68.693527,50.633747
6299,80,68.693527,53.2187785
6300,80,68.693527,55.80381
6301,80,68.693527,55.80381
6302,80,68.8644675,55.80381
6303,80,69.035408,55.80381
6304,80,69.035408,55.80381
6305,80,69.035408,58.456951
6306,80,69.035408,61.110092
6307,80,69.328449,61.110092
6308,80,69.62149,61.110092
6309,80,69.62149,61.110092
6310,80,69.62149,61.110092
6311,80,69.89011,61.110092
6312,80,70.15873,63.7497255
6313,80,70.15873,66.389359
6314,80,70.15873,66.389359
6315,80,70.15873,66.389359
6316,80,70.5982895,66.389359
6317,80,71.037849,66.389359
6318,80,71.037849,68.371384
6319,80,71.037849,70.353409
6320,80,71.355312,70.353409
6321,80,71.672775,70.353409
6322,80,71.672775,70.353409
6323,80,71.672775,70.353409
6324,80,71.672775,72.0890735
6325,80,72.1733855,73.824738
6326,80,72.673996,73.824738
6327,80,72.673996,73.824738
6329,80,72.673996,73.824738
6330,80,73.455437,75.43882
6331,80,73.455437,77.052902
6332,80,73.455437,77.052902
6333,80,73.455437,77.052902
6334,80,73.8095245,77.052902
6335,80,74.163612,77.052902
6336,80,74.163612,78.141224
6337,80,74.163612,79.229546
6338,80,74.737484,79.229546
6339,80,75.311356,79.229546
6340,80,75.311356,79.229546
6341,80,75.311356,79.229546
6342,80,75.311356,80.1342735
6343,80,75.7509155,81.039001
6344,80,76.190475,81.039001
6345,80,76.190475,81.039001
6346,80,76.190475,81.039001
6347,80,76.5934065,81.039001
6348,80,76.996338,81.039001
6349,80,76.996338,81.6070935
6350,80,76.996338,82.175186
6351,80,76.996338,82.175186
6352,80,77.4725305,82.175186
6353,80,77.948723,82.175186
6354,80,77.948723,82.175186
6355,80,77.948723,82.316227
6356,80,77.948723,82.457268
6357,80,78.40049,82.457268
6358,80,78.852257,82.457268
6359,80,78.852257,82.457268
6360,80,78.852257,82.457268
6361,80,79.4139175,82.317871
6362,80,79.975578,82.178474
6363,80,79.975578,82.178474
6364,80,79.975578,82.178474
6365,80,80.39072,82.178474
6366,80,80.805862,82.178474
6367,80,80.805862,81.6567915
6368,80,80.805862,81.135109
6369,80,80.805862,81.135109
6370,80,81.1843715,81.135109
6371,80,81.562881,81.135109
6372,80,81.562881,81.135109
6373,80,81.562881,80.396843
6374,80,81.562881,79.658577
6375,80,82.0757025,79.658577
6376,80,82.588524,79.658577
6377,80,82.588524,79.658577
6378,80,82.588524,79.658577
6379,80,83.0525055,78.530102
6380,80,83.516487,77.401627
6381,80,83.516487,77.401627
6382,80,83.516487,77.401627
6383,80,83.9072075,77.401627
6384,80,84.297928,77.401627
6385,80,84.297928,77.401627
6386,80,84.297928,75.8312685
6387,80,84.297928,74.26091
6389,80,85.274727,74.26091
6390,80,85.274727,74.26091
6391,80,85.274727,72.654968
6392,80,85.274727,71.049026
6393,80,85.677658,71.049026
6394,80,86.080589,71.049026
6395,80,86.080589,71.049026
6396,80,86.080589,71.049026
6397,80,86.080589,68.9682575
6398,80,86.630039,66.887489
6399,80,87.179489,66.887489
6400,80,87.179489,66.887489
6401,80,87.496948,66.887489
6402,80,87.814407,66.887489
6403,80,87.814407,66.887489
6404,80,87.814407,64.418789
6405,80,87.814407,61.950089
6406,80,88.168499,61.950089
6407,80,88.522591,61.950089
6408,80,88.522591,61.950089
6409,80,88.522591,61.950089
6410,80,88.522591,59.52351
6411,80,88.852261,57.096931
6412,80,89.181931,57.096931
6413,80,89.181931,57.096931
6414,80,89.181931,57.096931
6415,80,89.181931,57.096931
6416,80,89.5482295,54.426357
6417,80,89.914528,51.755783
6419,80,89.914528,51.755783
6420,80,90.146519,51.755783
6421,80,90.37851,51.755783
6422,80,90.37851,51.755783
6423,80,90.37851,48.665304
6424,80,90.37851,45.574825
6425,80,90.6105005,45.574825
6426,80,90.842491,45.574825
6427,80,90.842491,45.574825
6428,80,90.842491,45.574825
6429,80,90.842491,42.6661165
6430,80,91.0012205,39.757408
6431,80,91.15995,39.757408
6432,80,91.15995,39.757408
6433,80,91.15995,39.757408
6434,80,91.257633,39.757408
6435,80,91.355316,36.700342
6436,80,91.355316,33.643276
6437,80,91.355316,33.643276
6438,80,91.355316,33.643276
6439,80,91.2210045,33.643276
6440,80,91.086693,33.643276
6441,80,91.086693,33.643276
6442,80,91.1111145,30.3630085
6443,80,91.135536,27.082741
6444,80,91.135536,27.082741
6445,80,91.135536,27.082741
6446,80,90.9645955,27.082741
6447,80,90.793655,24.48327
6448,80,90.793655,21.883799
6449,80,90.793655,21.883799
6450,80,90.793655,21.883799
6451,80,90.5372425,21.883799
6452,80,90.28083,21.883799
6453,80,90.28083,19.39965
6454,80,90.28083,16.915501
6455,80,90.28083,16.915501
6456,80,89.9389495,16.915501
6457,80,89.597069,16.915501
6458,80,89.597069,14.910126
6459,80,89.597069,12.904751
6460,80,89.34066,12.904751
6461,80,89.084251,12.904751
6462,80,89.084251,12.904751
6463,80,89.084251,12.904751
6464,80,89.084251,10.9231275
6465,80,88.766792,8.941504
6466,80,88.449333,8.941504
6467,80,88.449333,8.941504
6468,80,88.449333,8.941504
6469,80,88.449333,8.941504
6470,80,88.034191,8.941504
6471,80,87.619049,7.006333
6472,80,87.619049,5.071162
6473,80,87.619049,5.071162
6474,80,87.094017,5.071162
6475,80,86.568985,5.071162
6476,80,86.568985,5.071162
6477,80,86.568985,3.8548155
6478,80,86.117214,2.638469
6479,80,85.665443,2.638469
6480,80,85.665443,2.638469
6481,80,85.665443,2.638469
6482,80,85.665443,2.638469
6483,80,85.128204,1.676446
6484,80,84.590965,0.714423
6485,80,84.590965,0.714423
6486,80,84.590965,0.714423
6487,80,84.053726,0.714423
6488,80,83.516487,0.714423
6489,80,83.516487,0.357296
6490,80,83.516487,0.000169
6491,80,83.516487,0.000169
6492,80,82.869354,0.000169
6493,80,82.222221,0.000169
6494,80,82.222221,0.000169
6495,80,82.222221,0.023509
6496,80,81.7582435,0.046849
6497,80,81.294266,0.046849
6498,80,81.294266,0.046849
6499,80,81.294266,0.046849
6500,80,81.294266,0.046849
6501,80,80.7081835,0.273627
6502,80,80.122101,0.500405
6503,80,80.122101,0.500405
6504,80,80.122101,0.500405
6505,80,79.6092795,0.500405
6506,80,79.096458,0.500405
6507,80,79.096458,1.1526145
6508,80,79.096458,1.804824
6509,80,79.096458,1.804824
6510,80,79.096458,1.804824
6511,80,77.777779,1.804824
6512,80,77.777779,1.804824
6513,80,77.777779,2.784796
6514,80,77.2893795,3.764768
6515,80,76.80098,3.764768
6516,80,76.80098,3.764768
6517,80,76.80098,3.764768
6518,80,76.80098,3.764768
6519,80,76.25153,5.096772
6520,80,75.70208,6.428776
6521,80,75.70208,6.428776
6522,80,75.70208,6.428776
6523,80,75.70208,6.428776
6524,80,75.067158,6.428776
6525,80,74.432236,6.428776
6526,80,74.432236,8.369619
6527,80,74.432236,10.310462
6528,80,74.432236,10.310462
6529,80,73.894997,10.310462
6530,80,73.357758,10.310462
6531,80,73.357758,12.342479
6532,80,73.357758,14.374496
6533,80,72.8815655,14.374496
6534,80,72.405373,14.374496
6535,80,72.405373,14.374496
6536,80,72.405373,14.374496
6537,80,72.0146525,14.374496
6538,80,71.623932,16.8030365
6539,80,71.623932,19.231577
6540,80,71.623932,19.231577
6541,80,71.623932,19.231577
6542,80,71.2454225,19.231577
6543,80,70.866913,19.231577
6544,80,70.866913,19.231577
6545,80,70.866913,22.375045
6546,80,70.866913,25.518513
6547,80,70.4761925,25.518513
6548,80,70.085472,25.518513
6549,80,70.085472,25.518513
6550,80,70.085472,25.518513
6551,80,69.792431,28.2377685
6552,80,69.49939,30.957024
6553,80,69.49939,30.957024
6554,80,69.49939,30.957024
6555,80,69.1941415,30.957024
6556,80,68.888893,33.848555
6557,80,68.888893,36.740086
6558,80,68.888893,36.740086
6559,80,68.888893,36.740086
6560,80,68.79121,36.740086
6561,80,68.693527,36.740086
6562,80,68.693527,36.740086
6563,80,68.693527,40.1623765
6564,80,68.693527,43.584667
6565,80,68.3516465,43.584667
6566,80,68.009766,43.584667
6567,80,68.009766,43.584667
6568,80,68.009766,43.584667
6570,80,68.229546,49.356823
6571,80,68.229546,49.356823
6572,80,68.229546,49.356823
6573,80,68.229546,49.356823
6574,80,68.302807,49.356823
6575,80,68.376068,49.356823
6576,80,68.376068,52.352682
6577,80,68.376068,55.348541
6578,80,68.376068,55.348541
6579,80,68.583637,55.348541
6580,80,68.791206,55.348541
6581,80,68.791206,55.348541
6582,80,68.791206,58.290886
6583,80,68.791206,61.233231
6584,80,69.1819265,61.233231
6585,80,69.572647,61.233231
6586,80,69.572647,61.233231
6587,80,69.572647,61.233231
6588,80,69.572647,63.4481735
6589,80,69.804638,65.663116
6590,80,70.036629,65.663116
6591,80,70.036629,65.663116
6592,80,70.427349,65.663116
6593,80,70.818069,67.91716
6594,80,70.818069,70.171204
6595,80,70.818069,70.171204
6596,80,71.0134315,70.171204
6597,80,71.208794,70.171204
6598,80,71.208794,70.171204
6600,80,71.208794,74.241966
6601,80,72.380951,74.241966
6602,80,72.380951,74.241966
6603,80,72.380951,74.241966
6604,80,72.380951,74.241966
6605,80,72.808304,75.712803
6606,80,73.235657,77.18364
6607,80,73.235657,77.18364
6608,80,73.235657,77.18364
6609,80,73.565327,77.18364
6610,80,73.894997,77.18364
6611,80,73.894997,78.462975
6612,80,73.894997,79.74231
6613,80,73.894997,79.74231
6614,80,74.4566575,79.74231
6615,80,75.018318,79.74231
6616,80,75.018318,79.74231
6617,80,75.018318,79.74231
6618,80,75.018318,80.765999
6619,80,75.4090385,81.789688
6620,80,75.799759,81.789688
6621,80,75.799759,81.789688
6622,80,75.799759,81.789688
6623,80,75.799759,81.789688
6624,80,76.31258,82.3760835
6625,80,76.825401,82.962479
6626,80,76.825401,82.962479
6627,80,76.825401,82.962479
6628,80,77.179489,82.962479
6629,80,77.533577,82.962479
6630,80,77.533577,82.962479
6631,80,77.533577,83.686226
6632,80,78.07082,83.686226
6633,80,78.608063,83.686226
6634,80,78.608063,83.686226
6635,80,78.608063,83.686226
6636,80,78.608063,83.686226
6637,80,79.0598335,83.597664
6638,80,79.511604,83.509102
6639,80,79.511604,83.509102
6640,80,79.511604,83.509102
6641,80,79.511604,83.509102
6642,80,80.0366325,83.1824455
6643,80,80.561661,82.855789
6644,80,80.561661,82.855789
6645,80,80.561661,82.855789
6646,80,80.9157525,82.855789
6647,80,81.269844,82.855789
6648,80,81.269844,82.855789
6649,80,81.269844,82.1490555
6650,80,81.7948725,81.442322
6651,80,82.319901,81.442322
6652,80,82.319901,81.442322
6653,80,82.319901,81.442322
6654,80,82.319901,81.442322
6655,80,82.7472535,80.2575725
6656,80,83.174606,79.072823
6657,80,83.174606,79.072823
6658,80,83.174606,79.072823
6660,80,83.174606,79.072823
6661,80,84.297928,77.867783
6662,80,84.297928,76.662743
6663,80,84.297928,76.662743
6664,80,84.603176,76.662743
6665,80,84.908424,76.662743
6666,80,84.908424,76.662743
6667,80,84.908424,74.869179
6668,80,85.3968275,73.075615
6669,80,85.885231,73.075615
6670,80,85.885231,73.075615
6671,80,85.885231,73.075615
6672,80,85.885231,73.075615
6673,80,86.336998,73.075615
6674,80,86.788765,71.01474
6675,80,86.788765,68.953865
6676,80,86.788765,68.953865
6677,80,86.788765,68.953865
6678,80,87.1550675,68.953865
6679,80,87.52137,66.928158
6680,80,87.52137,64.902451
6681,80,87.52137,64.902451
6682,80,87.924301,64.902451
6683,80,88.327232,64.902451
6684,80,88.327232,64.902451
6685,80,88.327232,64.902451
6686,80,88.68132,62.175333
6687,80,89.035408,59.448215
6688,80,89.035408,59.448215
6690,80,89.035408,59.448215
6691,80,89.45055,56.927507
6692,80,89.865692,54.406799
6693,80,89.865692,54.406799
6694,80,89.865692,54.406799
6695,80,89.865692,54.406799
6696,80,90.097683,54.406799
6697,80,90.329674,54.406799
6698,80,90.329674,51.3990705
6699,80,90.329674,48.391342
6700,80,90.549454,48.391342
6701,80,90.769234,48.391342
6702,80,90.769234,48.391342
6703,80,90.769234,48.391342
6704,80,90.9279635,45.1137315
6705,80,91.086693,41.836121
6706,80,91.086693,41.836121
6707,80,91.086693,41.836121
6708,80,91.086693,41.836121
6709,80,91.2576335,41.836121
6710,80,91.428574,38.9481835
6711,80,91.428574,36.060246
6712,80,91.428574,36.060246
6713,80,91.428574,36.060246
6714,80,91.428574,36.060246
6715,80,91.428574,36.060246
6716,80,91.428574,32.981823
6717,80,91.428574,29.9034
6718,80,91.404152,29.9034
6719,80,91.37973,29.9034
6721,80,91.37973,29.9034
6722,80,91.2087895,29.9034
6723,80,91.037849,26.8350075
6724,80,91.037849,23.766615
6725,80,91.037849,23.766615
6726,80,91.037849,23.766615
6727,80,90.854702,23.766615
6728,80,90.671555,23.766615
6729,80,90.671555,21.1402065
6730,80,90.671555,18.513798
6731,80,90.671555,18.513798
6732,80,90.4151425,18.513798
6733,80,90.15873,18.513798
6734,80,90.15873,18.513798
6735,80,90.15873,16.0859335
6736,80,89.93895,13.658069
6737,80,89.71917,13.658069
6738,80,89.71917,13.658069
6739,80,89.71917,13.658069
6740,80,89.365082,13.658069
6741,80,89.010994,13.658069
6742,80,89.010994,11.284375
6743,80,89.010994,8.910681
6744,80,89.010994,8.910681
6745,80,88.608063,8.910681
6746,80,88.205132,8.910681
6747,80,88.205132,8.910681
6748,80,88.205132,7.1063425
6749,80,88.205132,5.302004
6751,80,87.423691,5.302004
6752,80,87.423691,5.302004
6753,80,87.423691,5.302004
6754,80,86.996338,3.7493215
6755,80,86.568985,2.196639
6756,80,86.568985,2.196639
6757,80,86.568985,2.196639
6758,80,85.995117,2.196639
6759,80,85.421249,2.196639
6760,80,85.421249,2.196639
6761,80,85.421249,1.1171915
6762,80,85.421249,0.037744
6763,80,84.8595885,0.037744
6764,80,84.297928,0.037744
6765,80,84.297928,0.037744
6766,80,84.297928,0.037744
6767,80,84.297928,0.018872
6768,80,83.6752165,0
6769,80,83.052505,0
6770,80,83.052505,0
6771,80,83.052505,0
6772,80,82.649574,0
6773,80,82.246643,0
6774,80,82.246643,0
6775,80,82.246643,0
6776,80,82.246643,0
6777,80,82.246643,0
6778,80,81.611721,0
6779,80,80.976799,0
6780,80,80.976799,0.1629455
6781,80,80.976799,0.325891
6782,80,80.976799,0.325891
6783,80,80,0.325891
6784,80,80,0.325891
6785,80,80,0.325891
6786,80,80,0.727739
6787,80,79.4139215,1.129587
6788,80,78.827843,1.129587
6789,80,78.827843,1.129587
6790,80,78.3516505,1.129587
6791,80,77.875458,1.982224
6792,80,77.875458,2.834861
6793,80,77.875458,2.834861
6794,80,77.326008,2.834861
6795,80,76.776558,2.834861
6796,80,76.776558,2.834861
6797,80,76.776558,4.2347805
6798,80,76.776558,5.6347
6799,80,76.1660575,5.6347
6800,80,75.555557,5.6347
6801,80,75.555557,5.6347
6802,80,75.555557,7.07104
6803,80,75.555557,8.50738
6804,80,75.0671575,8.50738
6805,80,74.578758,8.50738
6806,80,74.578758,8.50738
6807,80,74.578758,8.50738
6808,80,74.053726,8.50738
6809,80,73.528694,10.65273
6810,80,73.528694,12.79808
6811,80,73.528694,12.79808
6812,80,73.528694,12.79808
6813,80,73.0525055,12.79808
6814,80,72.576317,12.79808
6815,80,72.576317,14.9237985
6816,80,72.576317,17.049517
6817,80,72.576317,17.049517
6818,80,72.1001245,17.049517
6819,80,71.623932,17.049517
6820,80,71.623932,17.049517
6821,80,71.623932,17.049517
6822,80,71.2087935,19.668911
6823,80,70.793655,22.288305
6824,80,70.793655,22.288305
6825,80,70.793655,22.288305
6826,80,70.4761925,22.288305
6827,80,70.15873,22.288305
6828,80,70.15873,25.210261
6829,80,70.15873,28.132217
6830,80,70.15873,28.132217
6831,80,69.82906,28.132217
6832,80,69.49939,28.132217
6833,80,69.49939,30.9178655
6834,80,69.49939,33.703514
6835,80,69.49939,33.703514
6836,80,69.242981,33.703514
6837,80,68.986572,33.703514
6838,80,68.986572,33.703514
6839,80,68.986572,33.703514
6841,80,68.473747,40
6842,80,68.473747,40
6843,80,68.473747,40
6844,80,68.388279,40
6845,80,68.302811,40
6846,80,68.302811,43.513132
6847,80,68.302811,47.026264
6848,80,68.302811,47.026264
6849,80,68.2051315,47.026264
6850,80,68.107452,47.026264
6851,80,68.107452,47.026264
6852,80,68.107452,49.761839
6853,80,68.107452,52.497414
6854,80,68.35165,52.497414
6855,80,68.595848,52.497414
6856,80,68.595848,52.497414
6857,80,68.595848,52.497414
6858,80,68.595848,52.497414
6859,80,68.6568985,55.2958855
6860,80,68.717949,58.094357
6861,80,68.717949,58.094357
6862,80,68.717949,58.094357
6863,80,68.9743615,58.094357
6864,80,69.230774,58.094357
6865,80,69.230774,60.842741
6866,80,69.230774,63.591125
6867,80,69.230774,63.591125
6868,80,69.645912,63.591125
6869,80,70.06105,63.591125
6870,80,70.06105,63.591125
6872,80,70.06105,67.911217
6873,80,70.573875,67.911217
6874,80,70.573875,67.911217
6875,80,70.573875,67.911217
6876,80,71.1721645,69.8916895
6877,80,71.770454,71.872162
6878,80,71.770454,71.872162
6879,80,71.770454,71.872162
6880,80,71.9536055,71.872162
6881,80,72.136757,71.872162
6882,80,72.136757,71.872162
6883,80,72.136757,73.7968485
6884,80,72.136757,75.721535
6885,80,72.600735,75.721535
6886,80,73.064713,75.721535
6887,80,73.064713,75.721535
6888,80,73.064713,77.0907405
6889,80,73.5286945,78.459946
6890,80,73.992676,78.459946
6891,80,73.992676,78.459946
6892,80,73.992676,78.459946
6893,80,73.992676,78.459946
6894,80,73.992676,78.459946
6895,80,74.517708,79.5519945
6896,80,75.04274,80.644043
6897,80,75.04274,80.644043
6898,80,75.04274,80.644043
6899,80,75.396828,80.644043
6900,80,75.750916,80.644043
6902,80,75.750916,82.188019
6903,80,76.263737,82.188019
6904,80,76.776558,82.188019
6905,80,76.776558,82.188019
6906,80,76.776558,82.188019
6907,80,76.776558,82.627823
6908,80,77.2405395,83.067627
6909,80,77.704521,83.067627
6910,80,77.704521,83.067627
6911,80,77.704521,83.067627
6912,80,77.704521,83.067627
6913,80,78.2173425,83.1685905
6914,80,78.730164,83.269554
6915,80,78.730164,83.269554
6916,80,79.0842515,83.269554
6917,80,79.438339,83.269554
6918,80,79.438339,83.269554
6919,80,79.438339,83.1192205
6920,80,79.438339,82.968887
6921,80,79.9145315,82.968887
6922,80,80.390724,82.968887
6923,80,80.390724,82.968887
6924,80,80.390724,82.968887
6925,80,80.390724,82.968887
6926,80,80.9035455,82.3761215
6927,80,81.416367,81.783356
6928,80,81.416367,81.783356
6929,80,81.416367,81.783356
6930,80,81.7948765,81.783356
6931,80,82.173386,81.783356
6932,80,82.173386,81.783356
6933,80,82.173386,80.016838
6934,80,82.600735,80.016838
6935,80,83.028084,80.016838
6936,80,83.028084,80.016838
6937,80,83.028084,80.016838
6938,80,83.028084,78.8783645
6939,80,83.565323,77.739891
6940,80,84.102562,77.739891
6941,80,84.102562,77.739891
6942,80,84.102562,77.739891
6943,80,84.102562,77.739891
6944,80,84.5421255,76.2322005
6945,80,84.981689,74.72451
6946,80,84.981689,74.72451
6947,80,84.981689,74.72451
6948,80,85.421249,74.72451
6949,80,85.860809,74.72451
6950,80,85.860809,74.72451
6951,80,85.860809,72.611477
6952,80,86.20269,70.498444
6953,80,86.544571,70.498444
6954,80,86.544571,70.498444
6955,80,86.544571,70.498444
6956,80,86.544571,70.498444
6957,80,87.008549,68.563221
6958,80,87.472527,66.627998
6959,80,87.472527,66.627998
6960,80,87.472527,66.627998
6962,80,87.472527,66.627998
6963,80,88.351646,61.936329
6964,80,88.351646,61.936329
6965,80,88.351646,61.936329
6966,80,88.351646,61.936329
6967,80,88.7301595,61.936329
6968,80,89.108673,61.936329
6969,80,89.108673,59.1382085
6970,80,89.108673,56.340088
6971,80,89.3895035,56.340088
6972,80,89.670334,56.340088
6973,80,89.670334,56.340088
6974,80,89.670334,56.340088
6975,80,89.670334,53.7754345
6976,80,90.0122145,51.210781
6977,80,90.354095,51.210781
6978,80,90.354095,51.210781
6979,80,90.354095,51.210781
6980,80,90.354095,51.210781
6981,80,90.5494535,51.210781
6982,80,90.744812,48.1593435
6983,80,90.744812,45.107906
6984,80,90.744812,45.107906
6985,80,90.744812,45.107906
6986,80,90.9890135,45.107906
6987,80,91.233215,45.107906
6988,80,91.233215,41.771486
6989,80,91.2820545,38.435066
6990,80,91.330894,38.435066
6992,80,91.330894,38.435066
6993,80,91.343105,35.688976
6994,80,91.355316,32.942886
6995,80,91.355316,32.942886
6996,80,91.355316,32.942886
6997,80,91.355316,32.942886
6998,80,91.2942655,32.942886
6999,80,91.233215,29.9754435
7000,80,91.233215,27.008001
7001,80,91.233215,27.008001
7002,80,91.135532,27.008001
7003,80,91.037849,27.008001
7004,80,91.037849,27.008001
7005,80,91.037849,24.1486765
7006,80,90.805862,21.289352
7007,80,90.573875,21.289352
7008,80,90.573875,21.289352
7009,80,90.573875,21.289352
7010,80,90.573875,21.289352
7011,80,90.3540915,21.289352
7012,80,90.134308,18.8716895
7013,80,90.134308,16.454027
7014,80,90.134308,16.454027
7015,80,90.134308,16.454027
7016,80,89.877899,16.454027
7017,80,89.62149,16.454027
7018,80,89.62149,14.1784785
7019,80,89.62149,11.90293
7020,80,89.2918205,11.90293
7021,80,88.962151,11.90293
7022,80,88.962151,11.90293
7023,80,88.962151,11.90293
7024,80,88.962151,9.792094
7025,80,88.5470085,7.681258
7026,80,88.131866,7.681258
7027,80,88.131866,7.681258
7028,80,88.131866,7.681258
7029,80,87.7777785,7.681258
7030,80,87.423691,6.018779
7031,80,87.423691,4.3563
7032,80,87.423691,4.3563
7033,80,86.97192,4.3563
7034,80,86.520149,4.3563
7035,80,86.520149,4.3563
7036,80,86.520149,3.070384
7037,80,86.520149,1.784468
7038,80,85.995117,1.784468
7039,80,85.470085,1.784468
7040,80,85.470085,1.784468
7041,80,85.470085,1.784468
7042,80,85.470085,1.784468
7043,80,84.822956,0.892234
7044,80,84.175827,0
7045,80,84.175827,0
7046,80,84.175827,0
7047,80,83.7973175,0
7048,80,83.418808,0
7049,80,83.418808,0
7050,80,83.418808,0
7052,80,83.418808,0
7053,80,82.100121,0
7054,80,82.100121,0
7055,80,82.100121,0.0519405
7056,80,81.5628815,0.103881
7057,80,81.025642,0.103881
7058,80,81.025642,0.103881
7059,80,81.025642,0.103881
7060,80,81.025642,0.103881
7061,80,80.4395595,0.4578525
7062,80,79.853477,0.811824
7063,80,79.853477,0.811824
7064,80,79.853477,0.811824
7065,80,79.4017105,0.811824
7066,80,78.949944,0.811824
7067,80,78.949944,1.36104
7068,80,78.949944,1.910256
7069,80,78.949944,1.910256
7070,80,78.3516505,1.910256
7071,80,77.753357,1.910256
7072,80,77.753357,1.910256
7073,80,77.753357,2.9462245
7074,80,77.203907,3.982193
7075,80,76.654457,3.982193
7076,80,76.654457,3.982193
7077,80,76.654457,3.982193
7078,80,76.654457,3.982193
7079,80,76.0805855,3.982193
7080,80,75.506714,5.550346
7081,80,75.506714,7.118499
7082,80,75.506714,7.118499
7083,80,75.067154,7.118499
7084,80,74.627594,7.118499
7085,80,74.627594,8.746758
7086,80,74.627594,10.375017
7087,80,74.627594,10.375017
7088,80,74.065933,10.375017
7089,80,73.504272,10.375017
7090,80,73.504272,10.375017
7091,80,73.504272,12.559052
7092,80,73.0280835,14.743087
7093,80,72.551895,14.743087
7094,80,72.551895,14.743087
7095,80,72.551895,14.743087
7096,80,72.551895,14.743087
7097,80,72.124542,14.743087
7098,80,71.697189,17.2797645
7099,80,71.697189,19.816442
7100,80,71.697189,19.816442
7101,80,71.3431015,19.816442
7102,80,70.989014,19.816442
7103,80,70.989014,19.816442
7104,80,70.989014,22.337814
7105,80,70.989014,24.859186
7106,80,70.561661,24.859186
7107,80,70.134308,24.859186
7108,80,70.134308,24.859186
7109,80,70.134308,27.6688815
7110,80,69.877899,30.478577
7111,80,69.62149,30.478577
7112,80,69.62149,30.478577
7113,80,69.62149,30.478577
7114,80,69.62149,30.478577
7115,80,69.2918205,30.478577
7116,80,68.962151,33.8155845
7117,80,68.962151,37.152592
7118,80,68.962151,37.152592
7119,80,68.7667885,37.152592
7120,80,68.571426,37.152592
7121,80,68.571426,37.152592
7122,80,68.571426,40.085993
7123,80,68.449329,43.019394
7124,80,68.327232,43.019394
7125,80,68.327232,43.019394
7126,80,68.327232,43.019394
7127,80,68.327232,43.019394
7128,80,68.24176,46.1990605
7129,80,68.156288,49.378727
7130,80,68.156288,49.378727
7131,80,68.156288,49.378727
7132,80,68.156288,49.378727
7133,80,68.2905995,49.378727
7134,80,68.424911,49.378727
7135,80,68.424911,52.80011
7136,80,68.424911,56.221493
7137,80,68.6202695,56.221493
7138,80,68.815628,56.221493
7139,80,68.815628,56.221493
7140,80,68.815628,56.221493
7141,80,68.815628,58.590359
7142,80,69.1086695,60.959225
7143,80,69.401711,60.959225
7144,80,69.401711,60.959225
7145,80,69.401711,60.959225
7146,80,69.682541,60.959225
7147,80,69.963371,63.5787145
7148,80,69.963371,66.198204
7149,80,69.963371,66.198204
7150,80,69.963371,66.198204
7151,80,70.3540915,66.198204
7152,80,70.744812,66.198204
7153,80,70.744812,68.303791
7154,80,70.744812,70.409378
7155,80,70.744812,70.409378
7156,80,71.074482,70.409378
7157,80,71.404152,70.409378
7158,80,71.404152,70.409378
7159,80,71.404152,70.409378
7160,80,71.404152,72.2340165
7161,80,71.8925515,74.058655
7162,80,72.380951,74.058655
7163,80,72.380951,74.058655
7164,80,72.380951,74.058655
7165,80,72.380951,74.058655
7166,80,72.783882,74.058655
7167,80,73.186813,75.8643115
7168,80,73.186813,77.669968
7169,80,73.186813,77.669968
7170,80,73.601955,77.669968
7171,80,74.017097,77.669968
7173,80,74.017097,79.980499
7174,80,74.847374,79.980499
7175,80,74.847374,79.980499
7176,80,74.847374,79.980499
7177,80,75.286934,79.980499
7178,80,75.726494,80.8685225
7179,80,75.726494,81.756546
7180,80,75.726494,81.756546
7181,80,75.726494,81.756546
7182,80,75.726494,81.756546
7183,80,76.349205,81.756546
7184,80,76.971916,82.3546485
7185,80,76.971916,82.952751
7186,80,76.971916,82.952751
7187,80,77.3748475,82.952751
7188,80,77.777779,82.952751
7189,80,77.777779,82.952751
7190,80,77.777779,83.1639215
7191,80,78.1562885,83.375092
7192,80,78.534798,83.375092
7193,80,78.534798,83.375092
7194,80,78.534798,83.375092
7195,80,78.534798,83.375092
7196,80,78.534798,83.375092
7197,80,79.1208805,83.2120135
7198,80,79.706963,83.048935
7199,80,79.706963,83.048935
7200,80,79.706963,83.048935
7201,80,80.0732615,83.048935
7202,80,80.43956,82.7002335
7203,80,80.43956,82.351532
7204,80,80.43956,82.351532
7205,80,80.43956,82.351532
7206,80,80.9279635,82.351532
7207,80,81.416367,82.351532
7208,80,81.416367,82.351532
7209,80,81.416367,82.351532
7210,80,81.7826655,81.4416925
7211,80,82.148964,80.531853
7212,80,82.148964,80.531853
7213,80,82.148964,80.531853
7214,80,82.686203,80.531853
7215,80,83.223442,80.531853
7216,80,83.223442,80.531853
7217,80,83.223442,79.215374
7218,80,83.223442,77.898895
7219,80,83.675213,77.898895
7220,80,84.126984,77.898895
7221,80,84.126984,77.898895
7222,80,84.126984,76.535637
7223,80,84.126984,75.172379
7224,80,84.627594,75.172379
7225,80,85.128204,75.172379
7226,80,85.128204,75.172379
7227,80,85.128204,75.172379
7228,80,85.470085,75.172379
7229,80,85.811966,73.354645
7230,80,85.811966,71.536911
7231,80,85.811966,71.536911
7233,80,85.811966,71.536911
7234,80,86.739929,71.536911
7235,80,86.739929,69.3088645
7236,80,86.739929,67.080818
7237,80,87.167278,67.080818
7238,80,87.594627,67.080818
7239,80,87.594627,67.080818
7240,80,87.594627,67.080818
7241,80,87.594627,64.779144
7242,80,87.9731365,62.47747
7243,80,88.351646,62.47747
7244,80,88.351646,62.47747
7245,80,88.351646,62.47747
7246,80,88.693527,62.47747
7247,80,89.035408,59.9383085
7248,80,89.035408,57.399147
7249,80,89.035408,57.399147
7250,80,89.035408,57.399147
7251,80,89.3162385,57.399147
7252,80,89.597069,57.399147
7253,80,89.597069,57.399147
7254,80,89.597069,54.403734
7255,80,89.9633715,51.408321
7256,80,90.329674,51.408321
7257,80,90.329674,51.408321
7258,80,90.329674,51.408321
7259,80,90.329674,51.408321
7260,80,90.5128215,48.531227
7261,80,90.695969,45.654133
7263,80,90.695969,45.654133
7264,80,90.9279595,45.654133
7265,80,91.15995,45.654133
7266,80,91.15995,42.6196195
7267,80,91.15995,39.585106
7268,80,91.15995,39.585106
7269,80,91.184372,39.585106
7270,80,91.208794,39.585106
7271,80,91.208794,39.585106
7272,80,91.208794,39.585106
7273,80,91.208794,39.585106
7274,80,91.282055,36.058407
7275,80,91.355316,32.531708
7276,80,91.355316,32.531708
7277,80,91.355316,32.531708
7278,80,91.355316,32.531708
7279,80,91.355316,32.531708
7280,80,91.1965825,29.8706
7281,80,91.037849,27.209492
7282,80,91.037849,27.209492
7283,80,90.964592,27.209492
7284,80,90.891335,27.209492
7285,80,90.891335,27.209492
7286,80,90.891335,24.4595595
7287,80,90.891335,21.709627
7288,80,90.683762,21.709627
7289,80,90.476189,21.709627
7290,80,90.476189,21.709627
7291,80,90.476189,21.709627
7292,80,90.1953585,19.000577
7293,80,89.914528,16.291527
7294,80,89.914528,16.291527
7295,80,89.914528,16.291527
7296,80,89.5482295,16.291527
7297,80,89.181931,14.1649265
7298,80,89.181931,12.038326
7299,80,89.181931,12.038326
7300,80,88.962151,12.038326
7301,80,88.742371,12.038326
7302,80,88.742371,12.038326
7303,80,88.742371,10.0168735
7304,80,88.742371,7.995421
7305,80,88.3638615,7.995421
7306,80,87.985352,7.995421
7307,80,87.985352,7.995421
7308,80,87.985352,7.995421
7309,80,87.985352,7.995421
7310,80,87.4847415,6.259874
7311,80,86.984131,4.524327
7312,80,86.984131,4.524327
7313,80,86.984131,4.524327
7314,80,86.984131,4.524327
7315,80,86.446888,4.524327
7316,80,85.909645,3.4443355
7317,80,85.909645,2.364344
7318,80,85.909645,2.364344
7319,80,85.909645,2.364344
7320,80,85.3479845,2.364344
7321,80,84.786324,2.364344
7322,80,84.786324,1.394325
7323,80,84.786324,0.424306
7324,80,84.786324,0.424306
7325,80,83.907204,0.424306
7326,80,83.907204,0.424306
7327,80,83.907204,0.424306
7328,80,83.2722855,0.249702
7329,80,82.637367,0.075098
7330,80,82.637367,0.075098
7331,80,82.637367,0.075098
7332,80,82.637367,0.075098
7333,80,82.0757065,0.075098
7334,80,81.514046,0.0808015
7335,80,81.514046,0.086505
7336,80,81.514046,0.086505
7337,80,81.514046,0.086505
7338,80,81.0012245,0.086505
7339,80,80.488403,0.086505
7340,80,80.488403,0.086505
7341,80,80.0244215,0.4091365
7342,80,79.56044,0.731768
7343,80,79.56044,0.731768
7344,80,79.56044,0.731768
7345,80,79.56044,0.731768
7346,80,78.9621505,0.731768
7347,80,78.363861,1.4201365
7348,80,78.363861,2.108505
7349,80,78.363861,2.108505
7350,80,78.363861,2.108505
7351,80,77.7533605,2.108505
7352,80,77.14286,2.108505
7354,80,77.14286,4.492136
7355,80,77.14286,4.492136
7356,80,76.53236,4.492136
7357,80,75.92186,4.492136
7358,80,75.92186,4.492136
7359,80,75.92186,4.492136
7360,80,75.506718,6.05901
7361,80,75.091576,7.625884
7362,80,75.091576,7.625884
7363,80,75.091576,7.625884
7364,80,74.505497,7.625884
7365,80,73.919418,7.625884
7366,80,73.919418,9.536836
7367,80,73.919418,11.447788
7368,80,73.919418,11.447788
7369,80,73.394386,11.447788
7370,80,72.869354,11.447788
7371,80,72.869354,11.447788
7372,80,72.869354,13.612417
7373,80,72.869354,15.777046
7374,80,72.4053725,15.777046
7375,80,71.941391,15.777046
7376,80,71.941391,15.777046
7377,80,71.941391,15.777046
7378,80,71.623932,18.5183535
7379,80,71.306473,21.259661
7380,80,71.306473,21.259661
7381,80,71.306473,21.259661
7382,80,70.879124,21.259661
7383,80,70.451775,21.259661
7384,80,70.451775,21.259661
7385,80,70.451775,26.589289
7386,80,70.451775,26.589289
7387,80,70.0854725,26.589289
7388,80,69.71917,26.589289
7389,80,69.71917,26.589289
7390,80,69.71917,26.589289
7391,80,69.71917,29.5779985
7392,80,69.4383395,32.566708
7393,80,69.157509,32.566708
7394,80,69.157509,32.566708
7395,80,69.157509,32.566708
7396,80,68.9621505,32.566708
7397,80,68.766792,32.566708
7398,80,68.766792,36.20216
7399,80,68.766792,39.837612
7400,80,68.583641,39.837612
7401,80,68.40049,39.837612
7402,80,68.40049,39.837612
7403,80,68.40049,42.88669
7404,80,68.40049,45.935768
7405,80,68.2417605,45.935768
7406,80,68.083031,45.935768
7407,80,68.083031,45.935768
7408,80,68.083031,45.935768
7409,80,68.083031,48.7435495
7410,80,68.192921,51.551331
7411,80,68.302811,51.551331
7412,80,68.302811,51.551331
7414,80,68.302811,51.551331
7415,80,68.571426,51.551331
7416,80,68.571426,54.6933975
7417,80,68.571426,57.835464
7418,80,68.571426,57.835464
7419,80,68.8644675,57.835464
7420,80,69.157509,57.835464
7421,80,69.157509,60.274267
7422,80,69.157509,62.71307
7423,80,69.3894995,62.71307
7424,80,69.62149,62.71307
7425,80,69.62149,62.71307
7426,80,69.62149,62.71307
7427,80,69.62149,65.06983
7428,80,69.9389495,67.42659
7429,80,70.256409,67.42659
7430,80,70.256409,67.42659
7431,80,70.256409,67.42659
7432,80,70.6105005,67.42659
7433,80,70.964592,67.42659
7434,80,70.964592,69.789688
7435,80,70.964592,72.152786
7436,80,70.964592,72.152786
7437,80,71.3308905,72.152786
7438,80,71.697189,72.152786
7439,80,71.697189,72.152786
7440,80,71.697189,73.8160855
7441,80,71.697189,75.479385
7442,80,72.14896,75.479385
7443,80,72.600731,75.479385
7445,80,72.600731,75.479385
7446,80,72.600731,75.479385
7447,80,73.028084,77.041729
7448,80,73.455437,78.604073
7449,80,73.455437,78.604073
7450,80,73.455437,78.604073
7451,80,73.455437,78.604073
7452,80,74.004887,78.604073
7453,80,74.554337,79.8139345
7454,80,74.554337,81.023796
7455,80,74.554337,81.023796
7456,80,74.9328465,81.023796
7457,80,75.311356,81.023796
7458,80,75.311356,81.023796
7459,80,75.311356,81.841488
7460,80,75.7631265,82.65918
7461,80,76.214897,82.65918
7462,80,76.214897,82.65918
7463,80,76.214897,82.65918
7464,80,76.642246,83.20879
7465,80,77.069595,83.7584
7466,80,77.069595,83.7584
7467,80,77.069595,83.7584
7468,80,77.069595,83.7584
7469,80,77.5457875,83.7584
7470,80,78.02198,84.0411835
7471,80,78.02198,84.323967
7472,80,78.4249115,84.323967
7473,80,78.827843,84.323967
7474,80,78.827843,84.323967
7475,80,78.827843,84.323967
7476,80,78.827843,84.233692
7477,80,79.3040315,84.143417
7478,80,79.78022,84.143417
7479,80,79.78022,84.143417
7480,80,79.78022,84.143417
7481,80,79.78022,84.143417
7482,80,80.2808305,84.143417
7483,80,80.781441,83.70763
7484,80,80.781441,83.271843
7485,80,80.781441,83.271843
7486,80,80.781441,83.271843
7487,80,80.781441,83.271843
7488,80,81.318684,83.271843
7489,80,81.855927,82.5907785
7490,80,81.855927,81.909714
7491,80,82.246647,81.909714
7492,80,82.637367,81.909714
7493,80,82.637367,81.909714
7494,80,82.637367,81.909714
7495,80,82.637367,80.846062
7496,80,83.1501845,79.78241
7497,80,83.663002,79.78241
7498,80,83.663002,79.78241
7499,80,83.663002,79.78241
7500,80,83.663002,79.78241
7501,80,84.1391945,78.167847
7502,80,84.615387,76.553284
7503,80,84.615387,76.553284
7504,80,84.615387,76.553284
7505,80,84.615387,76.553284
7506,80,85.042736,76.553284
7507,80,85.470085,74.9219245
7508,80,85.470085,73.290565
7509,80,85.470085,73.290565
7510,80,85.8730165,73.290565
7511,80,86.275948,73.290565
7512,80,86.275948,73.290565
7513,80,86.275948,71.241863
7514,80,86.666668,69.193161
7515,80,87.057388,69.193161
7516,80,87.057388,69.193161
7517,80,87.057388,69.193161
7518,80,87.057388,69.193161
7519,80,87.5457875,69.193161
7520,80,88.034187,66.705017
7521,80,88.034187,64.216873
7522,80,88.034187,64.216873
7523,80,88.034187,64.216873
7524,80,88.034187,64.216873
7525,80,88.473747,64.216873
7526,80,88.913307,64.216873
7527,80,88.913307,61.7891865
7528,80,88.913307,59.3615
7529,80,88.913307,59.3615
7530,80,89.2796095,59.3615
7531,80,89.645912,59.3615
7532,80,89.645912,59.3615
7533,80,89.645912,56.522026
7534,80,89.865692,53.682552
7535,80,90.085472,53.682552
7536,80,90.085472,53.682552
7537,80,90.085472,53.682552
7538,80,90.3907205,53.682552
7539,80,90.695969,53.682552
7540,80,90.695969,50.4523315
7541,80,90.695969,47.222111
7542,80,90.695969,47.222111
7543,80,90.9279595,47.222111
7544,80,91.15995,47.222111
7545,80,91.15995,44.3382915
7546,80,91.15995,41.454472
7547,80,91.294262,41.454472
7548,80,91.428574,41.454472
7549,80,91.428574,41.454472
7550,80,91.428574,38.415602
7551,80,91.428574,35.376732
7552,80,91.428574,35.376732
7553,80,91.428574,35.376732
7554,80,91.428574,35.376732
7555,80,91.428574,35.376732
7556,80,91.428574,35.376732
7557,80,91.428574,32.1352255
7558,80,91.428574,28.893719
7559,80,91.428574,28.893719
7560,80,91.3308945,28.893719
7561,80,91.233215,28.893719
7562,80,91.233215,28.893719
7563,80,91.233215,26.420398
7564,80,91.233215,23.947077
7565,80,91.233215,23.947077
7566,80,91.050064,23.947077
7567,80,90.866913,23.947077
7568,80,90.866913,23.947077
7569,80,90.866913,23.947077
7570,80,90.866913,20.932891
7571,80,90.5860825,17.918705
7572,80,90.305252,17.918705
7573,80,90.305252,17.918705
7574,80,90.305252,17.918705
7575,80,90.183151,15.7618095
7576,80,90.06105,13.604914
7577,80,90.06105,13.604914
7578,80,90.06105,13.604914
7579,80,89.633701,13.604914
7580,80,89.206352,13.604914
7581,80,89.206352,11.346981
7582,80,89.206352,9.089048
7583,80,89.206352,9.089048
7584,80,88.8522605,9.089048
7585,80,88.498169,9.089048
7586,80,88.498169,9.089048
7587,80,88.498169,9.089048
7588,80,88.498169,7.0415295
7589,80,87.985348,4.994011
7590,80,87.472527,4.994011
7591,80,87.472527,4.994011
7592,80,87.472527,4.994011
7593,80,87.106228,4.994011
7594,80,86.739929,3.6691085
7595,80,86.739929,2.344206
7596,80,86.739929,2.344206
7597,80,86.739929,2.344206
7598,80,86.129429,2.344206
7599,80,85.518929,2.344206
7600,80,85.518929,1.240902
7601,80,85.518929,0.137598
7602,80,84.981686,0.137598
7603,80,84.444443,0.137598
7604,80,84.444443,0.137598
7605,80,84.444443,0.137598
7606,80,84.444443,0.137598
7607,80,83.797314,0.0936765
7608,80,83.150185,0.049755
7609,80,83.150185,0.049755
7610,80,83.150185,0.049755
7611,80,82.735043,0.049755
7612,80,82.319901,0.049755
7613,80,82.319901,0.0940375
7614,80,82.319901,0.13832
7615,80,82.319901,0.13832
7616,80,81.6971935,0.13832
7617,80,81.074486,0.13832
7618,80,81.074486,0.13832
7619,80,81.074486,0.230679
7620,80,81.074486,0.323038
7621,80,80.5006145,0.323038
7622,80,79.926743,0.323038
7623,80,79.926743,0.323038
7625,80,79.926743,0.323038
7626,80,79.27961,1.686241
7627,80,78.632477,1.686241
7628,80,78.632477,1.686241
7629,80,78.205128,1.686241
7630,80,77.777779,1.686241
7631,80,77.777779,2.5922055
7632,80,77.777779,3.49817
7633,80,77.777779,3.49817
7634,80,77.216118,3.49817
7635,80,76.654457,3.49817
7636,80,76.654457,3.49817
7637,80,76.654457,3.49817
7638,80,76.654457,4.843045
7639,80,76.031746,6.18792
7640,80,75.409035,6.18792
7641,80,75.409035,6.18792
7642,80,75.409035,6.18792
7643,80,75.409035,6.18792
7644,80,74.859585,6.18792
7645,80,74.310135,8.2769225
7646,80,74.310135,10.365925
7647,80,73.9194145,10.365925
7648,80,73.528694,10.365925
7649,80,73.528694,10.365925
7650,80,73.528694,10.365925
7651,80,73.528694,12.359398
7652,80,72.979244,14.352871
7653,80,72.429794,14.352871
7654,80,72.429794,14.352871
7655,80,72.429794,14.352871
7656,80,72.429794,16.609762
7657,80,71.9658125,18.866653
7658,80,71.501831,18.866653
7659,80,71.501831,18.866653
7660,80,71.501831,18.866653
7661,80,71.501831,18.866653
7662,80,71.147743,18.866653
7663,80,70.793655,21.7198625
7664,80,70.793655,24.573072
7665,80,70.793655,24.573072
7666,80,70.4273525,24.573072
7667,80,70.06105,24.573072
7668,80,70.06105,27.2113815
7669,80,70.06105,29.849691
7670,80,69.743591,29.849691
7671,80,69.426132,29.849691
7672,80,69.426132,29.849691
7673,80,69.426132,29.849691
7674,80,69.426132,32.729619
7675,80,69.218563,35.609547
7676,80,69.010994,35.609547
7677,80,69.010994,35.609547
7678,80,69.010994,35.609547
7679,80,68.803421,35.609547
7680,80,68.595848,35.609547
7681,80,68.595848,39.0686645
7682,80,68.595848,42.527782
7683,80,68.595848,42.527782
7684,80,68.40049,42.527782
7685,80,68.205132,42.527782
7686,80,68.205132,42.527782
7687,80,68.205132,45.4135685
7688,80,68.192921,48.299355
7689,80,68.18071,48.299355
7690,80,68.18071,48.299355
7691,80,68.18071,48.299355
7692,80,68.18071,48.299355
7693,80,68.4127005,51.3457395
7694,80,68.644691,54.392124
7695,80,68.644691,54.392124
7696,80,68.644691,54.392124
7697,80,68.644691,54.392124
7698,80,68.7301595,54.392124
7699,80,68.815628,57.23324
7700,80,68.815628,60.074356
7701,80,68.815628,60.074356
7702,80,68.815628,60.074356
7703,80,69.255188,60.074356
7704,80,69.694748,60.074356
7705,80,69.694748,62.480034
7706,80,70.012211,64.885712
7707,80,70.329674,64.885712
7708,80,70.329674,64.885712
7709,80,70.329674,64.885712
7710,80,70.329674,64.885712
7711,80,70.5860825,67.126694
7712,80,70.842491,69.367676
7713,80,70.842491,69.367676
7714,80,70.842491,69.367676
7716,80,70.842491,69.367676
7717,80,71.721611,71.4039955
7718,80,71.721611,73.440315
7719,80,71.721611,73.440315
7720,80,71.721611,73.440315
7721,80,72.063492,73.440315
7722,80,72.405373,73.440315
7723,80,72.405373,75.0377235
7724,80,72.405373,76.635132
7725,80,72.930405,76.635132
7726,80,73.455437,76.635132
7727,80,73.455437,76.635132
7728,80,73.455437,76.635132
7729,80,73.7484745,77.953335
7730,80,74.041512,79.271538
7731,80,74.041512,79.271538
7732,80,74.041512,79.271538
7733,80,74.041512,79.271538
7734,80,74.652016,79.271538
7735,80,75.26252,79.271538
7736,80,75.26252,79.271538
7737,80,75.26252,80.372284
7738,80,75.26252,81.47303
7739,80,75.7264975,81.47303
7740,80,76.190475,81.47303
7741,80,76.190475,81.47303
7742,80,76.190475,82.045696
7743,80,76.532356,82.618362
7744,80,76.874237,82.618362
7746,80,76.874237,82.618362
7747,80,77.3504295,82.618362
7748,80,77.826622,82.9192235
7749,80,77.826622,83.220085
7750,80,77.826622,83.220085
7751,80,77.826622,83.220085
7752,80,78.3272325,83.220085
7753,80,78.827843,83.220085
7754,80,78.827843,83.220085
7755,80,78.827843,83.2420575
7756,80,78.827843,83.26403
7757,80,79.3162425,83.26403
7758,80,79.804642,83.26403
7759,80,79.804642,83.26403
7760,80,79.804642,83.0063435
7761,80,80.1465225,82.748657
7762,80,80.488403,82.748657
7763,80,80.488403,82.748657
7764,80,80.488403,82.748657
7765,80,80.488403,82.748657
7766,80,80.964592,82.0959245
7767,80,81.440781,81.443192
7768,80,81.440781,81.443192
7769,80,81.440781,81.443192
7770,80,82.0268635,81.443192
7771,80,82.612946,81.443192
7772,80,82.612946,81.443192
7773,80,82.612946,80.287968
7774,80,82.612946,79.132744
7776,80,83.418808,79.132744
7777,80,83.418808,79.132744
7778,80,83.418808,79.132744
7779,80,83.418808,77.9131015
7780,80,83.9316255,76.693459
7781,80,84.444443,76.693459
7782,80,84.444443,76.693459
7783,80,84.444443,76.693459
7784,80,84.859585,76.693459
7785,80,85.274727,75.1178935
7786,80,85.274727,73.542328
7787,80,85.274727,73.542328
7788,80,85.274727,73.542328
7789,80,85.689869,73.542328
7790,80,86.105011,73.542328
7791,80,86.105011,71.435383
7792,80,86.105011,69.328438
7793,80,86.556778,69.328438
7794,80,87.008545,69.328438
7795,80,87.008545,69.328438
7796,80,87.008545,69.328438
7797,80,87.008545,67.191368
7798,80,87.509159,65.054298
7799,80,88.009773,65.054298
7800,80,88.009773,65.054298
7801,80,88.009773,65.054298
7802,80,88.2905995,65.054298
7803,80,88.571426,62.667755
7804,80,88.571426,60.281212
7806,80,88.571426,60.281212
7807,80,89.023197,60.281212
7808,80,89.474968,60.281212
7809,80,89.474968,57.3858415
7810,80,89.474968,54.490471
7811,80,89.768009,54.490471
7812,80,90.06105,54.490471
7813,80,90.06105,54.490471
7814,80,90.06105,54.490471
7815,80,90.06105,51.7085665
7816,80,90.3785095,48.926662
7817,80,90.695969,48.926662
7818,80,90.695969,48.926662
7819,80,90.695969,48.926662
7820,80,90.8302805,48.926662
7821,80,90.964592,48.926662
7822,80,90.964592,45.8767125
7823,80,90.964592,42.826763
7824,80,90.964592,42.826763
7825,80,91.0134315,42.826763
7826,80,91.062271,42.826763
7827,80,91.062271,42.826763
7828,80,91.062271,42.826763
7829,80,91.2332115,39.3024045
7830,80,91.404152,35.778046
7831,80,91.404152,35.778046
7832,80,91.404152,35.778046
7833,80,91.404152,35.778046
7834,80,91.416363,32.9394235
7835,80,91.428574,30.100801
7836,80,91.428574,30.100801
7837,80,91.428574,30.100801
7838,80,91.294262,30.100801
7839,80,91.15995,30.100801
7840,80,91.15995,27.446922
7841,80,91.15995,24.793043
7842,80,91.15995,24.793043
7843,80,91.0134315,24.793043
7844,80,90.866913,24.793043
7845,80,90.866913,24.793043
7846,80,90.866913,24.793043
7847,80,90.866913,21.890339
7848,80,90.671551,18.987635
7849,80,90.476189,18.987635
7850,80,90.476189,18.987635
7851,80,90.476189,18.987635
7852,80,90.476189,16.7798385
7853,80,90.10989,14.572042
7854,80,89.743591,14.572042
7855,80,89.743591,14.572042
7856,80,89.5116005,14.572042
7857,80,89.27961,14.572042
7858,80,89.27961,12.422081
7859,80,89.27961,10.27212
7860,80,89.27961,10.27212
7861,80,88.8888895,10.27212
7862,80,88.498169,10.27212
7863,80,88.498169,10.27212
7864,80,88.498169,10.27212
7866,80,88.498169,6.028639
7867,80,87.838829,6.028639
7868,80,87.838829,6.028639
7869,80,87.838829,6.028639
7870,80,87.838829,6.028639
7871,80,87.289379,4.6275085
7872,80,86.739929,3.226378
7873,80,86.739929,3.226378
7874,80,86.2637365,3.226378
7875,80,85.787544,3.226378
7876,80,85.787544,3.226378
7877,80,85.787544,2.0523065
7878,80,85.787544,0.878235
7879,80,85.238094,0.878235
7880,80,84.688644,0.878235
7881,80,84.688644,0.878235
7882,80,84.688644,0.878235
7883,80,84.688644,0.4391175
7884,80,84.0903545,0
7885,80,83.492065,0
7886,80,83.492065,0
7887,80,83.492065,0
7888,80,83.492065,0
7889,80,82.9181935,0.026898
7890,80,82.344322,0.053796
7891,80,82.344322,0.053796
7892,80,82.344322,0.053796
7893,80,82.344322,0.053796
7894,80,81.709404,0.053796
7895,80,81.074486,0.1179185
7896,80,81.074486,0.182041
7897,80,80.720394,0.182041
7898,80,80.366302,0.182041
7899,80,80.366302,0.182041
7900,80,80.366302,0.182041
7901,80,80.366302,0.182041
7902,80,79.633701,0.6893915
7903,80,78.9011,1.196742
7904,80,78.9011,1.196742
7905,80,78.9011,1.196742
7906,80,78.9011,1.196742
7907,80,78.9011,1.196742
7908,80,78.4493295,2.001035
7909,80,77.997559,2.805328
7910,80,77.997559,2.805328
7911,80,77.997559,2.805328
7912,80,77.313797,2.805328
7913,80,76.630035,2.805328
7914,80,76.630035,4.0218725
7915,80,76.630035,5.238417
7916,80,76.1782645,5.238417
7917,80,75.726494,5.238417
7918,80,75.726494,5.238417
7919,80,75.726494,5.238417
7920,80,75.726494,5.238417
7921,80,75.1404155,7.201984
7922,80,74.554337,9.165551
7923,80,74.554337,9.165551
7924,80,74.554337,9.165551
7925,80,74.004887,9.165551
7926,80,73.455437,11.077095
7927,80,73.455437,12.988639
7928,80,73.455437,12.988639
7929,80,73.015877,12.988639
7930,80,72.576317,12.988639
7931,80,72.576317,12.988639
7932,80,72.576317,15.2906975
7933,80,72.0879135,17.592756
7934,80,71.59951,17.592756
7935,80,71.59951,17.592756
7936,80,71.59951,17.592756
7937,80,71.59951,19.7702195
7938,80,71.2210005,21.947683
7939,80,70.842491,21.947683
7940,80,70.842491,21.947683
7941,80,70.842491,21.947683
7942,80,70.842491,21.947683
7943,80,70.43956,24.675554
7944,80,70.036629,27.403425
7945,80,70.036629,27.403425
7946,80,70.036629,27.403425
7947,80,70.036629,27.403425
7948,80,70.036629,27.403425
7949,80,69.816849,27.403425
7950,80,69.597069,27.403425
7951,80,69.597069,30.7118195
7952,80,69.27961,34.020214
7953,80,68.962151,34.020214
7954,80,68.962151,34.020214
7955,80,68.962151,34.020214
7957,80,68.498169,39.712959
7958,80,68.498169,39.712959
7959,80,68.498169,39.712959
7960,80,68.498169,39.712959
7961,80,68.2417605,39.712959
7962,80,67.985352,43.0326405
7963,80,67.985352,46.352322
7964,80,67.985352,46.352322
7965,80,67.985352,46.352322
7966,80,68.107449,46.352322
7967,80,68.229546,46.352322
7968,80,68.229546,46.352322
7969,80,68.229546,49.5749305
7970,80,68.400486,52.797539
7971,80,68.571426,52.797539
7972,80,68.571426,52.797539
7973,80,68.571426,52.797539
7974,80,68.571426,55.3974055
7975,80,68.5225865,57.997272
7976,80,68.473747,57.997272
7977,80,68.473747,57.997272
7978,80,68.473747,57.997272
7979,80,68.9621505,57.997272
7980,80,69.450554,60.6271075
7981,80,69.450554,63.256943
7982,80,69.450554,63.256943
7983,80,69.450554,63.256943
7984,80,69.572651,63.256943
7985,80,69.694748,63.256943
7987,80,69.694748,63.256943
7988,80,70.012211,68.359222
7989,80,70.329674,68.359222
7990,80,70.329674,68.359222
7991,80,70.329674,68.359222
7992,80,70.329674,68.359222
7993,80,70.879124,70.3567505
7994,80,71.428574,72.354279
7995,80,71.428574,72.354279
7996,80,71.428574,72.354279
7997,80,71.428574,72.354279
7998,80,71.7704545,74.1595955
7999,80,72.112335,75.964912
8000,80,72.112335,75.964912
8001,80,72.112335,75.964912
8002,80,72.6984135,75.964912
8003,80,73.284492,75.964912
8004,80,73.284492,75.964912
8005,80,73.284492,77.5579715
8006,80,73.284492,79.151031
8007,80,73.614162,79.151031
8008,80,73.943832,79.151031
8009,80,73.943832,79.151031
8010,80,73.943832,79.151031
8011,80,74.3589745,80.3480145
8012,80,74.774117,81.544998
8013,80,74.774117,81.544998
8014,80,74.774117,81.544998
8015,80,74.774117,81.544998
8017,80,75.506714,81.544998
8018,80,75.506714,83.331467
8019,80,75.506714,83.331467
8020,80,76.043957,83.331467
8021,80,76.5812,83.331467
8022,80,76.5812,83.331467
8023,80,76.5812,83.331467
8024,80,76.5812,83.83186
8025,80,77.08181,84.332253
8026,80,77.58242,84.332253
8027,80,77.58242,84.332253
8028,80,77.58242,84.332253
8029,80,77.91209,84.332253
8030,80,78.24176,84.534359
8031,80,78.24176,84.736465
8032,80,78.24176,84.736465
8033,80,78.24176,84.736465
8034,80,78.8522605,84.736465
8035,80,79.462761,84.736465
8036,80,79.462761,84.604473
8037,80,79.462761,84.472481
8038,80,79.462761,84.472481
8039,80,79.902321,84.472481
8040,80,80.341881,84.472481
8041,80,80.341881,84.472481
8042,80,80.341881,83.947426
8043,80,80.341881,83.422371
8044,80,80.8058625,83.422371
8045,80,81.269844,83.422371
8047,80,81.269844,83.422371
8048,80,82.100121,82.6947745
8049,80,82.100121,81.967178
8050,80,82.100121,81.967178
8051,80,82.100121,81.967178
8052,80,82.5396845,81.967178
8053,80,82.979248,81.967178
8054,80,82.979248,80.8634145
8055,80,82.979248,79.759651
8056,80,82.979248,79.759651
8057,80,83.4676475,79.759651
8058,80,83.956047,79.759651
8059,80,83.956047,79.759651
8060,80,83.956047,79.759651
8061,80,83.956047,78.184269
8062,80,84.493286,76.608887
8063,80,85.030525,76.608887
8064,80,85.030525,76.608887
8065,80,85.030525,76.608887
8066,80,85.3968275,76.608887
8067,80,85.76313,75.0117495
8068,80,85.76313,73.414612
8069,80,85.76313,73.414612
8070,80,85.76313,73.414612
8071,80,86.2515295,73.414612
8072,80,86.739929,73.414612
8073,80,86.739929,71.388592
8074,80,86.739929,69.362572
8075,80,86.739929,69.362572
8076,80,87.106228,69.362572
8077,80,87.472527,69.362572
8078,80,87.472527,69.362572
8079,80,87.472527,66.9647065
8080,80,87.472527,64.566841
8081,80,88.0097695,64.566841
8082,80,88.547012,64.566841
8083,80,88.547012,64.566841
8084,80,88.803421,64.566841
8085,80,89.05983,62.0520935
8086,80,89.05983,59.537346
8087,80,89.05983,59.537346
8088,80,89.462761,59.537346
8089,80,89.865692,59.537346
8090,80,89.865692,56.813614
8091,80,89.865692,54.089882
8092,80,89.865692,54.089882
8093,80,90.1343115,54.089882
8094,80,90.402931,54.089882
8095,80,90.402931,54.089882
8096,80,90.402931,54.089882
8097,80,90.402931,50.928995
8098,80,90.7692335,47.768108
8099,80,91.135536,47.768108
8100,80,91.135536,47.768108
8101,80,91.135536,47.768108
8102,80,91.282055,47.768108
8103,80,91.428574,44.87784
8104,80,91.428574,41.987572
8105,80,91.428574,41.987572
8106,80,91.428574,41.987572
8108,80,91.452995,41.987572
8109,80,91.452995,38.889059
8110,80,91.452995,35.790546
8111,80,91.452995,35.790546
8112,80,91.5384635,35.790546
8113,80,91.623932,35.790546
8114,80,91.623932,35.790546
8115,80,91.623932,35.790546
8116,80,91.5628815,32.2893855
8117,80,91.501831,28.788225
8118,80,91.501831,28.788225
8119,80,91.501831,28.788225
8120,80,91.501831,28.788225
8121,80,91.26984,26.2870275
8122,80,91.037849,23.78583
8123,80,91.037849,23.78583
8124,80,91.037849,23.78583
8125,80,90.94017,23.78583
8126,80,90.842491,23.78583
8127,80,90.842491,23.78583
8128,80,90.842491,20.919407
8129,80,90.842491,18.052984
8130,80,90.598293,18.052984
8131,80,90.354095,18.052984
8132,80,90.354095,18.052984
8133,80,90.354095,18.052984
8134,80,90.354095,15.77283
8135,80,90.0000035,13.492676
8136,80,89.645912,13.492676
8138,80,89.645912,13.492676
8139,80,89.328453,13.492676
8140,80,89.010994,11.29713
8141,80,89.010994,9.101584
8142,80,89.010994,9.101584
8143,80,88.68132,9.101584
8144,80,88.351646,9.101584
8145,80,88.351646,9.101584
8146,80,88.351646,9.101584
8147,80,88.351646,6.9164925
8148,80,87.9853475,4.731401
8149,80,87.619049,4.731401
8150,80,87.619049,4.731401
8151,80,87.619049,4.731401
8152,80,87.619049,3.3699325
8153,80,86.996338,2.008464
8154,80,86.373627,2.008464
8155,80,86.373627,2.008464
8156,80,86.373627,2.008464
8157,80,85.8852275,2.008464
8158,80,85.396828,1.033079
8159,80,85.396828,0.057694
8160,80,85.396828,0.057694
8161,80,84.9206355,0.057694
8162,80,84.444443,0.057694
8163,80,84.444443,0.057694
8164,80,84.444443,0.057694
8165,80,84.444443,0.028847
8166,80,83.8461535,0
8167,80,83.247864,0
8168,80,83.247864,0
8169,80,83.247864,0
8170,80,83.247864,0
8171,80,82.686203,0.013725
8172,80,82.124542,0.02745
8173,80,82.124542,0.02745
8174,80,82.124542,0.02745
8175,80,82.124542,0.02745
8176,80,81.5262525,0.02745
8177,80,80.927963,0.182682
8178,80,80.927963,0.337914
8179,80,80.427353,0.337914
8180,80,79.926743,0.337914
8181,80,79.926743,0.337914
8182,80,79.926743,0.337914
8183,80,79.926743,0.337914
8184,80,79.365082,0.883259
8185,80,78.803421,1.428604
8186,80,78.803421,1.428604
8187,80,78.803421,1.428604
8188,80,78.803421,1.428604
8189,80,78.1929205,1.428604
8190,80,77.58242,2.3023115
8191,80,77.58242,3.176019
8192,80,77.58242,3.176019
8193,80,77.58242,3.176019
8194,80,76.9841305,3.176019
8195,80,76.385841,3.176019
8196,80,76.385841,4.5135435
8197,80,76.385841,5.851068
8198,80,76.385841,5.851068
8199,80,75.457878,5.851068
8200,80,75.457878,5.851068
8201,80,75.457878,5.851068
8202,80,74.920635,7.7037025
8203,80,74.383392,9.556337
8204,80,74.383392,9.556337
8205,80,74.383392,9.556337
8206,80,74.383392,9.556337
8207,80,73.7851025,9.556337
8208,80,73.186813,11.5807595
8209,80,73.186813,13.605182
8210,80,73.186813,13.605182
8211,80,73.186813,13.605182
8212,80,72.747253,13.605182
8213,80,72.307693,13.605182
8214,80,72.307693,15.950153
8215,80,72.307693,18.295124
8216,80,71.916973,18.295124
8217,80,71.526253,18.295124
8218,80,71.526253,18.295124
8219,80,71.526253,18.295124
8220,80,71.159954,18.295124
8221,80,70.793655,21.1583355
8222,80,70.793655,24.021547
8223,80,70.793655,24.021547
8224,80,70.793655,24.021547
8225,80,70.3418845,24.021547
8226,80,69.890114,24.021547
8228,80,69.890114,29.614475
8229,80,69.890114,29.614475
8230,80,69.694752,29.614475
8231,80,69.49939,29.614475
8232,80,69.49939,29.614475
8233,80,69.49939,32.6468865
8234,80,69.49939,35.679298
8235,80,69.1086695,35.679298
8236,80,68.717949,35.679298
8237,80,68.717949,35.679298
8238,80,68.5470085,35.679298
8239,80,68.376068,35.679298
8240,80,68.376068,35.679298
8241,80,68.376068,39.371147
8242,80,68.376068,43.062996
8243,80,68.376068,43.062996
8244,80,68.24176,43.062996
8245,80,68.107452,43.062996
8246,80,68.107452,43.062996
8247,80,68.107452,46.079672
8248,80,68.107452,49.096348
8249,80,68.156292,49.096348
8250,80,68.205132,49.096348
8251,80,68.205132,49.096348
8252,80,68.205132,49.096348
8253,80,68.205132,52.0021175
8254,80,68.3638615,54.907887
8255,80,68.522591,54.907887
8256,80,68.522591,54.907887
8257,80,68.522591,54.907887
8259,80,68.742371,54.907887
8260,80,68.742371,57.9267255
8261,80,68.742371,60.945564
8262,80,69.157509,60.945564
8263,80,69.572647,60.945564
8264,80,69.572647,60.945564
8265,80,69.572647,63.248943
8266,80,69.8168485,65.552322
8267,80,70.06105,65.552322
8268,80,70.06105,65.552322
8269,80,70.06105,65.552322
8270,80,70.06105,67.7755355
8271,80,70.5494495,69.998749
8272,80,71.037849,69.998749
8273,80,71.037849,69.998749
8274,80,71.037849,69.998749
8275,80,71.3431015,69.998749
8276,80,71.648354,69.998749
8277,80,71.648354,72.224724
8278,80,71.648354,74.450699
8279,80,71.648354,74.450699
8280,80,72.063492,74.450699
8281,80,72.47863,74.450699
8282,80,72.47863,74.450699
8283,80,72.47863,75.868824
8284,80,72.930401,77.286949
8285,80,73.382172,77.286949
8286,80,73.382172,77.286949
8287,80,73.382172,77.286949
8289,80,73.382172,77.286949
8290,80,73.8461535,78.725006
8291,80,74.310135,80.163063
8292,80,74.310135,80.163063
8293,80,74.310135,80.163063
8294,80,74.310135,80.163063
8295,80,74.7741165,81.0941085
8296,80,75.238098,82.025154
8297,80,75.238098,82.025154
8298,80,75.579979,82.025154
8299,80,75.92186,82.025154
8300,80,75.92186,82.025154
8301,80,75.92186,82.682438
8302,80,75.92186,83.339722
8303,80,76.4835205,83.339722
8304,80,77.045181,83.339722
8305,80,77.045181,83.339722
8306,80,77.045181,83.339722
8307,80,77.045181,83.339722
8308,80,77.47253,83.6796455
8309,80,77.899879,84.019569
8310,80,77.899879,84.019569
8311,80,77.899879,84.019569
8312,80,78.5103795,84.019569
8313,80,79.12088,84.019569
8314,80,79.12088,83.980457
8315,80,79.12088,83.941345
8316,80,79.45055,83.941345
8317,80,79.78022,83.941345
8319,80,79.78022,83.941345
8320,80,79.78022,83.580307
8321,80,80.183151,83.219269
8322,80,80.586082,83.219269
8323,80,80.586082,83.219269
8324,80,80.586082,83.219269
8325,80,80.586082,83.219269
8326,80,81.159954,82.4927865
8327,80,81.733826,81.766304
8328,80,81.733826,81.766304
8329,80,81.733826,81.766304
8330,80,82.1855965,81.766304
8331,80,82.637367,81.766304
8332,80,82.637367,80.8408545
8333,80,82.637367,79.915405
8334,80,83.003666,79.915405
8335,80,83.369965,79.915405
8336,80,83.369965,79.915405
8337,80,83.369965,79.915405
8338,80,83.369965,78.6504555
8339,80,83.8583645,77.385506
8340,80,84.346764,77.385506
8341,80,84.346764,77.385506
8342,80,84.346764,77.385506
8343,80,84.346764,77.385506
8344,80,84.8107455,77.385506
8345,80,85.274727,75.686825
8346,80,85.274727,73.988144
8347,80,85.274727,73.988144
8349,80,86.153847,73.988144
8350,80,86.153847,72.1922835
8351,80,86.153847,70.396423
8352,80,86.5079385,70.396423
8353,80,86.86203,70.396423
8354,80,86.86203,70.396423
8355,80,86.86203,70.396423
8356,80,86.86203,68.1519085
8357,80,87.264961,65.907394
8358,80,87.667892,65.907394
8359,80,87.667892,65.907394
8360,80,87.667892,65.907394
8361,80,87.667892,65.907394
8362,80,88.144081,65.907394
8363,80,88.62027,65.907394
8364,80,88.62027,62.9620015
8365,80,88.62027,60.016609
8366,80,88.62027,60.016609
8367,80,89.0109905,60.016609
8368,80,89.401711,60.016609
8369,80,89.401711,57.702459
8370,80,89.401711,55.388309
8371,80,89.7313805,55.388309
8372,80,90.06105,55.388309
8373,80,90.06105,55.388309
8374,80,90.06105,55.388309
8375,80,90.2564125,52.311218
8376,80,90.451775,49.234127
8377,80,90.451775,49.234127
8379,80,90.451775,49.234127
8380,80,90.7081835,49.234127
8381,80,90.964592,46.4443225
8382,80,90.964592,43.654518
8383,80,90.964592,43.654518
8384,80,90.964592,43.654518
8385,80,91.074482,43.654518
8386,80,91.184372,43.654518
8387,80,91.184372,40.605688
8388,80,91.184372,37.556858
8389,80,91.184372,37.556858
8390,80,91.2087935,37.556858
8391,80,91.233215,37.556858
8392,80,91.233215,37.556858
8393,80,91.257633,37.556858
8394,80,91.282051,34.110298
8395,80,91.282051,30.663738
8396,80,91.282051,30.663738
8397,80,91.282051,30.663738
8398,80,91.196583,30.663738
8399,80,91.111115,30.663738
8400,80,91.111115,28.0038385
8401,80,91.111115,25.343939
8402,80,91.111115,25.343939
8403,80,90.952385,25.343939
8404,80,90.793655,25.343939
8405,80,90.793655,25.343939
8406,80,90.793655,22.605422
8407,80,90.793655,19.866905
8409,80,90.37851,19.866905
8410,80,90.37851,19.866905
8411,80,90.146519,19.866905
8412,80,89.914528,19.866905
8413,80,89.914528,17.183992
8414,80,89.914528,14.501079
8415,80,89.914528,14.501079
8416,80,89.584858,14.501079
8417,80,89.255188,14.501079
8418,80,89.255188,14.501079
8419,80,89.255188,12.494341
8420,80,89.255188,10.487603
8421,80,88.925518,10.487603
8422,80,88.595848,10.487603
8423,80,88.595848,10.487603
8424,80,88.595848,10.487603
8425,80,88.595848,8.537949
8426,80,88.2051275,6.588295
8427,80,87.814407,6.588295
8428,80,87.814407,6.588295
8429,80,87.814407,6.588295
8430,80,87.374847,6.588295
8431,80,86.935287,6.588295
8432,80,86.935287,4.8784925
8433,80,86.935287,3.16869
8434,80,86.4957275,3.16869
8435,80,86.056168,3.16869
8436,80,86.056168,3.16869
8437,80,86.056168,2.121563
8438,80,86.056168,1.074436
8439,80,86.056168,1.074436
8440,80,84.835167,1.074436
8441,80,84.835167,1.074436
8442,80,84.835167,1.074436
8443,80,84.835167,1.074436
8444,80,84.322346,0.537218
8445,80,83.809525,0
8446,80,83.809525,0
8447,80,83.809525,0
8448,80,83.223446,0
8449,80,82.637367,0
8450,80,82.637367,0
8451,80,82.637367,0
8452,80,82.637367,0
8453,80,82.148964,0
8454,80,81.660561,0
8455,80,81.660561,0
8456,80,81.660561,0.1506345
8457,80,81.0256425,0.301269
8458,80,80.390724,0.301269
8459,80,80.390724,0.301269
8460,80,80.390724,0.301269
8461,80,80.390724,0.301269
8462,80,79.8290635,0.7254505
8463,80,79.267403,1.149632
8464,80,79.267403,1.149632
8465,80,79.267403,1.149632
8466,80,78.7545815,1.149632
8467,80,78.24176,1.149632
8469,80,78.24176,1.149632
8470,80,78.24176,3.159948
8471,80,77.704521,3.159948
8472,80,77.167282,3.159948
8473,80,77.167282,3.159948
8474,80,77.167282,3.159948
8475,80,77.167282,3.159948
8476,80,76.53236,4.411141
8477,80,75.897438,5.662334
8478,80,75.897438,5.662334
8479,80,75.897438,5.662334
8480,80,75.897438,5.662334
8481,80,75.3113555,5.662334
8482,80,74.725273,7.341408
8483,80,74.725273,9.020482
8484,80,74.725273,9.020482
8485,80,74.725273,9.020482
8486,80,74.2368735,9.020482
8487,80,73.748474,9.020482
8488,80,73.748474,9.020482
8489,80,73.748474,11.3891445
8490,80,73.308914,13.757807
8491,80,72.869354,13.757807
8492,80,72.869354,13.757807
8493,80,72.869354,13.757807
8494,80,72.3809545,15.9448245
8495,80,71.892555,18.131842
8496,80,71.892555,18.131842
8497,80,71.892555,18.131842
8499,80,71.15995,18.131842
8500,80,71.15995,20.7446665
8501,80,71.15995,23.357491
8502,80,71.15995,23.357491
8503,80,70.7081795,23.357491
8504,80,70.256409,23.357491
8505,80,70.256409,23.357491
8506,80,70,26.4880805
8507,80,69.743591,29.61867
8508,80,69.743591,29.61867
8509,80,69.743591,29.61867
8510,80,69.743591,29.61867
8511,80,69.462761,29.61867
8512,80,69.181931,32.202075
8513,80,69.181931,34.78548
8514,80,69.181931,34.78548
8515,80,69.181931,34.78548
8516,80,68.9865685,34.78548
8517,80,68.791206,34.78548
8518,80,68.791206,34.78548
8519,80,68.791206,38.052301
8520,80,68.791206,41.319122
8521,80,68.449329,41.319122
8522,80,68.107452,41.319122
8523,80,68.107452,41.319122
8524,80,68.107452,44.309284
8525,80,68.144081,47.299446
8526,80,68.18071,47.299446
8527,80,68.18071,47.299446
8528,80,68.18071,47.299446
8530,80,68.424911,47.299446
8531,80,68.424911,50.3807545
8532,80,68.424911,53.462063
8533,80,68.424911,53.462063
8534,80,68.57143,53.462063
8535,80,68.717949,53.462063
8536,80,68.717949,53.462063
8537,80,68.717949,56.508488
8538,80,68.717949,59.554913
8539,80,68.9865685,59.554913
8540,80,69.255188,59.554913
8541,80,69.255188,59.554913
8542,80,69.352871,59.554913
8543,80,69.450554,61.912531
8544,80,69.450554,64.270149
8545,80,69.450554,64.270149
8546,80,69.450554,64.270149
8547,80,69.914532,64.270149
8548,80,70.37851,64.270149
8549,80,70.37851,66.601059
8550,80,70.37851,68.931969
8551,80,70.37851,68.931969
8552,80,70.7081795,68.931969
8553,80,71.037849,68.931969
8554,80,71.037849,68.931969
8555,80,71.037849,70.999405
8556,80,71.037849,73.066841
8557,80,71.48962,73.066841
8558,80,71.941391,73.066841
8560,80,71.941391,73.066841
8561,80,72.747253,74.709213
8562,80,72.747253,76.351585
8563,80,72.747253,76.351585
8564,80,72.747253,76.351585
8565,80,73.101345,76.351585
8566,80,73.455437,76.351585
8567,80,73.455437,77.6724205
8568,80,73.455437,78.993256
8569,80,73.455437,78.993256
8570,80,74.004887,78.993256
8571,80,74.554337,78.993256
8572,80,74.554337,78.993256
8573,80,74.554337,78.993256
8574,80,74.945057,80.1460575
8575,80,75.335777,81.298859
8576,80,75.335777,81.298859
8577,80,75.335777,81.298859
8578,80,75.763126,81.298859
8579,80,76.190475,81.940876
8580,80,76.190475,82.582893
8581,80,76.190475,82.582893
8582,80,76.190475,82.582893
8583,80,76.5934065,82.582893
8584,80,76.996338,82.582893
8585,80,76.996338,82.582893
8586,80,76.996338,83.0017775
8587,80,76.996338,83.420662
8588,80,77.52137,83.420662
8589,80,78.046402,83.420662
8590,80,78.046402,83.420662
8591,80,78.046402,83.420662
8592,80,78.57143,83.420662
8593,80,79.096458,83.464165
8594,80,79.096458,83.507668
8595,80,79.096458,83.507668
8596,80,79.413921,83.507668
8597,80,79.731384,83.507668
8598,80,79.731384,83.2983895
8599,80,79.731384,83.089111
8600,80,80.158733,83.089111
8601,80,80.586082,83.089111
8602,80,80.586082,83.089111
8603,80,80.586082,83.089111
8604,80,80.586082,83.089111
8605,80,81.062271,82.4695585
8606,80,81.53846,81.850006
8607,80,81.53846,81.850006
8608,80,81.53846,81.850006
8609,80,81.53846,81.850006
8610,80,82.03907,81.850006
8611,80,82.53968,80.9815825
8612,80,82.53968,80.113159
8613,80,82.53968,80.113159
8614,80,82.9059825,80.113159
8615,80,83.272285,80.113159
8616,80,83.272285,80.113159
8617,80,83.272285,78.8829805
8618,80,83.736267,77.652802
8619,80,84.200249,77.652802
8620,80,84.200249,77.652802
8621,80,84.200249,77.652802
8622,80,84.200249,77.652802
8623,80,84.700859,77.652802
8624,80,85.201469,75.853329
8625,80,85.201469,74.053856
8626,80,85.201469,74.053856
8627,80,85.201469,74.053856
8628,80,85.65324,74.053856
8629,80,86.105011,74.053856
8630,80,86.105011,72.224163
8631,80,86.105011,70.39447
8632,80,86.42247,70.39447
8633,80,86.739929,70.39447
8634,80,86.739929,70.39447
8635,80,86.739929,70.39447
8636,80,87.216118,68.222431
8637,80,87.692307,66.050392
8638,80,87.692307,66.050392
8639,80,87.692307,66.050392
8640,80,87.692307,66.050392
8641,80,88.1196595,66.050392
8642,80,88.547012,63.374706
8643,80,88.547012,60.69902
8644,80,88.547012,60.69902
8645,80,88.547012,60.69902
8646,80,89.0720405,60.69902
8647,80,89.597069,60.69902
8648,80,89.597069,58.186237
8649,80,89.597069,55.673454
8650,80,89.597069,55.673454
8651,80,90.06105,55.673454
8652,80,90.06105,55.673454
8653,80,90.06105,55.673454
8654,80,90.06105,52.672777
8655,80,90.305252,49.6721
8656,80,90.549454,49.6721
8657,80,90.549454,49.6721
8658,80,90.549454,49.6721
8659,80,90.7936515,49.6721
8660,80,91.037849,49.6721
8661,80,91.037849,46.3542595
8662,80,91.037849,43.036419
8663,80,91.037849,43.036419
8664,80,91.257629,43.036419
8665,80,91.477409,43.036419
8666,80,91.477409,43.036419
8667,80,91.477409,40.1758215
8668,80,91.5506705,37.315224
8669,80,91.623932,37.315224
8670,80,91.623932,37.315224
8671,80,91.623932,37.315224
8672,80,91.623932,37.315224
8673,80,91.5506705,34.189892
8674,80,91.477409,31.06456
8675,80,91.477409,31.06456
8676,80,91.477409,31.06456
8677,80,91.4041515,31.06456
8678,80,91.330894,31.06456
8680,80,91.330894,31.06456
8681,80,91.330894,24.689182
8682,80,91.233215,24.689182
8683,80,91.135536,24.689182
8684,80,91.135536,24.689182
8685,80,91.135536,24.689182
8686,80,90.9890135,22.0055425
8687,80,90.842491,19.321903
8688,80,90.842491,19.321903
8689,80,90.842491,19.321903
8690,80,90.842491,19.321903
8691,80,90.598293,19.321903
8692,80,90.354095,16.8195685
8693,80,90.354095,14.317234
8694,80,90.354095,14.317234
8695,80,89.9145315,14.317234
8696,80,89.474968,14.317234
8697,80,89.474968,14.317234
8698,80,89.474968,11.882392
8699,80,89.474968,9.44755
8700,80,89.0964585,9.44755
8701,80,88.717949,9.44755
8702,80,88.717949,9.44755
8703,80,88.717949,9.44755
8704,80,88.4127005,7.539934
8705,80,88.107452,5.632318
8706,80,88.107452,5.632318
8707,80,88.107452,5.632318
8708,80,88.107452,5.632318
8709,80,87.6678885,5.632318
8710,80,87.228325,4.023412
8711,80,87.228325,2.414506
8712,80,87.228325,2.414506
8713,80,86.666668,2.414506
8714,80,86.105011,2.414506
8715,80,86.105011,2.414506
8716,80,86.105011,2.414506
8717,80,86.105011,2.414506
8718,80,85.5189285,1.207253
8719,80,84.932846,0
8720,80,84.932846,0
8721,80,84.932846,0
8722,80,84.420025,0
8723,80,83.907204,0
8724,80,83.907204,0
8725,80,83.907204,0
8726,80,83.907204,0
8727,80,83.369965,0
8728,80,82.832726,0
8729,80,82.832726,0.006689
8730,80,82.832726,0.013378
8731,80,82.832726,0.013378
8732,80,82.258854,0.013378
8733,80,81.684982,0.013378
8734,80,81.684982,0.013378
8735,80,81.684982,0.013378
8736,80,81.135532,0.1031355
8737,80,80.586082,0.192893
8738,80,80.586082,0.192893
8739,80,80.586082,0.192893
8741,80,79.658119,0.192893
8742,80,79.658119,1.059072
8743,80,79.658119,1.059072
8744,80,79.658119,1.059072
8745,80,79.035408,1.059072
8746,80,78.412697,1.059072
8747,80,78.412697,1.059072
8748,80,78.412697,1.9041975
8749,80,78.412697,2.749323
8750,80,78.412697,2.749323
8751,80,77.838829,2.749323
8752,80,77.264961,2.749323
8753,80,77.264961,2.749323
8754,80,77.264961,2.749323
8755,80,76.7033005,4.0763575
8756,80,76.14164,5.403392
8757,80,76.14164,5.403392
8758,80,76.14164,5.403392
8759,80,75.689869,5.403392
8760,80,75.238098,6.8495415
8761,80,75.238098,8.295691
8762,80,75.238098,8.295691
8763,80,74.688648,8.295691
8764,80,74.139198,8.295691
8765,80,74.139198,8.295691
8766,80,74.139198,10.222618
8767,80,74.139198,12.149545
8768,80,73.5775375,12.149545
8769,80,73.015877,12.149545
8771,80,73.015877,12.149545
8772,80,72.5274735,14.537915
8773,80,72.03907,16.926285
8774,80,72.03907,16.926285
8775,80,72.03907,16.926285
8776,80,71.6483495,16.926285
8777,80,71.257629,19.3617185
8778,80,71.257629,21.797152
8779,80,71.257629,21.797152
8780,80,71.257629,21.797152
8781,80,70.8913305,21.797152
8782,80,70.525032,21.797152
8783,80,70.525032,21.797152
8784,80,70.525032,24.4057095
8785,80,70.525032,27.014267
8786,80,70.183151,27.014267
8787,80,69.84127,27.014267
8788,80,69.84127,27.014267
8789,80,69.84127,27.014267
8790,80,69.84127,27.014267
8791,80,69.56044,30.201275
8792,80,69.27961,33.388283
8793,80,69.27961,33.388283
8794,80,69.27961,33.388283
8795,80,69.023201,33.388283
8796,80,68.766792,36.2018395
8797,80,68.766792,39.015396
8798,80,68.766792,39.015396
8799,80,68.7301595,39.015396
8800,80,68.693527,39.015396
8801,80,68.693527,39.015396
8802,80,68.693527,39.015396
8803,80,68.693527,42.320896
8804,80,68.5347975,45.626396
8805,80,68.376068,45.626396
8806,80,68.376068,45.626396
8807,80,68.376068,45.626396
8808,80,68.376068,45.626396
8809,80,68.4371185,49.022091
8810,80,68.498169,52.417786
8811,80,68.498169,52.417786
8812,80,68.498169,52.417786
8813,80,68.705738,52.417786
8814,80,68.913307,52.417786
8815,80,68.913307,54.841793
8816,80,68.913307,57.2658
8817,80,68.913307,57.2658
8818,80,69.0842475,57.2658
8819,80,69.255188,57.2658
8820,80,69.255188,57.2658
8821,80,69.255188,60.0211235
8822,80,69.6092795,62.776447
8823,80,69.963371,62.776447
8824,80,69.963371,62.776447
8825,80,69.963371,62.776447
8826,80,69.963371,62.776447
8827,80,70.3540915,64.8933695
8828,80,70.744812,67.010292
8829,80,70.744812,67.010292
8831,80,70.744812,67.010292
8832,80,71.184372,67.010292
8833,80,71.184372,69.032345
8834,80,71.184372,71.054398
8835,80,71.184372,71.054398
8836,80,71.636143,71.054398
8837,80,72.087914,71.054398
8838,80,72.087914,71.054398
8839,80,72.087914,71.054398
8840,80,72.087914,73.1389315
8841,80,72.5274735,75.223465
8842,80,72.967033,75.223465
8843,80,72.967033,75.223465
8844,80,72.967033,75.223465
8845,80,72.967033,75.223465
8846,80,73.4554325,76.466461
8847,80,73.943832,77.709457
8848,80,73.943832,77.709457
8849,80,74.297924,77.709457
8850,80,74.652016,77.709457
8851,80,74.652016,77.709457
8852,80,74.652016,78.7460745
8853,80,74.652016,79.782692
8854,80,75.2503055,79.782692
8855,80,75.848595,79.782692
8856,80,75.848595,79.782692
8857,80,75.848595,79.782692
8858,80,75.848595,79.782692
8859,80,76.2148975,80.5068015
8860,80,76.5812,81.230911
8861,80,76.5812,81.230911
8862,80,76.5812,81.230911
8863,80,76.5812,81.230911
8864,80,77.08181,81.551071
8865,80,77.58242,81.871231
8866,80,77.58242,81.871231
8867,80,77.58242,81.871231
8868,80,77.936508,81.871231
8869,80,78.290596,81.871231
8870,80,78.290596,81.871231
8871,80,78.290596,82.0205155
8872,80,78.803417,82.1698
8873,80,79.316238,82.1698
8874,80,79.316238,82.1698
8875,80,79.316238,82.1698
8876,80,79.316238,82.1698
8877,80,79.8046415,81.7942165
8878,80,80.293045,81.418633
8879,80,80.293045,81.418633
8880,80,80.293045,81.418633
8881,80,80.293045,81.418633
8882,80,80.7692335,81.418633
8883,80,81.245422,80.8726735
8884,80,81.245422,80.326714
8885,80,81.245422,80.326714
8886,80,81.660564,80.326714
8887,80,82.075706,80.326714
8888,80,82.075706,80.326714
8889,80,82.075706,79.3343815
8890,80,82.075706,78.342049
8891,80,82.625156,78.342049
8892,80,83.174606,78.342049
8893,80,83.174606,78.342049
8894,80,83.174606,78.342049
8895,80,83.5897445,78.342049
8896,80,84.004883,76.937088
8897,80,84.004883,75.532127
8898,80,84.004883,75.532127
8899,80,84.004883,75.532127
8900,80,84.5054935,75.532127
8901,80,85.006104,75.532127
8902,80,85.006104,74.0117455
8903,80,85.006104,72.491364
8904,80,85.421246,72.491364
8905,80,85.836388,72.491364
8906,80,85.836388,72.491364
8907,80,85.836388,72.491364
8908,80,85.836388,70.5666545
8909,80,86.3125765,68.641945
8910,80,86.788765,68.641945
8911,80,86.788765,68.641945
8912,80,86.788765,68.641945
8913,80,87.1550675,68.641945
8914,80,87.52137,68.641945
8915,80,87.52137,66.2446175
8916,80,87.52137,63.84729
8917,80,87.52137,63.84729
8918,80,87.96093,63.84729
8919,80,88.40049,63.84729
8920,80,88.40049,63.84729
8922,80,88.40049,59.056534
8923,80,89.035408,59.056534
8924,80,89.035408,59.056534
8925,80,89.035408,59.056534
8926,80,89.035408,59.056534
8927,80,89.3162385,56.376652
8928,80,89.597069,53.69677
8929,80,89.597069,53.69677
8930,80,89.597069,53.69677
8931,80,89.8534815,53.69677
8932,80,90.109894,53.69677
8933,80,90.109894,53.69677
8934,80,90.109894,50.387804
8935,80,90.109894,47.078838
8936,80,90.415142,47.078838
8937,80,90.72039,47.078838
8938,80,90.72039,47.078838
8939,80,90.72039,47.078838
8940,80,90.7814405,44.251392
8941,80,90.842491,41.423946
8942,80,90.842491,41.423946
8943,80,90.842491,41.423946
8944,80,90.842491,41.423946
8945,80,90.842491,41.423946
8946,80,90.9890135,38.6493605
8947,80,91.135536,35.874775
8948,80,91.135536,35.874775
8949,80,91.135536,35.874775
8950,80,91.147743,35.874775
8951,80,91.15995,35.874775
8953,80,91.15995,35.874775
8954,80,91.15995,29.483751
8955,80,91.0988995,29.483751
8956,80,91.037849,29.483751
8957,80,91.037849,29.483751
8958,80,91.037849,29.483751
8959,80,90.9035415,26.948966
8960,80,90.769234,24.414181
8961,80,90.769234,24.414181
8962,80,90.769234,24.414181
8963,80,90.634922,24.414181
8964,80,90.50061,21.834218
8965,80,90.50061,19.254255
8966,80,90.50061,19.254255
8967,80,90.21978,19.254255
8968,80,89.93895,19.254255
8969,80,89.93895,19.254255
8970,80,89.93895,16.611545
8971,80,89.93895,13.968835
8972,80,89.572651,13.968835
8973,80,89.206352,13.968835
8974,80,89.206352,13.968835
8975,80,89.206352,12.1176485
8976,80,88.876682,10.266462
8977,80,88.547012,10.266462
8978,80,88.547012,10.266462
8979,80,88.547012,10.266462
8980,80,88.547012,10.266462
8982,80,87.912086,10.266462
8983,80,87.912086,6.271534
8984,80,87.912086,6.271534
8985,80,87.912086,6.271534
8986,80,87.484737,6.271534
8987,80,87.057388,6.271534
8988,80,87.057388,4.861424
8989,80,87.057388,3.451314
8990,80,87.057388,3.451314
8991,80,86.5689885,3.451314
8992,80,86.080589,3.451314
8993,80,86.080589,3.451314
8994,80,85.555557,3.451314
8995,80,85.030525,2.3295415
8996,80,85.030525,1.207769
8997,80,85.030525,1.207769
8998,80,85.030525,1.207769
8999,80,84.5665435,1.207769
9000,80,84.102562,1.207769
9001,80,84.102562,0.613276
9002,80,84.102562,0.018783
9003,80,83.553112,0.018783
9004,80,83.003662,0.018783
9005,80,83.003662,0.018783
9006,80,83.003662,0.018783
9007,80,83.003662,0.018373
9008,80,82.4175835,0.017963
9009,80,81.831505,0.017963
9010,80,81.831505,0.017963
9012,80,81.831505,0.017963
9013,80,80.976799,0.102319
9014,80,80.976799,0.186675
9015,80,80.976799,0.186675
9016,80,80.976799,0.186675
9017,80,80.3540915,0.186675
9018,80,79.731384,0.186675
9019,80,79.731384,0.186675
9020,80,79.731384,0.742743
9021,80,79.731384,1.298811
9022,80,79.206352,1.298811
9023,80,78.68132,1.298811
9024,80,78.68132,1.298811
9025,80,78.68132,1.298811
9026,80,78.68132,2.0945805
9027,80,78.058609,2.89035
9028,80,77.435898,2.89035
9029,80,77.435898,2.89035
9030,80,76.984127,2.89035
9031,80,76.532356,2.89035
9032,80,76.532356,4.0498035
9033,80,76.532356,5.209257
9034,80,75.9706955,5.209257
9035,80,75.409035,5.209257
9036,80,75.409035,5.209257
9037,80,75.409035,7.0744415
9038,80,75.409035,8.939626
9039,80,74.847374,8.939626
9040,80,74.285713,8.939626
9042,80,74.285713,8.939626
9043,80,73.7851025,10.7535285
9044,80,73.284492,12.567431
9045,80,73.284492,12.567431
9046,80,73.284492,12.567431
9047,80,72.857143,12.567431
9048,80,72.429794,12.567431
9049,80,72.429794,12.567431
9050,80,72.429794,15.0200085
9051,80,72.429794,17.472586
9052,80,71.990234,17.472586
9053,80,71.550674,17.472586
9054,80,71.550674,17.472586
9055,80,71.550674,17.472586
9056,80,71.550674,19.92563
9057,80,71.159954,22.378674
9058,80,70.769234,22.378674
9059,80,70.769234,22.378674
9060,80,70.769234,22.378674
9061,80,70.769234,22.378674
9062,80,70.415142,25.142053
9063,80,70.06105,27.905432
9064,80,70.06105,27.905432
9065,80,70.06105,27.905432
9066,80,69.658119,27.905432
9067,80,69.255188,27.905432
9068,80,69.255188,27.905432
9069,80,69.255188,31.1920825
9070,80,69.0598295,34.478733
9071,80,68.864471,34.478733
9072,80,68.864471,34.478733
9073,80,68.864471,34.478733
9074,80,68.864471,37.383873
9075,80,68.778999,40.289013
9076,80,68.693527,40.289013
9077,80,68.693527,40.289013
9078,80,68.693527,40.289013
9079,80,68.693527,40.289013
9080,80,68.4004895,43.392475
9081,80,68.107452,46.495937
9082,80,68.107452,46.495937
9083,80,68.107452,46.495937
9084,80,68.24176,46.495937
9085,80,68.376068,46.495937
9086,80,68.376068,46.495937
9087,80,68.376068,49.9128395
9088,80,68.5103795,53.329742
9089,80,68.644691,53.329742
9090,80,68.644691,53.329742
9091,80,68.644691,53.329742
9092,80,68.644691,53.329742
9093,80,68.888889,55.874916
9094,80,69.133087,58.42009
9095,80,69.133087,58.42009
9096,80,69.133087,58.42009
9097,80,69.2918205,58.42009
9098,80,69.450554,58.42009
9099,80,69.450554,60.9570675
9100,80,69.450554,63.494045
9101,80,69.450554,63.494045
9103,80,69.450554,63.494045
9104,80,70.329674,63.494045
9105,80,70.329674,63.494045
9106,80,70.329674,65.925764
9107,80,70.6837615,68.357483
9108,80,71.037849,68.357483
9109,80,71.037849,68.357483
9110,80,71.037849,68.357483
9111,80,71.037849,68.357483
9112,80,71.3186795,70.2115135
9113,80,71.59951,72.065544
9114,80,71.59951,72.065544
9115,80,71.59951,72.065544
9116,80,71.59951,72.065544
9117,80,72.1123315,72.065544
9118,80,72.625153,73.8301965
9119,80,72.625153,75.594849
9120,80,72.625153,75.594849
9121,80,72.942612,75.594849
9122,80,73.260071,75.594849
9123,80,73.260071,75.594849
9124,80,73.260071,77.0911715
9125,80,73.6996345,78.587494
9126,80,74.139198,78.587494
9127,80,74.139198,78.587494
9128,80,74.139198,78.587494
9129,80,74.7741165,79.45348
9130,80,75.409035,80.319466
9132,80,75.409035,80.319466
9133,80,75.6532365,80.319466
9134,80,75.897438,80.319466
9135,80,75.897438,81.056431
9136,80,75.897438,81.793396
9137,80,75.897438,81.793396
9138,80,76.5079385,81.793396
9139,80,77.118439,81.793396
9140,80,77.118439,81.793396
9141,80,77.118439,82.0542295
9142,80,77.435898,82.315063
9143,80,77.753357,82.315063
9144,80,77.753357,82.315063
9145,80,77.753357,82.315063
9146,80,77.753357,82.315063
9147,80,78.3394395,82.315063
9148,80,78.925522,82.3979415
9149,80,78.925522,82.48082
9150,80,78.925522,82.48082
9151,80,78.925522,82.48082
9152,80,79.27961,82.48082
9153,80,79.633698,82.388817
9154,80,79.633698,82.296814
9155,80,79.633698,82.296814
9156,80,79.633698,82.296814
9157,80,80.2075695,82.296814
9158,80,80.781441,82.296814
9159,80,80.781441,81.7531965
9160,80,80.781441,81.209579
9161,80,81.1477435,81.209579
9162,80,81.514046,81.209579
9163,80,81.514046,81.209579
9164,80,81.514046,81.209579
9165,80,82.014656,81.209579
9166,80,82.515266,80.2546195
9167,80,82.515266,79.29966
9168,80,82.515266,79.29966
9169,80,82.515266,79.29966
9170,80,82.9059865,79.29966
9171,80,83.296707,79.29966
9172,80,83.296707,78.1654205
9173,80,83.296707,77.031181
9174,80,83.296707,77.031181
9175,80,83.9194185,77.031181
9176,80,84.54213,77.031181
9177,80,84.54213,77.031181
9178,80,84.54213,75.539764
9179,80,84.7985385,74.048347
9180,80,85.054947,74.048347
9181,80,85.054947,74.048347
9182,80,85.054947,74.048347
9183,80,85.054947,74.048347
9184,80,85.5555575,74.048347
9185,80,86.056168,72.0605695
9186,80,86.056168,70.072792
9187,80,86.056168,70.072792
9188,80,86.446888,70.072792
9189,80,86.837608,70.072792
9190,80,86.837608,68.12022
9191,80,86.837608,66.167648
9193,80,86.837608,66.167648
9194,80,87.789986,66.167648
9195,80,87.789986,66.167648
9196,80,87.789986,66.167648
9197,80,88.192917,63.653244
9198,80,88.595848,61.13884
9199,80,88.595848,61.13884
9200,80,88.595848,61.13884
9201,80,88.595848,61.13884
9202,80,88.9011,61.13884
9203,80,89.206352,58.2778095
9204,80,89.206352,55.416779
9205,80,89.206352,55.416779
9206,80,89.572651,55.416779
9207,80,89.93895,55.416779
9208,80,89.93895,55.416779
9209,80,89.93895,52.657446
9210,80,89.93895,49.898113
9211,80,90.1953625,49.898113
9212,80,90.451775,49.898113
9213,80,90.451775,49.898113
9214,80,90.451775,49.898113
9215,80,90.7081835,46.998476
9216,80,90.964592,44.098839
9217,80,90.964592,44.098839
9218,80,90.964592,44.098839
9219,80,90.964592,44.098839
9220,80,90.9890135,44.098839
9221,80,91.013435,44.098839
9223,80,91.013435,37.457424
9224,80,91.013435,37.457424
9225,80,91.1843755,37.457424
9226,80,91.355316,37.457424
9227,80,91.355316,37.457424
9228,80,91.355316,34.577091
9229,80,91.343105,31.696758
9230,80,91.330894,31.696758
9231,80,91.330894,31.696758
9232,80,91.330894,31.696758
9233,80,91.233215,31.696758
9234,80,91.135536,28.769765
9235,80,91.135536,25.842772
9236,80,91.135536,25.842772
9237,80,91.135536,25.842772
9238,80,90.9890135,25.842772
9239,80,90.842491,25.842772
9240,80,90.842491,25.842772
9241,80,90.842491,22.701877
9242,80,90.842491,19.560982
9243,80,90.5616605,19.560982
9244,80,90.28083,19.560982
9245,80,90.28083,19.560982
9246,80,90.28083,19.560982
9247,80,90.28083,17.2674855
9248,80,90.0488395,14.973989
9249,80,89.816849,14.973989
9250,80,89.816849,14.973989
9251,80,89.5360185,14.973989
9252,80,89.255188,14.973989
9254,80,89.255188,10.694577
9255,80,89.255188,10.694577
9256,80,88.913307,10.694577
9257,80,88.571426,10.694577
9258,80,88.571426,10.694577
9259,80,88.571426,8.559057
9260,80,88.571426,6.423537
9261,80,88.1074485,6.423537
9262,80,87.643471,6.423537
9263,80,87.643471,6.423537
9264,80,87.643471,6.423537
9265,80,87.643471,5.021337
9266,80,87.1917,3.619137
9267,80,86.739929,3.619137
9268,80,86.739929,3.619137
9269,80,86.739929,3.619137
9270,80,86.300369,3.619137
9271,80,85.860809,2.4040375
9272,80,85.860809,1.188938
9273,80,85.860809,1.188938
9274,80,85.3235665,1.188938
9275,80,84.786324,1.188938
9276,80,84.786324,1.188938
9277,80,84.786324,0.594469
9278,80,84.786324,0
9279,80,84.200245,0
9280,80,83.614166,0
9281,80,83.614166,0
9282,80,83.614166,0
9284,80,83.614166,0
9285,80,82.319901,0
9286,80,82.319901,0
9287,80,82.319901,0
9288,80,81.868134,0
9289,80,81.416367,0.0703625
9290,80,81.416367,0.140725
9291,80,81.416367,0.140725
9292,80,80.866913,0.140725
9293,80,80.317459,0.140725
9294,80,80.317459,0.140725
9295,80,80.317459,0.140725
9296,80,80.317459,0.5366795
9297,80,79.7069585,0.932634
9298,80,79.096458,0.932634
9299,80,79.096458,0.932634
9300,80,79.096458,0.932634
9301,80,79.096458,1.707447
9302,80,78.4981685,2.48226
9303,80,77.899879,2.48226
9304,80,77.899879,2.48226
9305,80,77.899879,2.48226
9306,80,77.4481085,2.48226
9307,80,76.996338,3.627742
9308,80,76.996338,4.773224
9309,80,76.996338,4.773224
9310,80,76.3980485,4.773224
9311,80,75.799759,4.773224
9312,80,75.799759,4.773224
9314,80,75.799759,4.773224
9315,80,75.2136765,7.913615
9316,80,74.627594,7.913615
9317,80,74.627594,7.913615
9318,80,74.627594,7.913615
9319,80,74.627594,7.913615
9320,80,74.090355,9.778746
9321,80,73.553116,11.643877
9322,80,73.553116,11.643877
9323,80,73.553116,11.643877
9324,80,73.113556,11.643877
9325,80,72.673996,11.643877
9326,80,72.673996,13.915431
9327,80,72.673996,16.186985
9328,80,72.673996,16.186985
9329,80,72.271065,16.186985
9330,80,71.868134,16.186985
9331,80,71.868134,16.186985
9332,80,71.868134,16.186985
9333,80,71.3675235,19.1526115
9334,80,70.866913,22.118238
9335,80,70.866913,22.118238
9336,80,70.866913,22.118238
9337,80,70.866913,22.118238
9338,80,70.5982935,22.118238
9339,80,70.329674,24.7305555
9340,80,70.329674,27.342873
9341,80,70.329674,27.342873
9342,80,69.9633715,27.342873
9343,80,69.597069,27.342873
9344,80,69.597069,27.342873
9345,80,69.597069,30.0620385
9346,80,69.597069,32.781204
9347,80,69.3040315,32.781204
9348,80,69.010994,32.781204
9349,80,69.010994,32.781204
9350,80,69.010994,32.781204
9351,80,69.010994,36.0789925
9352,80,68.8278425,39.376781
9353,80,68.644691,39.376781
9354,80,68.644691,39.376781
9355,80,68.644691,39.376781
9356,80,68.473751,39.376781
9357,80,68.302811,42.2990665
9358,80,68.302811,45.221352
9359,80,68.302811,45.221352
9360,80,68.2906,45.221352
9361,80,68.278389,45.221352
9362,80,68.278389,45.221352
9363,80,68.278389,48.222084
9364,80,68.278389,51.222816
9365,80,68.40049,51.222816
9366,80,68.522591,51.222816
9367,80,68.522591,51.222816
9368,80,68.522591,51.222816
9369,80,68.7667925,54.323143
9370,80,69.010994,57.42347
9371,80,69.010994,57.42347
9372,80,69.010994,57.42347
9374,80,69.010994,57.42347
9375,80,69.426132,59.805796
9376,80,69.426132,62.188122
9377,80,69.426132,62.188122
9378,80,69.8046415,62.188122
9379,80,70.183151,62.188122
9380,80,70.183151,62.188122
9381,80,70.183151,64.5511875
9382,80,70.183151,66.914253
9383,80,70.415142,66.914253
9384,80,70.647133,66.914253
9385,80,70.647133,66.914253
9386,80,70.647133,66.914253
9387,80,70.647133,66.914253
9388,80,71.1111145,69.137951
9389,80,71.575096,71.361649
9390,80,71.575096,71.361649
9391,80,71.575096,71.361649
9392,80,71.575096,71.361649
9393,80,71.929184,71.361649
9394,80,72.283272,73.1155895
9395,80,72.283272,74.86953
9396,80,72.6495745,74.86953
9397,80,73.015877,74.86953
9398,80,73.015877,74.86953
9399,80,73.015877,76.2536965
9400,80,73.015877,77.637863
9401,80,73.431015,77.637863
9402,80,73.846153,77.637863
9404,80,73.846153,77.637863
9405,80,73.846153,77.637863
9406,80,74.3345525,78.868862
9407,80,74.822952,80.099861
9408,80,74.822952,80.099861
9409,80,74.822952,80.099861
9410,80,74.822952,80.099861
9411,80,75.372406,80.099861
9412,80,75.92186,80.8848915
9413,80,75.92186,81.669922
9414,80,76.36142,81.669922
9415,80,76.80098,81.669922
9416,80,76.80098,81.669922
9417,80,76.80098,81.669922
9418,80,76.80098,82.139038
9419,80,77.1917,82.608154
9420,80,77.58242,82.608154
9421,80,77.58242,82.608154
9422,80,77.58242,82.608154
9423,80,77.58242,82.608154
9424,80,78.0708195,82.608154
9425,80,78.559219,82.8072585
9426,80,78.559219,83.006363
9427,80,78.559219,83.006363
9428,80,78.559219,83.006363
9429,80,79.01099,83.006363
9430,80,79.462761,83.006363
9431,80,79.462761,82.7867545
9432,80,79.462761,82.567146
9434,80,80.341881,82.567146
9435,80,80.341881,82.567146
9436,80,80.341881,82.567146
9437,80,80.781441,82.100952
9438,80,81.221001,81.634758
9439,80,81.221001,81.634758
9440,80,81.221001,81.634758
9441,80,81.221001,81.634758
9442,80,81.733822,81.634758
9443,80,82.246643,80.714451
9444,80,82.246643,79.794144
9445,80,82.246643,79.794144
9446,80,82.246643,79.794144
9447,80,82.7472535,79.794144
9448,80,83.247864,79.794144
9449,80,83.247864,78.7703895
9450,80,83.247864,77.746635
9451,80,83.675213,77.746635
9452,80,84.102562,77.746635
9453,80,84.102562,77.746635
9454,80,84.102562,77.746635
9455,80,84.5421255,76.2483975
9456,80,84.981689,74.75016
9457,80,84.981689,74.75016
9458,80,84.981689,74.75016
9459,80,84.981689,74.75016
9460,80,85.3601985,74.75016
9461,80,85.738708,74.75016
9462,80,85.738708,72.79224
9463,80,85.738708,70.83432
9464,80,85.738708,70.83432
9465,80,85.738708,70.83432
9466,80,86.764351,70.83432
9467,80,86.764351,68.9785195
9468,80,86.764351,67.122719
9469,80,87.1428605,67.122719
9470,80,87.52137,67.122719
9471,80,87.52137,67.122719
9472,80,87.52137,67.122719
9473,80,87.826618,64.7862625
9474,80,88.131866,62.449806
9475,80,88.131866,62.449806
9476,80,88.131866,62.449806
9477,80,88.131866,62.449806
9478,80,88.559219,62.449806
9479,80,88.986572,62.449806
9480,80,88.986572,59.6519315
9481,80,88.986572,56.854057
9482,80,88.986572,56.854057
9483,80,89.352871,56.854057
9484,80,89.71917,56.854057
9485,80,89.71917,56.854057
9486,80,89.71917,54.20285
9487,80,89.914532,51.551643
9488,80,90.109894,51.551643
9489,80,90.109894,51.551643
9490,80,90.109894,51.551643
9491,80,90.3907245,51.551643
9492,80,90.671555,48.753786
9493,80,90.671555,45.955929
9495,80,90.671555,45.955929
9496,80,90.769234,45.955929
9497,80,90.866913,45.955929
9498,80,90.866913,42.8544105
9499,80,90.866913,39.752892
9500,80,90.866913,39.752892
9501,80,91.0134315,39.752892
9502,80,91.15995,39.752892
9503,80,91.15995,39.752892
9504,80,91.15995,36.886101
9505,80,91.15995,34.01931
9506,80,91.15995,34.01931
9507,80,91.15995,34.01931
9508,80,91.15995,34.01931
9509,80,91.15995,34.01931
9510,80,91.1965825,31.062956
9511,80,91.233215,28.106602
9512,80,91.233215,28.106602
9513,80,91.233215,28.106602
9514,80,91.037853,28.106602
9515,80,90.842491,28.106602
9516,80,90.842491,28.106602
9517,80,90.842491,24.9448855
9518,80,90.842491,21.783169
9519,80,90.598293,21.783169
9520,80,90.354095,21.783169
9521,80,90.354095,21.783169
9522,80,90.354095,21.783169
9523,80,90.2075725,19.355983
9524,80,90.06105,16.928797
9525,80,90.06105,16.928797
9526,80,90.06105,16.928797
9527,80,90.06105,16.928797
9528,80,89.768009,16.928797
9529,80,89.474968,14.817338
9530,80,89.474968,12.705879
9531,80,89.474968,12.705879
9532,80,89.1086695,12.705879
9533,80,88.742371,12.705879
9534,80,88.742371,12.705879
9535,80,88.742371,10.479204
9536,80,88.742371,8.252529
9537,80,88.3272285,8.252529
9538,80,87.912086,8.252529
9539,80,87.912086,8.252529
9540,80,87.912086,8.252529
9541,80,87.5579985,6.673097
9542,80,87.203911,5.093665
9543,80,87.203911,5.093665
9544,80,87.203911,5.093665
9545,80,87.203911,5.093665
9546,80,86.776558,5.093665
9547,80,86.349205,3.735148
9548,80,86.349205,2.376631
9549,80,86.349205,2.376631
9550,80,86.349205,2.376631
9551,80,85.702076,2.376631
9552,80,85.054947,2.376631
9553,80,85.054947,2.376631
9555,80,85.054947,0.281771
9556,80,84.505497,0.281771
9557,80,83.956047,0.281771
9558,80,83.956047,0.281771
9559,80,83.956047,0.1408855
9560,80,83.4920655,0
9561,80,83.028084,0
9562,80,83.028084,0
9563,80,83.028084,0
9564,80,82.368744,0
9565,80,81.709404,0
9566,80,81.709404,0
9567,80,81.709404,0
9568,80,81.709404,0
9569,80,81.196583,0
9570,80,80.683762,0
9571,80,80.683762,0
9572,80,80.683762,0.2966165
9573,80,80.683762,0.593233
9574,80,80.097683,0.593233
9575,80,79.511604,0.593233
9576,80,79.511604,0.593233
9577,80,79.511604,0.593233
9578,80,79.0476225,1.228112
9579,80,78.583641,1.862991
9580,80,78.583641,1.862991
9581,80,78.583641,1.862991
9582,80,77.948719,1.862991
9583,80,77.313797,1.862991
9585,80,77.313797,3.938582
9586,80,77.313797,3.938582
9587,80,76.8131865,3.938582
9588,80,76.312576,3.938582
9589,80,76.312576,3.938582
9590,80,76.312576,5.4062375
9591,80,76.312576,6.873893
9592,80,75.665447,6.873893
9593,80,75.018318,6.873893
9594,80,75.018318,6.873893
9595,80,75.018318,6.873893
9596,80,74.578758,8.621698
9597,80,74.139198,10.369503
9598,80,74.139198,10.369503
9599,80,74.139198,10.369503
9600,80,73.6752165,10.369503
9601,80,73.211235,10.369503
9602,80,73.211235,12.5187825
9603,80,73.211235,14.668062
9604,80,73.211235,14.668062
9605,80,72.6373635,14.668062
9606,80,72.063492,14.668062
9607,80,72.063492,14.668062
9608,80,72.063492,14.668062
9609,80,72.063492,17.550512
9610,80,71.636143,20.432962
9611,80,71.208794,20.432962
9612,80,71.208794,20.432962
9613,80,71.208794,20.432962
9615,80,70.37851,20.432962
9616,80,70.37851,25.565969
9617,80,70.37851,25.565969
9618,80,70.134312,25.565969
9619,80,69.890114,25.565969
9620,80,69.890114,25.565969
9621,80,69.890114,28.2938305
9622,80,69.890114,31.021692
9623,80,69.5238115,31.021692
9624,80,69.157509,31.021692
9625,80,69.157509,31.021692
9626,80,69.157509,31.021692
9627,80,69.157509,34.305415
9628,80,69.05983,37.589138
9629,80,68.962151,37.589138
9630,80,68.962151,37.589138
9631,80,68.962151,37.589138
9632,80,68.6691095,37.589138
9633,80,68.376068,40.453829
9634,80,68.376068,43.31852
9635,80,68.376068,43.31852
9636,80,68.24176,43.31852
9637,80,68.107452,43.31852
9638,80,68.107452,43.31852
9639,80,68.107452,46.4317265
9640,80,68.107452,49.544933
9641,80,68.2905995,49.544933
9642,80,68.473747,49.544933
9643,80,68.473747,49.544933
9645,80,68.473747,49.544933
9646,80,68.583637,52.695234
9647,80,68.693527,55.845535
9648,80,68.693527,55.845535
9649,80,68.693527,55.845535
9650,80,68.9621505,55.845535
9651,80,69.230774,58.305328
9652,80,69.230774,60.765121
9653,80,69.230774,60.765121
9654,80,69.230774,60.765121
9655,80,69.352871,60.765121
9656,80,69.474968,60.765121
9657,80,69.474968,63.2284125
9658,80,69.474968,65.691704
9659,80,70.0366285,65.691704
9660,80,70.598289,65.691704
9661,80,70.598289,65.691704
9662,80,70.598289,65.691704
9663,80,70.598289,65.691704
9664,80,70.805862,68.0305405
9665,80,71.013435,70.369377
9666,80,71.013435,70.369377
9667,80,71.013435,70.369377
9668,80,71.452995,70.369377
9669,80,71.892555,70.369377
9670,80,71.892555,72.086689
9671,80,71.892555,73.804001
9672,80,71.892555,73.804001
9673,80,72.356533,73.804001
9674,80,72.820511,73.804001
9675,80,72.820511,73.804001
9676,80,72.820511,75.3117295
9677,80,73.137974,76.819458
9678,80,73.455437,76.819458
9679,80,73.455437,76.819458
9680,80,73.455437,76.819458
9681,80,73.455437,76.819458
9682,80,74.0415155,78.156475
9683,80,74.627594,79.493492
9684,80,74.627594,79.493492
9685,80,74.627594,79.493492
9686,80,74.8717955,79.493492
9687,80,75.115997,79.493492
9688,80,75.115997,80.448055
9689,80,75.115997,81.402618
9690,80,75.115997,81.402618
9691,80,75.7142865,81.402618
9692,80,76.312576,81.402618
9693,80,76.312576,81.402618
9694,80,76.312576,81.960327
9695,80,76.312576,82.518036
9696,80,76.739929,82.518036
9697,80,77.167282,82.518036
9698,80,77.167282,82.518036
9699,80,77.167282,82.518036
9700,80,77.6556815,82.518036
9701,80,78.144081,82.824196
9702,80,78.144081,83.130356
9703,80,78.144081,83.130356
9704,80,78.57143,83.130356
9705,80,78.998779,83.130356
9706,80,78.998779,83.130356
9707,80,78.998779,83.0535125
9708,80,78.998779,82.976669
9709,80,79.352871,82.976669
9710,80,79.706963,82.976669
9711,80,79.706963,82.976669
9712,80,79.706963,82.976669
9713,80,79.706963,82.612476
9714,80,80.3052525,82.248283
9715,80,80.903542,82.248283
9716,80,80.903542,82.248283
9717,80,80.903542,82.248283
9718,80,81.428574,82.248283
9719,80,81.953606,82.248283
9720,80,81.953606,81.41399
9721,80,81.953606,80.579697
9722,80,81.953606,80.579697
9723,80,82.2954865,80.579697
9724,80,82.637367,80.579697
9725,80,82.637367,80.579697
9726,80,82.637367,79.5952265
9727,80,82.637367,78.610756
9728,80,83.076927,78.610756
9729,80,83.516487,78.610756
9730,80,83.516487,78.610756
9731,80,83.516487,78.610756
9732,80,84.053726,77.1653825
9733,80,84.590965,75.720009
9734,80,84.590965,75.720009
9735,80,84.590965,75.720009
9737,80,84.590965,75.720009
9738,80,85.32357,75.720009
9739,80,85.32357,73.9592555
9740,80,85.32357,72.198502
9741,80,85.750919,72.198502
9742,80,86.178268,72.198502
9743,80,86.178268,72.198502
9744,80,86.178268,70.3819315
9745,80,86.6056175,68.565361
9746,80,87.032967,68.565361
9747,80,87.032967,68.565361
9748,80,87.032967,68.565361
9749,80,87.4847375,66.289871
9750,80,87.936508,64.014381
9751,80,87.936508,64.014381
9752,80,87.936508,64.014381
9753,80,87.936508,64.014381
9754,80,88.3272285,64.014381
9755,80,88.717949,64.014381
9756,80,88.717949,61.326633
9757,80,88.717949,58.638885
9758,80,89.047619,58.638885
9759,80,89.377289,58.638885
9760,80,89.377289,58.638885
9761,80,89.377289,58.638885
9762,80,89.377289,56.074125
9763,80,89.6581195,53.509365
9764,80,89.93895,53.509365
9766,80,89.93895,53.509365
9767,80,89.93895,53.509365
9768,80,90.2564125,50.7150385
9769,80,90.573875,47.920712
9770,80,90.573875,47.920712
9771,80,90.573875,47.920712
9772,80,90.573875,47.920712
9773,80,90.842495,47.920712
9774,80,91.111115,44.824322
9775,80,91.111115,41.727932
9776,80,91.111115,41.727932
9777,80,91.172165,41.727932
9778,80,91.233215,41.727932
9779,80,91.233215,41.727932
9780,80,91.233215,38.830244
9781,80,91.2820545,35.932556
9782,80,91.330894,35.932556
9783,80,91.330894,35.932556
9784,80,91.330894,35.932556
9785,80,91.330894,35.932556
9786,80,91.257633,32.980603
9787,80,91.184372,30.02865
9788,80,91.184372,30.02865
9789,80,91.184372,30.02865
9790,80,91.184372,30.02865
9791,80,91.1111105,30.02865
9792,80,91.037849,30.02865
9793,80,91.037849,26.781972
9794,80,91.037849,23.535294
9796,80,90.695969,23.535294
9797,80,90.695969,23.535294
9798,80,90.695969,23.535294
9799,80,90.54945,21.0719895
9800,80,90.402931,18.608685
9801,80,90.402931,18.608685
9802,80,90.402931,18.608685
9803,80,90.402931,18.608685
9804,80,90.0366325,18.608685
9805,80,89.670334,16.3501655
9806,80,89.670334,14.091646
9807,80,89.670334,14.091646
9808,80,89.670334,14.091646
9809,80,89.2918205,14.091646
9810,80,88.913307,14.091646
9811,80,88.913307,11.874633
9812,80,88.913307,9.65762
9813,80,88.583637,9.65762
9814,80,88.253967,9.65762
9815,80,88.253967,9.65762
9816,80,88.253967,9.65762
9817,80,87.936508,7.9553745
9818,80,87.619049,6.253129
9819,80,87.619049,6.253129
9820,80,87.619049,6.253129
9821,80,87.619049,6.253129
9822,80,87.179489,6.253129
9823,80,86.739929,4.778659
9824,80,86.739929,3.304189
9826,80,86.739929,3.304189
9827,80,86.1416395,3.304189
9828,80,85.54335,3.304189
9829,80,85.54335,2.0879495
9830,80,85.54335,0.87171
9831,80,85.0915795,0.87171
9832,80,84.639809,0.87171
9833,80,84.639809,0.87171
9834,80,84.639809,0.87171
9835,80,84.078148,0.435855
9836,80,83.516487,0
9837,80,83.516487,0
9838,80,83.516487,0
9839,80,83.516487,0
9840,80,82.9426155,0
9841,80,82.368744,0.000743
9842,80,82.368744,0.001486
9843,80,82.368744,0.001486
9844,80,82.368744,0.001486
9845,80,81.7948725,0.001486
9846,80,81.221001,0.001486
9847,80,81.221001,0.140281
9848,80,81.221001,0.279076
9849,80,80.6959725,0.279076
9850,80,80.170944,0.279076
9851,80,80.170944,0.279076
9852,80,80.170944,0.279076
9853,80,79.658123,0.72392
9854,80,79.145302,1.168764
9856,80,79.145302,1.168764
9857,80,79.145302,1.168764
9858,80,78.5470125,1.168764
9859,80,77.948723,2.03667
9860,80,77.948723,2.904576
9861,80,77.948723,2.904576
9862,80,77.948723,2.904576
9863,80,77.30159,2.904576
9864,80,76.654457,2.904576
9865,80,76.654457,2.904576
9866,80,76.654457,4.2890545
9867,80,76.1782685,5.673533
9868,80,75.70208,5.673533
9869,80,75.70208,5.673533
9870,80,75.70208,5.673533
9871,80,75.70208,5.673533
9872,80,75.164837,7.19135
9873,80,74.627594,8.709167
9874,80,74.627594,8.709167
9875,80,74.627594,8.709167
9876,80,74.0415155,8.709167
9877,80,73.455437,8.709167
9878,80,73.455437,10.7400575
9879,80,73.455437,12.770948
9880,80,73.455437,12.770948
9881,80,73.003666,12.770948
9882,80,72.551895,12.770948
9883,80,72.551895,12.770948
9884,80,72.551895,12.770948
9886,80,71.697189,18.341516
9887,80,71.697189,18.341516
9888,80,71.697189,18.341516
9889,80,71.697189,18.341516
9890,80,71.257629,20.637324
9891,80,70.818069,22.933132
9892,80,70.818069,22.933132
9893,80,70.818069,22.933132
9894,80,70.818069,22.933132
9895,80,70.4761885,22.933132
9896,80,70.134308,22.933132
9897,80,70.134308,25.878822
9898,80,70.134308,28.824512
9899,80,69.78022,28.824512
9900,80,69.426132,28.824512
9901,80,69.426132,28.824512
9902,80,69.426132,28.824512
9903,80,69.2918205,31.7003095
9904,80,69.157509,34.576107
9905,80,69.157509,34.576107
9906,80,69.157509,34.576107
9907,80,69.157509,34.576107
9908,80,68.84005,34.576107
9909,80,68.522591,37.6463945
9910,80,68.522591,40.716682
9911,80,68.522591,40.716682
9912,80,68.522591,40.716682
9913,80,68.412701,40.716682
9914,80,68.302811,40.716682
9915,80,68.302811,40.716682
9917,80,68.302811,48.052155
9918,80,68.3272285,48.052155
9919,80,68.351646,48.052155
9920,80,68.351646,48.052155
9921,80,68.571426,48.052155
9922,80,68.791206,50.798956
9923,80,68.791206,53.545757
9924,80,68.791206,53.545757
9925,80,68.791206,53.545757
9926,80,68.778999,53.545757
9927,80,68.766792,53.545757
9928,80,68.766792,56.3513755
9929,80,68.766792,59.156994
9930,80,68.766792,59.156994
9931,80,69.23077,59.156994
9932,80,69.694748,59.156994
9933,80,69.694748,59.156994
9934,80,69.694748,59.156994
9935,80,69.694748,61.8801785
9936,80,69.8290595,64.603363
9937,80,69.963371,64.603363
9938,80,69.963371,64.603363
9939,80,69.963371,64.603363
9940,80,70.3663025,66.7169075
9941,80,70.769234,68.830452
9942,80,70.769234,68.830452
9943,80,70.769234,68.830452
9944,80,71.208794,68.830452
9945,80,71.648354,68.830452
9947,80,71.648354,68.830452
9948,80,71.648354,72.825752
9949,80,71.9780235,72.825752
9950,80,72.307693,72.825752
9951,80,72.307693,72.825752
9952,80,72.307693,72.825752
9953,80,72.307693,74.5820885
9954,80,72.771675,76.338425
9955,80,73.235657,76.338425
9956,80,73.235657,76.338425
9957,80,73.235657,76.338425
9958,80,73.540905,76.338425
9959,80,73.846153,77.587746
9960,80,73.846153,78.837067
9961,80,73.846153,78.837067
9962,80,74.407814,78.837067
9963,80,74.969475,78.837067
9964,80,74.969475,78.837067
9965,80,74.969475,79.9113505
9966,80,74.969475,80.985634
9967,80,75.396828,80.985634
9968,80,75.824181,80.985634
9969,80,75.824181,80.985634
9970,80,75.824181,80.985634
9971,80,75.824181,80.985634
9972,80,76.3125805,81.6663285
9973,80,76.80098,82.347023
9974,80,76.80098,82.347023
9975,80,76.80098,82.347023
9977,80,77.753357,82.347023
9978,80,77.753357,82.58762
9979,80,77.753357,82.828217
9980,80,78.156288,82.828217
9981,80,78.559219,82.828217
9982,80,78.559219,82.828217
9983,80,78.559219,82.828217
9984,80,78.559219,82.8397295
9985,80,79.0720405,82.851242
9986,80,79.584862,82.851242
9987,80,79.584862,82.851242
9988,80,79.584862,82.851242
9989,80,79.584862,82.851242
9990,80,80.085472,82.4533765
9991,80,80.586082,82.055511
9992,80,80.586082,82.055511
9993,80,80.586082,82.055511
9994,80,80.952381,82.055511
9995,80,81.31868,82.055511
9996,80,81.31868,81.356689
9997,80,81.31868,80.657867
9998,80,81.7948725,80.657867
9999,80,82.271065,80.657867
10000,80,82.271065,80.657867
