tempo,SP,PV,MV
2000,80,70.793655,42.088314
2001,80,70.915752,42.088314
2002,80,71.037849,44.440798
2003,80,71.037849,46.793282
2004,80,71.037849,46.793282
2005,80,71.037849,46.793282
2006,80,71.135532,46.793282
2007,80,71.233215,46.793282
2008,80,71.233215,49.1965925
2009,80,71.233215,51.599903
2010,80,71.233215,51.599903
2011,80,71.709404,51.599903
2012,80,72.185593,51.599903
2013,80,72.185593,51.599903
2014,80,72.185593,53.080099
2015,80,72.185593,54.560295
2016,80,72.551895,54.560295
2017,80,72.551895,54.560295
2018,80,72.551895,54.560295
2019,80,73.113556,54.560295
2020,80,73.675217,56.0166395
2021,80,73.675217,57.472984
2022,80,73.675217,57.472984
2023,80,73.675217,57.472984
2024,80,74.1514055,57.472984
2025,80,74.627594,57.472984
2026,80,74.627594,58.614889
2027,80,74.627594,59.756794
2028,80,74.627594,59.756794
2029,80,75.286934,59.756794
2030,80,75.946274,59.756794
2031,80,75.946274,59.756794
2032,80,75.946274,60.369467
2033,80,76.4102555,60.98214
2034,80,76.874237,60.98214
2035,80,76.874237,60.98214
2036,80,76.874237,60.98214
2037,80,77.4603195,60.98214
2038,80,78.046402,61.1549875
2039,80,78.046402,61.327835
2040,80,78.046402,61.327835
2041,80,78.046402,61.327835
2042,80,78.68132,61.327835
2043,80,79.316238,61.327835
2044,80,79.316238,61.327835
2045,80,79.316238,61.327835
2046,80,79.316238,60.91795
2047,80,79.95116,60.91795
2048,80,80.586082,60.91795
2049,80,80.586082,60.91795
2050,80,80.586082,60.91795
2051,80,81.147743,60.238335
2052,80,81.709404,59.55872
2053,80,81.709404,59.55872
2054,80,81.709404,59.55872
2055,80,81.709404,59.55872
2056,80,82.2832755,59.55872
2057,80,82.857147,58.4720765
2058,80,82.857147,57.385433
2059,80,82.857147,57.385433
2060,80,83.431015,57.385433
2061,80,84.004883,57.385433
2062,80,84.004883,57.385433
2063,80,84.004883,57.385433
2064,80,84.004883,55.567854
2065,80,84.615383,53.750275
2066,80,85.225883,53.750275
2067,80,85.225883,53.750275
2068,80,85.225883,53.750275
2069,80,85.689865,53.750275
2070,80,86.153847,51.933283
2071,80,86.153847,50.116291
2072,80,86.153847,50.116291
2073,80,86.153847,50.116291
2074,80,86.6056175,50.116291
2075,80,87.057388,50.116291
2076,80,87.057388,46.097897
2077,80,87.057388,46.097897
2078,80,87.606838,46.097897
2079,80,88.156288,46.097897
2080,80,88.156288,46.097897
2081,80,88.156288,46.097897
2082,80,88.156288,43.444977
2083,80,88.4493295,40.792057
2084,80,88.742371,40.792057
2085,80,88.742371,40.792057
2086,80,88.742371,40.792057
2087,80,88.925522,40.792057
2088,80,89.108673,38.485796
2089,80,89.108673,36.179535
2090,80,89.108673,36.179535
2091,80,89.108673,36.179535
2092,80,89.3895035,36.179535
2093,80,89.670334,36.179535
2094,80,89.670334,33.587698
2095,80,89.670334,30.995861
2096,80,89.670334,30.995861
2097,80,89.780224,30.995861
2098,80,89.890114,30.995861
2099,80,89.890114,30.995861
2100,80,89.890114,30.995861
2101,80,89.890114,28.0178615
2102,80,89.975582,25.039862
2103,80,90.06105,25.039862
2104,80,90.06105,25.039862
2105,80,90.06105,25.039862
2106,80,90.06105,25.039862
2107,80,89.792435,22.746133
2108,80,89.792435,20.452404
2109,80,89.792435,20.452404
2110,80,89.792435,20.452404
2111,80,89.7313845,20.452404
2112,80,89.670334,18.0014255
2113,80,89.670334,15.550447
2114,80,89.670334,15.550447
2115,80,89.462761,15.550447
2116,80,89.255188,15.550447
2117,80,89.255188,15.550447
2118,80,89.255188,13.087452
2119,80,89.1086695,10.624457
2120,80,88.962151,10.624457
2121,80,88.962151,10.624457
2122,80,88.962151,10.624457
2123,80,88.742371,10.624457
2124,80,88.522591,8.639197
2125,80,88.522591,6.653937
2126,80,88.522591,6.653937
2127,80,88.522591,6.653937
2128,80,88.2417605,6.653937
2129,80,87.96093,6.653937
2130,80,87.96093,4.783781
2131,80,87.96093,2.913625
2132,80,87.96093,2.913625
2133,80,87.619049,2.913625
2134,80,87.277168,2.913625
2135,80,87.277168,2.913625
2136,80,87.277168,2.913625
2137,80,87.277168,1.4568125
2138,80,86.849819,0
2139,80,86.42247,0
2140,80,86.42247,0
2141,80,86.42247,0
2142,80,86.0561675,0
2143,80,85.689865,0
2144,80,85.689865,0
2145,80,85.689865,0
2146,80,85.286934,0
2147,80,84.884003,0
2148,80,84.884003,0
2149,80,84.884003,0
2150,80,84.884003,0
2151,80,84.4932825,0
2152,80,84.102562,0
2153,80,84.102562,0
2154,80,84.102562,0
2155,80,84.102562,0
2156,80,83.6141625,0
2157,80,83.125763,0
2158,80,83.125763,0
2159,80,83.125763,0
2160,80,82.7350425,0
2161,80,82.344322,0
2162,80,82.344322,0
2163,80,82.344322,0
2164,80,82.344322,0
2165,80,81.916973,0
2166,80,81.489624,0
2167,80,81.489624,0
2168,80,81.489624,0.029407
2169,80,81.147743,0.058814
2170,80,80.805862,0.058814
2171,80,80.805862,0.058814
2172,80,80.805862,0.058814
2173,80,80.805862,0.058814
2174,80,80.378513,0.058814
2175,80,79.951164,0.3679895
2176,80,79.951164,0.677165
2177,80,79.951164,0.677165
2178,80,79.572651,0.677165
2179,80,79.194138,0.677165
2180,80,79.194138,1.0734395
2181,80,79.194138,1.469714
2182,80,79.194138,1.469714
2183,80,78.7912105,1.469714
2184,80,78.388283,1.469714
2185,80,78.388283,1.469714
2186,80,78.388283,2.3201845
2187,80,77.936512,3.170655
2188,80,77.484741,3.170655
2189,80,77.484741,3.170655
2190,80,77.484741,3.170655
2191,80,77.484741,3.170655
2192,80,77.069599,3.170655
2193,80,76.654457,4.3316445
2194,80,76.654457,5.492634
2195,80,76.654457,5.492634
2196,80,76.654457,5.492634
2197,80,75.995117,5.492634
2198,80,75.995117,6.6733545
2199,80,75.995117,7.854075
2200,80,75.995117,7.854075
2201,80,75.555557,7.854075
2202,80,75.115997,7.854075
2203,80,75.115997,7.854075
2204,80,75.115997,7.854075
2205,80,74.7374875,9.6518135
2206,80,74.358978,11.449552
2207,80,74.358978,11.449552
2208,80,74.358978,11.449552
2209,80,74.358978,11.449552
2210,80,74.358978,11.449552
2211,80,74.0170975,13.1033335
2212,80,73.675217,14.757115
2213,80,73.675217,14.757115
2214,80,73.369965,14.757115
2215,80,73.064713,14.757115
2216,80,73.064713,14.757115
2217,80,73.064713,16.856875
2218,80,73.064713,18.956635
2219,80,72.7472535,18.956635
2220,80,72.429794,18.956635
2221,80,72.429794,18.956635
2222,80,72.429794,18.956635
2223,80,72.429794,18.956635
2224,80,72.2832755,21.3814985
2225,80,72.136757,23.806362
2226,80,72.136757,23.806362
2227,80,72.136757,23.806362
2228,80,72.136757,23.806362
2229,80,71.794876,25.9821845
2230,80,71.452995,28.158007
2231,80,71.452995,28.158007
2232,80,71.367523,28.158007
2233,80,71.282051,28.158007
2234,80,71.282051,28.158007
2235,80,71.282051,28.158007
2236,80,71.282051,30.598554
2237,80,71.172161,33.039101
2238,80,71.062271,33.039101
2239,80,71.062271,33.039101
2240,80,71.062271,33.039101
2241,80,71.062271,33.039101
2242,80,71.0012205,35.6547585
2243,80,70.94017,38.270416
2244,80,70.94017,38.270416
2245,80,70.94017,38.270416
2246,80,70.94017,38.270416
2247,80,71.0378495,38.270416
2248,80,71.135529,40.5469015
2249,80,71.135529,42.823387
2250,80,71.0989,42.823387
2251,80,71.062271,42.823387
2252,80,71.062271,42.823387
2253,80,71.062271,42.823387
2254,80,71.062271,45.058941
2255,80,71.1355325,47.294495
2256,80,71.208794,47.294495
2257,80,71.208794,47.294495
2258,80,71.208794,47.294495
2259,80,71.208794,47.294495
2260,80,71.4407845,47.294495
2261,80,71.672775,49.650782
2262,80,71.672775,52.007069
2263,80,71.672775,52.007069
2264,80,71.672775,52.007069
2265,80,72.124546,52.007069
2266,80,72.576317,52.007069
2267,80,72.576317,53.6902985
2268,80,72.576317,55.373528
2269,80,72.8327255,55.373528
2270,80,73.089134,55.373528
2271,80,73.089134,55.373528
2272,80,73.089134,55.373528
2273,80,73.626373,56.718979
2274,80,74.163612,58.06443
2275,80,74.163612,58.06443
2276,80,74.163612,58.06443
2277,80,74.163612,58.06443
2278,80,74.603176,58.06443
2279,80,75.04274,58.06443
2280,80,75.04274,59.1989495
2281,80,75.04274,60.333469
2282,80,75.04274,60.333469
2283,80,75.6166075,60.333469
2284,80,76.190475,60.333469
2285,80,76.190475,60.333469
2286,80,76.190475,60.333469
2287,80,76.7765575,61.269955
2288,80,77.36264,61.269955
2289,80,77.36264,61.269955
2290,80,77.36264,61.269955
2291,80,77.8022,61.269955
2292,80,78.24176,61.479788
2293,80,78.24176,61.689621
2294,80,78.24176,61.689621
2295,80,78.24176,61.689621
2296,80,78.913311,61.689621
2297,80,79.584862,61.689621
2298,80,79.584862,61.3521995
2299,80,79.584862,61.014778
2300,80,79.584862,61.014778
2301,80,80.1709405,61.014778
2302,80,80.757019,61.014778
2303,80,80.757019,61.014778
2304,80,80.757019,60.374443
2305,80,81.2576295,59.734108
2306,80,81.75824,59.734108
2307,80,81.75824,59.734108
2308,80,81.75824,59.734108
2309,80,82.3199005,59.734108
2310,80,82.881561,58.627548
2311,80,82.881561,57.520988
2312,80,82.881561,57.520988
2313,80,82.881561,57.520988
2314,80,83.5897445,57.520988
2315,80,84.297928,57.520988
2316,80,84.297928,57.520988
2317,80,84.297928,55.8792855
2318,80,84.297928,54.237583
2319,80,84.7985385,54.237583
2320,80,85.299149,54.237583
2321,80,85.299149,54.237583
2322,80,85.299149,52.5654085
2323,80,85.7387085,50.893234
2324,80,86.178268,50.893234
2325,80,86.178268,50.893234
2326,80,86.178268,50.893234
2327,80,86.178268,50.893234
2328,80,86.6788785,48.781065
2329,80,87.179489,46.668896
2330,80,87.179489,46.668896
2331,80,87.179489,46.668896
2332,80,87.6800995,46.668896
2333,80,88.18071,46.668896
2334,80,88.18071,46.668896
2335,80,88.18071,44.0413
2336,80,88.18071,41.413704
2337,80,88.4615405,41.413704
2338,80,88.742371,41.413704
2339,80,88.742371,41.413704
2340,80,88.742371,41.413704
2341,80,88.9743615,38.980648
2342,80,89.206352,36.547592
2343,80,89.206352,36.547592
2344,80,89.206352,36.547592
2345,80,89.206352,36.547592
2346,80,89.206352,36.547592
2347,80,89.474968,34.099657
2348,80,89.474968,31.651722
2349,80,89.474968,31.651722
2350,80,89.474968,31.651722
2351,80,89.694748,31.651722
2352,80,89.914528,31.651722
2353,80,89.914528,28.8945515
2354,80,89.914528,26.137381
2355,80,89.914528,26.137381
2356,80,89.8290595,26.137381
2357,80,89.743591,26.137381
2358,80,89.743591,26.137381
2359,80,89.743591,23.6826715
2360,80,89.7191695,21.227962
2361,80,89.694748,21.227962
2362,80,89.694748,21.227962
2363,80,89.694748,21.227962
2364,80,89.6214905,21.227962
2365,80,89.548233,18.7519825
2366,80,89.548233,16.276003
2367,80,89.548233,16.276003
2368,80,89.548233,16.276003
2369,80,89.2796135,16.276003
2370,80,89.010994,16.276003
2371,80,89.010994,16.276003
2372,80,89.010994,13.668726
2373,80,89.010994,11.061449
2374,80,88.888893,11.061449
2375,80,88.766792,11.061449
2376,80,88.766792,11.061449
2377,80,88.766792,11.061449
2378,80,88.5348015,9.144578
2379,80,88.302811,7.227707
2380,80,88.302811,7.227707
2381,80,88.302811,7.227707
2382,80,88.1074485,7.227707
2383,80,87.912086,7.227707
2384,80,87.912086,5.5485245
2385,80,87.912086,3.869342
2386,80,87.912086,3.869342
2387,80,87.4481085,3.869342
2388,80,86.984131,3.869342
2389,80,86.984131,3.869342
2390,80,86.984131,2.186865
2391,80,86.984131,0.504388
2392,80,86.568989,0.504388
2393,80,86.153847,0.504388
2394,80,86.153847,0.504388
2395,80,86.153847,0.504388
2396,80,85.726498,0.252194
2397,80,85.299149,0
2398,80,85.299149,0
2399,80,85.299149,0
2400,80,84.957268,0
2401,80,84.615387,0
2402,80,84.615387,0
2403,80,84.615387,0
2404,80,84.615387,0
2405,80,84.1514055,0
2406,80,83.687424,0
2407,80,83.687424,0
2408,80,83.687424,0
2409,80,83.687424,0.0198535
2410,80,83.235653,0.039707
2411,80,82.783882,0.039707
2412,80,82.783882,0.039707
2413,80,82.783882,0.039707
2414,80,82.4420015,0.0279895
2415,80,82.100121,0.016272
2416,80,82.100121,0.016272
2417,80,82.100121,0.016272
2418,80,81.660561,0.016272
2419,80,81.221001,0.016272
2420,80,81.221001,0.03059
2421,80,81.221001,0.044908
2422,80,81.221001,0.044908
2423,80,80.8180695,0.044908
2424,80,80.415138,0.044908
2425,80,80.415138,0.044908
2426,80,80.415138,0.044908
2427,80,80.415138,0.3324185
2428,80,80.0122105,0.619929
2429,80,79.609283,0.619929
2430,80,79.609283,0.619929
2431,80,79.609283,0.619929
2432,80,79.23077,0.619929
2433,80,78.852257,1.1318065
2434,80,78.852257,1.643684
2435,80,78.852257,1.643684
2436,80,78.852257,1.643684
2437,80,77.948723,1.643684
2438,80,77.948723,1.643684
2439,80,77.948723,2.494979
2440,80,77.948723,3.346274
2441,80,77.533581,3.346274
2442,80,77.118439,3.346274
2443,80,77.118439,3.346274
2444,80,77.118439,3.346274
2445,80,77.118439,4.5385035
2446,80,76.5812,5.730733
2447,80,76.043961,5.730733
2448,80,76.043961,5.730733
2449,80,76.043961,5.730733
2450,80,75.7631305,5.730733
2451,80,75.4823,7.130566
2452,80,75.4823,8.530399
2453,80,75.4823,8.530399
2454,80,75.054947,8.530399
2455,80,74.627594,8.530399
2456,80,74.627594,8.530399
2457,80,74.627594,10.2983025
2458,80,74.627594,12.066206
2459,80,74.188034,12.066206
2460,80,73.748474,12.066206
2461,80,73.748474,12.066206
2462,80,73.748474,12.066206
2463,80,73.748474,12.066206
2464,80,73.431015,14.317772
2465,80,73.113556,16.569338
2466,80,73.113556,16.569338
2467,80,73.113556,16.569338
2468,80,72.8449365,16.569338
2469,80,72.576317,16.569338
2470,80,72.576317,18.584777
2471,80,72.576317,20.600216
2472,80,72.576317,20.600216
2473,80,72.3321155,20.600216
2474,80,72.087914,20.600216
2475,80,72.087914,20.600216
2476,80,72.087914,22.7049465
2477,80,71.868134,24.809677
2478,80,71.648354,24.809677
2479,80,71.648354,24.809677
2480,80,71.648354,24.809677
2481,80,71.648354,24.809677
2482,80,71.4529915,24.809677
2483,80,71.257629,27.407178
2484,80,71.257629,30.004679
2485,80,71.257629,30.004679
2486,80,71.184372,30.004679
2487,80,71.111115,30.004679
2488,80,71.111115,32.249984
2489,80,71.111115,34.495289
2490,80,71.111115,34.495289
2491,80,70.9157525,34.495289
2492,80,70.72039,34.495289
2493,80,70.72039,34.495289
2494,80,70.72039,36.887966
2495,80,70.8058625,39.280643
2496,80,70.891335,39.280643
2497,80,70.891335,39.280643
2498,80,70.891335,39.280643
2499,80,70.891335,39.280643
2500,80,70.891335,39.280643
2501,80,70.866913,41.8834205
2502,80,70.842491,44.486198
2503,80,70.842491,44.486198
2504,80,70.842491,44.486198
2505,80,70.854702,44.486198
2506,80,70.866913,44.486198
2507,80,70.866913,46.6837595
2508,80,70.866913,48.881321
2509,80,70.866913,48.881321
2510,80,71.0378535,48.881321
2511,80,71.208794,48.881321
2512,80,71.208794,48.881321
2513,80,71.208794,48.881321
2514,80,71.648354,50.913727
2515,80,72.087914,52.946133
2516,80,72.087914,52.946133
2517,80,72.087914,52.946133
2518,80,72.087914,52.946133
2519,80,72.405373,52.946133
2520,80,72.722832,54.648249
2521,80,72.722832,56.350365
2522,80,73.1868135,56.350365
2523,80,73.650795,56.350365
2524,80,73.650795,56.350365
2525,80,73.650795,57.581509
2526,80,74.102566,58.812653
2527,80,74.554337,58.812653
2528,80,74.554337,58.812653
2529,80,74.554337,58.812653
2530,80,74.554337,58.812653
2531,80,75.177048,59.6984005
2532,80,75.799759,60.584148
2533,80,75.799759,60.584148
2534,80,75.799759,60.584148
2535,80,75.799759,60.584148
2536,80,76.3980485,60.584148
2537,80,76.996338,61.100494
2538,80,76.996338,61.61684
2539,80,76.996338,61.61684
2540,80,77.4847375,61.61684
2541,80,77.973137,61.61684
2542,80,77.973137,61.61684
2543,80,77.973137,61.6709115
2544,80,77.973137,61.724983
2545,80,78.5836375,61.724983
2546,80,79.194138,61.724983
2547,80,79.194138,61.724983
2548,80,79.194138,61.724983
2549,80,79.194138,61.724983
2550,80,79.816849,61.3270265
2551,80,80.43956,60.92907
2552,80,80.43956,60.92907
2553,80,80.43956,60.92907
2554,80,80.43956,60.92907
2555,80,81.086693,60.92907
2556,80,81.733826,60.92907
2557,80,81.733826,60.92907
2558,80,82.3076935,59.010319
2559,80,82.881561,59.010319
2560,80,82.881561,59.010319
2561,80,82.881561,59.010319
2562,80,82.881561,57.903765
2563,80,83.418804,56.797211
2564,80,83.956047,56.797211
2565,80,83.956047,56.797211
2566,80,83.956047,56.797211
2567,80,83.956047,56.797211
2568,80,84.590965,55.046345
2569,80,85.225883,53.295479
2570,80,85.225883,53.295479
2571,80,85.225883,53.295479
2572,80,85.225883,53.295479
2573,80,85.7264935,53.295479
2574,80,86.227104,51.4106275
2575,80,86.227104,49.525776
2576,80,86.227104,49.525776
2577,80,86.654457,49.525776
2578,80,87.08181,49.525776
2579,80,87.08181,49.525776
2580,80,87.08181,47.3688605
2581,80,87.509159,45.211945
2582,80,87.936508,45.211945
2583,80,87.936508,45.211945
2584,80,87.936508,45.211945
2585,80,87.936508,45.211945
2586,80,88.3272285,45.211945
2587,80,88.717949,45.211945
2588,80,88.717949,39.498692
2589,80,88.717949,39.498692
2590,80,88.717949,39.498692
2591,80,88.9743615,39.498692
2592,80,89.230774,39.498692
2593,80,89.230774,37.071671
2594,80,89.230774,34.64465
2595,80,89.450554,34.64465
2596,80,89.670334,34.64465
2597,80,89.670334,34.64465
2598,80,89.670334,34.64465
2599,80,89.682541,32.0818065
2600,80,89.694748,29.518963
2601,80,89.694748,29.518963
2602,80,89.694748,29.518963
2603,80,89.694748,29.518963
2604,80,89.804638,29.518963
2605,80,89.914528,29.518963
2606,80,89.914528,26.5594005
2607,80,89.914528,23.599838
2608,80,89.914528,23.599838
2609,80,89.8290595,23.599838
2610,80,89.743591,23.599838
2611,80,89.743591,21.30235
2612,80,89.743591,19.004862
2613,80,89.6947515,19.004862
2614,80,89.645912,19.004862
2615,80,89.645912,19.004862
2616,80,89.645912,19.004862
2617,80,89.645912,19.004862
2618,80,89.230774,16.5677795
2619,80,89.230774,14.130697
2620,80,89.230774,14.130697
2621,80,89.230774,14.130697
2622,80,89.133091,14.130697
2623,80,89.035408,14.130697
2624,80,89.035408,11.679618
2625,80,89.035408,9.228539
2626,80,89.035408,9.228539
2627,80,88.7667885,9.228539
2628,80,88.498169,9.228539
2629,80,88.498169,9.228539
2630,80,88.498169,7.367214
2631,80,88.2173385,5.505889
2632,80,87.936508,5.505889
2633,80,87.936508,5.505889
2634,80,87.936508,5.505889
2635,80,87.6556775,5.505889
2636,80,87.374847,3.7225225
2637,80,87.374847,1.939156
2638,80,87.374847,1.939156
2639,80,87.374847,1.939156
2640,80,86.959709,1.939156
2641,80,86.544571,1.939156
2642,80,86.544571,1.939156
2643,80,86.544571,0.986338
2644,80,86.544571,0.03352
2645,80,86.129429,0.03352
2646,80,85.714287,0.03352
2647,80,85.714287,0.03352
2648,80,85.714287,0.03352
2649,80,85.347988,0.01676
2650,80,84.981689,0
2651,80,84.981689,0
2652,80,84.981689,0
2653,80,84.590969,0
2654,80,84.200249,0
2655,80,84.200249,0
2656,80,84.200249,0
2657,80,84.200249,0
2658,80,83.736267,0
2659,80,83.272285,0
2660,80,83.272285,0
2661,80,83.272285,0
2662,80,83.272285,0.0034
2663,80,82.9181935,0.0068
2664,80,82.564102,0.0068
2665,80,82.564102,0.0068
2666,80,82.564102,0.0068
2667,80,82.161171,0.0068
2668,80,81.75824,0.036932
2669,80,81.75824,0.067064
2670,80,81.75824,0.067064
2671,80,81.3797305,0.067064
2672,80,81.001221,0.067064
2673,80,81.001221,0.067064
2674,80,81.001221,0.1462115
2675,80,81.001221,0.225359
2676,80,80.561661,0.225359
2677,80,80.122101,0.225359
2678,80,80.122101,0.225359
2679,80,80.122101,0.225359
2680,80,80.122101,0.225359
2681,80,79.682541,0.6113715
2682,80,79.242981,0.997384
2683,80,79.242981,0.997384
2684,80,79.242981,0.997384
2685,80,78.84005,0.997384
2686,80,78.437119,0.997384
2687,80,78.437119,1.634676
2688,80,78.437119,2.271968
2689,80,78.437119,2.271968
2690,80,78.07082,2.271968
2691,80,77.704521,2.271968
2692,80,77.704521,3.160848
2693,80,77.704521,4.049728
2694,80,77.277168,4.049728
2695,80,76.849815,4.049728
2696,80,76.849815,4.049728
2697,80,76.849815,4.049728
2698,80,76.849815,4.049728
2699,80,76.410255,5.3864145
2700,80,75.970695,6.723101
2701,80,75.970695,6.723101
2702,80,75.970695,6.723101
2703,80,75.555557,6.723101
2704,80,75.140419,6.723101
2705,80,75.140419,8.14035
2706,80,75.140419,9.557599
2707,80,75.140419,9.557599
2708,80,74.798538,9.557599
2709,80,74.456657,9.557599
2710,80,74.456657,9.557599
2711,80,74.456657,11.2555305
2712,80,74.0048865,12.953462
2713,80,73.553116,12.953462
2714,80,73.553116,12.953462
2715,80,73.553116,12.953462
2716,80,73.553116,12.953462
2717,80,73.321125,15.102245
2718,80,73.089134,17.251028
2719,80,73.089134,17.251028
2720,80,73.089134,17.251028
2721,80,72.759464,17.251028
2722,80,72.429794,17.251028
2723,80,72.429794,19.247548
2724,80,72.429794,21.244068
2725,80,72.429794,21.244068
2726,80,72.258854,21.244068
2727,80,72.087914,21.244068
2728,80,72.087914,21.244068
2729,80,72.087914,23.4616615
2730,80,71.868134,25.679255
2731,80,71.648354,25.679255
2732,80,71.648354,25.679255
2733,80,71.648354,25.679255
2734,80,71.648354,25.679255
2735,80,71.4529915,25.679255
2736,80,71.257629,28.273599
2737,80,71.257629,30.867943
2738,80,71.257629,30.867943
2739,80,71.2210005,30.867943
2740,80,71.184372,30.867943
2741,80,71.184372,30.867943
2742,80,71.184372,33.2169765
2743,80,71.184372,35.56601
2744,80,70.9890135,35.56601
2745,80,70.793655,35.56601
2746,80,70.793655,35.56601
2747,80,70.793655,37.8991625
2748,80,70.793655,40.232315
2749,80,70.8791235,40.232315
2750,80,70.964592,40.232315
2751,80,70.964592,40.232315
2752,80,70.964592,40.232315
2753,80,70.9035415,40.232315
2754,80,70.842491,42.7458975
2755,80,70.842491,45.25948
2756,80,70.842491,45.25948
2757,80,71.0256425,45.25948
2758,80,71.208794,45.25948
2759,80,71.208794,45.25948
2760,80,71.208794,47.481516
2761,80,71.208794,49.703552
2762,80,71.2454225,49.703552
2763,80,71.282051,49.703552
2764,80,71.282051,49.703552
2765,80,71.282051,49.703552
2766,80,71.282051,51.740883
2767,80,71.709404,53.778214
2768,80,72.136757,53.778214
2769,80,72.136757,53.778214
2770,80,72.136757,53.778214
2771,80,72.136757,53.778214
2772,80,72.5152665,53.778214
2773,80,72.893776,55.496237
2774,80,72.893776,57.21426
2775,80,73.211235,57.21426
2776,80,73.528694,57.21426
2777,80,73.528694,57.21426
2778,80,73.528694,57.21426
2779,80,73.528694,58.464447
2780,80,74.2490845,59.714634
2781,80,74.969475,59.714634
2782,80,74.969475,59.714634
2783,80,74.969475,59.714634
2784,80,74.969475,59.714634
2785,80,75.3601955,60.483681
2786,80,75.750916,61.252728
2787,80,75.750916,61.252728
2788,80,75.750916,61.252728
2789,80,75.750916,61.252728
2790,80,76.5201455,61.252728
2791,80,77.289375,61.64971
2792,80,77.289375,62.046692
2793,80,77.289375,62.046692
2794,80,77.838829,62.046692
2795,80,78.388283,62.046692
2796,80,78.388283,62.046692
2797,80,78.388283,61.972624
2798,80,78.388283,61.898556
2799,80,79.267403,61.898556
2800,80,79.267403,61.898556
2801,80,79.267403,61.898556
2802,80,79.267403,61.898556
2803,80,79.9755825,61.464878
2804,80,80.683762,61.0312
2805,80,80.683762,61.0312
2806,80,80.683762,61.0312
2807,80,80.683762,61.0312
2808,80,81.318684,61.0312
2809,80,81.953606,61.0312
2810,80,81.953606,60.01012
2811,80,82.4297945,58.98904
2812,80,82.905983,58.98904
2813,80,82.905983,58.98904
2814,80,82.905983,58.98904
2815,80,82.905983,57.845535
2816,80,83.5164835,56.70203
2817,80,84.126984,56.70203
2818,80,84.126984,56.70203
2819,80,84.126984,56.70203
2820,80,84.126984,56.70203
2821,80,84.725277,55.085415
2822,80,85.32357,53.4688
2823,80,85.32357,53.4688
2824,80,85.32357,53.4688
2825,80,85.32357,53.4688
2826,80,85.8485985,53.4688
2827,80,86.373627,53.4688
2828,80,86.373627,53.4688
2829,80,86.373627,48.958241
2830,80,86.923077,48.958241
2831,80,87.472527,48.958241
2832,80,87.472527,48.958241
2833,80,87.472527,48.958241
2834,80,87.7045175,46.772614
2835,80,87.936508,44.586987
2836,80,87.936508,44.586987
2837,80,87.936508,44.586987
2838,80,87.936508,44.586987
2839,80,88.376068,44.586987
2840,80,88.815628,42.1543315
2841,80,88.815628,39.721676
2842,80,88.815628,39.721676
2843,80,88.815628,39.721676
2844,80,89.12088,39.721676
2845,80,89.426132,39.721676
2846,80,89.426132,36.994541
2847,80,89.426132,34.267406
2848,80,89.645912,34.267406
2849,80,89.865692,34.267406
2850,80,89.865692,34.267406
2851,80,89.865692,34.267406
2852,80,89.902321,31.5905855
2853,80,89.93895,28.913765
2854,80,89.93895,28.913765
2855,80,89.93895,28.913765
2856,80,89.93895,28.913765
2857,80,90,28.913765
2858,80,90.06105,28.913765
2859,80,90.06105,23.631681
2860,80,90.06105,23.631681
2861,80,90.06105,23.631681
2862,80,89.963371,23.631681
2863,80,89.865692,23.631681
2864,80,89.865692,23.631681
2865,80,89.865692,20.694206
2866,80,89.768013,17.756731
2867,80,89.670334,17.756731
2868,80,89.670334,17.756731
2869,80,89.670334,17.756731
2870,80,89.572651,17.756731
2871,80,89.474968,15.452413
2872,80,89.474968,13.148095
2873,80,89.474968,13.148095
2874,80,89.474968,13.148095
2875,80,89.2063485,13.148095
2876,80,88.937729,13.148095
2877,80,88.937729,11.1245
2878,80,88.937729,9.100905
2879,80,88.937729,9.100905
2880,80,88.7423705,9.100905
2881,80,88.547012,9.100905
2882,80,88.547012,9.100905
2883,80,88.547012,6.898961
2884,80,88.229549,4.697017
2885,80,87.912086,4.697017
2886,80,87.912086,4.697017
2887,80,87.912086,4.697017
2888,80,87.912086,4.697017
2889,80,87.326012,3.1303725
2890,80,87.326012,1.563728
2891,80,87.326012,1.563728
2892,80,87.326012,1.563728
2893,80,86.8498195,1.563728
2894,80,86.373627,1.563728
2895,80,86.373627,0.781864
2896,80,86.373627,0
2897,80,86.373627,0
2898,80,86.019535,0
2899,80,85.665443,0
2900,80,85.665443,0
2901,80,85.665443,0
2902,80,85.2258835,0
2903,80,84.786324,0
2904,80,84.786324,0
2905,80,84.786324,0
2906,80,84.786324,0
2907,80,84.456654,0
2908,80,84.126984,0
2909,80,84.126984,0
2910,80,84.126984,0
2911,80,83.6141625,0
2912,80,83.101341,0
2913,80,83.101341,0.004622
2914,80,83.101341,0.009244
2915,80,83.101341,0.009244
2916,80,82.673992,0.009244
2917,80,82.246643,0.009244
2918,80,82.246643,0.009244
2919,80,82.246643,0.009244
2920,80,81.8803445,0.0156725
2921,80,81.514046,0.022101
2922,80,81.514046,0.022101
2923,80,81.514046,0.022101
2924,80,81.514046,0.022101
2925,80,81.074482,0.022101
2926,80,80.634918,0.0748295
2927,80,80.634918,0.127558
2928,80,80.634918,0.127558
2929,80,80.21978,0.127558
2930,80,79.804642,0.127558
2931,80,79.804642,0.127558
2932,80,79.804642,0.470195
2933,80,79.804642,0.812832
2934,80,79.4017105,0.812832
2935,80,78.998779,0.812832
2936,80,78.998779,0.812832
2937,80,78.998779,0.812832
2938,80,78.583641,1.523185
2939,80,78.168503,2.233538
2940,80,78.168503,2.233538
2941,80,78.168503,2.233538
2942,80,78.168503,2.233538
2943,80,77.7777825,2.233538
2944,80,77.387062,3.1272115
2945,80,77.387062,4.020885
2946,80,77.387062,4.020885
2947,80,77.0329705,4.020885
2948,80,76.678879,4.020885
2949,80,76.678879,4.020885
2950,80,76.678879,5.2545
2951,80,76.678879,6.488115
2952,80,76.1050075,6.488115
2953,80,75.531136,6.488115
2954,80,75.531136,6.488115
2955,80,75.531136,6.488115
2956,80,75.2503055,6.488115
2957,80,74.969475,8.232828
2958,80,74.969475,9.977541
2959,80,74.969475,9.977541
2960,80,74.969475,9.977541
2961,80,74.652016,9.977541
2962,80,74.334557,9.977541
2963,80,74.334557,11.674341
2964,80,74.334557,13.371141
2965,80,73.9438365,13.371141
2966,80,73.553116,13.371141
2967,80,73.553116,13.371141
2968,80,73.553116,13.371141
2969,80,73.553116,15.216994
2970,80,73.1990245,17.062847
2971,80,72.844933,17.062847
2972,80,72.844933,17.062847
2973,80,72.844933,17.062847
2974,80,72.600735,17.062847
2975,80,72.356537,17.062847
2976,80,72.356537,19.367006
2977,80,72.356537,21.671165
2978,80,72.356537,21.671165
2979,80,72.1978035,21.671165
2980,80,72.03907,21.671165
2981,80,72.03907,23.796145
2982,80,72.03907,25.921125
2983,80,72.03907,25.921125
2984,80,71.807083,25.921125
2985,80,71.575096,25.921125
2986,80,71.575096,25.921125
2987,80,71.575096,28.2389545
2988,80,71.575096,30.556784
2989,80,71.4163625,30.556784
2990,80,71.257629,30.556784
2991,80,71.257629,30.556784
2992,80,71.135532,30.556784
2993,80,71.013435,30.556784
2994,80,71.013435,33.228782
2995,80,71.013435,35.90078
2996,80,71.013435,35.90078
2997,80,70.903545,35.90078
2998,80,70.793655,35.90078
2999,80,70.793655,38.0963995
3000,80,70.793655,40.292019
3001,80,70.793655,40.292019
3002,80,70.903545,40.292019
3003,80,71.013435,40.292019
3004,80,71.013435,40.292019
3005,80,71.013435,42.626398
3006,80,71.013435,44.960777
3007,80,71.013435,44.960777
3008,80,71.013435,44.960777
3009,80,71.013435,44.960777
3010,80,71.013435,44.960777
3011,80,71.025642,44.960777
3012,80,71.037849,44.960777
3013,80,71.037849,47.4907895
3014,80,71.037849,50.020802
3015,80,71.037849,50.020802
3016,80,71.1843715,50.020802
3017,80,71.330894,50.020802
3018,80,71.330894,50.020802
3019,80,71.330894,51.8937855
3020,80,71.330894,53.766769
3021,80,71.8192935,53.766769
3022,80,72.307693,53.766769
3023,80,72.307693,53.766769
3024,80,72.307693,53.766769
3025,80,72.771675,55.2976015
3026,80,73.235657,56.828434
3027,80,73.235657,56.828434
3028,80,73.235657,56.828434
3029,80,73.235657,56.828434
3030,80,73.736267,56.828434
3031,80,74.236877,58.1224745
3032,80,74.236877,59.416515
3033,80,74.676437,59.416515
3034,80,75.115997,59.416515
3035,80,75.115997,59.416515
3036,80,75.115997,60.2274415
3037,80,75.677658,61.038368
3038,80,76.239319,61.038368
3039,80,76.239319,61.038368
3040,80,76.239319,61.038368
3041,80,76.239319,61.038368
3042,80,76.7399295,61.5096035
3043,80,77.24054,61.980839
3044,80,77.24054,61.980839
3045,80,77.24054,61.980839
3046,80,77.24054,61.980839
3047,80,77.887669,61.980839
3048,80,78.534798,61.980839
3049,80,78.534798,61.9626715
3050,80,78.534798,61.944504
3051,80,79.0720405,61.944504
3052,80,79.609283,61.944504
3053,80,79.609283,61.944504
3054,80,79.609283,61.5690025
3055,80,79.609283,61.193501
3056,80,80.2442015,61.193501
3057,80,80.87912,61.193501
3058,80,80.87912,61.193501
3059,80,80.87912,61.193501
3060,80,80.87912,61.193501
3061,80,81.477413,60.381794
3062,80,82.075706,59.570087
3063,80,82.075706,59.570087
3064,80,82.075706,59.570087
3065,80,82.771675,59.570087
3066,80,83.467644,59.570087
3067,80,83.467644,59.570087
3068,80,83.467644,58.043726
3069,80,83.467644,56.517365
3070,80,84.493286,56.517365
3071,80,84.493286,56.517365
3072,80,84.493286,56.517365
3073,80,84.493286,55.0292455
3074,80,84.9694745,53.541126
3075,80,85.445663,53.541126
3076,80,85.445663,53.541126
3077,80,85.445663,53.541126
3078,80,85.9218555,53.541126
3079,80,86.398048,53.541126
3080,80,86.398048,51.265123
3081,80,86.398048,48.98912
3082,80,86.398048,48.98912
3083,80,86.398048,48.98912
3084,80,87.0085485,48.98912
3085,80,87.619049,48.98912
3086,80,87.619049,47.159996
3087,80,87.619049,45.330872
3088,80,87.9731405,45.330872
3089,80,88.327232,45.330872
3090,80,88.327232,45.330872
3091,80,88.327232,45.330872
3092,80,88.327232,42.873772
3093,80,88.6324805,40.416672
3094,80,88.937729,40.416672
3095,80,88.937729,40.416672
3096,80,88.937729,40.416672
3097,80,89.1819305,40.416672
3098,80,89.426132,40.416672
3099,80,89.426132,37.4892635
3100,80,89.426132,34.561855
3101,80,89.426132,34.561855
3102,80,89.56044,34.561855
3103,80,89.694748,34.561855
3104,80,89.694748,32.1057145
3105,80,89.78022,29.649574
3106,80,89.865692,29.649574
3107,80,89.865692,29.649574
3108,80,89.865692,29.649574
3109,80,89.865692,27.039321
3110,80,89.8168525,24.429068
3111,80,89.768013,24.429068
3112,80,89.768013,24.429068
3113,80,89.768013,24.429068
3114,80,89.768013,24.429068
3115,80,89.8168525,24.429068
3116,80,89.865692,21.535601
3117,80,89.865692,18.642134
3118,80,89.865692,18.642134
3119,80,89.8168525,18.642134
3120,80,89.768013,18.642134
3121,80,89.768013,18.642134
3122,80,89.768013,16.6056525
3123,80,89.768013,14.569171
3124,80,89.56044,14.569171
3125,80,89.352867,14.569171
3126,80,89.352867,14.569171
3127,80,89.352867,14.569171
3128,80,89.352867,14.569171
3129,80,89.352867,14.569171
3130,80,88.815628,9.798482
3131,80,88.815628,9.798482
3132,80,88.815628,9.798482
3133,80,88.6691095,9.798482
3134,80,88.522591,7.9064045
3135,80,88.522591,6.014327
3136,80,88.522591,6.014327
3137,80,88.522591,6.014327
3138,80,88.192921,6.014327
3139,80,87.863251,6.014327
3140,80,87.863251,4.0957225
3141,80,87.4969485,2.177118
3142,80,87.130646,2.177118
3143,80,87.130646,2.177118
3144,80,87.130646,2.177118
3145,80,87.130646,2.177118
3146,80,86.764347,2.177118
3147,80,86.398048,1.088559
3148,80,86.398048,0
3149,80,86.398048,0
3150,80,86.398048,0
3151,80,85.995117,0
3152,80,85.592186,0.0200225
3153,80,85.592186,0.040045
3154,80,85.592186,0.040045
3155,80,85.140415,0.040045
3156,80,84.688644,0.040045
3157,80,84.688644,0.040045
3158,80,84.688644,0.040045
3159,80,84.688644,0.040045
3160,80,83.858368,0
3161,80,83.858368,0
3162,80,83.858368,0
3163,80,83.858368,0
3164,80,83.443226,0
3165,80,83.028084,0.0291185
3166,80,83.028084,0.058237
3167,80,83.028084,0.058237
3168,80,82.600735,0.058237
3169,80,82.173386,0.058237
3170,80,82.173386,0.058237
3171,80,82.173386,0.0291185
3172,80,82.173386,0
3173,80,82.173386,0
3174,80,81.746033,0
3175,80,81.31868,0
3176,80,81.31868,0
3177,80,81.31868,0
3178,80,81.001221,0.079893
3179,80,80.683762,0.159786
3180,80,80.683762,0.159786
3181,80,80.683762,0.159786
3182,80,80.1831515,0.159786
3183,80,79.682541,0.159786
3184,80,79.682541,0.494016
3185,80,79.682541,0.828246
3186,80,79.682541,0.828246
3187,80,79.3040315,0.828246
3188,80,78.925522,0.828246
3189,80,78.925522,0.828246
3190,80,78.925522,0.828246
3191,80,78.4615405,2.061359
3192,80,77.997559,2.061359
3193,80,77.997559,2.061359
3194,80,77.997559,2.061359
3195,80,77.63126,2.9808425
3196,80,77.264961,3.900326
3197,80,77.264961,3.900326
3198,80,77.264961,3.900326
3199,80,76.886448,3.900326
3200,80,76.507935,3.900326
3201,80,76.507935,3.900326
3202,80,76.507935,5.3395975
3203,80,76.507935,6.778869
3204,80,76.031746,6.778869
3205,80,75.555557,6.778869
3206,80,75.555557,6.778869
3207,80,75.555557,8.1284055
3208,80,75.555557,9.477942
3209,80,75.128208,9.477942
3210,80,74.700859,9.477942
3211,80,74.700859,9.477942
3212,80,74.700859,9.477942
3213,80,74.3467675,9.477942
3214,80,73.992676,11.335758
3215,80,73.992676,13.193574
3216,80,73.992676,13.193574
3217,80,73.650795,13.193574
3218,80,73.308914,13.193574
3219,80,73.308914,13.193574
3220,80,73.308914,13.193574
3221,80,73.308914,16.919085
3222,80,73.0402945,16.919085
3223,80,72.771675,16.919085
3224,80,72.771675,16.919085
3225,80,72.771675,16.919085
3226,80,72.771675,19.0561965
3227,80,72.539684,21.193308
3228,80,72.307693,21.193308
3229,80,72.307693,21.193308
3230,80,72.307693,21.193308
3231,80,72.014652,21.193308
3232,80,71.721611,21.193308
3233,80,71.721611,23.889889
3234,80,71.721611,26.58647
3235,80,71.721611,26.58647
3236,80,71.721611,26.58647
3237,80,71.514042,26.58647
3238,80,71.306473,26.58647
3239,80,71.306473,28.7899925
3240,80,71.306473,30.993515
3241,80,71.208794,30.993515
3242,80,71.111115,30.993515
3243,80,71.111115,30.993515
3244,80,71.111115,30.993515
3245,80,71.111115,33.4888915
3246,80,70.989014,35.984268
3247,80,70.866913,35.984268
3248,80,70.866913,35.984268
3249,80,70.866913,35.984268
3250,80,70.866913,35.984268
3251,80,71.013435,35.984268
3252,80,71.013435,38.528673
3253,80,71.013435,41.073078
3254,80,70.915752,41.073078
3255,80,70.818069,41.073078
3256,80,70.818069,41.073078
3257,80,70.818069,43.2288205
3258,80,70.818069,45.384563
3259,80,71.0134315,45.384563
3260,80,71.208794,45.384563
3261,80,71.208794,45.384563
3262,80,71.208794,45.384563
3263,80,71.208794,47.657072
3264,80,71.1355325,49.929581
3265,80,71.062271,49.929581
3266,80,71.062271,49.929581
3267,80,71.062271,49.929581
3268,80,71.514042,49.929581
3269,80,71.965813,49.929581
3270,80,71.965813,51.9580405
3271,80,71.965813,53.9865
3272,80,71.965813,53.9865
3273,80,72.271065,53.9865
3274,80,72.576317,53.9865
3275,80,72.576317,55.363394
3276,80,72.576317,56.740288
3277,80,73.113556,56.740288
3278,80,73.650795,56.740288
3279,80,73.650795,56.740288
3280,80,73.650795,56.740288
3281,80,73.650795,57.961365
3282,80,74.0415155,59.182442
3283,80,74.432236,59.182442
3284,80,74.432236,59.182442
3285,80,74.432236,59.182442
3286,80,74.981686,59.182442
3287,80,75.531136,59.182442
3288,80,75.531136,60.0423355
3289,80,75.531136,60.902229
3290,80,75.531136,60.902229
3291,80,76.251526,60.902229
3292,80,76.971916,60.902229
3293,80,76.971916,60.902229
3294,80,76.971916,61.263664
3295,80,76.971916,61.625099
3296,80,77.423687,61.625099
3297,80,77.875458,61.625099
3298,80,77.875458,61.625099
3299,80,77.875458,61.625099
3300,80,78.693531,61.566528
3301,80,79.511604,61.507957
3302,80,79.511604,61.507957
3303,80,79.511604,61.507957
3304,80,79.9145315,61.507957
3305,80,80.317459,61.507957
3306,80,80.317459,61.014097
3307,80,80.317459,60.520237
3308,80,80.317459,60.520237
3309,80,80.94017,60.520237
3310,80,81.562881,60.520237
3311,80,81.562881,60.520237
3312,80,81.562881,59.688183
3313,80,81.562881,58.856129
3314,80,82.1855925,58.856129
3315,80,82.808304,58.856129
3316,80,82.808304,58.856129
3317,80,82.808304,58.856129
3318,80,83.345543,57.5524655
3319,80,83.882782,56.248802
3320,80,83.882782,56.248802
3321,80,83.882782,56.248802
3322,80,83.882782,56.248802
3323,80,84.493286,56.248802
3324,80,85.10379,56.248802
3325,80,85.10379,54.220623
3326,80,85.10379,52.192444
3327,80,85.65324,52.192444
3328,80,86.20269,52.192444
3329,80,86.20269,52.192444
3330,80,86.20269,52.192444
3331,80,86.20269,50.409283
3332,80,86.630039,48.626122
3333,80,87.057388,48.626122
3334,80,87.057388,48.626122
3335,80,87.057388,48.626122
3336,80,87.594627,48.626122
3337,80,88.131866,46.070618
3338,80,88.131866,43.515114
3339,80,88.131866,43.515114
3340,80,88.131866,43.515114
3341,80,88.571426,43.515114
3342,80,88.571426,43.515114
3343,80,88.571426,41.2266235
3344,80,88.571426,38.938133
3345,80,88.803417,38.938133
3346,80,89.035408,38.938133
3347,80,89.035408,38.938133
3348,80,89.035408,38.938133
3349,80,89.035408,36.31324
3350,80,89.255188,33.688347
3351,80,89.474968,33.688347
3352,80,89.474968,33.688347
3353,80,89.474968,33.688347
3354,80,89.6092795,33.688347
3355,80,89.743591,33.688347
3356,80,89.743591,30.730382
3357,80,89.743591,27.772417
3358,80,89.8046415,27.772417
3359,80,89.865692,27.772417
3360,80,89.865692,27.772417
3361,80,89.865692,27.772417
3362,80,89.865692,25.2775555
3363,80,89.755802,22.782694
3364,80,89.645912,22.782694
3365,80,89.645912,22.782694
3366,80,89.645912,22.782694
3367,80,89.645912,22.782694
3368,80,89.7069625,20.2481845
3369,80,89.768013,17.713675
3370,80,89.768013,17.713675
3371,80,89.768013,17.713675
3372,80,89.768013,17.713675
3373,80,89.584862,17.713675
3374,80,89.401711,17.713675
3375,80,89.401711,15.215729
3376,80,89.401711,12.717783
3377,80,89.2063525,12.717783
3378,80,89.010994,12.717783
3379,80,89.010994,12.717783
3380,80,89.010994,12.717783
3381,80,88.68132,10.759575
3382,80,88.351646,8.801367
3383,80,88.351646,8.801367
3384,80,88.351646,8.801367
3385,80,88.351646,8.801367
3386,80,88.2051275,8.801367
3387,80,88.058609,6.753394
3388,80,88.058609,4.705421
3389,80,88.058609,4.705421
3390,80,88.058609,4.705421
3391,80,87.619049,4.705421
3392,80,87.179489,4.705421
3393,80,87.179489,4.705421
3394,80,87.179489,2.9845725
3395,80,86.874237,1.263724
3396,80,86.568985,1.263724
3397,80,86.568985,1.263724
3398,80,86.568985,1.263724
3399,80,86.568985,0.631862
3400,80,86.568985,0
3401,80,85.689865,0
3402,80,85.689865,0
3403,80,85.689865,0
3404,80,85.250305,0
3405,80,84.810745,0
3406,80,84.810745,0
3407,80,84.810745,0
3408,80,84.810745,0
3409,80,84.3223455,0
3410,80,83.833946,0
3411,80,83.833946,0
3412,80,83.833946,0.039069
3413,80,83.4554365,0.078138
3414,80,83.076927,0.078138
3415,80,83.076927,0.078138
3416,80,83.076927,0.078138
3417,80,82.7228355,0.078138
3418,80,82.368744,0.0541765
3419,80,82.368744,0.030215
3420,80,82.368744,0.030215
3421,80,82.368744,0.030215
3422,80,81.843712,0.030215
3423,80,81.31868,0.030215
3424,80,81.31868,0.053442
3425,80,81.31868,0.076669
3426,80,81.31868,0.076669
3427,80,81.001221,0.076669
3428,80,80.683762,0.076669
3429,80,80.683762,0.076669
3430,80,80.683762,0.076669
3431,80,80.1953625,0.3624645
3432,80,79.706963,0.64826
3433,80,79.706963,0.64826
3434,80,79.706963,0.64826
3435,80,79.706963,0.64826
3436,80,79.377293,0.64826
3437,80,79.047623,1.110299
3438,80,79.047623,1.572338
3439,80,79.047623,1.572338
3440,80,78.51038,1.572338
3441,80,77.973137,1.572338
3442,80,77.973137,1.572338
3443,80,77.973137,2.452238
3444,80,77.973137,3.332138
3445,80,77.5702095,3.332138
3446,80,77.167282,3.332138
3447,80,77.167282,3.332138
3448,80,77.167282,3.332138
3449,80,76.8009795,3.332138
3450,80,76.434677,4.7193805
3451,80,76.434677,6.106623
3452,80,76.434677,6.106623
3453,80,76.434677,6.106623
3454,80,76.019539,6.106623
3455,80,75.604401,6.106623
3456,80,75.604401,7.4419225
3457,80,75.604401,8.777222
3458,80,75.2258875,8.777222
3459,80,74.847374,8.777222
3460,80,74.847374,8.777222
3461,80,74.847374,8.777222
3462,80,74.847374,10.3253835
3463,80,74.420025,11.873545
3464,80,73.992676,11.873545
3465,80,73.992676,11.873545
3466,80,73.992676,11.873545
3467,80,73.687424,11.873545
3468,80,73.382172,13.9286605
3469,80,73.382172,15.983776
3470,80,73.382172,15.983776
3471,80,73.382172,15.983776
3472,80,73.1135525,15.983776
3473,80,72.844933,15.983776
3474,80,72.844933,17.884432
3475,80,72.844933,19.785088
3476,80,72.588524,19.785088
3477,80,72.332115,19.785088
3478,80,72.332115,19.785088
3479,80,72.332115,19.785088
3480,80,72.332115,22.051804
3481,80,72.112335,24.31852
3482,80,71.892555,24.31852
3483,80,71.892555,24.31852
3484,80,71.892555,24.31852
3485,80,71.599514,24.31852
3486,80,71.306473,24.31852
3487,80,71.306473,26.826831
3488,80,71.306473,29.335142
3489,80,71.306473,29.335142
3490,80,71.306473,29.335142
3491,80,71.306473,29.335142
3492,80,71.306473,31.575589
3493,80,71.306473,33.816036
3494,80,71.062271,33.816036
3495,80,70.818069,33.816036
3496,80,70.818069,33.816036
3497,80,70.818069,33.816036
3498,80,70.818069,36.191494
3499,80,70.927959,38.566952
3500,80,71.037849,38.566952
3501,80,71.037849,38.566952
3502,80,71.037849,38.566952
3503,80,70.976799,38.566952
3504,80,70.915749,38.566952
3505,80,70.915749,41.163624
3506,80,70.915749,43.760296
3507,80,70.915749,43.760296
3508,80,70.891331,43.760296
3509,80,70.866913,43.760296
3510,80,70.866913,43.760296
3511,80,70.866913,45.978037
3512,80,71.0989035,48.195778
3513,80,71.330894,48.195778
3514,80,71.330894,48.195778
3515,80,71.330894,48.195778
3516,80,71.330894,48.195778
3517,80,71.599514,50.146719
3518,80,71.868134,52.09766
3519,80,71.868134,52.09766
3520,80,71.868134,52.09766
3521,80,71.868134,52.09766
3522,80,72.747253,52.09766
3523,80,72.747253,53.8191145
3524,80,72.747253,55.540569
3525,80,72.747253,55.540569
3526,80,73.101345,55.540569
3527,80,73.455437,55.540569
3528,80,73.455437,55.540569
3529,80,73.455437,56.739418
3530,80,74.102566,57.938267
3531,80,74.749695,57.938267
3532,80,74.749695,57.938267
3533,80,74.749695,57.938267
3534,80,74.749695,57.938267
3535,80,75.152626,58.9106735
3536,80,75.555557,59.88308
3537,80,75.555557,59.88308
3538,80,75.555557,59.88308
3539,80,76.0439565,59.88308
3540,80,76.532356,59.88308
3541,80,76.532356,59.88308
3542,80,76.532356,60.4976715
3543,80,76.532356,61.112263
3544,80,77.167278,61.112263
3545,80,77.8022,61.112263
3546,80,77.8022,61.112263
3547,80,77.8022,61.112263
3548,80,77.8022,61.0551475
3549,80,78.4371185,60.998032
3550,80,79.072037,60.998032
3551,80,79.072037,60.998032
3552,80,79.072037,60.998032
3553,80,79.694748,60.998032
3554,80,80.317459,60.626446
3555,80,80.317459,60.25486
3556,80,80.317459,60.25486
3557,80,80.866913,60.25486
3558,80,81.416367,60.25486
3559,80,81.416367,60.25486
3560,80,81.416367,59.400938
3561,80,81.416367,58.547016
3562,80,81.8803445,58.547016
3563,80,82.344322,58.547016
3564,80,82.344322,58.547016
3565,80,82.344322,58.547016
3566,80,82.344322,57.413883
3567,80,83.0525055,56.28075
3568,80,83.760689,56.28075
3569,80,83.760689,56.28075
3570,80,83.760689,56.28075
3571,80,84.285717,56.28075
3572,80,84.810745,54.765314
3573,80,84.810745,53.249878
3574,80,84.810745,53.249878
3575,80,85.2991445,53.249878
3576,80,85.787544,53.249878
3577,80,85.787544,53.249878
3578,80,85.787544,53.249878
3579,80,85.787544,51.1706945
3580,80,86.2881545,49.091511
3581,80,86.788765,49.091511
3582,80,86.788765,49.091511
3583,80,86.788765,49.091511
3584,80,86.788765,47.0918065
3585,80,87.240536,45.092102
3586,80,87.692307,45.092102
3587,80,87.692307,45.092102
3588,80,87.692307,45.092102
3589,80,87.692307,45.092102
3590,80,88.1440775,42.6595935
3591,80,88.595848,40.227085
3592,80,88.595848,40.227085
3593,80,88.595848,40.227085
3594,80,88.6691095,40.227085
3595,80,88.742371,40.227085
3596,80,88.742371,40.227085
3597,80,88.742371,37.61401
3598,80,88.742371,35.000935
3599,80,88.962151,35.000935
3600,80,89.181931,35.000935
3601,80,89.181931,35.000935
3602,80,89.181931,35.000935
3603,80,89.377293,32.478672
3604,80,89.572655,29.956409
3605,80,89.572655,29.956409
3606,80,89.572655,29.956409
3607,80,89.572655,29.956409
3608,80,89.7191735,29.956409
3609,80,89.865692,29.956409
3610,80,89.865692,26.8964975
3611,80,89.865692,23.836586
3612,80,89.645912,23.836586
3613,80,89.426132,23.836586
3614,80,89.426132,23.836586
3615,80,89.426132,23.836586
3616,80,89.426132,23.836586
3617,80,89.4017105,21.168702
3618,80,89.377289,18.500818
3619,80,89.377289,18.500818
3620,80,89.377289,18.500818
3621,80,89.242981,18.500818
3622,80,89.108673,16.416464
3623,80,89.108673,14.33211
3624,80,89.108673,14.33211
3625,80,89.108673,14.33211
3626,80,88.9377325,14.33211
3627,80,88.766792,14.33211
3628,80,88.766792,12.222899
3629,80,88.766792,10.113688
3630,80,88.6446915,10.113688
3631,80,88.522591,10.113688
3632,80,88.522591,10.113688
3633,80,88.522591,10.113688
3634,80,88.522591,10.113688
3635,80,88.2173385,7.804948
3636,80,87.912086,5.496208
3637,80,87.912086,5.496208
3638,80,87.912086,5.496208
3639,80,87.912086,5.496208
3640,80,87.5579985,5.496208
3641,80,87.203911,5.496208
3642,80,87.203911,2.546684
3643,80,87.203911,2.546684
3644,80,86.776558,2.546684
3645,80,86.349205,2.546684
3646,80,86.349205,2.546684
3647,80,86.349205,1.273342
3648,80,86.349205,0
3649,80,85.885227,0
3650,80,85.421249,0
3651,80,85.421249,0
3652,80,85.421249,0
3653,80,85.018318,0
3654,80,84.615387,0
3655,80,84.615387,0
3656,80,84.615387,0
3657,80,84.615387,0
3658,80,84.285717,0
3659,80,83.956047,0
3660,80,83.956047,0
3661,80,83.956047,0
3662,80,83.4676475,0
3663,80,82.979248,0
3664,80,82.979248,0
3665,80,82.979248,0
3666,80,82.979248,0
3667,80,82.6129455,0
3668,80,82.246643,0
3669,80,82.246643,0
3670,80,82.246643,0
3671,80,82.246643,0
3672,80,81.416367,0.002109
3673,80,81.416367,0.004218
3674,80,81.416367,0.004218
3675,80,81.416367,0.004218
3676,80,81.0012245,0.004218
3677,80,80.586082,0.004218
3678,80,80.586082,0.225334
3679,80,80.586082,0.44645
3680,80,80.073261,0.44645
3681,80,79.56044,0.44645
3682,80,79.56044,0.44645
3683,80,79.56044,0.44645
3684,80,79.56044,0.979261
3685,80,79.1819305,1.512072
3686,80,78.803421,1.512072
3687,80,78.803421,1.512072
3688,80,78.803421,1.512072
3689,80,78.388279,1.512072
3690,80,77.973137,1.512072
3691,80,77.973137,2.4204865
3692,80,77.973137,3.328901
3693,80,77.973137,3.328901
3694,80,77.4847375,3.328901
3695,80,76.996338,3.328901
3696,80,76.996338,3.328901
3697,80,76.996338,4.3714445
3698,80,76.996338,5.413988
3699,80,76.6056175,5.413988
3700,80,76.214897,5.413988
3701,80,76.214897,5.413988
3702,80,76.214897,5.413988
3703,80,75.7509155,6.779187
3704,80,75.286934,8.144386
3705,80,75.286934,8.144386
3706,80,75.286934,8.144386
3707,80,75.054943,8.144386
3708,80,74.822952,8.144386
3709,80,74.822952,8.144386
3710,80,74.822952,9.997496
3711,80,74.822952,11.850606
3712,80,74.273502,11.850606
3713,80,73.724052,11.850606
3714,80,73.724052,11.850606
3715,80,73.724052,11.850606
3716,80,73.724052,13.6953105
3717,80,73.4676435,15.540015
3718,80,73.211235,15.540015
3719,80,73.211235,15.540015
3720,80,73.211235,15.540015
3721,80,72.8205145,15.540015
3722,80,72.429794,17.654142
3723,80,72.429794,19.768269
3724,80,72.429794,19.768269
3725,80,72.2710645,19.768269
3726,80,72.112335,19.768269
3727,80,72.112335,19.768269
3728,80,72.112335,19.768269
3729,80,72.112335,22.40485
3730,80,71.904762,25.041431
3731,80,71.697189,25.041431
3732,80,71.697189,25.041431
3733,80,71.697189,25.041431
3734,80,71.697189,25.041431
3735,80,71.477409,27.310495
3736,80,71.257629,29.579559
3737,80,71.257629,29.579559
3738,80,71.257629,29.579559
3739,80,71.15995,29.579559
3740,80,71.062271,31.835672
3741,80,71.062271,34.091785
3742,80,71.062271,34.091785
3743,80,71.062271,34.091785
3744,80,70.866913,34.091785
3745,80,70.671555,34.091785
3746,80,70.671555,34.091785
3747,80,70.671555,36.785263
3748,80,70.781445,39.478741
3749,80,70.891335,39.478741
3750,80,70.891335,39.478741
3751,80,70.891335,39.478741
3752,80,70.891335,39.478741
3753,80,70.757023,41.6539385
3754,80,70.622711,43.829136
3755,80,70.622711,43.829136
3756,80,70.622711,43.829136
3757,80,70.622711,43.829136
3758,80,70.866913,43.829136
3759,80,71.111115,46.1228525
3760,80,71.111115,48.416569
3761,80,71.111115,48.416569
3762,80,71.111115,48.416569
3763,80,71.1599545,48.416569
3764,80,71.208794,48.416569
3765,80,71.208794,50.7217465
3766,80,71.208794,53.026924
3767,80,71.5506745,53.026924
3768,80,71.892555,53.026924
3769,80,71.892555,53.026924
3770,80,71.892555,53.026924
3771,80,71.892555,54.585333
3772,80,72.344326,56.143742
3773,80,72.796097,56.143742
3774,80,72.796097,56.143742
3775,80,72.796097,56.143742
3776,80,73.223446,56.143742
3777,80,73.650795,57.579161
3778,80,73.650795,59.01458
3779,80,73.650795,59.01458
3780,80,73.650795,59.01458
3781,80,74.2368735,59.01458
3782,80,74.822952,59.01458
3783,80,74.822952,59.01458
3784,80,74.822952,60.1069125
3785,80,75.164833,61.199245
3786,80,75.506714,61.199245
3787,80,75.506714,61.199245
3788,80,75.506714,61.199245
3789,80,75.506714,61.706829
3790,80,76.251526,62.214413
3791,80,76.996338,62.214413
3792,80,76.996338,62.214413
3793,80,76.996338,62.214413
3794,80,77.4725305,62.214413
3795,80,77.948723,62.4424595
3796,80,77.948723,62.670506
3797,80,77.948723,62.670506
3798,80,77.948723,62.670506
3799,80,78.51038,62.670506
3800,80,79.072037,62.670506
3801,80,79.072037,62.670506
3802,80,79.072037,62.3778935
3803,80,79.60928,62.085281
3804,80,80.146523,62.085281
3805,80,80.146523,62.085281
3806,80,80.146523,62.085281
3807,80,80.146523,62.085281
3808,80,80.793652,61.45364
3809,80,81.440781,60.821999
3810,80,81.440781,60.821999
3811,80,81.440781,60.821999
3812,80,81.440781,60.821999
3813,80,82.1123315,60.821999
3814,80,82.783882,59.725483
3815,80,82.783882,58.628967
3816,80,82.783882,58.628967
3817,80,83.443222,58.628967
3818,80,84.102562,58.628967
3819,80,84.102562,58.628967
3820,80,84.102562,58.628967
3821,80,84.102562,56.7774315
3822,80,84.102562,54.925896
3823,80,85.299149,54.925896
3824,80,85.299149,54.925896
3825,80,85.299149,54.925896
3826,80,85.726498,54.925896
3827,80,86.153847,53.1799775
3828,80,86.153847,51.434059
3829,80,86.153847,51.434059
3830,80,86.153847,51.434059
3831,80,86.703297,51.434059
3832,80,87.252747,51.434059
3833,80,87.252747,49.3597735
3834,80,87.252747,47.285488
3835,80,87.7045175,47.285488
3836,80,88.156288,47.285488
3837,80,88.156288,47.285488
3838,80,88.156288,47.285488
3839,80,88.156288,44.6242525
3840,80,88.4371185,41.963017
3841,80,88.717949,41.963017
3842,80,88.717949,41.963017
3843,80,88.717949,41.963017
3844,80,88.9987795,41.963017
3845,80,89.27961,39.616299
3846,80,89.27961,37.269581
3847,80,89.27961,37.269581
3848,80,89.27961,37.269581
3849,80,89.487179,37.269581
3850,80,89.694748,37.269581
3851,80,89.694748,34.585296
3852,80,89.694748,31.901011
3853,80,89.804638,31.901011
3854,80,89.914528,31.901011
3855,80,89.914528,31.901011
3856,80,89.914528,31.901011
3857,80,89.914528,31.901011
3858,80,90.036629,28.9727145
3859,80,90.15873,26.044418
3860,80,90.15873,26.044418
3861,80,90.15873,26.044418
3862,80,90.10989,26.044418
3863,80,90.06105,23.7430735
3864,80,90.06105,21.441729
3865,80,90.06105,21.441729
3866,80,90.06105,21.441729
3867,80,89.975582,21.441729
3868,80,89.890114,21.441729
3869,80,89.890114,18.924554
3870,80,89.890114,16.407379
3871,80,89.890114,16.407379
3872,80,89.780224,16.407379
3873,80,89.670334,16.407379
3874,80,89.670334,16.407379
3875,80,89.670334,16.407379
3876,80,89.3772925,13.828788
3877,80,89.084251,11.250197
3878,80,89.084251,11.250197
3879,80,89.084251,11.250197
3880,80,88.9011,11.250197
3881,80,88.717949,11.250197
3882,80,88.717949,11.250197
3883,80,88.717949,7.189227
3884,80,88.717949,7.189227
3885,80,88.473751,7.189227
3886,80,88.229553,7.189227
3887,80,88.229553,7.189227
3888,80,88.229553,5.2916805
3889,80,88.229553,3.394134
3890,80,87.8876725,3.394134
3891,80,87.545792,3.394134
3892,80,87.545792,3.394134
3893,80,87.545792,3.394134
3894,80,87.0451815,1.7440665
3895,80,86.544571,0.093999
3896,80,86.544571,0.093999
3897,80,86.544571,0.093999
3898,80,86.214901,0.093999
3899,80,85.885231,0.093999
3900,80,85.885231,0.0469995
3901,80,85.885231,0
3902,80,85.885231,0
3903,80,85.470089,0
3904,80,85.054947,0
3905,80,85.054947,0
3906,80,85.054947,0
3907,80,85.054947,0
3908,80,84.615387,0
3909,80,84.175827,0
3910,80,84.175827,0
3911,80,84.175827,0
3912,80,84.175827,0
3913,80,83.748474,0
3914,80,83.321121,0
3915,80,83.321121,0
3916,80,83.321121,0
3917,80,82.9426115,0
3918,80,82.564102,0
3919,80,82.564102,0.0001585
3920,80,82.564102,0.000317
3921,80,82.1978035,0.000317
3922,80,81.831505,0.000317
3923,80,81.831505,0.000317
3924,80,81.831505,0.000317
3925,80,81.831505,0.0291645
3926,80,81.404152,0.058012
3927,80,80.976799,0.058012
3928,80,80.976799,0.058012
3929,80,80.976799,0.058012
3930,80,80.976799,0.058012
3931,80,80.525032,0.2283305
3932,80,80.073265,0.398649
3933,80,80.073265,0.398649
3934,80,80.073265,0.398649
3935,80,80.073265,0.398649
3936,80,79.6092835,0.398649
3937,80,79.145302,0.8070505
3938,80,79.145302,1.215452
3939,80,79.145302,1.215452
3940,80,78.8644715,1.215452
3941,80,78.583641,1.215452
3942,80,78.583641,1.215452
3943,80,78.583641,1.935488
3944,80,78.583641,2.655524
3945,80,78.1196595,2.655524
3946,80,77.655678,2.655524
3947,80,77.655678,2.655524
3948,80,77.655678,2.655524
3949,80,77.313797,2.655524
3950,80,76.971916,3.68072
3951,80,76.971916,4.705916
3952,80,76.971916,4.705916
3953,80,76.971916,4.705916
3954,80,76.459095,4.705916
3955,80,75.946274,5.974549
3956,80,75.946274,7.243182
3957,80,75.946274,7.243182
3958,80,75.689865,7.243182
3959,80,75.433456,7.243182
3960,80,75.433456,7.243182
3961,80,75.433456,8.7271515
3962,80,75.433456,10.211121
3963,80,75.006107,10.211121
3964,80,74.578758,10.211121
3965,80,74.578758,10.211121
3966,80,74.578758,10.211121
3967,80,74.175827,10.211121
3968,80,73.772896,12.1812755
3969,80,73.772896,14.15143
3970,80,73.772896,14.15143
3971,80,73.772896,14.15143
3972,80,73.772896,14.15143
3973,80,73.235657,14.15143
3974,80,73.235657,16.075286
3975,80,73.235657,17.999142
3976,80,72.930405,17.999142
3977,80,72.625153,17.999142
3978,80,72.625153,17.999142
3979,80,72.625153,17.999142
3980,80,72.625153,20.0937615
3981,80,72.405373,22.188381
3982,80,72.185593,22.188381
3983,80,72.185593,22.188381
3984,80,72.185593,22.188381
3985,80,72.185593,22.188381
3986,80,71.819294,24.607402
3987,80,71.452995,27.026423
3988,80,71.452995,27.026423
3989,80,71.452995,27.026423
3990,80,71.452995,27.026423
3991,80,71.355312,27.026423
3992,80,71.257629,29.369012
3993,80,71.257629,31.711601
3994,80,71.257629,31.711601
3995,80,71.257629,31.711601
3996,80,71.062271,31.711601
3997,80,70.866913,31.711601
3998,80,70.866913,34.163395
3999,80,70.854702,36.615189
4000,80,70.842491,36.615189
4001,80,70.842491,36.615189
4002,80,70.842491,36.615189
4003,80,70.842491,36.615189
4004,80,70.7936515,36.615189
4005,80,70.744812,39.413586
4006,80,70.744812,42.211983
4007,80,70.744812,42.211983
4008,80,70.744812,42.211983
4009,80,70.8180735,42.211983
4010,80,70.891335,42.211983
4011,80,70.891335,44.4310285
4012,80,70.891335,46.650074
4013,80,70.891335,46.650074
4014,80,70.976803,46.650074
4015,80,71.062271,46.650074
4016,80,71.062271,46.650074
4017,80,71.147743,48.7245845
4018,80,71.233215,50.799095
4019,80,71.233215,50.799095
4020,80,71.233215,50.799095
4021,80,71.233215,50.799095
4022,80,71.6605645,50.799095
4023,80,72.087914,50.799095
4024,80,72.087914,52.8466835
4025,80,72.087914,54.894272
4026,80,72.087914,54.894272
4027,80,72.5518955,54.894272
4028,80,73.015877,54.894272
4029,80,73.015877,56.302826
4030,80,73.015877,57.71138
4031,80,73.015877,57.71138
4032,80,73.4676475,57.71138
4033,80,73.919418,57.71138
4034,80,73.919418,57.71138
4035,80,74.3467675,58.828909
4036,80,74.774117,59.946438
4037,80,74.774117,59.946438
4038,80,74.774117,59.946438
4039,80,74.774117,59.946438
4040,80,75.384617,59.946438
4041,80,75.995117,59.946438
4042,80,75.995117,60.7085305
4043,80,75.995117,61.470623
4044,80,75.995117,61.470623
4045,80,76.5811995,61.470623
4046,80,77.167282,61.470623
4047,80,77.167282,61.7081625
4048,80,77.167282,61.945702
4049,80,77.167282,61.945702
4050,80,77.85104,61.945702
4051,80,78.534798,61.945702
4052,80,78.534798,61.945702
4053,80,78.534798,61.776257
4054,80,79.05983,61.606812
4055,80,79.584862,61.606812
4056,80,79.584862,61.606812
4057,80,79.584862,61.606812
4058,80,80.097683,61.606812
4059,80,80.610504,61.606812
4060,80,80.610504,61.008757
4061,80,80.610504,60.410702
4062,80,80.610504,60.410702
4063,80,80.610504,60.410702
4064,80,82.051285,60.410702
4065,80,82.051285,60.410702
4066,80,82.051285,59.5230335
4067,80,82.051285,58.635365
4068,80,82.6373635,58.635365
4069,80,83.223442,58.635365
4070,80,83.223442,58.635365
4071,80,83.223442,58.635365
4072,80,83.663002,57.32058
4073,80,84.102562,56.005795
4074,80,84.102562,56.005795
4075,80,84.102562,56.005795
4076,80,84.7619055,56.005795
4077,80,85.421249,56.005795
4078,80,85.421249,54.15901
4079,80,85.421249,52.312225
4080,80,85.421249,52.312225
4081,80,85.9096485,52.312225
4082,80,86.398048,52.312225
4083,80,86.398048,52.312225
4084,80,86.398048,50.255159
4085,80,86.398048,48.198093
4086,80,86.86203,48.198093
4087,80,87.326012,48.198093
4088,80,87.326012,48.198093
4089,80,87.326012,48.198093
4090,80,87.74115,45.8035885
4091,80,88.156288,43.409084
4092,80,88.156288,43.409084
4093,80,88.156288,43.409084
4094,80,88.498169,43.409084
4095,80,88.84005,43.409084
4096,80,88.84005,43.409084
4097,80,88.84005,43.409084
4098,80,88.84005,40.4664095
4099,80,89.05983,37.523735
4100,80,89.27961,37.523735
4101,80,89.27961,37.523735
4102,80,89.27961,37.523735
4103,80,89.27961,37.523735
4104,80,89.4261325,35.04912
4105,80,89.572655,32.574505
4106,80,89.572655,32.574505
4107,80,89.572655,32.574505
4108,80,89.572655,32.574505
4109,80,89.7191735,32.574505
4110,80,89.865692,29.958026
4111,80,89.865692,27.341547
4112,80,89.865692,27.341547
4113,80,89.865692,27.341547
4114,80,89.975582,27.341547
4115,80,90.085472,27.341547
4116,80,90.085472,27.341547
4117,80,90.085472,24.6027775
4118,80,89.987793,21.864008
4119,80,89.890114,21.864008
4120,80,89.890114,21.864008
4121,80,89.890114,21.864008
4122,80,89.8168525,19.6108895
4123,80,89.743591,17.357771
4124,80,89.743591,17.357771
4125,80,89.743591,17.357771
4126,80,89.645912,17.357771
4127,80,89.548233,14.9870165
4128,80,89.548233,12.616262
4129,80,89.548233,12.616262
4130,80,89.255192,12.616262
4131,80,88.962151,12.616262
4132,80,88.962151,12.616262
4133,80,88.962151,12.616262
4134,80,88.962151,10.253928
4135,80,88.7789995,7.891594
4136,80,88.595848,7.891594
4137,80,88.595848,7.891594
4138,80,88.595848,7.891594
4139,80,88.595848,6.0865545
4140,80,88.253967,4.281515
4141,80,87.912086,4.281515
4142,80,87.912086,4.281515
4143,80,87.912086,4.281515
4144,80,87.594627,4.281515
4145,80,87.277168,4.281515
4146,80,87.277168,2.5061355
4147,80,87.277168,0.730756
4148,80,87.277168,0.730756
4149,80,86.8131865,0.730756
4150,80,86.349205,0.730756
4151,80,86.349205,0.730756
4152,80,86.349205,0.365378
4153,80,86.349205,0
4154,80,86.019535,0
4155,80,85.689865,0
4156,80,85.689865,0
4157,80,85.689865,0
4158,80,85.689865,0
4159,80,85.1892545,0
4160,80,84.688644,0
4161,80,84.688644,0
4162,80,84.688644,0
4163,80,84.3467635,0
4164,80,84.004883,0
4165,80,84.004883,0
4166,80,84.004883,0
4167,80,83.6263735,0
4168,80,83.247864,0
4169,80,83.247864,0
4170,80,83.247864,0
4171,80,83.247864,0
4172,80,82.771675,0
4173,80,82.295486,0
4174,80,82.295486,0
4175,80,82.295486,0
4176,80,82.295486,0
4177,80,81.916973,0
4178,80,81.53846,0
4179,80,81.53846,0
4180,80,81.53846,0
4181,80,81.184372,0
4182,80,80.830284,0
4183,80,80.830284,0
4184,80,80.830284,0.158695
4185,80,80.830284,0.158695
4186,80,80.512821,0.158695
4187,80,80.195358,0.158695
4188,80,80.195358,0.158695
4189,80,80.195358,0.459518
4190,80,79.7069585,0.760341
4191,80,79.218559,0.760341
4192,80,79.218559,0.760341
4193,80,79.218559,0.760341
4194,80,79.218559,1.307137
4195,80,78.8522605,1.853933
4196,80,78.485962,1.853933
4197,80,78.485962,1.853933
4198,80,78.485962,1.853933
4199,80,78.485962,1.853933
4200,80,77.8998795,1.853933
4201,80,77.313797,2.833401
4202,80,77.313797,3.812869
4203,80,77.313797,3.812869
4204,80,77.0573885,3.812869
4205,80,76.80098,3.812869
4206,80,76.80098,3.812869
4207,80,76.80098,4.913195
4208,80,76.80098,6.013521
4209,80,76.36142,6.013521
4210,80,75.92186,6.013521
4211,80,75.92186,6.013521
4212,80,75.92186,6.013521
4213,80,75.92186,6.013521
4214,80,75.140419,8.866059
4215,80,75.140419,8.866059
4216,80,75.140419,8.866059
4217,80,75.140419,8.866059
4218,80,74.7619055,8.866059
4219,80,74.383392,8.866059
4220,80,74.383392,10.9048015
4221,80,74.383392,12.943544
4222,80,74.0170935,12.943544
4223,80,73.650795,12.943544
4224,80,73.650795,12.943544
4225,80,73.650795,12.943544
4226,80,73.650795,14.6592395
4227,80,73.455433,16.374935
4228,80,73.260071,16.374935
4229,80,73.260071,16.374935
4230,80,73.260071,16.374935
4231,80,73.260071,16.374935
4232,80,72.783882,18.6681565
4233,80,72.307693,20.961378
4234,80,72.307693,20.961378
4235,80,72.307693,20.961378
4236,80,72.1978035,20.961378
4237,80,72.087914,20.961378
4238,80,72.087914,23.106721
4239,80,72.087914,25.252064
4240,80,71.7948725,25.252064
4241,80,71.501831,25.252064
4242,80,71.501831,25.252064
4243,80,71.501831,25.252064
4244,80,71.501831,27.6255265
4245,80,71.391941,29.998989
4246,80,71.282051,29.998989
4247,80,71.282051,29.998989
4248,80,71.282051,29.998989
4249,80,71.2332115,29.998989
4250,80,71.184372,29.998989
4251,80,71.184372,32.794674
4252,80,71.184372,35.590359
4253,80,71.184372,35.590359
4254,80,71.0134315,35.590359
4255,80,70.842491,35.590359
4256,80,70.842491,35.590359
4257,80,70.842491,37.8696235
4258,80,70.9035415,40.148888
4259,80,70.964592,40.148888
4260,80,70.964592,40.148888
4261,80,70.964592,40.148888
4262,80,70.964592,40.148888
4263,80,70.9279635,42.5313015
4264,80,70.891335,44.913715
4265,80,70.891335,44.913715
4266,80,70.891335,44.913715
4267,80,71.074482,44.913715
4268,80,71.257629,44.913715
4269,80,71.257629,44.913715
4270,80,71.257629,47.388437
4271,80,71.257629,49.863159
4272,80,71.257629,49.863159
4273,80,71.257629,49.863159
4274,80,71.257629,49.863159
4275,80,71.257629,51.712341
4276,80,71.684982,53.561523
4277,80,72.112335,53.561523
4278,80,72.112335,53.561523
4279,80,72.112335,53.561523
4280,80,72.112335,53.561523
4281,80,72.661785,53.561523
4282,80,73.211235,55.189367
4283,80,73.211235,56.817211
4284,80,73.211235,56.817211
4285,80,73.211235,56.817211
4286,80,73.5897445,56.817211
4287,80,73.968254,56.817211
4288,80,73.968254,58.1687295
4289,80,73.968254,59.520248
4290,80,74.4688645,59.520248
4291,80,74.969475,59.520248
4292,80,74.969475,59.520248
4293,80,74.969475,59.520248
4294,80,75.3601955,60.252939
4295,80,75.750916,60.98563
4296,80,75.750916,60.98563
4297,80,75.750916,60.98563
4298,80,75.750916,60.98563
4299,80,76.5079385,60.98563
4300,80,77.264961,61.472868
4301,80,77.264961,61.960106
4302,80,77.264961,61.960106
4303,80,77.264961,61.960106
4304,80,77.264961,61.960106
4305,80,78.339439,61.960106
4306,80,78.339439,61.960106
4307,80,78.339439,61.9177095
4308,80,78.8400495,61.875313
4309,80,79.34066,61.875313
4310,80,79.34066,61.875313
4311,80,79.34066,61.875313
4312,80,79.89011,61.875313
4313,80,80.43956,61.437931
4314,80,80.43956,61.000549
4315,80,80.43956,61.000549
4316,80,80.43956,61.000549
4317,80,81.0989,61.000549
4318,80,81.75824,61.000549
4319,80,81.75824,60.0325355
4320,80,81.75824,59.064522
4321,80,82.4053725,59.064522
4322,80,83.052505,59.064522
4323,80,83.052505,59.064522
4324,80,83.052505,59.064522
4325,80,83.052505,59.064522
4326,80,83.601955,57.6953605
4327,80,84.151405,56.326199
4328,80,84.151405,56.326199
4329,80,84.151405,56.326199
4330,80,84.798534,56.326199
4331,80,85.445663,56.326199
4332,80,85.445663,54.66457
4333,80,85.445663,53.002941
4334,80,85.445663,53.002941
4335,80,85.8363835,53.002941
4336,80,86.227104,53.002941
4337,80,86.227104,53.002941
4338,80,86.227104,50.936321
4339,80,86.227104,48.869701
4340,80,86.8253975,48.869701
4341,80,87.423691,48.869701
4342,80,87.423691,48.869701
4343,80,87.423691,48.869701
4344,80,87.716732,48.869701
4345,80,88.009773,46.1098365
4346,80,88.009773,43.349972
4347,80,88.009773,43.349972
4348,80,88.009773,43.349972
4349,80,88.46154,43.349972
4350,80,88.913307,43.349972
4351,80,88.913307,40.9546205
4352,80,88.913307,38.559269
4353,80,89.0964585,38.559269
4354,80,89.27961,38.559269
4355,80,89.27961,38.559269
4356,80,89.27961,36.0917625
4357,80,89.27961,33.624256
4358,80,89.572651,33.624256
4359,80,89.865692,33.624256
4360,80,89.865692,33.624256
4361,80,89.865692,33.624256
4362,80,89.902321,33.624256
4363,80,89.93895,30.6978385
4364,80,89.93895,27.771421
4365,80,89.93895,27.771421
4366,80,90.036629,27.771421
4367,80,90.134308,27.771421
4368,80,90.134308,27.771421
4369,80,90.134308,25.378005
4370,80,90.134308,22.984589
4371,80,90.134308,22.984589
4372,80,90.134308,22.984589
4373,80,90.134308,22.984589
4374,80,90.134308,22.984589
4375,80,90.134308,20.320179
4376,80,90.012211,17.655769
4377,80,89.890114,17.655769
4378,80,89.890114,17.655769
4379,80,89.890114,17.655769
4380,80,89.792431,17.655769
4381,80,89.694748,15.1533535
4382,80,89.694748,12.650938
4383,80,89.694748,12.650938
4384,80,89.694748,12.650938
4385,80,89.4017105,12.650938
4386,80,89.108673,12.650938
4387,80,89.108673,10.518927
4388,80,89.108673,8.386916
4389,80,88.9621505,8.386916
4390,80,88.815628,8.386916
4391,80,88.815628,8.386916
4392,80,88.815628,8.386916
4393,80,88.815628,6.2964025
4394,80,88.815628,4.205889
4395,80,88.009773,4.205889
4396,80,88.009773,4.205889
4397,80,88.009773,4.205889
4398,80,88.009773,4.205889
4399,80,87.7655715,4.205889
4400,80,87.52137,2.3839125
4401,80,87.52137,0.561936
4402,80,87.52137,0.561936
4403,80,87.1306495,0.561936
4404,80,86.739929,0.561936
4405,80,86.739929,0.280968
4406,80,86.739929,0
4407,80,86.3492085,0
4408,80,85.958488,0
4409,80,85.958488,0
4410,80,85.958488,0
4411,80,85.958488,0
4412,80,85.4945065,0
4413,80,85.030525,0
4414,80,85.030525,0
4415,80,85.030525,0
4416,80,84.6764335,0
4417,80,84.322342,0
4418,80,84.322342,0
4419,80,84.322342,0
4420,80,83.9194145,0
4421,80,83.516487,0
4422,80,83.516487,0
4423,80,83.516487,0
4424,80,83.516487,0
4425,80,83.076927,0.003705
4426,80,82.637367,0.003705
4427,80,82.637367,0.003705
4428,80,82.637367,0.003705
4429,80,82.637367,0.003705
4430,80,82.2954865,0.0018525
4431,80,81.953606,0
4432,80,81.953606,0
4433,80,81.953606,0
4434,80,81.4652025,0
4435,80,80.976799,0
4436,80,80.976799,0
4437,80,80.976799,0.0736515
4438,80,80.976799,0.147303
4439,80,80.6105005,0.147303
4440,80,80.244202,0.147303
4441,80,80.244202,0.147303
4442,80,80.244202,0.147303
4443,80,79.78022,0.4709145
4444,80,79.316238,0.794526
4445,80,79.316238,0.794526
4446,80,79.316238,0.794526
4447,80,79.316238,0.794526
4448,80,78.9499395,1.3897645
4449,80,78.583641,1.985003
4450,80,78.583641,1.985003
4451,80,78.583641,1.985003
4452,80,78.583641,1.985003
4453,80,78.0830305,1.985003
4454,80,77.58242,1.985003
4455,80,77.58242,2.954807
4456,80,77.58242,3.924611
4457,80,77.2039105,3.924611
4458,80,76.825401,3.924611
4459,80,76.825401,3.924611
4460,80,76.825401,3.924611
4461,80,76.410259,5.0037405
4462,80,75.995117,6.08287
4463,80,75.995117,6.08287
4464,80,75.995117,6.08287
4465,80,75.995117,6.08287
4466,80,75.6043965,6.08287
4467,80,75.213676,7.5283255
4468,80,75.213676,8.973781
4469,80,75.213676,8.973781
4470,80,74.896217,8.973781
4471,80,74.578758,8.973781
4472,80,74.578758,8.973781
4473,80,74.578758,10.907132
4474,80,74.578758,12.840483
4475,80,74.2124555,12.840483
4476,80,73.846153,12.840483
4477,80,73.846153,12.840483
4478,80,73.846153,12.840483
4479,80,73.4798545,14.5932055
4480,80,73.113556,16.345928
4481,80,73.113556,16.345928
4482,80,73.113556,16.345928
4483,80,73.113556,16.345928
4484,80,73.113556,16.345928
4485,80,72.600731,18.5028545
4486,80,72.600731,20.659781
4487,80,72.600731,20.659781
4488,80,72.600731,20.659781
4489,80,72.246643,20.659781
4490,80,71.892555,20.659781
4491,80,71.892555,20.659781
4492,80,71.892555,23.153249
4493,80,71.8681335,25.646717
4494,80,71.843712,25.646717
4495,80,71.843712,25.646717
4496,80,71.843712,25.646717
4497,80,71.4774135,27.8872795
4498,80,71.111115,30.127842
4499,80,71.111115,30.127842
4500,80,71.111115,30.127842
4501,80,71.111115,30.127842
4502,80,71.172165,30.127842
4503,80,71.233215,32.4749335
4504,80,71.233215,34.822025
4505,80,71.233215,34.822025
4506,80,71.233215,34.822025
4507,80,70.9890135,34.822025
4508,80,70.744812,34.822025
4509,80,70.744812,34.822025
4510,80,70.744812,37.3953245
4511,80,70.7814405,39.968624
4512,80,70.818069,39.968624
4513,80,70.818069,39.968624
4514,80,70.818069,39.968624
4515,80,70.818069,39.968624
4516,80,70.805862,42.2411385
4517,80,70.793655,44.513653
4518,80,70.793655,44.513653
4519,80,70.793655,44.513653
4520,80,70.830284,44.513653
4521,80,70.866913,44.513653
4522,80,70.866913,46.8618585
4523,80,70.866913,49.210064
4524,80,70.866913,49.210064
4525,80,71.086693,49.210064
4526,80,71.306473,49.210064
4527,80,71.306473,49.210064
4528,80,71.306473,49.210064
4529,80,71.306473,49.210064
4530,80,71.6483535,51.568098
4531,80,71.990234,53.926132
4532,80,71.990234,53.926132
4533,80,71.990234,53.926132
4534,80,72.5274735,53.926132
4535,80,73.064713,53.926132
4536,80,73.064713,55.3804625
4537,80,73.064713,56.834793
4538,80,73.064713,56.834793
4539,80,73.455433,56.834793
4540,80,73.846153,56.834793
4541,80,73.846153,57.963152
4542,80,73.846153,59.091511
4543,80,74.4566535,59.091511
4544,80,75.067154,59.091511
4545,80,75.067154,59.091511
4546,80,75.067154,59.091511
4547,80,75.5189245,60.0064525
4548,80,75.970695,60.921394
4549,80,75.970695,60.921394
4550,80,75.970695,60.921394
4551,80,76.410255,60.921394
4552,80,76.849815,61.312389
4553,80,76.849815,61.703384
4554,80,76.849815,61.703384
4555,80,76.849815,61.703384
4556,80,77.5457875,61.703384
4557,80,78.24176,61.703384
4558,80,78.24176,61.7989235
4559,80,78.24176,61.894463
4560,80,78.24176,61.894463
4561,80,78.9255215,61.894463
4562,80,79.609283,61.894463
4563,80,79.609283,61.894463
4564,80,79.609283,61.564133
4565,80,80.085472,61.233803
4566,80,80.561661,61.233803
4567,80,80.561661,61.233803
4568,80,80.561661,61.233803
4569,80,80.561661,61.233803
4570,80,81.2454225,60.4662475
4571,80,81.929184,59.698692
4572,80,81.929184,59.698692
4573,80,81.929184,59.698692
4574,80,81.929184,59.698692
4575,80,81.929184,59.698692
4576,80,83.076927,59.698692
4577,80,83.076927,58.4442385
4578,80,83.076927,57.189785
4579,80,83.076927,57.189785
4580,80,83.6996345,57.189785
4581,80,84.322342,57.189785
4582,80,84.322342,57.189785
4583,80,84.322342,55.7414455
4584,80,84.322342,54.293106
4585,80,84.8840025,54.293106
4586,80,85.445663,54.293106
4587,80,85.445663,54.293106
4588,80,85.445663,54.293106
4589,80,85.8608055,52.3519765
4590,80,86.275948,50.410847
4591,80,86.275948,50.410847
4592,80,86.275948,50
4593,80,86.80098,50
4594,80,87.326012,50
4595,80,87.326012,50
4596,80,87.326012,47.5
4597,80,87.326012,45
4598,80,87.326012,45
4599,80,87.8144115,45
4600,80,88.302811,45
4601,80,88.302811,42.5
4602,80,88.302811,40
4603,80,88.632481,40
4604,80,88.962151,40
4605,80,88.962151,40
4606,80,88.962151,40.974918
4607,80,89.2185595,40.974918
4608,80,89.474968,38.2764375
4609,80,89.474968,35.577957
4610,80,89.474968,35.577957
4611,80,89.474968,35.577957
4612,80,89.6214905,35.577957
4613,80,89.768013,35.577957
4614,80,89.768013,32.66117
4615,80,89.768013,29.744383
4616,80,89.768013,29.744383
4617,80,89.9145315,29.744383
4618,80,90.06105,29.744383
4619,80,90.06105,29.744383
4620,80,90.06105,27.216506
4621,80,90.0488395,24.688629
4622,80,90.036629,24.688629
4623,80,90.036629,24.688629
4624,80,90.036629,24.688629
4625,80,89.9511605,24.688629
4626,80,89.865692,22.1224175
4627,80,89.865692,19.556206
4628,80,89.865692,19.556206
4629,80,89.865692,19.556206
4630,80,89.8046415,19.556206
4631,80,89.743591,19.556206
4632,80,89.743591,19.556206
4633,80,89.743591,16.9075255
4634,80,89.743591,14.258845
4635,80,89.743591,14.258845
4636,80,89.255188,14.258845
4637,80,89.255188,14.258845
4638,80,89.255188,14.258845
4639,80,89.255188,12.099815
4640,80,89.035408,9.940785
4641,80,88.815628,9.940785
4642,80,88.815628,9.940785
4643,80,88.6568985,9.940785
4644,80,88.498169,9.940785
4645,80,88.498169,7.8004295
4646,80,88.498169,5.660074
4647,80,88.498169,5.660074
4648,80,88.2173385,5.660074
4649,80,87.936508,5.660074
4650,80,87.936508,5.660074
4651,80,87.936508,5.660074
4652,80,87.936508,3.6118965
4653,80,87.4847375,1.563719
4654,80,87.032967,1.563719
4655,80,87.032967,1.563719
4656,80,87.032967,1.563719
4657,80,87.032967,1.563719
4658,80,86.6178285,0.7818595
4659,80,86.20269,0
4660,80,86.20269,0
4661,80,85.8363875,0
4662,80,85.470085,0
4663,80,85.470085,0
4664,80,85.470085,0
4665,80,85.470085,0
4666,80,85.042736,0
4667,80,84.615387,0
4668,80,84.615387,0
4669,80,84.615387,0
4670,80,84.615387,0
4671,80,84.175827,0
4672,80,83.736267,0
4673,80,83.736267,0
4674,80,83.736267,0
4675,80,83.736267,0
4676,80,83.736267,0
4677,80,83.2722855,0
4678,80,82.808304,0
4679,80,82.808304,0
4680,80,82.808304,0
4681,80,82.490845,0
4682,80,82.173386,0
4683,80,82.173386,0
4684,80,82.173386,0
4685,80,81.636143,0
4686,80,81.0989,0
4687,80,81.0989,0
4688,80,81.0989,0
4689,80,81.0989,0.101133
4690,80,80.732601,0.202266
4691,80,80.366302,0.202266
4692,80,80.366302,0.202266
4693,80,80.366302,0.202266
4694,80,79.865692,0.5440855
4695,80,79.365082,0.885905
4696,80,79.365082,0.885905
4697,80,79.365082,0.885905
4698,80,78.9987795,0.885905
4699,80,78.632477,0.885905
4700,80,78.632477,1.5361235
4701,80,78.632477,2.186342
4702,80,78.2173385,2.186342
4703,80,77.8022,2.186342
4704,80,77.8022,2.186342
4705,80,77.8022,2.186342
4706,80,77.8022,3.1936465
4707,80,77.3382185,4.200951
4708,80,76.874237,4.200951
4709,80,76.874237,4.200951
4710,80,76.874237,4.200951
4711,80,76.874237,4.200951
4712,80,76.4835165,5.3683245
4713,80,76.092796,6.535698
4714,80,76.092796,6.535698
4715,80,76.092796,6.535698
4716,80,75.689865,6.535698
4717,80,75.286934,6.535698
4718,80,75.286934,6.535698
4719,80,75.286934,8.061837
4720,80,75.286934,9.587976
4721,80,74.957264,9.587976
4722,80,74.627594,9.587976
4723,80,74.627594,9.587976
4724,80,74.627594,9.587976
4725,80,74.627594,11.4085485
4726,80,74.627594,13.229121
4727,80,73.699638,13.229121
4728,80,73.699638,13.229121
4729,80,73.699638,13.229121
4730,80,73.3821755,13.229121
4731,80,73.064713,15.1411805
4732,80,73.064713,17.05324
4733,80,73.064713,17.05324
4734,80,72.832722,17.05324
4735,80,72.600731,17.05324
4736,80,72.600731,17.05324
4737,80,72.600731,19.2010785
4738,80,72.600731,21.348917
4739,80,72.283272,21.348917
4740,80,71.965813,21.348917
4741,80,71.965813,21.348917
4742,80,71.965813,21.348917
4743,80,71.965813,21.348917
4744,80,71.733822,24.046918
4745,80,71.501831,26.744919
4746,80,71.501831,26.744919
4747,80,71.501831,26.744919
4748,80,71.501831,26.744919
4749,80,71.501831,26.744919
4750,80,71.37973,26.744919
4751,80,71.257629,28.9695675
4752,80,71.257629,31.194216
4753,80,71.257629,31.194216
4754,80,71.062271,31.194216
4755,80,70.866913,31.194216
4756,80,70.866913,31.194216
4757,80,70.866913,33.721475
4758,80,70.8180735,36.248734
4759,80,70.769234,36.248734
4760,80,70.769234,36.248734
4761,80,70.769234,36.248734
4762,80,70.769234,36.248734
4763,80,70.8058625,38.783684
4764,80,70.842491,41.318634
4765,80,70.842491,41.318634
4766,80,70.842491,41.318634
4767,80,70.842491,41.318634
4768,80,70.842491,43.5244825
4769,80,70.842491,45.730331
4770,80,70.842491,45.730331
4771,80,70.818073,45.730331
4772,80,70.793655,45.730331
4773,80,70.793655,45.730331
4774,80,70.793655,48.1087395
4775,80,71.013435,50.487148
4776,80,71.233215,50.487148
4777,80,71.233215,50.487148
4778,80,71.233215,50.487148
4779,80,71.233215,50.487148
4780,80,71.7582435,52.4342725
4781,80,72.283272,54.381397
4782,80,72.283272,54.381397
4783,80,72.283272,54.381397
4784,80,72.283272,54.381397
4785,80,72.7350425,54.381397
4786,80,73.186813,54.381397
4787,80,73.186813,57.063293
4788,80,73.186813,57.063293
4789,80,73.186813,57.063293
4790,80,73.186813,57.063293
4791,80,73.6874235,57.063293
4792,80,74.188034,57.063293
4793,80,74.188034,58.3946875
4794,80,74.615387,59.726082
4795,80,75.04274,59.726082
4796,80,75.04274,59.726082
4797,80,75.04274,59.726082
4798,80,75.04274,60.4615135
4799,80,75.6288185,61.196945
4800,80,76.214897,61.196945
4801,80,76.214897,61.196945
4802,80,76.214897,61.196945
4803,80,76.214897,61.196945
4804,80,76.764347,61.196945
4805,80,77.313797,61.5756665
4806,80,77.313797,61.954388
4807,80,77.313797,61.954388
4808,80,77.313797,61.954388
4809,80,77.973137,61.954388
4810,80,78.632477,61.954388
4811,80,78.632477,61.954388
4812,80,78.632477,61.8834765
4813,80,79.16972,61.812565
4814,80,79.706963,61.812565
4815,80,79.706963,61.812565
4816,80,79.706963,61.812565
4817,80,80.317463,61.3280105
4818,80,80.927963,60.843456
4819,80,80.927963,60.843456
4820,80,80.927963,60.843456
4821,80,80.927963,60.843456
4822,80,81.5384635,60.843456
4823,80,82.148964,60.843456
4824,80,82.148964,59.9587535
4825,80,82.148964,59.074051
4826,80,82.148964,59.074051
4827,80,82.7228355,59.074051
4828,80,83.296707,59.074051
4829,80,83.296707,59.074051
4830,80,83.296707,57.6035615
4831,80,83.296707,56.133072
4832,80,83.980465,56.133072
4833,80,84.664223,56.133072
4834,80,84.664223,56.133072
4835,80,84.664223,56.133072
4836,80,85.1159935,54.479948
4837,80,85.567764,52.826824
4838,80,85.567764,52.826824
4839,80,85.567764,52.826824
4840,80,86.031746,52.826824
4841,80,86.495728,52.826824
4842,80,86.495728,50.7464655
4843,80,86.495728,48.666107
4844,80,86.495728,48.666107
4845,80,87.008549,48.666107
4846,80,87.52137,48.666107
4847,80,87.52137,48.666107
4848,80,87.52137,48.666107
4849,80,87.52137,46.123026
4850,80,87.9120905,43.579945
4851,80,88.302811,43.579945
4852,80,88.302811,43.579945
4853,80,88.302811,43.579945
4854,80,88.583641,43.579945
4855,80,88.864471,41.1368525
4856,80,88.864471,38.69376
4857,80,88.864471,38.69376
4858,80,88.864471,38.69376
4859,80,89.1453015,38.69376
4860,80,89.426132,38.69376
4861,80,89.426132,36.069813
4862,80,89.426132,33.445866
4863,80,89.572651,33.445866
4864,80,89.71917,33.445866
4865,80,89.71917,33.445866
4866,80,89.71917,33.445866
4867,80,89.71917,33.445866
4868,80,89.71917,30.372744
4869,80,89.71917,27.299622
4870,80,89.71917,27.299622
4871,80,89.71917,27.299622
4872,80,89.816849,27.299622
4873,80,89.914528,27.299622
4874,80,89.914528,24.8448925
4875,80,89.914528,22.390163
4876,80,89.914528,22.390163
4877,80,89.89011,22.390163
4878,80,89.865692,22.390163
4879,80,89.865692,22.390163
4880,80,89.865692,20.141813
4881,80,89.67033,17.893463
4882,80,89.474968,17.893463
4883,80,89.474968,17.893463
4884,80,89.474968,17.893463
4885,80,89.474968,17.893463
4886,80,89.2796095,15.267081
4887,80,89.084251,12.640699
4888,80,89.084251,12.640699
4889,80,89.084251,12.640699
4890,80,88.9255215,12.640699
4891,80,88.766792,12.640699
4892,80,88.766792,10.736379
4893,80,88.766792,8.832059
4894,80,88.766792,8.832059
4895,80,88.57143,8.832059
4896,80,88.376068,8.832059
4897,80,88.376068,8.832059
4898,80,88.376068,6.8512045
4899,80,88.376068,4.87035
4900,80,87.96093,4.87035
4901,80,87.545792,4.87035
4902,80,87.545792,4.87035
4903,80,87.545792,4.87035
4904,80,87.545792,3.123217
4905,80,87.1428605,1.376084
4906,80,86.739929,1.376084
4907,80,86.739929,1.376084
4908,80,86.42247,1.376084
4909,80,86.105011,1.376084
4910,80,86.105011,0.688042
4911,80,86.105011,0
4912,80,86.105011,0
4913,80,85.7142905,0
4914,80,85.32357,0
4915,80,85.32357,0
4916,80,85.32357,0
4917,80,85.32357,0
4918,80,84.8717995,0
4919,80,84.420029,0
4920,80,84.420029,0
4921,80,84.420029,0
4922,80,84.420029,0
4923,80,83.9072075,0
4924,80,83.394386,0
4925,80,83.394386,0
4926,80,83.0402945,0
4927,80,82.686203,0
4928,80,82.686203,0
4929,80,82.686203,0.0177595
4930,80,82.686203,0.035519
4931,80,82.2954825,0.035519
4932,80,81.904762,0.035519
4933,80,81.904762,0.035519
4934,80,81.904762,0.035519
4935,80,81.904762,0.0177595
4936,80,81.4285735,0
4937,80,80.952385,0
4938,80,80.952385,0
4939,80,80.952385,0
4940,80,80.952385,0
4941,80,80.537243,0.171093
4942,80,80.122101,0.342186
4943,80,80.122101,0.342186
4944,80,80.122101,0.342186
4945,80,80.122101,0.342186
4946,80,79.6337015,0.342186
4947,80,79.145302,0.8469745
4948,80,79.145302,1.351763
4949,80,78.8644715,1.351763
4950,80,78.583641,1.351763
4951,80,78.583641,1.351763
4952,80,78.583641,1.351763
4953,80,78.583641,2.117774
4954,80,78.0219805,2.883785
4955,80,77.46032,2.883785
4956,80,77.46032,2.883785
4957,80,77.46032,2.883785
4958,80,77.46032,2.883785
4959,80,77.08181,2.883785
4960,80,76.7033,4.191406
4961,80,76.7033,5.499027
4962,80,76.7033,5.499027
4963,80,76.7033,5.499027
4964,80,76.2515295,5.499027
4965,80,75.799759,5.499027
4966,80,75.799759,6.8192915
4967,80,75.799759,8.139556
4968,80,75.140419,8.139556
4969,80,75.140419,8.139556
4970,80,75.140419,8.139556
4971,80,75.140419,8.139556
4972,80,74.7741165,9.66328
4973,80,74.407814,11.187004
4974,80,74.407814,11.187004
4975,80,74.407814,11.187004
4976,80,74.407814,11.187004
4977,80,74.053726,11.187004
4978,80,73.699638,13.1860525
4979,80,73.699638,15.185101
4980,80,73.699638,15.185101
4981,80,73.699638,15.185101
4982,80,73.3577575,15.185101
4983,80,73.015877,15.185101
4984,80,73.015877,17.0463325
4985,80,72.783886,18.907564
4986,80,72.551895,18.907564
4987,80,72.551895,18.907564
4988,80,72.551895,18.907564
4989,80,72.551895,18.907564
4990,80,72.332115,21.071725
4991,80,72.112335,23.235886
4992,80,72.112335,23.235886
4993,80,72.112335,23.235886
4994,80,72.112335,23.235886
4995,80,71.819294,23.235886
4996,80,71.526253,23.235886
4997,80,71.526253,23.235886
4998,80,71.526253,28.350849
4999,80,71.526253,28.350849
5000,80,71.4285735,28.350849
5001,80,71.330894,28.350849
5002,80,71.330894,30.5144445
5003,80,71.330894,32.67804
5004,80,71.269844,32.67804
5005,80,71.208794,32.67804
5006,80,71.208794,32.67804
5007,80,71.208794,32.67804
5008,80,71.086693,35.0286145
5009,80,70.964592,37.379189
5010,80,70.964592,37.379189
5011,80,70.964592,37.379189
5012,80,70.964592,37.379189
5013,80,70.964592,37.379189
5014,80,70.9401705,37.379189
5015,80,70.915749,39.976212
5016,80,70.915749,42.573235
5017,80,70.915749,42.573235
5018,80,70.98901,42.573235
5019,80,71.062271,42.573235
5020,80,71.062271,42.573235
5021,80,71.062271,44.7523235
5022,80,71.147743,46.931412
5023,80,71.233215,46.931412
5024,80,71.233215,46.931412
5025,80,71.233215,46.931412
5026,80,71.233215,46.931412
5027,80,71.233215,46.931412
5028,80,71.306473,51.209732
5029,80,71.306473,51.209732
5030,80,71.306473,51.209732
5031,80,71.306473,51.209732
5032,80,71.8681335,51.209732
5033,80,72.429794,53.134533
5034,80,72.429794,55.059334
5035,80,72.429794,55.059334
5036,80,72.759464,55.059334
5037,80,73.089134,55.059334
5038,80,73.089134,55.059334
5039,80,73.089134,56.3562395
5040,80,73.418804,57.653145
5041,80,73.748474,57.653145
5042,80,73.748474,57.653145
5043,80,73.748474,57.653145
5044,80,73.748474,57.653145
5045,80,74.383396,58.8236735
5046,80,75.018318,59.994202
5047,80,75.018318,59.994202
5048,80,75.018318,59.994202
5049,80,75.018318,59.994202
5050,80,75.482296,59.994202
5051,80,75.946274,59.994202
5052,80,75.946274,60.768267
5053,80,75.946274,61.542332
5054,80,75.946274,61.542332
5055,80,76.593407,61.542332
5056,80,77.24054,61.542332
5057,80,77.24054,61.542332
5058,80,77.24054,61.6796095
5059,80,77.9120905,61.816887
5060,80,78.583641,61.816887
5061,80,78.583641,61.816887
5062,80,78.583641,61.816887
5063,80,79.0720405,61.816887
5064,80,79.56044,61.69948
5065,80,79.56044,61.582073
5066,80,79.56044,61.582073
5067,80,79.56044,61.582073
5068,80,80.183151,61.582073
5069,80,80.805862,61.582073
5070,80,80.805862,60.873804
5071,80,80.805862,60.165535
5072,80,80.805862,60.165535
5073,80,81.391941,60.165535
5074,80,81.97802,60.165535
5075,80,81.97802,60.165535
5076,80,81.97802,59.205332
5077,80,82.686203,58.245129
5078,80,83.394386,58.245129
5079,80,83.394386,58.245129
5080,80,83.394386,58.245129
5081,80,83.8949965,58.245129
5082,80,84.395607,56.790823
5083,80,84.395607,55.336517
5084,80,84.395607,55.336517
5085,80,84.395607,55.336517
5086,80,84.932846,55.336517
5087,80,85.470085,55.336517
5088,80,85.470085,55.336517
5089,80,85.470085,53.33477
5090,80,85.470085,51.333023
5091,80,86.031746,51.333023
5092,80,86.593407,51.333023
5093,80,86.593407,51.333023
5094,80,86.593407,49.371771
5095,80,86.593407,47.410519
5096,80,87.0573885,47.410519
5097,80,87.52137,47.410519
5098,80,87.52137,47.410519
5099,80,87.7777785,47.410519
5100,80,88.034187,45.058407
5101,80,88.034187,42.706295
5102,80,88.034187,42.706295
5103,80,88.034187,42.706295
5104,80,88.4127005,42.706295
5105,80,88.791214,42.706295
5106,80,88.791214,42.706295
5107,80,88.791214,39.958748
5108,80,88.791214,37.211201
5109,80,89.0964625,37.211201
5110,80,89.401711,37.211201
5111,80,89.401711,37.211201
5112,80,89.401711,37.211201
5113,80,89.401711,34.72069
5114,80,89.5604405,32.230179
5115,80,89.71917,32.230179
5116,80,89.71917,32.230179
5117,80,89.71917,32.230179
5118,80,89.792431,32.230179
5119,80,89.865692,29.676946
5120,80,89.865692,27.123713
5121,80,89.865692,27.123713
5122,80,89.89011,27.123713
5123,80,89.914528,27.123713
5124,80,89.914528,27.123713
5125,80,89.914528,24.4286635
5126,80,89.914528,21.733614
5127,80,89.89011,21.733614
5128,80,89.865692,21.733614
5129,80,89.865692,21.733614
5130,80,89.865692,21.733614
5131,80,89.865692,19.288908
5132,80,89.7191735,16.844202
5133,80,89.572655,16.844202
5134,80,89.572655,16.844202
5135,80,89.572655,16.844202
5136,80,89.4261325,16.844202
5137,80,89.27961,14.579305
5138,80,89.27961,12.314408
5139,80,89.27961,12.314408
5140,80,89.27961,12.314408
5141,80,89.05983,12.314408
5142,80,88.84005,12.314408
5143,80,88.84005,12.314408
5144,80,88.84005,9.7539435
5145,80,88.51038,7.193479
5146,80,88.18071,7.193479
5147,80,88.18071,7.193479
5148,80,88.18071,7.193479
5149,80,88.18071,7.193479
5150,80,87.948719,5.4282865
5151,80,87.716728,3.663094
5152,80,87.716728,3.663094
5153,80,87.716728,3.663094
5154,80,87.399269,3.663094
5155,80,87.08181,3.663094
5156,80,87.08181,2.172753
5157,80,87.08181,0.682412
5158,80,87.08181,0.682412
5159,80,86.630039,0.682412
5160,80,86.178268,0.682412
5161,80,86.178268,0.682412
5162,80,86.178268,0.682412
5163,80,86.178268,0.341206
5164,80,85.7997585,0
5165,80,85.421249,0
5166,80,85.421249,0
5167,80,85.421249,0
5168,80,84.8840065,0
5169,80,84.346764,0
5170,80,84.346764,0
5171,80,84.346764,0
5172,80,84.346764,0
5173,80,84.004883,0
5174,80,83.663002,0
5175,80,83.663002,0
5176,80,83.663002,0
5177,80,83.663002,0
5178,80,82.832726,0
5179,80,82.832726,0
5180,80,82.832726,0
5181,80,82.832726,0.007657
5182,80,82.4664235,0.015314
5183,80,82.100121,0.015314
5184,80,82.100121,0.015314
5185,80,82.100121,0.015314
5186,80,81.623932,0.064142
5187,80,81.147743,0.11297
5188,80,81.147743,0.11297
5189,80,81.147743,0.11297
5190,80,81.147743,0.11297
5191,80,80.6837615,0.11297
5192,80,80.21978,0.11297
5193,80,80.21978,0.2915765
5194,80,80.21978,0.470183
5195,80,79.902321,0.470183
5196,80,79.584862,0.470183
5197,80,79.584862,0.470183
5198,80,79.584862,0.470183
5199,80,79.584862,1.0318275
5200,80,79.1086695,1.593472
5201,80,78.632477,1.593472
5202,80,78.632477,1.593472
5203,80,78.632477,1.593472
5204,80,78.2906,1.593472
5205,80,77.948723,2.287598
5206,80,77.948723,2.981724
5207,80,77.948723,2.981724
5208,80,77.948723,2.981724
5209,80,77.4359015,2.981724
5210,80,76.92308,2.981724
5211,80,76.92308,3.988142
5212,80,76.92308,4.99456
5213,80,76.6544605,4.99456
5214,80,76.385841,4.99456
5215,80,76.385841,4.99456
5216,80,76.385841,4.99456
5217,80,76.385841,6.423012
5218,80,75.860809,7.851464
5219,80,75.335777,7.851464
5220,80,75.335777,7.851464
5221,80,75.335777,7.851464
5222,80,75.335777,7.851464
5223,80,74.945057,9.449645
5224,80,74.554337,11.047826
5225,80,74.554337,11.047826
5226,80,74.554337,11.047826
5227,80,74.554337,11.047826
5228,80,74.1514055,11.047826
5229,80,73.748474,12.9104465
5230,80,73.748474,14.773067
5231,80,73.748474,14.773067
5232,80,73.4798545,14.773067
5233,80,73.211235,14.773067
5234,80,73.211235,14.773067
5235,80,73.211235,14.773067
5236,80,72.918194,14.773067
5237,80,72.625153,17.157888
5238,80,72.625153,19.542709
5239,80,72.625153,19.542709
5240,80,72.625153,19.542709
5241,80,72.271065,19.542709
5242,80,71.916977,21.706106
5243,80,71.916977,23.869503
5244,80,71.916977,23.869503
5245,80,71.916977,23.869503
5246,80,71.709404,23.869503
5247,80,71.501831,23.869503
5248,80,71.501831,26.067917
5249,80,71.501831,28.266331
5250,80,71.3553125,28.266331
5251,80,71.208794,28.266331
5252,80,71.208794,28.266331
5253,80,71.208794,28.266331
5254,80,71.1233215,28.266331
5255,80,71.037849,30.912409
5256,80,71.037849,33.558487
5257,80,71.037849,33.558487
5258,80,71.037849,33.558487
5259,80,70.915752,33.558487
5260,80,70.793655,35.776163
5261,80,70.793655,37.993839
5262,80,70.793655,37.993839
5263,80,70.793655,37.993839
5264,80,70.818073,37.993839
5265,80,70.842491,37.993839
5266,80,70.842491,40.369188
5267,80,70.842491,42.744537
5268,80,70.842491,42.744537
5269,80,70.915749,42.744537
5270,80,70.915749,42.744537
5271,80,70.915749,42.744537
5272,80,70.915749,42.744537
5273,80,71.013432,45.2856615
5274,80,71.111115,47.826786
5275,80,71.111115,47.826786
5276,80,71.111115,47.826786
5277,80,71.1599545,47.826786
5278,80,71.208794,47.826786
5279,80,71.208794,49.878399
5280,80,71.208794,51.930012
5281,80,71.208794,51.930012
5282,80,71.636143,51.930012
5283,80,72.063492,51.930012
5284,80,72.063492,51.930012
5285,80,72.063492,53.6690105
5286,80,72.063492,55.408009
5287,80,72.5641025,55.408009
5288,80,73.064713,55.408009
5289,80,73.064713,55.408009
5290,80,73.064713,55.408009
5291,80,73.3821755,56.923462
5292,80,73.699638,58.438915
5293,80,73.699638,58.438915
5294,80,73.699638,58.438915
5295,80,73.699638,58.438915
5296,80,74.261295,58
5297,80,74.822952,59
5298,80,74.822952,60
5299,80,74.822952,60
5300,80,75.347984,60
5301,80,75.873016,60
5302,80,75.873016,60
5303,80,75.873016,60.5
5304,80,75.873016,61
5305,80,76.4590985,61
5306,80,77.045181,61
5307,80,77.045181,61.664108
5308,80,77.045181,61.664108
5309,80,77.5579985,61.871599
5310,80,78.070816,62.07909
5311,80,78.070816,62.07909
5312,80,78.070816,62.07909
5313,80,78.6691095,62.07909
5314,80,79.267403,62.07909
5315,80,79.267403,61.8672735
5316,80,79.267403,61.655457
5317,80,79.267403,61.655457
5318,80,79.9267425,61.655457
5319,80,80.586082,61.655457
5320,80,80.586082,61.655457
5321,80,80.586082,61.655457
5322,80,80.586082,61.010172
5323,80,81.2210045,60.364887
5324,80,81.855927,60.364887
5325,80,81.855927,60.364887
5326,80,81.855927,60.364887
5327,80,82.3443265,60.364887
5328,80,82.832726,60.364887
5329,80,82.832726,59.0719395
5330,80,82.832726,57.778992
5331,80,82.832726,57.778992
5332,80,83.5164875,57.778992
5333,80,84.200249,57.778992
5334,80,84.200249,57.778992
5335,80,84.200249,56.3161145
5336,80,84.200249,54.853237
5337,80,84.810749,54.853237
5338,80,85.421249,54.853237
5339,80,85.421249,54.853237
5340,80,85.421249,53.1451585
5341,80,85.897438,51.43708
5342,80,86.373627,51.43708
5343,80,86.373627,51.43708
5344,80,86.373627,51.43708
5345,80,86.8498195,51.43708
5346,80,87.326012,51.43708
5347,80,87.326012,49.116621
5348,80,87.326012,46.796162
5349,80,87.326012,46.796162
5350,80,87.6678925,46.796162
5351,80,88.009773,46.796162
5352,80,88.009773,44.5410235
5353,80,88.009773,42.285885
5354,80,88.009773,42.285885
5355,80,88.4127005,42.285885
5356,80,88.815628,42.285885
5357,80,88.815628,42.285885
5358,80,88.815628,42.285885
5359,80,88.815628,39.7599165
5360,80,89.047619,37.233948
5361,80,89.27961,37.233948
5362,80,89.27961,37.233948
5363,80,89.27961,37.233948
5364,80,89.45055,37.233948
5365,80,89.62149,34.441374
5366,80,89.62149,31.6488
5367,80,89.62149,31.6488
5368,80,89.67033,31.6488
5369,80,89.71917,31.6488
5370,80,89.71917,31.6488
5371,80,89.71917,29.2208415
5372,80,89.71917,26.792883
5373,80,89.8534815,26.792883
5374,80,89.987793,26.792883
5375,80,89.987793,26.792883
5376,80,89.987793,26.792883
5377,80,89.987793,24.2024315
5378,80,89.8534815,21.61198
5379,80,89.71917,21.61198
5380,80,89.71917,21.61198
5381,80,89.71917,21.61198
5382,80,89.67033,21.61198
5383,80,89.62149,18.9404665
5384,80,89.62149,16.268953
5385,80,89.62149,16.268953
5386,80,89.45055,16.268953
5387,80,89.27961,16.268953
5388,80,89.27961,16.268953
5389,80,89.27961,14.1144575
5390,80,89.27961,11.959962
5391,80,89.1208805,11.959962
5392,80,88.962151,11.959962
5393,80,88.962151,11.959962
5394,80,88.962151,11.959962
5395,80,88.962151,9.935373
5396,80,88.6568985,7.910784
5397,80,88.351646,7.910784
5398,80,88.351646,7.910784
5399,80,88.351646,7.910784
5400,80,88.351646,7.910784
5401,80,88.0830265,7.910784
5402,80,87.814407,5.8388485
5403,80,87.814407,3.766913
5404,80,87.5457875,3.766913
5405,80,87.277168,3.766913
5406,80,87.277168,3.766913
5407,80,87.277168,3.766913
5408,80,87.277168,2.262225
5409,80,86.8131865,0.757537
5410,80,86.349205,0.757537
5411,80,86.349205,0.757537
5412,80,86.349205,0.757537
5413,80,86.349205,0.757537
5414,80,85.9706955,0.3787685
5415,80,85.592186,0
5416,80,85.592186,0
5417,80,85.592186,0
5418,80,85.592186,0
5419,80,85.0915755,0
5420,80,84.590965,0
5421,80,84.590965,0
5422,80,84.590965,0
5423,80,84.2490845,0
5424,80,83.907204,0
5425,80,83.907204,0
5426,80,83.907204,0
5427,80,83.4798545,0
5428,80,83.052505,0
5429,80,83.052505,0
5430,80,83.052505,0
5431,80,83.052505,0
5432,80,82.625156,0
5433,80,82.197807,0
5434,80,82.197807,0
5435,80,82.197807,0
5436,80,82.197807,0
5437,80,81.7582435,0
5438,80,81.31868,0
5439,80,81.31868,0.029354
5440,80,81.31868,0.058708
5441,80,81.001221,0.058708
5442,80,80.683762,0.058708
5443,80,80.683762,0.058708
5444,80,80.683762,0.058708
5445,80,80.244202,0.2736025
5446,80,79.804642,0.488497
5447,80,79.804642,0.488497
5448,80,79.804642,0.488497
5449,80,79.804642,0.488497
5450,80,79.3162425,0.488497
5451,80,78.827843,1.016625
5452,80,78.827843,1.544753
5453,80,78.827843,1.544753
5454,80,78.827843,1.544753
5455,80,78.40049,1.544753
5456,80,77.973137,1.544753
5457,80,77.973137,2.388168
5458,80,77.973137,3.231583
5459,80,77.619049,3.231583
5460,80,77.264961,3.231583
5461,80,77.264961,3.231583
5462,80,77.264961,3.231583
5463,80,77.264961,4.2259985
5464,80,76.849819,5.220414
5465,80,76.434677,5.220414
5466,80,76.434677,5.220414
5467,80,76.434677,5.220414
5468,80,76.434677,5.220414
5469,80,76.019539,6.5782515
5470,80,75.604401,7.936089
5471,80,75.604401,7.936089
5472,80,75.604401,7.936089
5473,80,75.604401,7.936089
5474,80,75.2014695,7.936089
5475,80,74.798538,7.936089
5476,80,74.798538,9.7051745
5477,80,74.4566575,11.47426
5478,80,74.114777,11.47426
5479,80,74.114777,11.47426
5480,80,74.114777,11.47426
5481,80,74.114777,13.2520415
5482,80,73.7973175,15.029823
5483,80,73.479858,15.029823
5484,80,73.479858,15.029823
5485,80,73.479858,15.029823
5486,80,73.479858,15.029823
5487,80,73.186817,17.0048235
5488,80,72.893776,18.979824
5489,80,72.893776,18.979824
5490,80,72.893776,18.979824
5491,80,72.893776,18.979824
5492,80,72.6373635,18.979824
5493,80,72.380951,18.979824
5494,80,72.380951,21.2463215
5495,80,72.136753,23.512819
5496,80,71.892555,23.512819
5497,80,71.892555,23.512819
5498,80,71.892555,23.512819
5499,80,71.892555,23.512819
5500,80,71.7216145,25.7829235
5501,80,71.550674,28.053028
5502,80,71.550674,28.053028
5503,80,71.550674,28.053028
5504,80,71.550674,28.053028
5505,80,71.367523,28.053028
5506,80,71.184372,30.4618455
5507,80,71.184372,32.870663
5508,80,71.184372,32.870663
5509,80,71.184372,32.870663
5510,80,71.1111105,32.870663
5511,80,71.037849,32.870663
5512,80,71.037849,32.870663
5513,80,71.037849,35.729206
5514,80,71.037849,38.587749
5515,80,71.074482,38.587749
5516,80,71.111115,38.587749
5517,80,71.111115,38.587749
5518,80,71.001225,38.587749
5519,80,70.891335,40.8028945
5520,80,70.891335,43.01804
5521,80,70.891335,43.01804
5522,80,70.891335,43.01804
5523,80,70.8180735,43.01804
5524,80,70.744812,43.01804
5525,80,70.744812,45.276972
5526,80,70.744812,47.535904
5527,80,70.744812,47.535904
5528,80,71.0256425,47.535904
5529,80,71.306473,47.535904
5530,80,71.306473,47.535904
5531,80,71.306473,49.7399445
5532,80,71.306473,51.943985
5533,80,71.709404,51.943985
5534,80,72.112335,51.943985
5535,80,72.112335,51.943985
5536,80,72.466423,51.943985
5537,80,72.820511,53.474945
5538,80,72.820511,55.005905
5539,80,72.820511,55.005905
5540,80,72.820511,55.005905
5541,80,73.1501845,55.005905
5542,80,73.479858,55.005905
5543,80,73.479858,56.4082585
5544,80,73.479858,57.810612
5545,80,73.479858,57.810612
5546,80,74.053726,57.810612
5547,80,74.627594,57.810612
5548,80,74.627594,57.810612
5549,80,74.627594,58.8500805
5550,80,74.627594,59.889549
5551,80,75.152626,59.889549
5552,80,75.677658,59.889549
5553,80,75.677658,59.889549
5554,80,76.129429,59.889549
5555,80,76.5812,60.436571
5556,80,76.5812,60.983593
5557,80,76.5812,60.983593
5558,80,76.5812,60.983593
5559,80,77.1672785,60.983593
5560,80,77.753357,60.983593
5561,80,77.753357,61.2016085
5562,80,77.753357,61.419624
5563,80,77.753357,61.419624
5564,80,78.412697,61.419624
5565,80,79.072037,61.419624
5566,80,79.072037,61.419624
5567,80,79.072037,61.419624
5568,80,79.072037,61.188789
5569,80,79.072037,60.957954
5570,80,80.293045,60.957954
5571,80,80.293045,60.957954
5572,80,80.293045,60.957954
5573,80,80.866913,60.957954
5574,80,81.440781,60.2964875
5575,80,81.440781,59.635021
5576,80,81.440781,59.635021
5577,80,81.941391,59.635021
5578,80,82.442001,59.635021
5579,80,82.442001,58.6054915
5580,80,82.442001,57.575962
5581,80,82.442001,57.575962
5582,80,82.442001,57.575962
5583,80,83.186813,57.575962
5584,80,83.931625,57.575962
5585,80,83.931625,57.575962
5586,80,83.931625,55.960066
5587,80,84.5177075,54.34417
5588,80,85.10379,54.34417
5589,80,85.10379,54.34417
5590,80,85.10379,54.34417
5591,80,85.579979,54.34417
5592,80,86.056168,52.583271
5593,80,86.056168,50.822372
5594,80,86.056168,50.822372
5595,80,86.056168,50.822372
5596,80,86.5323565,50.822372
5597,80,87.008545,50.822372
5598,80,87.008545,48.59955
5599,80,87.008545,46.376728
5600,80,87.008545,46.376728
5601,80,87.435898,46.376728
5602,80,87.863251,46.376728
5603,80,87.863251,46.376728
5604,80,87.863251,46.376728
5605,80,88.302811,43.567934
5606,80,88.742371,40.75914
5607,80,88.742371,40.75914
5608,80,88.742371,40.75914
5609,80,88.962151,40.75914
5610,80,89.181931,40.75914
5611,80,89.181931,38.272171
5612,80,89.181931,35.785202
5613,80,89.181931,35.785202
5614,80,89.3895,35.785202
5615,80,89.597069,35.785202
5616,80,89.597069,35.785202
5617,80,89.597069,33.3647975
5618,80,89.597069,30.944393
5619,80,89.7313805,30.944393
5620,80,89.865692,30.944393
5621,80,89.865692,30.944393
5622,80,89.865692,30.944393
5623,80,89.975582,28.0087405
5624,80,90.085472,25.073088
5625,80,90.085472,25.073088
5626,80,90.085472,25.073088
5627,80,90.085472,25.073088
5628,80,89.975582,25.073088
5629,80,89.865692,25.073088
5630,80,89.865692,20.446301
5631,80,89.865692,20.446301
5632,80,89.792431,20.446301
5633,80,89.71917,20.446301
5634,80,89.71917,20.446301
5635,80,89.71917,17.9921195
5636,80,89.71917,15.537938
5637,80,89.572651,15.537938
5638,80,89.426132,15.537938
5639,80,89.426132,15.537938
5640,80,89.426132,15.537938
5641,80,89.426132,15.537938
5642,80,89.3040315,12.986274
5643,80,89.181931,10.43461
5644,80,89.181931,10.43461
5645,80,89.181931,10.43461
5646,80,88.913311,10.43461
5647,80,88.644691,8.500329
5648,80,88.644691,6.566048
5649,80,88.644691,6.566048
5650,80,88.4249115,6.566048
5651,80,88.205132,6.566048
5652,80,88.205132,6.566048
5653,80,88.205132,4.689013
5654,80,88.205132,2.811978
5655,80,87.8998795,2.811978
5656,80,87.594627,2.811978
5657,80,87.594627,2.811978
5658,80,87.594627,2.811978
5659,80,87.594627,2.811978
5660,80,87.1428565,1.405989
5661,80,86.691086,0
5662,80,86.691086,0
5663,80,86.691086,0
5664,80,86.324787,0
5665,80,85.958488,0
5666,80,85.958488,0
5667,80,85.958488,0
5668,80,85.6288185,0
5669,80,85.299149,0
5670,80,85.299149,0
5671,80,85.299149,0
5672,80,85.299149,0
5673,80,84.847378,0
5674,80,84.395607,0
5675,80,84.395607,0
5676,80,84.395607,0
5677,80,84.395607,0
5678,80,83.9316255,0
5679,80,83.467644,0
5680,80,83.467644,0
5681,80,83.467644,0
5682,80,83.467644,0
5683,80,83.101345,0
5684,80,82.735046,0
5685,80,82.735046,0
5686,80,82.735046,0
5687,80,82.405376,0
5688,80,82.075706,0
5689,80,82.075706,0
5690,80,82.075706,0.0637195
5691,80,81.672775,0.127439
5692,80,81.269844,0.127439
5693,80,81.269844,0.127439
5694,80,81.269844,0.127439
5695,80,81.269844,0.127439
5696,80,80.7936515,0.127439
5697,80,80.317459,0.241399
5698,80,80.317459,0.355359
5699,80,80.317459,0.355359
5700,80,80.317459,0.355359
5701,80,79.8412705,0.355359
5702,80,79.365082,0.355359
5703,80,79.365082,0.8043425
5704,80,79.365082,1.253326
5705,80,79.365082,1.253326
5706,80,78.9011005,1.253326
5707,80,78.437119,1.253326
5708,80,78.437119,1.253326
5709,80,78.437119,1.886602
5710,80,78.1196595,2.519878
5711,80,77.8022,2.519878
5712,80,77.8022,2.519878
5713,80,77.8022,2.519878
5714,80,77.8022,2.519878
5715,80,77.4236905,3.6476445
5716,80,77.045181,4.775411
5717,80,77.045181,4.775411
5718,80,77.045181,4.775411
5719,80,77.045181,4.775411
5720,80,76.14164,4.775411
5721,80,76.14164,5.9091745
5722,80,76.14164,7.042938
5723,80,76.14164,7.042938
5724,80,75.714287,7.042938
5725,80,75.286934,7.042938
5726,80,75.286934,7.042938
5727,80,75.286934,8.5815655
5728,80,74.932846,10.120193
5729,80,74.578758,10.120193
5730,80,74.578758,10.120193
5731,80,74.578758,10.120193
5732,80,74.578758,10.120193
5733,80,74.249088,10.120193
5734,80,73.919418,12.104444
5735,80,73.919418,14.088695
5736,80,73.919418,14.088695
5737,80,73.919418,14.088695
5738,80,73.5653265,14.088695
5739,80,73.211235,15.909868
5740,80,73.211235,17.731041
5741,80,73.211235,17.731041
5742,80,72.869354,17.731041
5743,80,72.527473,17.731041
5744,80,72.527473,17.731041
5745,80,72.527473,19.846842
5746,80,72.356533,21.962643
5747,80,72.185593,21.962643
5748,80,72.185593,21.962643
5749,80,72.185593,21.962643
5750,80,72.185593,21.962643
5751,80,71.953602,21.962643
5752,80,71.721611,24.509392
5753,80,71.721611,27.056141
5754,80,71.721611,27.056141
5755,80,71.721611,27.056141
5756,80,71.5262525,27.056141
5757,80,71.330894,27.056141
5758,80,71.330894,29.2925855
5759,80,71.330894,31.52903
5760,80,71.159954,31.52903
5761,80,70.989014,31.52903
5762,80,70.989014,31.52903
5763,80,70.989014,31.52903
5764,80,70.9157525,33.911478
5765,80,70.842491,36.293926
5766,80,70.842491,36.293926
5767,80,70.842491,36.293926
5768,80,70.842491,36.293926
5769,80,70.9157525,36.293926
5770,80,70.989014,38.742071
5771,80,70.989014,41.190216
5772,80,70.989014,41.190216
5773,80,70.989014,41.190216
5774,80,71.0012245,41.190216
5775,80,71.013435,41.190216
5776,80,71.013435,43.45072
5777,80,71.013435,45.711224
5778,80,71.013435,45.711224
5779,80,71.013435,45.711224
5780,80,71.233215,45.711224
5781,80,71.233215,45.711224
5782,80,71.367523,47.9268475
5783,80,71.501831,50.142471
5784,80,71.501831,50.142471
5785,80,71.501831,50.142471
5786,80,71.501831,50.142471
5787,80,71.807083,50.142471
5788,80,72.112335,50.142471
5789,80,72.112335,52.2691
5790,80,72.112335,54.395729
5791,80,72.112335,54.395729
5792,80,72.588524,54.395729
5793,80,73.064713,54.395729
5794,80,73.064713,54.395729
5795,80,73.064713,55.752239
5796,80,73.064713,57.108749
5797,80,73.5286945,57.108749
5798,80,73.992676,57.108749
5799,80,73.992676,57.108749
5800,80,74.3833965,57.108749
5801,80,74.774117,58.17906
5802,80,74.774117,59.249371
5803,80,74.774117,59.249371
5804,80,74.774117,59.249371
5805,80,75.311356,59.249371
5806,80,75.848595,59.249371
5807,80,75.848595,59.249371
5808,80,75.848595,60.0335125
5809,80,75.848595,60.817654
5810,80,76.556778,60.817654
5811,80,77.264961,60.817654
5812,80,77.264961,60.817654
5813,80,77.264961,61.039965
5814,80,77.264961,61.262276
5815,80,77.7777785,61.262276
5816,80,78.290596,61.262276
5817,80,78.290596,61.262276
5818,80,78.290596,61.262276
5819,80,78.290596,61.0802805
5820,80,78.9743575,60.898285
5821,80,79.658119,60.898285
5822,80,79.658119,60.898285
5823,80,80.085472,60.898285
5824,80,80.512825,60.898285
5825,80,80.512825,60.898285
5826,80,80.512825,60.288111
5827,80,80.512825,59.677937
5828,80,81.2332155,59.677937
5829,80,81.953606,59.677937
5830,80,81.953606,59.677937
5831,80,81.953606,58.790514
5832,80,81.953606,57.903091
5833,80,82.5518955,57.903091
5834,80,83.150185,57.903091
5835,80,83.150185,57.903091
5836,80,83.150185,57.903091
5837,80,83.150185,56.524435
5838,80,83.772896,55.145779
5839,80,84.395607,55.145779
5840,80,84.395607,55.145779
5841,80,84.7741165,55.145779
5842,80,85.152626,55.145779
5843,80,85.152626,55.145779
5844,80,85.152626,53.233305
5845,80,85.152626,51.320831
5846,80,85.6532365,51.320831
5847,80,86.153847,51.320831
5848,80,86.153847,51.320831
5849,80,86.153847,51.320831
5850,80,86.153847,49.4164865
5851,80,86.7277185,47.512142
5852,80,87.30159,47.512142
5853,80,87.30159,47.512142
5854,80,87.30159,47.512142
5855,80,87.30159,47.512142
5856,80,87.63126,45.263134
5857,80,87.96093,43.014126
5858,80,87.96093,43.014126
5859,80,88.3272285,43.014126
5860,80,88.693527,43.014126
5861,80,88.693527,43.014126
5862,80,88.693527,40.367714
5863,80,88.693527,37.721302
5864,80,88.888889,37.721302
5865,80,89.084251,37.721302
5866,80,89.084251,37.721302
5867,80,89.084251,37.721302
5868,80,89.084251,35.2493345
5869,80,89.3894995,32.777367
5870,80,89.694748,32.777367
5871,80,89.694748,32.777367
5872,80,89.694748,32.777367
5873,80,89.694748,32.777367
5874,80,89.694748,30.12997
5875,80,89.694748,27.482573
5876,80,89.694748,27.482573
5877,80,89.694748,27.482573
5878,80,89.7313805,27.482573
5879,80,89.768013,27.482573
5880,80,89.768013,27.482573
5881,80,89.768013,27.482573
5882,80,89.8168525,24.485429
5883,80,89.865692,21.488285
5884,80,89.865692,21.488285
5885,80,89.865692,21.488285
5886,80,89.865692,21.488285
5887,80,89.865692,19.167237
5888,80,89.67033,16.846189
5889,80,89.474968,16.846189
5890,80,89.474968,16.846189
5891,80,89.474968,16.846189
5892,80,89.3040275,16.846189
5893,80,89.133087,14.6767195
5894,80,89.133087,12.50725
5895,80,89.133087,12.50725
5896,80,88.937729,12.50725
5897,80,88.742371,12.50725
5898,80,88.742371,12.50725
5899,80,88.742371,12.50725
5900,80,88.742371,12.50725
5901,80,88.5714305,7.859864
5902,80,88.40049,7.859864
5903,80,88.40049,7.859864
5904,80,88.40049,7.859864
5905,80,88.40049,6.08868
5906,80,88.07082,4.317496
5907,80,87.74115,4.317496
5908,80,87.74115,4.317496
5909,80,87.74115,4.317496
5910,80,87.74115,4.317496
5911,80,87.41148,2.722292
5912,80,87.08181,1.127088
5913,80,87.08181,1.127088
5914,80,87.08181,1.127088
5915,80,86.7277185,1.127088
5916,80,86.373627,1.127088
5917,80,86.373627,1.127088
5918,80,86.373627,1.127088
5919,80,86.373627,0.563544
5920,80,85.9951175,0
5921,80,85.616608,0
5922,80,85.616608,0
5923,80,85.616608,0
5924,80,85.616608,0
5925,80,85.201466,0
5926,80,84.786324,0
5927,80,84.786324,0
5928,80,84.786324,0
5929,80,84.3956035,0
5930,80,84.004883,0
5931,80,84.004883,0
5932,80,84.004883,0
5933,80,84.004883,0
5934,80,83.443222,0
5935,80,82.881561,0
5936,80,82.881561,0
5937,80,82.6373635,0
5938,80,82.393166,0
5939,80,82.393166,0
5940,80,82.393166,0
5941,80,82.393166,0
5942,80,81.953606,0.0062285
5943,80,81.514046,0.012457
5944,80,81.514046,0.012457
5945,80,81.514046,0.012457
5946,80,81.050064,0.012457
5947,80,80.586082,0.012457
5948,80,80.586082,0.1099775
5949,80,80.586082,0.207498
5950,80,80.586082,0.207498
5951,80,80.183151,0.207498
5952,80,79.78022,0.207498
5953,80,79.78022,0.525952
5954,80,79.78022,0.844406
5955,80,79.4261285,0.844406
5956,80,79.072037,0.844406
5957,80,79.072037,0.844406
5958,80,79.072037,0.844406
5959,80,79.072037,0.844406
5960,80,79.072037,0.844406
5961,80,78.24176,2.006342
5962,80,78.24176,2.006342
5963,80,78.24176,2.006342
5964,80,78.24176,2.006342
5965,80,77.8022,2.006342
5966,80,77.36264,2.006342
5967,80,77.36264,3.0750095
5968,80,77.36264,4.143677
5969,80,77.36264,4.143677
5970,80,76.9963375,4.143677
5971,80,76.630035,4.143677
5972,80,76.630035,4.143677
5973,80,76.227108,5.363064
5974,80,75.824181,6.582451
5975,80,75.824181,6.582451
5976,80,75.824181,6.582451
5977,80,75.824181,6.582451
5978,80,75.4334605,6.582451
5979,80,75.04274,8.064029
5980,80,75.04274,9.545607
5981,80,75.04274,9.545607
5982,80,75.04274,9.545607
5983,80,74.6398085,9.545607
5984,80,74.236877,9.545607
5985,80,74.236877,11.451402
5986,80,74.236877,13.357197
5987,80,74.236877,13.357197
5988,80,73.846157,13.357197
5989,80,73.455437,13.357197
5990,80,73.455437,13.357197
5991,80,73.455437,15.232828
5992,80,73.1868175,17.108459
5993,80,72.918198,17.108459
5994,80,72.918198,17.108459
5995,80,72.918198,17.108459
5996,80,72.918198,17.108459
5997,80,72.6373675,19.239595
5998,80,72.356537,21.370731
5999,80,72.356537,21.370731
6000,80,72.356537,21.370731
6001,80,72.124546,21.370731
6002,80,71.892555,21.370731
6003,80,71.892555,21.370731
6004,80,71.892555,23.9992225
6005,80,71.892555,26.627714
6006,80,71.6117245,26.627714
6007,80,71.330894,26.627714
6008,80,71.330894,26.627714
6009,80,71.330894,26.627714
6010,80,71.269844,28.8556135
6011,80,71.208794,31.083513
6012,80,71.208794,31.083513
6013,80,71.208794,31.083513
6014,80,71.208794,31.083513
6015,80,71.098904,31.083513
6016,80,70.989014,33.4897185
6017,80,70.989014,35.895924
6018,80,70.989014,35.895924
6019,80,70.989014,35.895924
6020,80,70.989014,35.895924
6021,80,70.915749,35.895924
6022,80,70.915749,35.895924
6023,80,70.915749,38.475075
6024,80,70.903542,41.054226
6025,80,70.891335,41.054226
6026,80,70.891335,41.054226
6027,80,70.891335,41.054226
6028,80,70.891335,43.29805
6029,80,70.891335,45.541874
6030,80,70.976803,45.541874
6031,80,71.062271,45.541874
6032,80,71.062271,45.541874
6033,80,71.05006,45.541874
6034,80,71.037849,45.541874
6035,80,71.037849,47.8846075
6036,80,71.037849,50.227341
6037,80,71.037849,50.227341
6038,80,71.367519,50.227341
6039,80,71.697189,50.227341
6040,80,71.697189,50.227341
6041,80,71.697189,52.27668
6042,80,71.697189,54.326019
6043,80,72.14896,54.326019
6044,80,72.600731,54.326019
6045,80,72.600731,54.326019
6046,80,72.600731,54.326019
6047,80,72.600731,55.7178115
6048,80,73.028084,57.109604
6049,80,73.455437,57.109604
6050,80,73.455437,57.109604
6051,80,73.882786,57.109604
6052,80,74.310135,57.109604
6053,80,74.310135,58.3668845
6054,80,74.310135,59.624165
6055,80,74.310135,59.624165
6056,80,74.8840065,59.624165
6057,80,75.457878,59.624165
6058,80,75.457878,59.624165
6059,80,75.457878,59.624165
6060,80,75.457878,60.373602
6061,80,75.9829065,61.123039
6062,80,76.507935,61.123039
6063,80,76.507935,61.123039
6064,80,76.507935,61.123039
6065,80,76.507935,61.123039
6066,80,77.203907,61.4101315
6067,80,77.899879,61.697224
6068,80,77.899879,61.697224
6069,80,77.899879,61.697224
6070,80,78.3150215,61.697224
6071,80,78.730164,61.697224
6072,80,78.730164,61.665001
6073,80,78.730164,61.632778
6074,80,79.462761,61.632778
6075,80,80.195358,61.632778
6076,80,80.195358,61.632778
6077,80,80.195358,61.632778
6078,80,80.195358,61.0457515
6079,80,80.732601,60.458725
6080,80,81.269844,60.458725
6081,80,81.269844,60.458725
6082,80,81.269844,60.458725
6083,80,81.269844,60.458725
6084,80,81.9536055,59.515566
6085,80,82.637367,58.572407
6086,80,82.637367,58.572407
6087,80,82.637367,58.572407
6088,80,83.089134,58.572407
6089,80,83.540901,58.572407
6090,80,83.540901,58.572407
6091,80,83.540901,57.205309
6092,80,83.540901,55.838211
6093,80,84.2735025,55.838211
6094,80,85.006104,55.838211
6095,80,85.006104,55.838211
6096,80,85.006104,55.838211
6097,80,85.006104,55.838211
6098,80,85.4334565,53.80052
6099,80,85.860809,51.762829
6100,80,85.860809,51.762829
6101,80,85.860809,51.762829
6102,80,85.860809,51.762829
6103,80,86.42247,51.762829
6104,80,86.984131,49.7757875
6105,80,86.984131,47.788746
6106,80,86.984131,47.788746
6107,80,87.228329,47.788746
6108,80,87.472527,47.788746
6109,80,87.472527,45.605894
6110,80,87.472527,43.423042
6111,80,87.472527,43.423042
6112,80,88.547012,43.423042
6113,80,88.547012,43.423042
6114,80,88.547012,43.423042
6115,80,88.547012,43.423042
6116,80,88.7423705,40.7239835
6117,80,88.937729,38.024925
6118,80,88.937729,38.024925
6119,80,88.937729,38.024925
6120,80,88.937729,38.024925
6121,80,89.3040315,38.024925
6122,80,89.670334,35.601339
6123,80,89.670334,33.177753
6124,80,89.670334,33.177753
6125,80,89.670334,33.177753
6126,80,89.694752,33.177753
6127,80,89.71917,33.177753
6128,80,89.71917,30.485501
6129,80,89.71917,27.793249
6130,80,89.8412705,27.793249
6131,80,89.963371,27.793249
6132,80,89.963371,27.793249
6133,80,89.963371,27.793249
6134,80,89.963371,27.793249
6135,80,89.975582,24.9433595
6136,80,89.987793,22.09347
6137,80,89.987793,22.09347
6138,80,89.987793,22.09347
6139,80,89.987793,22.09347
6140,80,89.902321,22.09347
6141,80,89.816849,22.09347
6142,80,89.816849,17.585358
6143,80,89.816849,17.585358
6144,80,89.6459085,17.585358
6145,80,89.474968,17.585358
6146,80,89.474968,15.115456
6147,80,89.474968,12.645554
6148,80,89.352871,12.645554
6149,80,89.230774,12.645554
6150,80,89.230774,12.645554
6151,80,89.230774,12.645554
6152,80,89.0598335,10.3017845
6153,80,88.888893,7.958015
6154,80,88.888893,7.958015
6155,80,88.888893,7.958015
6156,80,88.888893,7.958015
6157,80,88.595852,7.958015
6158,80,88.302811,5.9925775
6159,80,88.302811,4.02714
6160,80,88.302811,4.02714
6161,80,88.302811,4.02714
6162,80,87.9243015,4.02714
6163,80,87.545792,4.02714
6164,80,87.545792,2.3328795
6165,80,87.545792,0.638619
6166,80,87.2649615,0.638619
6167,80,86.984131,0.638619
6168,80,86.984131,0.638619
6169,80,86.984131,0.638619
6170,80,86.984131,0.638619
6171,80,86.984131,0.638619
6172,80,86.349205,0
6173,80,86.349205,0
6174,80,86.349205,0
6175,80,86.349205,0
6176,80,85.8608055,0
6177,80,85.372406,0
6178,80,85.372406,0
6179,80,85.372406,0
6180,80,85.030525,0
6181,80,84.688644,0
6182,80,84.688644,0
6183,80,84.688644,0
6184,80,84.297924,0
6185,80,83.907204,0
6186,80,83.907204,0
6187,80,83.907204,0
6188,80,83.4920655,0
6189,80,83.076927,0
6190,80,83.076927,0.021331
6191,80,83.076927,0.042662
6192,80,83.076927,0.042662
6193,80,83.076927,0.042662
6194,80,82.6251565,0.042662
6195,80,82.173386,0.042662
6196,80,82.173386,0.021331
6197,80,82.173386,0
6198,80,82.173386,0
6199,80,81.7704545,0
6200,80,81.367523,0
6201,80,81.367523,0
6202,80,81.367523,0
6203,80,81.0256425,0.066379
6204,80,80.683762,0.132758
6205,80,80.683762,0.132758
6206,80,80.683762,0.132758
6207,80,80.683762,0.132758
6208,80,80.122101,0.132758
6209,80,79.56044,0.4999165
6210,80,79.56044,0.867075
6211,80,79.56044,0.867075
6212,80,79.2063485,0.867075
6213,80,78.852257,0.867075
6214,80,78.852257,1.4415315
6215,80,78.852257,2.015988
6216,80,78.852257,2.015988
6217,80,78.315018,2.015988
6218,80,77.777779,2.015988
6219,80,77.777779,2.015988
6220,80,77.5091595,2.992848
6221,80,77.24054,3.969708
6222,80,77.24054,3.969708
6223,80,77.24054,3.969708
6224,80,77.24054,3.969708
6225,80,76.7277185,3.969708
6226,80,76.214897,5.260129
6227,80,76.214897,6.55055
6228,80,76.214897,6.55055
6229,80,76.214897,6.55055
6230,80,75.775337,6.55055
6231,80,75.335777,6.55055
6232,80,75.335777,7.8871045
6233,80,75.335777,9.223659
6234,80,75.335777,9.223659
6235,80,74.8840065,9.223659
6236,80,74.432236,9.223659
6237,80,74.432236,9.223659
6238,80,74.432236,9.223659
6239,80,74.432236,11.170828
6240,80,74.114777,13.117997
6241,80,73.797318,13.117997
6242,80,73.797318,13.117997
6243,80,73.797318,13.117997
6244,80,73.5042765,13.117997
6245,80,73.211235,14.9494535
6246,80,73.211235,16.78091
6247,80,73.211235,16.78091
6248,80,72.8449325,16.78091
6249,80,72.47863,16.78091
6250,80,72.47863,16.78091
6251,80,72.47863,19.025772
6252,80,72.47863,21.270634
6253,80,72.2222215,21.270634
6254,80,71.965813,21.270634
6255,80,71.965813,21.270634
6256,80,71.965813,21.270634
6257,80,71.965813,21.270634
6258,80,71.733822,23.814668
6259,80,71.501831,26.358702
6260,80,71.501831,26.358702
6261,80,71.501831,26.358702
6262,80,71.501831,26.358702
6263,80,71.233215,26.358702
6264,80,71.233215,28.604867
6265,80,71.233215,30.851032
6266,80,71.233215,30.851032
6267,80,71.013435,30.851032
6268,80,70.793655,30.851032
6269,80,70.793655,30.851032
6270,80,70.793655,33.3768425
6271,80,70.830284,35.902653
6272,80,70.866913,35.902653
6273,80,70.866913,35.902653
6274,80,70.866913,35.902653
6275,80,70.866913,35.902653
6276,80,70.7936515,38.5593815
6277,80,70.72039,41.21611
6278,80,70.72039,41.21611
6279,80,70.72039,41.21611
6280,80,70.7692295,41.21611
6281,80,70.818069,41.21611
6282,80,70.818069,43.571207
6283,80,70.818069,45.926304
6284,80,70.818069,45.926304
6285,80,70.72039,45.926304
6286,80,70.622711,45.926304
6287,80,70.622711,45.926304
6288,80,70.622711,48.197361
6289,80,70.622711,50.468418
6290,80,71.037853,50.468418
6291,80,71.452995,50.468418
6292,80,71.452995,50.468418
6293,80,71.452995,50.468418
6294,80,71.452995,50.468418
6295,80,71.819294,52.467798
6296,80,72.185593,54.467178
6297,80,72.185593,54.467178
6298,80,72.185593,54.467178
6299,80,72.600735,54.467178
6300,80,73.015877,54.467178
6301,80,73.015877,55.929586
6302,80,73.015877,57.391994
6303,80,73.4798545,57.391994
6304,80,73.943832,57.391994
6305,80,73.943832,57.391994
6306,80,73.943832,57.391994
6307,80,73.943832,58.540285
6308,80,74.5299145,59.688576
6309,80,75.115997,59.688576
6310,80,75.115997,59.688576
6311,80,75.115997,59.688576
6312,80,75.115997,59.688576
6313,80,75.6166075,59.688576
6314,80,76.117218,60.4674705
6315,80,76.117218,61.246365
6316,80,76.64225,61.246365
6317,80,77.167282,61.246365
6318,80,77.167282,61.246365
6319,80,77.167282,61.246365
6320,80,77.167282,61.4640675
6321,80,77.8754615,61.68177
6322,80,78.583641,61.68177
6323,80,78.583641,61.68177
6324,80,78.583641,61.68177
6325,80,78.583641,61.68177
6326,80,79.133091,61.488714
6327,80,79.682541,61.295658
6328,80,79.682541,61.295658
6329,80,79.682541,61.295658
6330,80,79.682541,61.295658
6331,80,80.2564125,61.295658
6332,80,80.830284,60.5825365
6333,80,80.830284,59.869415
6334,80,80.830284,59.869415
6335,80,80.830284,59.869415
6336,80,81.599514,59.869415
6337,80,82.368744,59.869415
6338,80,82.368744,59.0637665
6339,80,82.7594645,58.258118
6340,80,83.150185,58.258118
6341,80,83.150185,58.258118
6342,80,83.150185,58.258118
6343,80,83.150185,58.258118
6344,80,83.7240565,56.803944
6345,80,84.297928,55.34977
6346,80,84.297928,55.34977
6347,80,84.297928,55.34977
6348,80,84.297928,55.34977
6349,80,84.9084285,55.34977
6350,80,85.518929,55.34977
6351,80,85.518929,53.453236
6352,80,85.518929,51.556702
6353,80,85.518929,51.556702
6354,80,85.934067,51.556702
6355,80,86.349205,51.556702
6356,80,86.349205,49.715561
6357,80,86.788765,47.87442
6358,80,87.228325,47.87442
6359,80,87.228325,47.87442
6360,80,87.228325,47.87442
6361,80,87.228325,47.87442
6362,80,87.7167285,45.489832
6363,80,88.205132,43.105244
6364,80,88.205132,43.105244
6365,80,88.205132,43.105244
6366,80,88.205132,43.105244
6367,80,88.498173,43.105244
6368,80,88.791214,43.105244
6369,80,88.791214,40.4005435
6370,80,88.791214,37.695843
6371,80,88.791214,37.695843
6372,80,88.998783,37.695843
6373,80,89.206352,37.695843
6374,80,89.206352,37.695843
6375,80,89.316242,35.2365035
6376,80,89.426132,32.777164
6377,80,89.426132,32.777164
6378,80,89.426132,32.777164
6379,80,89.426132,32.777164
6380,80,89.658123,32.777164
6381,80,89.890114,30.2037295
6382,80,89.890114,27.630295
6383,80,89.890114,27.630295
6384,80,89.890114,27.630295
6385,80,89.877903,27.630295
6386,80,89.865692,27.630295
6387,80,89.865692,24.8968515
6388,80,89.865692,22.163408
6389,80,89.865692,22.163408
6390,80,89.8046415,22.163408
6391,80,89.743591,22.163408
6392,80,89.743591,22.163408
6393,80,89.743591,19.7420225
6394,80,89.6092795,17.320637
6395,80,89.474968,17.320637
6396,80,89.474968,17.320637
6397,80,89.474968,17.320637
6398,80,89.474968,17.320637
6399,80,89.352871,17.320637
6400,80,89.230774,14.9625435
6401,80,89.230774,12.60445
6402,80,89.230774,12.60445
6403,80,89.230774,12.60445
6404,80,88.9011,12.60445
6405,80,88.571426,12.60445
6406,80,88.571426,12.60445
6407,80,88.571426,10.1530745
6408,80,88.571426,7.701699
6409,80,88.4371185,7.701699
6410,80,88.302811,7.701699
6411,80,88.302811,7.701699
6412,80,88.302811,7.701699
6413,80,88.302811,7.701699
6414,80,87.9365085,4.027402
6415,80,87.570206,4.027402
6416,80,87.570206,4.027402
6417,80,87.3015865,4.027402
6418,80,87.032967,2.4427175
6419,80,87.032967,0.858033
6420,80,87.032967,0.858033
6421,80,86.593407,0.858033
6422,80,86.153847,0.858033
6423,80,86.153847,0.858033
6424,80,86.153847,0.42992
6425,80,86.153847,0.001807
6426,80,85.7631265,0.001807
6427,80,85.372406,0.001807
6428,80,85.372406,0.001807
6429,80,85.372406,0.001807
6430,80,85.372406,0.001251
6431,80,84.859585,0.000695
6432,80,84.346764,0.000695
6433,80,84.346764,0.000695
6434,80,84.346764,0.000695
6435,80,83.9316255,0.000695
6436,80,83.516487,0.010747
6437,80,83.516487,0.020799
6438,80,83.516487,0.020799
6439,80,83.516487,0.020799
6440,80,83.1746065,0.020799
6441,80,82.832726,0.020799
6442,80,82.832726,0.020799
6443,80,82.832726,0.020799
6444,80,82.832726,0.052485
6445,80,82.3565335,0.052485
6446,80,81.880341,0.052485
6447,80,81.880341,0.052485
6448,80,81.880341,0.052485
6449,80,81.42857,0.038926
6450,80,80.976799,0.025367
6451,80,80.976799,0.025367
6452,80,80.976799,0.025367
6453,80,80.5860785,0.025367
6454,80,80.195358,0.025367
6455,80,80.195358,0.24365
6456,80,80.195358,0.461933
6457,80,80.195358,0.461933
6458,80,79.7313805,0.461933
6459,80,79.267403,0.461933
6460,80,79.267403,0.461933
6461,80,79.267403,1.042634
6462,80,79.267403,1.623335
6463,80,78.815632,1.623335
6464,80,78.363861,1.623335
6465,80,78.363861,1.623335
6466,80,78.363861,1.623335
6467,80,78.363861,2.3691765
6468,80,77.96093,3.115018
6469,80,77.557999,3.115018
6470,80,77.557999,3.115018
6471,80,77.557999,3.115018
6472,80,77.1794895,3.115018
6473,80,76.80098,4.1854535
6474,80,76.80098,5.255889
6475,80,76.80098,5.255889
6476,80,76.36142,5.255889
6477,80,75.92186,5.255889
6478,80,75.92186,5.255889
6479,80,75.92186,5.255889
6480,80,75.92186,6.8586625
6481,80,75.470089,8.461436
6482,80,75.018318,8.461436
6483,80,75.018318,8.461436
6484,80,75.018318,8.461436
6485,80,75.018318,9.9223975
6486,80,74.713066,11.383359
6487,80,74.407814,11.383359
6488,80,74.407814,11.383359
6489,80,74.407814,11.383359
6490,80,74.078144,11.383359
6491,80,73.748474,11.383359
6492,80,73.748474,13.371854
6493,80,73.748474,15.360349
6494,80,73.418804,15.360349
6495,80,73.089134,15.360349
6496,80,73.089134,15.360349
6497,80,73.089134,15.360349
6498,80,73.089134,17.314927
6499,80,72.8205145,19.269505
6500,80,72.551895,19.269505
6501,80,72.551895,19.269505
6502,80,72.551895,19.269505
6503,80,72.551895,19.269505
6504,80,72.2832755,21.494324
6505,80,72.014656,23.719143
6506,80,72.014656,23.719143
6507,80,72.014656,23.719143
6508,80,72.014656,23.719143
6509,80,71.721615,23.719143
6510,80,71.428574,23.719143
6511,80,71.428574,26.4010685
6512,80,71.428574,29.082994
6513,80,71.294262,29.082994
6514,80,71.15995,29.082994
6515,80,71.15995,29.082994
6516,80,71.15995,29.082994
6517,80,71.15995,31.353381
6518,80,71.1355325,33.623768
6519,80,71.111115,33.623768
6520,80,71.111115,33.623768
6521,80,71.111115,33.623768
6522,80,70.9157525,33.623768
6523,80,70.72039,36.148794
6524,80,70.72039,38.67382
6525,80,70.72039,38.67382
6526,80,70.72039,38.67382
6527,80,70.9157525,38.67382
6528,80,71.111115,38.67382
6529,80,71.111115,38.67382
6530,80,71.111115,41.1765785
6531,80,71.086693,43.679337
6532,80,71.062271,43.679337
6533,80,71.062271,43.679337
6534,80,71.062271,43.679337
6535,80,71.037853,45.9226975
6536,80,71.013435,48.166058
6537,80,71.013435,48.166058
6538,80,71.013435,48.166058
6539,80,71.013435,48.166058
6540,80,71.3186835,48.166058
6541,80,71.623932,48.166058
6542,80,71.623932,50.266087
6543,80,71.623932,52.366116
6544,80,71.623932,52.366116
6545,80,71.9902345,52.366116
6546,80,72.356537,52.366116
6547,80,72.356537,52.366116
6548,80,72.356537,54.104479
6549,80,72.808304,55.842842
6550,80,73.260071,55.842842
6551,80,73.260071,55.842842
6552,80,73.260071,55.842842
6553,80,73.687424,55.842842
6554,80,74.114777,57.0752565
6555,80,74.114777,58.307671
6556,80,74.114777,58.307671
6557,80,74.114777,58.307671
6558,80,74.615387,58.307671
6559,80,75.115997,58.307671
6560,80,75.115997,59.2767585
6561,80,75.115997,60.245846
6562,80,75.115997,60.245846
6563,80,75.115997,60.245846
6564,80,76.483521,60.245846
6565,80,76.483521,60.245846
6566,80,76.483521,60.245846
6567,80,76.898659,60.7204665
6568,80,77.313797,61.195087
6569,80,77.313797,61.195087
6570,80,77.313797,61.195087
6571,80,77.313797,61.195087
6572,80,77.9853475,61.195087
6573,80,78.656898,61.238588
6574,80,78.656898,61.282089
6575,80,78.656898,61.282089
6576,80,78.656898,61.282089
6577,80,79.2796095,61.282089
6578,80,79.902321,61.282089
6579,80,79.902321,60.9156665
6580,80,79.902321,60.549244
6581,80,79.902321,60.549244
6582,80,80.5128215,60.549244
6583,80,81.123322,60.549244
6584,80,81.123322,60.549244
6585,80,81.123322,60.549244
6586,80,81.623932,59.6877155
6587,80,82.124542,58.826187
6588,80,82.124542,58.826187
6589,80,82.124542,58.826187
6590,80,82.7350425,58.826187
6591,80,83.345543,57.5895845
6592,80,83.345543,56.352982
6593,80,83.345543,56.352982
6594,80,83.345543,56.352982
6595,80,83.992676,56.352982
6596,80,84.639809,56.352982
6597,80,84.639809,56.352982
6598,80,84.639809,54.793505
6599,80,84.639809,53.234028
6600,80,85.0915795,53.234028
6601,80,85.54335,53.234028
6602,80,85.54335,53.234028
6603,80,85.54335,53.234028
6604,80,85.54335,53.234028
6605,80,86.1660575,50.86899
6606,80,86.788765,48.503952
6607,80,86.788765,48.503952
6608,80,87.0573885,48.503952
6609,80,87.326012,48.503952
6610,80,87.326012,48.503952
6611,80,87.326012,46.354553
6612,80,87.326012,44.205154
6613,80,87.8876725,44.205154
6614,80,88.449333,44.205154
6615,80,88.449333,44.205154
6616,80,88.449333,41.9135625
6617,80,88.449333,39.621971
6618,80,88.6202735,39.621971
6619,80,88.791214,39.621971
6620,80,88.791214,39.621971
6621,80,88.791214,39.621971
6622,80,88.791214,39.621971
6623,80,88.791214,39.621971
6624,80,89.474968,34.064907
6625,80,89.474968,34.064907
6626,80,89.474968,34.064907
6627,80,89.584858,34.064907
6628,80,89.694748,34.064907
6629,80,89.694748,31.7126495
6630,80,89.694748,29.360392
6631,80,89.78022,29.360392
6632,80,89.865692,29.360392
6633,80,89.865692,29.360392
6634,80,89.865692,29.360392
6635,80,89.865692,26.746667
6636,80,89.865692,24.132942
6637,80,89.865692,24.132942
6638,80,89.865692,24.132942
6639,80,89.865692,24.132942
6640,80,89.865692,24.132942
6641,80,89.8168525,21.375353
6642,80,89.768013,18.617764
6643,80,89.768013,18.617764
6644,80,89.645912,18.617764
6645,80,89.523811,18.617764
6646,80,89.523811,18.617764
6647,80,89.523811,16.4095375
6648,80,89.523811,14.201311
6649,80,89.3772925,14.201311
6650,80,89.230774,14.201311
6651,80,89.230774,14.201311
6652,80,89.230774,14.201311
6653,80,89.230774,14.201311
6654,80,89.023201,9.740095
6655,80,88.815628,9.740095
6656,80,88.815628,9.740095
6657,80,88.815628,9.740095
6658,80,88.815628,9.740095
6659,80,88.5592195,9.740095
6660,80,88.302811,7.471448
6661,80,88.302811,5.202801
6662,80,88.302811,5.202801
6663,80,88.0097695,5.202801
6664,80,87.716728,5.202801
6665,80,87.716728,3.5572405
6666,80,87.716728,1.91168
6667,80,87.716728,1.91168
6668,80,87.3382185,1.91168
6669,80,86.959709,1.91168
6670,80,86.959709,1.91168
6671,80,86.959709,0.95584
6672,80,86.959709,0
6673,80,86.53236,0
6674,80,86.105011,0
6675,80,86.105011,0
6676,80,86.105011,0
6677,80,85.665447,0
6678,80,85.225883,0
6679,80,85.225883,0
6680,80,85.225883,0
6681,80,84.920635,0
6682,80,84.615387,0
6683,80,84.615387,0
6684,80,84.615387,0
6685,80,84.615387,0
6686,80,84.175827,0
6687,80,83.736267,0
6688,80,83.736267,0
6689,80,83.736267,0
6690,80,83.736267,0
6691,80,83.308914,0
6692,80,82.881561,0
6693,80,82.881561,0
6694,80,82.881561,0
6695,80,82.442001,0
6696,80,82.002441,0
6697,80,82.002441,0
6698,80,82.002441,0
6699,80,81.721611,0
6700,80,81.440781,0
6701,80,81.440781,0
6702,80,81.440781,0
6703,80,81.440781,0.0493905
6704,80,81.0134315,0.098781
6705,80,80.586082,0.098781
6706,80,80.586082,0.098781
6707,80,80.586082,0.098781
6708,80,80.586082,0.3362405
6709,80,80.1465225,0.5737
6710,80,79.706963,0.5737
6711,80,79.706963,0.5737
6712,80,79.706963,0.5737
6713,80,79.706963,0.5737
6714,80,78.925522,0.5737
6715,80,78.925522,1.193337
6716,80,78.925522,1.812974
6717,80,78.925522,1.812974
6718,80,78.925522,1.812974
6719,80,78.40049,1.812974
6720,80,77.875458,1.812974
6721,80,77.875458,2.5527225
6722,80,77.619049,3.292471
6723,80,77.36264,3.292471
6724,80,77.36264,3.292471
6725,80,77.36264,3.292471
6726,80,77.36264,3.292471
6727,80,76.8986585,4.3869925
6728,80,76.434677,5.481514
6729,80,76.434677,5.481514
6730,80,76.434677,5.481514
6731,80,76.0561675,5.481514
6732,80,75.677658,5.481514
6733,80,75.677658,6.994846
6734,80,75.677658,8.508178
6735,80,75.677658,8.508178
6736,80,75.238098,8.508178
6737,80,74.798538,8.508178
6738,80,74.798538,8.508178
6739,80,74.798538,10.016346
6740,80,74.493286,11.524514
6741,80,74.188034,11.524514
6742,80,74.188034,11.524514
6743,80,74.188034,11.524514
6744,80,74.188034,11.524514
6745,80,73.7973135,13.3870355
6746,80,73.406593,15.249557
6747,80,73.406593,15.249557
6748,80,73.406593,15.249557
6749,80,73.406593,15.249557
6750,80,73.089134,15.249557
6751,80,72.771675,15.249557
6752,80,72.771675,17.501291
6753,80,72.771675,19.753025
6754,80,72.771675,19.753025
6755,80,72.466423,19.753025
6756,80,72.161171,19.753025
6757,80,72.161171,21.8231475
6758,80,72.161171,23.89327
6759,80,71.941391,23.89327
6760,80,71.721611,23.89327
6761,80,71.721611,23.89327
6762,80,71.721611,23.89327
6763,80,71.5750925,26.217283
6764,80,71.428574,28.541296
6765,80,71.428574,28.541296
6766,80,71.428574,28.541296
6767,80,71.428574,28.541296
6768,80,71.306473,28.541296
6769,80,71.184372,28.541296
6770,80,71.184372,31.0461815
6771,80,71.184372,33.551067
6772,80,71.184372,33.551067
6773,80,71.074482,33.551067
6774,80,70.964592,33.551067
6775,80,70.964592,33.551067
6776,80,70.964592,35.92951
6777,80,70.964592,38.307953
6778,80,70.9157525,38.307953
6779,80,70.866913,38.307953
6780,80,70.866913,38.307953
6781,80,70.866913,38.307953
6782,80,70.866913,40.7151415
6783,80,70.866913,43.12233
6784,80,70.866913,43.12233
6785,80,70.866913,43.12233
6786,80,70.964592,43.12233
6787,80,71.062271,43.12233
6788,80,71.062271,43.12233
6789,80,71.062271,45.7610475
6790,80,71.062271,48.399765
6791,80,71.1355325,48.399765
6792,80,71.208794,48.399765
6793,80,71.208794,48.399765
6794,80,71.208794,48.399765
6795,80,71.208794,50.4174405
6796,80,71.514042,52.435116
6797,80,71.81929,52.435116
6798,80,71.81929,52.435116
6799,80,71.81929,52.435116
6800,80,72.1123315,52.435116
6801,80,72.405373,54.036011
6802,80,72.405373,55.636906
6803,80,72.405373,55.636906
6804,80,72.405373,55.636906
6805,80,73.479858,55.636906
6806,80,73.479858,55.636906
6807,80,73.479858,57.101454
6808,80,73.479858,58.566002
6809,80,74.0048865,58.566002
6810,80,74.529915,58.566002
6811,80,74.529915,58.566002
6812,80,74.529915,58.566002
6813,80,74.529915,59.442297
6814,80,75.177048,60.318592
6815,80,75.824181,60.318592
6816,80,75.824181,60.318592
6817,80,76.153851,60.318592
6818,80,76.483521,60.318592
6819,80,76.483521,60.873253
6820,80,76.483521,61.427914
6821,80,76.483521,61.427914
6822,80,77.118439,61.427914
6823,80,77.753357,61.427914
6824,80,77.753357,61.427914
6825,80,77.753357,61.534134
6826,80,77.753357,61.640354
6827,80,78.412697,61.640354
6828,80,79.072037,61.640354
6829,80,79.072037,61.640354
6830,80,79.072037,61.640354
6831,80,79.072037,61.3223075
6832,80,79.7313805,61.004261
6833,80,80.390724,61.004261
6834,80,80.390724,61.004261
6835,80,80.390724,61.004261
6836,80,80.927963,61.004261
6837,80,81.465202,61.004261
6838,80,81.465202,60.3146725
6839,80,81.465202,59.625084
6840,80,81.465202,59.625084
6841,80,81.465202,59.625084
6842,80,82.0634915,59.625084
6843,80,82.661781,59.625084
6844,80,82.661781,59.625084
6845,80,82.661781,58.339983
6846,80,83.296703,57.054882
6847,80,83.931625,57.054882
6848,80,83.931625,57.054882
6849,80,83.931625,57.054882
6850,80,83.931625,55.5545235
6851,80,84.5177075,54.054165
6852,80,85.10379,54.054165
6853,80,85.10379,54.054165
6854,80,85.10379,54.054165
6855,80,85.5921895,54.054165
6856,80,86.080589,52.2581025
6857,80,86.080589,50.46204
6858,80,86.080589,50.46204
6859,80,86.5689885,50.46204
6860,80,87.057388,50.46204
6861,80,87.057388,50.46204
6862,80,87.057388,48.0033095
6863,80,87.057388,45.544579
6864,80,87.057388,45.544579
6865,80,88.229553,45.544579
6866,80,88.229553,45.544579
6867,80,88.229553,43.2359295
6868,80,88.5225905,40.92728
6869,80,88.815628,40.92728
6870,80,88.815628,40.92728
6871,80,88.815628,40.92728
6872,80,89.1086695,40.92728
6873,80,89.401711,40.92728
6874,80,89.401711,38.2621955
6875,80,89.401711,35.597111
6876,80,89.401711,35.597111
6877,80,89.572651,35.597111
6878,80,89.743591,35.597111
6879,80,89.743591,35.597111
6880,80,89.743591,35.597111
6881,80,89.743591,35.597111
6882,80,89.9511605,32.3378745
6883,80,90.15873,29.078638
6884,80,90.15873,29.078638
6885,80,90.15873,29.078638
6886,80,90.15873,29.078638
6887,80,90.2564125,26.6902865
6888,80,90.354095,24.301935
6889,80,90.354095,24.301935
6890,80,90.354095,24.301935
6891,80,90.2442015,24.301935
6892,80,90.134308,24.301935
6893,80,90.134308,21.5400645
6894,80,90.134308,18.778194
6895,80,90.097679,18.778194
6896,80,90.06105,18.778194
6897,80,90.06105,18.778194
6898,80,90.06105,18.778194
6899,80,90.06105,16.392456
6900,80,89.7924305,14.006718
6901,80,89.523811,14.006718
6902,80,89.523811,14.006718
6903,80,89.523811,14.006718
6904,80,89.523811,14.006718
6905,80,89.462761,11.653988
6906,80,89.401711,9.301258
6907,80,89.401711,9.301258
6908,80,89.401711,9.301258
6909,80,89.0842515,9.301258
6910,80,88.766792,9.301258
6911,80,88.766792,9.301258
6912,80,88.766792,6.8562275
6913,80,88.547012,4.411197
6914,80,88.327232,4.411197
6915,80,88.327232,4.411197
6916,80,88.327232,4.411197
6917,80,88.327232,4.411197
6918,80,87.948719,2.700652
6919,80,87.570206,0.990107
6920,80,87.570206,0.990107
6921,80,87.570206,0.990107
6922,80,87.570206,0.990107
6923,80,87.203907,0.990107
6924,80,86.837608,0.990107
6925,80,86.837608,0
6926,80,86.837608,0
6927,80,86.837608,0
6928,80,86.398048,0
6929,80,85.958488,0
6930,80,85.958488,0
6931,80,85.6166075,7.25e-05
6932,80,85.274727,0.000145
6933,80,85.274727,0.000145
6934,80,85.274727,0.000145
6935,80,85.274727,0.000145
6936,80,84.969475,0.003633
6937,80,84.664223,0.007121
6938,80,84.664223,0.007121
6939,80,84.664223,0.007121
6940,80,84.664223,0.007121
6941,80,84.200245,0.007121
6942,80,83.736267,0.007121
6943,80,83.736267,0.0035605
6944,80,83.736267,0
6945,80,83.3821755,0
6946,80,83.028084,0
6947,80,83.028084,0
6948,80,83.028084,0
6949,80,82.686203,0
6950,80,82.344322,0
6951,80,82.344322,0
6952,80,82.344322,0
6953,80,82.344322,0
6954,80,82.344322,0
6955,80,81.709404,0.0358755
6956,80,81.709404,0.071751
6957,80,81.709404,0.071751
6958,80,81.709404,0.071751
6959,80,81.269844,0.071751
6960,80,80.830284,0.071751
6961,80,80.830284,0.136818
6962,80,80.830284,0.201885
6963,80,80.830284,0.201885
6964,80,80.390724,0.201885
6965,80,79.951164,0.201885
6966,80,79.951164,0.201885
6967,80,79.951164,0.201885
6968,80,79.658123,0.603016
6969,80,79.365082,1.004147
6970,80,79.365082,1.004147
6971,80,79.365082,1.004147
6972,80,78.9743615,1.004147
6973,80,78.583641,1.004147
6974,80,78.583641,1.616327
6975,80,78.583641,2.228507
6976,80,78.583641,2.228507
6977,80,78.07082,2.228507
6978,80,77.557999,2.228507
6979,80,77.557999,2.228507
6980,80,77.557999,3.114751
6981,80,77.557999,4.000995
6982,80,77.1672785,4.000995
6983,80,76.776558,4.000995
6984,80,76.776558,4.000995
6985,80,76.776558,4.000995
6986,80,76.4835165,5.3826195
6987,80,76.190475,6.764244
6988,80,76.190475,6.764244
6989,80,76.190475,6.764244
6990,80,75.7509155,6.764244
6991,80,75.311356,6.764244
6992,80,75.311356,8.1563205
6993,80,75.311356,9.548397
6994,80,75.311356,9.548397
6995,80,74.981686,9.548397
6996,80,74.652016,9.548397
6997,80,74.652016,9.548397
6998,80,74.652016,9.548397
6999,80,74.652016,11.2324305
7000,80,74.297924,12.916464
7001,80,73.943832,12.916464
7002,80,73.943832,12.916464
7003,80,73.943832,12.916464
7004,80,73.724052,12.916464
7005,80,73.504272,12.916464
7006,80,73.504272,15.1418895
7007,80,73.504272,17.367315
7008,80,73.199024,17.367315
7009,80,72.893776,17.367315
7010,80,72.893776,17.367315
7011,80,72.893776,17.367315
7012,80,72.893776,19.345499
7013,80,72.6373635,21.323683
7014,80,72.380951,21.323683
7015,80,72.380951,21.323683
7016,80,72.380951,21.323683
7017,80,72.380951,23.3778345
7018,80,72.136753,25.431986
7019,80,71.892555,25.431986
7020,80,71.892555,25.431986
7021,80,71.892555,25.431986
7022,80,71.709404,25.431986
7023,80,71.526253,25.431986
7024,80,71.526253,27.938862
7025,80,71.526253,30.445738
7026,80,71.514042,30.445738
7027,80,71.501831,30.445738
7028,80,71.501831,30.445738
7029,80,71.501831,32.5642825
7030,80,71.501831,34.682827
7031,80,71.404152,34.682827
7032,80,71.306473,34.682827
7033,80,71.306473,34.682827
7034,80,71.306473,34.682827
7035,80,71.306473,34.682827
7036,80,71.3186835,36.9708655
7037,80,71.330894,39.258904
7038,80,71.330894,39.258904
7039,80,71.330894,39.258904
7040,80,71.2942615,39.258904
7041,80,71.257629,39.258904
7042,80,71.257629,41.7583335
7043,80,71.257629,44.257763
7044,80,71.257629,44.257763
7045,80,71.257629,44.257763
7046,80,71.501831,44.257763
7047,80,71.501831,44.257763
7048,80,71.501831,46.2469615
7049,80,71.59951,48.23616
7050,80,71.697189,48.23616
7051,80,71.697189,48.23616
7052,80,71.697189,48.23616
7053,80,71.697189,48.23616
7054,80,71.941391,50.229208
7055,80,72.185593,52.222256
7056,80,72.185593,52.222256
7057,80,72.185593,52.222256
7058,80,72.503052,52.222256
7059,80,72.820511,52.222256
7060,80,72.820511,53.9082985
7061,80,72.820511,55.594341
7062,80,72.820511,55.594341
7063,80,73.2600745,55.594341
7064,80,73.699638,55.594341
7065,80,73.699638,55.594341
7066,80,73.699638,56.840065
7067,80,73.699638,58.085789
7068,80,74.285717,58.085789
7069,80,74.871796,58.085789
7070,80,74.871796,58.085789
7071,80,74.871796,58.085789
7072,80,74.871796,58.910965
7073,80,75.372406,59.736141
7074,80,75.873016,59.736141
7075,80,75.873016,59.736141
7076,80,76.3858375,59.736141
7077,80,76.898659,59.736141
7078,80,76.898659,59.736141
7079,80,76.898659,60.23448
7080,80,76.898659,60.732819
7081,80,77.423691,60.732819
7082,80,77.948723,60.732819
7083,80,77.948723,60.732819
7084,80,77.948723,60.732819
7085,80,77.948723,60.7598
7086,80,78.595852,60.786781
7087,80,79.242981,60.786781
7088,80,79.242981,60.786781
7089,80,79.242981,60.786781
7090,80,79.242981,60.786781
7091,80,79.8412705,60.4046745
7092,80,80.43956,60.022568
7093,80,80.43956,60.022568
7094,80,80.43956,60.022568
7095,80,80.976803,60.022568
7096,80,81.514046,60.022568
7097,80,81.514046,60.022568
7098,80,81.514046,59.0490665
7099,80,82.026863,58.075565
7100,80,82.53968,58.075565
7101,80,82.53968,58.075565
7102,80,82.53968,58.075565
7103,80,82.53968,58.075565
7104,80,83.223442,56.819521
7105,80,83.907204,55.563477
7106,80,83.907204,55.563477
7107,80,83.907204,55.563477
7108,80,83.907204,55.563477
7109,80,84.456654,54.100016
7110,80,85.006104,52.636555
7111,80,85.006104,52.636555
7112,80,85.4578745,52.636555
7113,80,85.909645,52.636555
7114,80,85.909645,52.636555
7115,80,85.909645,52.636555
7116,80,85.909645,50.4421005
7117,80,86.4835165,48.247646
7118,80,87.057388,48.247646
7119,80,87.057388,48.247646
7120,80,87.057388,48.247646
7121,80,87.057388,48.247646
7122,80,87.484737,46.1457615
7123,80,87.912086,44.043877
7124,80,87.912086,44.043877
7125,80,87.912086,44.043877
7126,80,87.912086,44.043877
7127,80,88.2783885,44.043877
7128,80,88.644691,41.6634885
7129,80,88.644691,39.2831
7130,80,88.803421,39.2831
7131,80,88.962151,39.2831
7132,80,88.962151,39.2831
7133,80,88.962151,39.2831
7134,80,88.962151,36.456957
7135,80,88.962151,33.630814
7136,80,89.62149,33.630814
7137,80,89.62149,33.630814
7138,80,89.62149,33.630814
7139,80,89.62149,33.630814
7140,80,89.67033,31.2289795
7141,80,89.71917,28.827145
7142,80,89.71917,28.827145
7143,80,89.71917,28.827145
7144,80,89.71917,28.827145
7145,80,89.816849,28.827145
7146,80,89.914528,26.225234
7147,80,89.914528,23.623323
7148,80,89.914528,23.623323
7149,80,89.9633715,23.623323
7150,80,90.012215,23.623323
7151,80,90.012215,23.623323
7152,80,90.012215,23.623323
7153,80,89.890114,20.8087775
7154,80,89.768013,17.994232
7155,80,89.768013,17.994232
7156,80,89.768013,17.994232
7157,80,89.768013,17.994232
7158,80,89.56044,15.7576035
7159,80,89.352867,13.520975
7160,80,89.352867,13.520975
7161,80,89.352867,13.520975
7162,80,89.352867,13.520975
7163,80,89.1697195,13.520975
7164,80,88.986572,11.321202
7165,80,88.986572,9.121429
7166,80,88.986572,9.121429
7167,80,88.7545815,9.121429
7168,80,88.522591,9.121429
7169,80,88.522591,9.121429
7170,80,88.522591,9.121429
7171,80,88.278389,7.0322515
7172,80,88.034187,4.943074
7173,80,88.034187,4.943074
7174,80,88.034187,4.943074
7175,80,88.034187,4.943074
7176,80,87.753357,4.943074
7177,80,87.472527,3.2050355
7178,80,87.472527,1.466997
7179,80,87.472527,1.466997
7180,80,87.472527,1.466997
7181,80,87.008549,1.466997
7182,80,86.544571,1.466997
7183,80,86.544571,0.7334985
7184,80,86.544571,0
7185,80,86.2515295,0
7186,80,85.958488,0
7187,80,85.958488,0
7188,80,85.958488,0
7189,80,85.958488,0
7190,80,85.4700885,0.022286
7191,80,84.981689,0.044572
7192,80,84.981689,0.044572
7193,80,84.981689,0.044572
7194,80,84.981689,0.044572
7195,80,84.981689,0.044572
7196,80,84.126984,0.038091
7197,80,84.126984,0.03161
7198,80,84.126984,0.03161
7199,80,83.675213,0.03161
7200,80,83.223442,0.03161
7201,80,83.223442,0.03161
7202,80,83.223442,0.015805
7203,80,82.9304045,0
7204,80,82.637367,0
7205,80,82.637367,0
7206,80,82.637367,0
7207,80,82.637367,0
7208,80,82.2710645,0
7209,80,81.904762,0.0296335
7210,80,81.904762,0.059267
7211,80,81.904762,0.059267
7212,80,81.904762,0.059267
7213,80,81.4407805,0.059267
7214,80,80.976799,0.0780495
7215,80,80.976799,0.096832
7216,80,80.976799,0.096832
7217,80,80.976799,0.096832
7218,80,80.5738715,0.096832
7219,80,80.170944,0.096832
7220,80,80.170944,0.096832
7221,80,79.7802235,0.376366
7222,80,79.389503,0.6559
7223,80,79.389503,0.6559
7224,80,79.389503,0.6559
7225,80,79.389503,0.6559
7226,80,79.0598335,0.6559
7227,80,78.730164,1.368649
7228,80,78.730164,2.081398
7229,80,78.730164,2.081398
7230,80,78.730164,2.081398
7231,80,78.18071,2.081398
7232,80,77.631256,2.081398
7233,80,77.631256,2.909509
7234,80,77.631256,3.73762
7235,80,77.631256,3.73762
7236,80,77.2527465,3.73762
7237,80,76.874237,3.73762
7238,80,76.874237,3.73762
7239,80,76.556778,4.8748395
7240,80,76.239319,6.012059
7241,80,76.239319,6.012059
7242,80,76.239319,6.012059
7243,80,76.239319,6.012059
7244,80,75.8485985,6.012059
7245,80,75.457878,6.012059
7246,80,75.457878,7.4965005
7247,80,75.457878,8.980942
7248,80,75.457878,8.980942
7249,80,75.0671575,8.980942
7250,80,74.676437,8.980942
7251,80,74.676437,10.612976
7252,80,74.676437,12.24501
7253,80,74.676437,12.24501
7254,80,74.261295,12.24501
7255,80,73.846153,12.24501
7256,80,73.846153,12.24501
7257,80,73.846153,14.0672705
7258,80,73.5897445,15.889531
7259,80,73.333336,15.889531
7260,80,73.333336,15.889531
7261,80,73.333336,15.889531
7262,80,73.0769235,15.889531
7263,80,72.820511,15.889531
7264,80,72.820511,18.1144965
7265,80,72.820511,20.339462
7266,80,72.820511,20.339462
7267,80,72.820511,20.339462
7268,80,72.5518915,20.339462
7269,80,72.283272,20.339462
7270,80,72.283272,20.339462
7271,80,72.283272,22.427353
7272,80,72.283272,24.515244
7273,80,72.063492,24.515244
7274,80,71.843712,24.515244
7275,80,71.843712,24.515244
7276,80,71.843712,24.515244
7277,80,71.6727715,26.8308525
7278,80,71.501831,29.146461
7279,80,71.501831,29.146461
7280,80,71.501831,29.146461
7281,80,71.4163625,29.146461
7282,80,71.330894,29.146461
7283,80,71.330894,29.146461
7284,80,71.330894,31.840366
7285,80,71.245422,34.534271
7286,80,71.15995,34.534271
7287,80,71.15995,34.534271
7288,80,71.15995,36.6539955
7289,80,71.15995,38.77372
7290,80,71.1355325,38.77372
7291,80,71.111115,38.77372
7292,80,71.111115,38.77372
7293,80,71.1599545,38.77372
7294,80,71.208794,38.77372
7295,80,71.208794,41.38159
7296,80,71.208794,43.98946
7297,80,71.2454225,43.98946
7298,80,71.282051,43.98946
7299,80,71.282051,43.98946
7300,80,71.282051,45.7627755
7301,80,71.282051,47.536091
7302,80,71.282051,47.536091
7303,80,71.391941,47.536091
7304,80,71.501831,47.536091
7305,80,71.501831,47.536091
7306,80,71.501831,49.614168
7307,80,71.501831,51.692245
7308,80,71.819294,51.692245
7309,80,72.136757,51.692245
7310,80,72.136757,51.692245
7311,80,72.136757,51.692245
7312,80,72.5274775,51.692245
7313,80,72.918198,51.692245
7314,80,72.918198,53.55504
7315,80,72.918198,55.417835
7316,80,72.918198,55.417835
7317,80,73.577538,55.417835
7318,80,73.577538,55.417835
7319,80,73.577538,56.5449025
7320,80,73.577538,57.67197
7321,80,74.224667,57.67197
7322,80,74.871796,57.67197
7323,80,74.871796,57.67197
7324,80,74.871796,57.67197
7325,80,74.871796,58.59383
7326,80,75.311356,59.51569
7327,80,75.750916,59.51569
7328,80,75.750916,59.51569
7329,80,75.750916,59.51569
7330,80,76.227108,59.51569
7331,80,76.7033,59.51569
7332,80,76.7033,59.984602
7333,80,76.7033,60.453514
7334,80,77.25275,60.453514
7335,80,77.8022,60.453514
7336,80,77.8022,60.453514
7337,80,77.8022,60.453514
7338,80,77.8022,60.548517
7339,80,78.449329,60.64352
7340,80,79.096458,60.64352
7341,80,79.096458,60.64352
7342,80,79.096458,60.64352
7343,80,79.096458,60.64352
7344,80,79.8046415,60.257183
7345,80,80.512825,59.870846
7346,80,80.512825,59.870846
7347,80,80.512825,59.870846
7348,80,80.9890135,59.870846
7349,80,81.465202,59.870846
7350,80,81.465202,59.0183165
7351,80,81.465202,58.165787
7352,80,81.9658125,58.165787
7353,80,82.466423,58.165787
7354,80,82.466423,58.165787
7355,80,82.466423,58.165787
7356,80,82.466423,57.058447
7357,80,83.1623955,55.951107
7358,80,83.858368,55.951107
7359,80,83.858368,55.951107
7360,80,83.858368,55.951107
7361,80,83.858368,55.951107
7362,80,84.4566575,54.4176655
7363,80,85.054947,52.884224
7364,80,85.054947,52.884224
7365,80,85.054947,52.884224
7366,80,85.482296,52.884224
7367,80,85.909645,52.884224
7368,80,85.909645,52.884224
7369,80,85.909645,50.771904
7370,80,86.3980485,48.659584
7371,80,86.886452,48.659584
7372,80,86.886452,48.659584
7373,80,86.886452,48.659584
7374,80,86.886452,46.630089
7375,80,87.326012,44.600594
7376,80,87.765572,44.600594
7377,80,87.765572,44.600594
7378,80,87.765572,44.600594
7379,80,87.765572,44.600594
7380,80,88.156292,44.600594
7381,80,88.547012,42.155951
7382,80,88.547012,39.711308
7383,80,88.547012,39.711308
7384,80,88.693531,39.711308
7385,80,88.84005,39.711308
7386,80,88.84005,39.711308
7387,80,88.84005,39.711308
7388,80,89.1086695,36.6517605
7389,80,89.377289,33.592213
7390,80,89.377289,33.592213
7391,80,89.377289,33.592213
7392,80,89.377289,33.592213
7393,80,89.5238115,31.3933725
7394,80,89.670334,29.194532
7395,80,89.670334,29.194532
7396,80,89.670334,29.194532
7397,80,89.670334,29.194532
7398,80,89.670334,29.194532
7399,80,89.670334,29.194532
7400,80,89.670334,26.49256
7401,80,89.670334,23.790588
7402,80,89.670334,23.790588
7403,80,89.670334,23.790588
7404,80,89.670334,23.790588
7405,80,89.670334,21.4596575
7406,80,89.670334,19.128727
7407,80,89.670334,19.128727
7408,80,89.670334,19.128727
7409,80,89.670334,19.128727
7410,80,89.670334,19.128727
7411,80,89.670334,19.128727
7412,80,89.474972,16.715364
7413,80,89.27961,14.302001
7414,80,89.27961,14.302001
7415,80,89.27961,14.302001
7416,80,89.157509,14.302001
7417,80,89.035408,14.302001
7418,80,89.035408,14.302001
7419,80,89.035408,11.7251375
7420,80,88.705738,9.148274
7421,80,88.376068,9.148274
7422,80,88.376068,9.148274
7423,80,88.376068,9.148274
7424,80,88.376068,7.376037
7425,80,88.046398,5.6038
7426,80,87.716728,5.6038
7427,80,87.716728,5.6038
7428,80,87.716728,5.6038
7429,80,87.716728,5.6038
7430,80,87.3748475,5.6038
7431,80,87.032967,3.953958
7432,80,87.032967,2.304116
7433,80,87.032967,2.304116
7434,80,87.032967,2.304116
7435,80,86.568989,2.304116
7436,80,86.105011,2.304116
7437,80,86.105011,1.152058
7438,80,86.105011,0
7439,80,85.799759,0
7440,80,85.494507,0
7441,80,85.494507,0
7442,80,85.494507,0
7443,80,85.042736,0
7444,80,84.590965,0
7445,80,84.590965,0
7446,80,84.590965,0
7447,80,84.590965,0
7448,80,84.297924,0
7449,80,84.004883,0
7450,80,84.004883,0
7451,80,84.004883,0
7452,80,84.004883,0
7453,80,83.443222,0
7454,80,82.881561,0
7455,80,82.881561,0
7456,80,82.881561,0
7457,80,82.661781,0
7458,80,82.442001,0
7459,80,82.442001,0
7460,80,82.442001,0
7461,80,81.9780235,0
7462,80,81.514046,0.0810335
7463,80,81.514046,0.162067
7464,80,81.514046,0.162067
7465,80,81.514046,0.162067
7466,80,81.514046,0.162067
7467,80,80.781441,0.162067
7468,80,80.781441,0.220109
7469,80,80.781441,0.278151
7470,80,80.781441,0.278151
7471,80,80.2564125,0.278151
7472,80,79.731384,0.278151
7473,80,79.731384,0.278151
7474,80,79.731384,0.278151
7475,80,79.4871825,0.6794905
7476,80,79.242981,1.08083
7477,80,79.242981,1.08083
7478,80,79.242981,1.08083
7479,80,78.815632,1.08083
7480,80,78.388283,1.7204485
7481,80,78.388283,2.360067
7482,80,78.388283,2.360067
7483,80,78.388283,2.360067
7484,80,77.936512,2.360067
7485,80,77.484741,2.360067
7486,80,77.484741,2.360067
7487,80,77.484741,3.305927
7488,80,77.484741,4.251787
7489,80,77.045181,4.251787
7490,80,76.605621,4.251787
7491,80,76.605621,4.251787
7492,80,76.605621,4.251787
7493,80,76.2759475,5.6298065
7494,80,75.946274,7.007826
7495,80,75.946274,7.007826
7496,80,75.946274,7.007826
7497,80,75.592186,7.007826
7498,80,75.238098,7.007826
7499,80,75.238098,8.4817265
7500,80,75.238098,9.955627
7501,80,75.238098,9.955627
7502,80,74.7863275,9.955627
7503,80,74.334557,9.955627
7504,80,74.334557,9.955627
7505,80,74.334557,11.6965045
7506,80,74.334557,13.437382
7507,80,74.0170975,13.437382
7508,80,73.699638,13.437382
7509,80,73.699638,13.437382
7510,80,73.699638,13.437382
7511,80,73.4676475,13.437382
7512,80,73.235657,15.7810565
7513,80,73.235657,18.124731
7514,80,73.235657,18.124731
7515,80,72.8327255,18.124731
7516,80,72.429794,18.124731
7517,80,72.429794,18.124731
7518,80,72.429794,20.1767995
7519,80,72.429794,22.228868
7520,80,72.210014,22.228868
7521,80,71.990234,22.228868
7522,80,71.990234,22.228868
7523,80,71.990234,22.228868
7524,80,71.990234,24.3174665
7525,80,71.990234,26.406065
7526,80,71.8437115,26.406065
7527,80,71.697189,26.406065
7528,80,71.697189,26.406065
7529,80,71.697189,26.406065
7530,80,71.477409,26.406065
7531,80,71.257629,26.406065
7532,80,71.257629,28.991148
7533,80,71.257629,31.576231
7534,80,71.257629,31.576231
7535,80,71.15995,31.576231
7536,80,71.062271,31.576231
7537,80,71.062271,33.733073
7538,80,71.062271,35.889915
7539,80,71.062271,35.889915
7540,80,71.05006,35.889915
7541,80,71.037849,35.889915
7542,80,71.037849,35.889915
7543,80,71.037849,38.3635025
7544,80,71.0012205,40.83709
7545,80,70.964592,40.83709
7546,80,70.964592,40.83709
7547,80,71.0012205,40.83709
7548,80,71.037849,40.83709
7549,80,71.037849,43.24465
7550,80,71.037849,45.65221
7551,80,71.037849,45.65221
7552,80,71.1111105,45.65221
7553,80,71.184372,45.65221
7554,80,71.184372,47.6624295
7555,80,71.184372,49.672649
7556,80,71.184372,49.672649
7557,80,71.416363,49.672649
7558,80,71.648354,49.672649
7559,80,71.648354,49.672649
7560,80,71.648354,51.596605
7561,80,71.648354,53.520561
7562,80,71.965813,53.520561
7563,80,72.283272,53.520561
7564,80,72.283272,53.520561
7565,80,72.698414,53.520561
7566,80,73.113556,54.9145375
7567,80,73.113556,56.308514
7568,80,73.113556,56.308514
7569,80,73.113556,56.308514
7570,80,73.113556,56.308514
7571,80,73.7240565,56.308514
7572,80,74.334557,56.308514
7573,80,74.334557,57.5050795
7574,80,74.334557,58.701645
7575,80,74.871796,58.701645
7576,80,75.409035,58.701645
7577,80,75.409035,58.701645
7578,80,75.409035,58.701645
7579,80,75.409035,59.5294915
7580,80,76.019535,60.357338
7581,80,76.630035,60.357338
7582,80,76.630035,60.357338
7583,80,76.630035,60.357338
7584,80,77.057388,60.357338
7585,80,77.484741,60.6511975
7586,80,77.484741,60.945057
7587,80,77.484741,60.945057
7588,80,77.484741,60.945057
7589,80,78.0708195,60.945057
7590,80,78.656898,60.945057
7591,80,78.656898,60.851961
7592,80,78.656898,60.758865
7593,80,79.34066,60.758865
7594,80,80.024422,60.758865
7595,80,80.024422,60.758865
7596,80,80.024422,60.758865
7597,80,80.024422,60.758865
7598,80,80.549454,60.155178
7599,80,81.074486,59.551491
7600,80,81.074486,59.551491
7601,80,81.074486,59.551491
7602,80,81.5873035,59.551491
7603,80,82.100121,59.551491
7604,80,82.100121,58.5167045
7605,80,82.100121,57.481918
7606,80,82.100121,57.481918
7607,80,82.808304,57.481918
7608,80,83.516487,57.481918
7609,80,83.516487,57.481918
7610,80,83.516487,56.118166
7611,80,84.053726,54.754414
7612,80,84.590965,54.754414
7613,80,84.590965,54.754414
7614,80,84.590965,54.754414
7615,80,84.590965,54.754414
7616,80,85.1648365,54.754414
7617,80,85.738708,54.754414
7618,80,85.738708,50.9146
7619,80,85.738708,50.9146
7620,80,86.1538465,50.9146
7621,80,86.568985,50.9146
7622,80,86.568985,50.9146
7623,80,86.568985,48.9375015
7624,80,87.0085485,46.960403
7625,80,87.448112,46.960403
7626,80,87.448112,46.960403
7627,80,87.448112,46.960403
7628,80,87.448112,46.960403
7629,80,87.887672,44.538805
7630,80,88.327232,42.117207
7631,80,88.327232,42.117207
7632,80,88.327232,42.117207
7633,80,88.327232,42.117207
7634,80,88.656902,42.117207
7635,80,88.986572,42.117207
7636,80,88.986572,39.1644575
7637,80,88.986572,36.211708
7638,80,89.1819305,36.211708
7639,80,89.377289,36.211708
7640,80,89.377289,36.211708
7641,80,89.377289,36.211708
7642,80,89.377289,33.79827
7643,80,89.462761,31.384832
7644,80,89.548233,31.384832
7645,80,89.548233,31.384832
7646,80,89.548233,31.384832
7647,80,89.548233,31.384832
7648,80,89.7069625,26.398428
7649,80,89.865692,26.398428
7650,80,89.865692,26.398428
7651,80,89.865692,26.398428
7652,80,89.877903,26.398428
7653,80,89.890114,26.398428
7654,80,89.890114,23.540016
7655,80,89.890114,20.681604
7656,80,89.902321,20.681604
7657,80,89.914528,20.681604
7658,80,89.914528,20.681604
7659,80,89.914528,20.681604
7660,80,89.914528,18.4188585
7661,80,89.694748,16.156113
7662,80,89.474968,16.156113
7663,80,89.474968,16.156113
7664,80,89.474968,16.156113
7665,80,89.474968,16.156113
7666,80,89.377289,13.862054
7667,80,89.27961,11.567995
7668,80,89.27961,11.567995
7669,80,89.27961,11.567995
7670,80,89.27961,11.567995
7671,80,89.047619,11.567995
7672,80,88.815628,9.1631685
7673,80,88.815628,6.758342
7674,80,88.6568985,6.758342
7675,80,88.498169,6.758342
7676,80,88.498169,6.758342
7677,80,88.498169,6.758342
7678,80,88.498169,5.0198955
7679,80,88.168499,3.281449
7680,80,87.838829,3.281449
7681,80,87.838829,3.281449
7682,80,87.838829,3.281449
7683,80,87.838829,3.281449
7684,80,87.4603195,1.6407245
7685,80,87.08181,0
7686,80,87.08181,0
7687,80,87.08181,0
7688,80,86.64225,0
7689,80,86.20269,0
7690,80,86.20269,0
7691,80,86.20269,0
7692,80,85.8241765,0
7693,80,85.445663,0
7694,80,85.445663,0
7695,80,85.445663,0
7696,80,85.445663,0
7697,80,85.445663,0
7698,80,85.054943,0
7699,80,84.664223,0
7700,80,84.664223,0
7701,80,84.664223,0
7702,80,84.664223,0
7703,80,84.212456,0
7704,80,83.760689,0
7705,80,83.760689,0
7706,80,83.760689,0
7707,80,83.455437,0
7708,80,83.150185,0
7709,80,83.150185,0
7710,80,83.150185,0
7711,80,83.150185,0
7712,80,82.6129455,0
7713,80,82.075706,0
7714,80,82.075706,0
7715,80,82.075706,0.00624
7716,80,81.770454,0.01248
7717,80,81.465202,0.01248
7718,80,81.465202,0.01248
7719,80,81.465202,0.01248
7720,80,81.037853,0.121279
7721,80,80.610504,0.230078
7722,80,80.610504,0.230078
7723,80,80.610504,0.230078
7724,80,80.1343115,0.230078
7725,80,79.658119,0.230078
7726,80,79.658119,0.230078
7727,80,79.658119,0.650572
7728,80,79.658119,1.071066
7729,80,79.242981,1.071066
7730,80,78.827843,1.071066
7731,80,78.827843,1.071066
7732,80,78.827843,1.071066
7733,80,78.40049,1.6759325
7734,80,77.973137,2.280799
7735,80,77.973137,2.280799
7736,80,77.973137,2.280799
7737,80,77.973137,2.280799
7738,80,77.619049,2.280799
7739,80,77.264961,2.280799
7740,80,77.264961,3.254001
7741,80,77.264961,4.227203
7742,80,77.264961,4.227203
7743,80,76.837608,4.227203
7744,80,76.410255,4.227203
7745,80,76.410255,4.227203
7746,80,76.410255,5.3898855
7747,80,76.410255,6.552568
7748,80,75.9584845,6.552568
7749,80,75.506714,6.552568
7750,80,75.506714,6.552568
7751,80,75.506714,6.552568
7752,80,75.189255,8.002161
7753,80,74.871796,9.451754
7754,80,74.871796,9.451754
7755,80,74.871796,9.451754
7756,80,74.871796,9.451754
7757,80,74.529915,9.451754
7758,80,74.188034,9.451754
7759,80,74.188034,11.5101265
7760,80,74.188034,13.568499
7761,80,74.188034,13.568499
7762,80,73.8095245,13.568499
7763,80,73.431015,13.568499
7764,80,73.431015,15.433176
7765,80,73.431015,17.297853
7766,80,73.1501845,17.297853
7767,80,72.869354,17.297853
7768,80,72.869354,17.297853
7769,80,72.869354,17.297853
7770,80,72.6129455,19.3581445
7771,80,72.356537,21.418436
7772,80,72.356537,21.418436
7773,80,72.356537,21.418436
7774,80,72.356537,21.418436
7775,80,72.1123355,21.418436
7776,80,71.868134,21.418436
7777,80,71.868134,23.976162
7778,80,71.868134,26.533888
7779,80,71.758244,26.533888
7780,80,71.648354,26.533888
7781,80,71.648354,26.533888
7782,80,71.648354,26.533888
7783,80,71.648354,28.68567
7784,80,71.4529915,30.837452
7785,80,71.257629,30.837452
7786,80,71.257629,30.837452
7787,80,71.257629,30.837452
7788,80,71.15995,30.837452
7789,80,71.062271,33.3062115
7790,80,71.062271,35.774971
7791,80,71.062271,35.774971
7792,80,71.062271,35.774971
7793,80,71.037853,35.774971
7794,80,71.013435,35.774971
7795,80,71.013435,35.774971
7796,80,71.013435,38.3570785
7797,80,71.0866925,40.939186
7798,80,71.15995,40.939186
7799,80,71.15995,40.939186
7800,80,71.15995,40.939186
7801,80,71.15995,40.939186
7802,80,71.1111105,43.161766
7803,80,71.062271,45.384346
7804,80,71.062271,45.384346
7805,80,71.062271,45.384346
7806,80,71.172161,45.384346
7807,80,71.282051,45.384346
7808,80,71.282051,47.6574935
7809,80,71.282051,49.930641
7810,80,71.282051,49.930641
7811,80,71.477413,49.930641
7812,80,71.672775,49.930641
7813,80,71.672775,49.930641
7814,80,71.672775,51.9734765
7815,80,71.672775,54.016312
7816,80,72.0634955,54.016312
7817,80,72.454216,54.016312
7818,80,72.454216,54.016312
7819,80,72.454216,54.016312
7820,80,72.454216,55.4849625
7821,80,72.9548265,56.953613
7822,80,73.455437,56.953613
7823,80,73.455437,56.953613
7824,80,73.894997,56.953613
7825,80,74.334557,56.953613
7826,80,74.334557,58.1545085
7827,80,74.334557,59.355404
7828,80,74.334557,59.355404
7829,80,74.7863275,59.355404
7830,80,75.238098,59.355404
7831,80,75.238098,59.355404
7832,80,75.238098,59.355404
7833,80,75.238098,60.176365
7834,80,75.8485985,60.997326
7835,80,76.459099,60.997326
7836,80,76.459099,60.997326
7837,80,76.459099,60.997326
7838,80,77.008549,60.997326
7839,80,77.557999,61.3343375
7840,80,77.557999,61.671349
7841,80,77.557999,61.671349
7842,80,78.1074485,61.671349
7843,80,78.656898,61.671349
7844,80,78.656898,61.671349
7845,80,78.656898,61.5638545
7846,80,78.656898,61.45636
7847,80,79.206348,61.45636
7848,80,79.755798,61.45636
7849,80,79.755798,61.45636
7850,80,79.755798,61.45636
7851,80,79.755798,61.45636
7852,80,80.415142,60.858328
7853,80,81.074486,60.260296
7854,80,81.074486,60.260296
7855,80,81.074486,60.260296
7856,80,81.074486,60.260296
7857,80,81.709404,60.260296
7858,80,82.344322,60.260296
7859,80,82.344322,58.373356
7860,80,82.8327215,58.373356
7861,80,83.321121,58.373356
7862,80,83.321121,58.373356
7863,80,83.321121,58.373356
7864,80,83.321121,57.014149
7865,80,83.968254,55.654942
7866,80,84.615387,55.654942
7867,80,84.615387,55.654942
7868,80,84.615387,55.654942
7869,80,84.615387,55.654942
7870,80,85.140415,53.772629
7871,80,85.665443,51.890316
7872,80,85.665443,51.890316
7873,80,85.665443,51.890316
7874,80,85.665443,51.890316
7875,80,86.2759475,51.890316
7876,80,86.886452,49.93005
7877,80,86.886452,47.969784
7878,80,86.886452,47.969784
7879,80,87.203911,47.969784
7880,80,87.52137,47.969784
7881,80,87.52137,47.969784
7882,80,87.52137,45.695265
7883,80,87.96093,43.420746
7884,80,88.40049,43.420746
7885,80,88.40049,43.420746
7886,80,88.40049,43.420746
7887,80,88.40049,43.420746
7888,80,88.40049,43.420746
7889,80,89.157509,40.580574
7890,80,89.157509,37.740402
7891,80,89.157509,37.740402
7892,80,89.157509,37.740402
7893,80,89.34066,37.740402
7894,80,89.523811,35.3438205
7895,80,89.523811,32.947239
7896,80,89.523811,32.947239
7897,80,89.7191695,32.947239
7898,80,89.914528,32.947239
7899,80,89.914528,32.947239
7900,80,89.914528,30.231119
7901,80,90.036629,27.514999
7902,80,90.15873,27.514999
7903,80,90.15873,27.514999
7904,80,90.15873,27.514999
7905,80,90.15873,27.514999
7906,80,90.0732615,27.514999
7907,80,89.987793,24.634079
7908,80,89.987793,21.753159
7909,80,89.987793,21.753159
7910,80,89.987793,21.753159
7911,80,89.987793,21.753159
7912,80,90.0366325,21.753159
7913,80,90.085472,21.753159
7914,80,90.085472,19.316622
7915,80,90.085472,16.880085
7916,80,89.987793,16.880085
7917,80,89.890114,16.880085
7918,80,89.890114,16.880085
7919,80,89.890114,16.880085
7920,80,89.6459125,14.493524
7921,80,89.401711,12.106963
7922,80,89.401711,12.106963
7923,80,89.401711,12.106963
7924,80,89.401711,12.106963
7925,80,89.16972,12.106963
7926,80,88.937729,9.7350355
7927,80,88.937729,7.363108
7928,80,88.937729,7.363108
7929,80,88.6446875,7.363108
7930,80,88.351646,7.363108
7931,80,88.351646,5.464481
7932,80,88.351646,3.565854
7933,80,88.131866,3.565854
7934,80,87.912086,3.565854
7935,80,87.912086,3.565854
7936,80,87.912086,3.565854
7937,80,87.5457875,1.782927
7938,80,87.179489,0
7939,80,87.179489,0
7940,80,87.179489,0
7941,80,87.179489,0
7942,80,86.6910895,0
7943,80,86.20269,0
7944,80,86.20269,0
7945,80,86.20269,0
7946,80,86.20269,0
7947,80,85.8485985,0
7948,80,85.494507,0
7949,80,85.494507,0
7950,80,85.494507,0
7951,80,85.494507,0
7952,80,85.1404155,0
7953,80,84.786324,0
7954,80,84.786324,0
7955,80,84.786324,0
7956,80,84.444443,0
7957,80,84.102562,0
7958,80,84.102562,0
7959,80,84.102562,0
7960,80,84.102562,0
7961,80,83.663002,0
7962,80,83.223442,0
7963,80,83.223442,0
7964,80,83.223442,0
7965,80,82.808304,0
7966,80,82.393166,0
7967,80,82.393166,0
7968,80,82.393166,0.013572
7969,80,82.063496,0.027144
7970,80,81.733826,0.027144
7971,80,81.733826,0.027144
7972,80,81.733826,0.027144
7973,80,81.733826,0.027144
7974,80,81.306473,0.027144
7975,80,80.87912,0.1017865
7976,80,80.87912,0.176429
7977,80,80.87912,0.176429
7978,80,80.87912,0.176429
7979,80,80.43956,0.176429
7980,80,80,0.4552195
7981,80,80,0.73401
7982,80,80,0.73401
7983,80,79.56044,0.73401
7984,80,79.12088,0.73401
7985,80,79.12088,0.73401
7986,80,79.12088,0.73401
7987,80,78.7545815,1.2340455
7988,80,78.388283,1.734081
7989,80,78.388283,1.734081
7990,80,78.388283,1.734081
7991,80,78.388283,1.734081
7992,80,77.948719,1.734081
7993,80,77.509155,2.683044
7994,80,77.509155,3.632007
7995,80,77.509155,3.632007
7996,80,77.509155,3.632007
7997,80,77.1550675,3.632007
7998,80,76.80098,3.632007
7999,80,76.80098,4.748748
8000,80,76.80098,5.865489
8001,80,76.80098,5.865489
8002,80,76.36142,5.865489
8003,80,75.92186,5.865489
8004,80,75.92186,5.865489
8005,80,75.92186,7.308244
8006,80,75.567768,8.750999
8007,80,75.213676,8.750999
8008,80,75.213676,8.750999
8009,80,75.213676,8.750999
8010,80,74.7741165,8.750999
8011,80,74.334557,8.750999
8012,80,74.334557,10.6392435
8013,80,74.334557,12.527488
8014,80,74.334557,12.527488
8015,80,73.992676,12.527488
8016,80,73.650795,12.527488
8017,80,73.650795,12.527488
8018,80,73.650795,14.271426
8019,80,73.650795,16.015364
8020,80,73.308914,16.015364
8021,80,72.967033,16.015364
8022,80,72.967033,16.015364
8023,80,72.967033,16.015364
8024,80,72.6984135,18.1408235
8025,80,72.429794,20.266283
8026,80,72.429794,20.266283
8027,80,72.429794,20.266283
8028,80,72.429794,20.266283
8029,80,72.1978035,20.266283
8030,80,71.965813,22.637223
8031,80,71.965813,25.008163
8032,80,71.965813,25.008163
8033,80,71.709404,25.008163
8034,80,71.452995,25.008163
8035,80,71.452995,25.008163
8036,80,71.452995,27.2813405
8037,80,71.452995,29.554518
8038,80,71.452995,29.554518
8039,80,71.257629,29.554518
8040,80,71.257629,29.554518
8041,80,71.257629,29.554518
8042,80,71.062271,31.869529
8043,80,70.866913,34.18454
8044,80,70.866913,34.18454
8045,80,70.866913,34.18454
8046,80,70.866913,34.18454
8047,80,70.8058625,34.18454
8048,80,70.744812,34.18454
8049,80,70.744812,36.885029
8050,80,70.744812,39.585518
8051,80,70.8058625,39.585518
8052,80,70.866913,39.585518
8053,80,70.866913,39.585518
8054,80,70.866913,41.798893
8055,80,70.866913,44.012268
8056,80,70.842491,44.012268
8057,80,70.818069,44.012268
8058,80,70.818069,44.012268
8059,80,70.818069,44.012268
8060,80,70.842491,46.4516945
8061,80,70.866913,48.891121
8062,80,70.866913,48.891121
8063,80,70.866913,48.891121
8064,80,70.866913,48.891121
8065,80,71.1355325,48.891121
8066,80,71.404152,48.891121
8067,80,71.404152,48.891121
8068,80,71.404152,51.2542305
8069,80,71.404152,53.61734
8070,80,71.8559225,53.61734
8071,80,72.307693,53.61734
8072,80,72.307693,53.61734
8073,80,72.307693,55.0427895
8074,80,72.759464,56.468239
8075,80,73.211235,56.468239
8076,80,73.211235,56.468239
8077,80,73.211235,56.468239
8078,80,73.650795,56.468239
8079,80,74.090355,56.468239
8080,80,74.090355,57.840401
8081,80,74.090355,59.212563
8082,80,74.090355,59.212563
8083,80,74.5787545,59.212563
8084,80,75.067154,59.212563
8085,80,75.067154,60.0470755
8086,80,75.067154,60.881588
8087,80,75.067154,60.881588
8088,80,75.604397,60.881588
8089,80,76.14164,60.881588
8090,80,76.14164,60.881588
8091,80,76.14164,61.389559
8092,80,76.14164,61.89753
8093,80,76.8498195,61.89753
8094,80,77.557999,61.89753
8095,80,77.557999,61.89753
8096,80,77.557999,61.89753
8097,80,78.0463985,61.89753
8098,80,78.534798,61.89753
8099,80,78.534798,61.89753
8100,80,78.534798,62.018963
8101,80,79.16972,62.018963
8102,80,79.804642,62.018963
8103,80,79.804642,62.018963
8104,80,79.804642,61.59346
8105,80,79.804642,61.167957
8106,80,80.439564,61.167957
8107,80,81.074486,61.167957
8108,80,81.074486,61.167957
8109,80,81.074486,61.167957
8110,80,81.074486,61.167957
8111,80,81.721615,60.2552395
8112,80,82.368744,59.342522
8113,80,82.368744,59.342522
8114,80,82.368744,59.342522
8115,80,82.9304045,59.342522
8116,80,83.492065,59.342522
8117,80,83.492065,57.9588415
8118,80,83.492065,56.575161
8119,80,83.492065,56.575161
8120,80,84.0903545,56.575161
8121,80,84.688644,56.575161
8122,80,84.688644,56.575161
8123,80,84.688644,54.9374315
8124,80,85.2869375,53.299702
8125,80,85.885231,53.299702
8126,80,85.885231,53.299702
8127,80,85.885231,53.299702
8128,80,85.885231,53.299702
8129,80,85.885231,53.299702
8130,80,86.837608,49.121948
8131,80,86.837608,49.121948
8132,80,86.837608,49.121948
8133,80,87.25275,49.121948
8134,80,87.667892,49.121948
8135,80,87.667892,49.121948
8136,80,87.667892,46.5644205
8137,80,87.667892,44.006893
8138,80,87.667892,44.006893
8139,80,88.0830305,44.006893
8140,80,88.498169,44.006893
8141,80,88.498169,44.006893
8142,80,88.498169,44.006893
8143,80,88.498169,41.687668
8144,80,88.84005,39.368443
8145,80,89.181931,39.368443
8146,80,89.181931,39.368443
8147,80,89.181931,39.368443
8148,80,89.4261325,39.368443
8149,80,89.670334,36.613375
8150,80,89.670334,33.858307
8151,80,89.670334,33.858307
8152,80,89.792431,33.858307
8153,80,89.914528,33.858307
8154,80,89.914528,33.858307
8155,80,89.914528,30.9361705
8156,80,89.987789,28.014034
8157,80,90.06105,28.014034
8158,80,90.06105,28.014034
8159,80,90.06105,28.014034
8160,80,90,25.460347
8161,80,89.93895,22.90666
8162,80,89.93895,22.90666
8163,80,89.93895,22.90666
8164,80,89.93895,22.90666
8165,80,89.9633715,22.90666
8166,80,89.987793,20.369724
8167,80,89.987793,17.832788
8168,80,89.987793,17.832788
8169,80,89.792431,17.832788
8170,80,89.597069,17.832788
8171,80,89.597069,17.832788
8172,80,89.597069,17.832788
8173,80,89.597069,15.2909575
8174,80,89.4383395,12.749127
8175,80,89.27961,12.749127
8176,80,89.27961,12.749127
8177,80,89.27961,12.749127
8178,80,89.27961,12.749127
8179,80,89.0964585,10.6593325
8180,80,88.913307,8.569538
8181,80,88.913307,8.569538
8182,80,88.913307,8.569538
8183,80,88.913307,8.569538
8184,80,88.608059,8.569538
8185,80,88.302811,6.5211715
8186,80,88.302811,4.472805
8187,80,88.058609,4.472805
8188,80,87.814407,4.472805
8189,80,87.814407,4.472805
8190,80,87.814407,4.472805
8191,80,87.814407,4.472805
8192,80,87.3382185,2.5665255
8193,80,86.86203,0.660246
8194,80,86.86203,0.660246
8195,80,86.86203,0.660246
8196,80,86.520149,0.660246
8197,80,86.178268,0.330123
8198,80,86.178268,0
8199,80,86.178268,0
8200,80,86.178268,0
8201,80,85.787548,0
8202,80,85.396828,0
8203,80,85.396828,0
8204,80,85.396828,0
8205,80,85.091576,0
8206,80,84.786324,0
8207,80,84.786324,0
8208,80,84.786324,0
8209,80,84.786324,0
8210,80,84.3956035,0
8211,80,84.004883,0
8212,80,84.004883,0
8213,80,84.004883,0
8214,80,83.540905,0
8215,80,83.076927,0
8216,80,83.076927,0
8217,80,83.076927,0
8218,80,83.076927,0
8219,80,83.076927,0
8220,80,82.368744,0
8221,80,82.368744,0
8222,80,82.368744,0
8223,80,81.941395,0.0243425
8224,80,81.514046,0.048685
8225,80,81.514046,0.048685
8226,80,81.514046,0.048685
8227,80,81.514046,0.048685
8228,80,81.196583,0.048685
8229,80,80.87912,0.0801515
8230,80,80.87912,0.111618
8231,80,80.87912,0.111618
8232,80,80.43956,0.111618
8233,80,80,0.111618
8234,80,80,0.111618
8235,80,80,0.3758125
8236,80,80,0.640007
8237,80,79.6337015,0.640007
8238,80,79.267403,0.640007
8239,80,79.267403,0.640007
8240,80,79.267403,0.640007
8241,80,78.925522,1.2923745
8242,80,78.583641,1.944742
8243,80,78.583641,1.944742
8244,80,78.583641,1.944742
8245,80,78.583641,1.944742
8246,80,78.168499,1.944742
8247,80,77.753357,2.722756
8248,80,77.753357,3.50077
8249,80,77.753357,3.50077
8250,80,77.3626365,3.50077
8251,80,76.971916,3.50077
8252,80,76.971916,3.50077
8253,80,76.971916,4.7112175
8254,80,76.971916,5.921665
8255,80,76.4957275,5.921665
8256,80,76.019539,5.921665
8257,80,76.019539,5.921665
8258,80,76.019539,5.921665
8259,80,76.019539,5.921665
8260,80,75.6166075,7.424774
8261,80,75.213676,8.927883
8262,80,75.213676,8.927883
8263,80,74.9450565,8.927883
8264,80,74.676437,8.927883
8265,80,74.676437,8.927883
8266,80,74.676437,10.477894
8267,80,74.676437,12.027905
8268,80,74.2979275,12.027905
8269,80,73.919418,12.027905
8270,80,73.919418,12.027905
8271,80,73.919418,12.027905
8272,80,73.919418,13.9342135
8273,80,73.6874275,15.840522
8274,80,73.455437,15.840522
8275,80,73.455437,15.840522
8276,80,73.455437,15.840522
8277,80,73.455437,15.840522
8278,80,73.028084,15.840522
8279,80,72.600731,15.840522
8280,80,72.600731,20.445135
8281,80,72.454212,20.445135
8282,80,72.307693,20.445135
8283,80,72.307693,20.445135
8284,80,72.307693,20.445135
8285,80,72.307693,22.64287
8286,80,72.014652,24.840605
8287,80,71.721611,24.840605
8288,80,71.721611,24.840605
8289,80,71.721611,24.840605
8290,80,71.721611,24.840605
8291,80,71.5262525,27.138733
8292,80,71.330894,29.436861
8293,80,71.330894,29.436861
8294,80,71.330894,29.436861
8295,80,71.330894,29.436861
8296,80,71.245422,29.436861
8297,80,71.15995,32.0396965
8298,80,71.15995,34.642532
8299,80,71.074482,34.642532
8300,80,70.989014,34.642532
8301,80,70.989014,34.642532
8302,80,70.989014,34.642532
8303,80,70.989014,36.9971425
8304,80,71.0500645,39.351753
8305,80,71.111115,39.351753
8306,80,71.111115,39.351753
8307,80,71.111115,39.351753
8308,80,71.074482,39.351753
8309,80,71.037849,39.351753
8310,80,71.037849,44.052254
8311,80,71.037849,44.052254
8312,80,71.037849,44.052254
8313,80,71.147739,44.052254
8314,80,71.257629,44.052254
8315,80,71.257629,44.052254
8316,80,71.257629,44.052254
8317,80,71.3064725,46.6014825
8318,80,71.355316,49.150711
8319,80,71.355316,49.150711
8320,80,71.355316,49.150711
8321,80,71.355316,49.150711
8322,80,71.7582435,51.021719
8323,80,72.161171,52.892727
8324,80,72.161171,52.892727
8325,80,72.161171,52.892727
8326,80,72.161171,52.892727
8327,80,72.490841,52.892727
8328,80,72.820511,54.4078695
8329,80,72.820511,55.923012
8330,80,72.820511,55.923012
8331,80,72.820511,55.923012
8332,80,73.3821715,55.923012
8333,80,73.943832,55.923012
8334,80,73.943832,55.923012
8335,80,73.943832,57.260506
8336,80,74.3589745,58.598
8337,80,74.774117,58.598
8338,80,74.774117,58.598
8339,80,74.774117,58.598
8340,80,74.774117,58.598
8341,80,75.726494,60.157192
8342,80,75.726494,60.157192
8343,80,75.726494,60.157192
8344,80,75.726494,60.157192
8345,80,76.373627,60.157192
8346,80,77.02076,60.58275
8347,80,77.02076,61.008308
8348,80,77.02076,61.008308
8349,80,77.02076,61.008308
8350,80,77.4969485,61.008308
8351,80,77.973137,61.008308
8352,80,77.973137,61.008308
8353,80,78.5470085,61.0446205
8354,80,79.12088,61.080933
8355,80,79.12088,61.080933
8356,80,79.12088,61.080933
8357,80,79.12088,61.080933
8358,80,79.755802,61.080933
8359,80,80.390724,60.7440415
8360,80,80.390724,60.40715
8361,80,80.390724,60.40715
8362,80,80.390724,60.40715
8363,80,80.964592,60.40715
8364,80,81.53846,60.40715
8365,80,81.53846,59.608551
8366,80,81.53846,58.809952
8367,80,81.53846,58.809952
8368,80,82.161171,58.809952
8369,80,82.783882,58.809952
8370,80,82.783882,58.809952
8371,80,82.783882,57.5211375
8372,80,83.321125,56.232323
8373,80,83.858368,56.232323
8374,80,83.858368,56.232323
8375,80,83.858368,56.232323
8376,80,84.4200285,56.232323
8377,80,84.981689,54.72019
8378,80,84.981689,53.208057
8379,80,84.981689,53.208057
8380,80,84.981689,53.208057
8381,80,85.567768,53.208057
8382,80,86.153847,53.208057
8383,80,86.153847,51.320303
8384,80,86.153847,49.432549
8385,80,86.153847,49.432549
8386,80,86.691086,49.432549
8387,80,87.228325,49.432549
8388,80,87.228325,49.432549
8389,80,87.228325,47.0317425
8390,80,87.545788,44.630936
8391,80,87.863251,44.630936
8392,80,87.863251,44.630936
8393,80,87.863251,44.630936
8394,80,88.2295495,44.630936
8395,80,88.595848,42.2983705
8396,80,88.595848,39.965805
8397,80,88.595848,39.965805
8398,80,88.595848,39.965805
8399,80,88.8400495,39.965805
8400,80,89.084251,39.965805
8401,80,89.084251,37.3292215
8402,80,89.084251,34.692638
8403,80,89.084251,34.692638
8404,80,89.413921,34.692638
8405,80,89.743591,34.692638
8406,80,89.743591,34.692638
8407,80,89.743591,34.692638
8408,80,89.78022,31.587529
8409,80,89.816849,28.48242
8410,80,89.816849,28.48242
8411,80,89.816849,28.48242
8412,80,89.9389495,28.48242
8413,80,90.06105,28.48242
8414,80,90.06105,28.48242
8415,80,90.06105,26.0412655
8416,80,90.06105,23.600111
8417,80,90.06105,23.600111
8418,80,89.987789,23.600111
8419,80,89.914528,23.600111
8420,80,89.914528,23.600111
8421,80,89.914528,21.070546
8422,80,89.914528,18.540981
8423,80,89.914528,18.540981
8424,80,89.914528,18.540981
8425,80,89.914528,18.540981
8426,80,89.914528,18.540981
8427,80,89.914528,18.540981
8428,80,89.6336975,16.0169115
8429,80,89.352867,13.492842
8430,80,89.352867,13.492842
8431,80,89.352867,13.492842
8432,80,89.2918205,13.492842
8433,80,89.230774,11.369516
8434,80,89.230774,9.24619
8435,80,89.230774,9.24619
8436,80,88.9377325,9.24619
8437,80,88.644691,9.24619
8438,80,88.644691,7.141018
8439,80,88.644691,5.035846
8440,80,88.3760715,5.035846
8441,80,88.107452,5.035846
8442,80,88.107452,5.035846
8443,80,88.107452,5.035846
8444,80,87.887672,5.035846
8445,80,87.667892,3.051068
8446,80,87.667892,1.06629
8447,80,87.667892,1.06629
8448,80,87.2283285,1.06629
8449,80,86.788765,1.06629
8450,80,86.788765,0.533145
8451,80,86.788765,0
8452,80,86.788765,0
8453,80,86.446888,0
8454,80,86.105011,0
8455,80,86.105011,0
8456,80,86.105011,0
8457,80,86.105011,0
8458,80,85.677658,0
8459,80,85.250305,0
8460,80,85.250305,0
8461,80,85.250305,0
8462,80,85.250305,0
8463,80,84.847374,0
8464,80,84.444443,0
8465,80,84.444443,0
8466,80,84.444443,0
8467,80,84.1758235,0
8468,80,83.907204,0
8469,80,83.907204,0
8470,80,83.907204,0
8471,80,83.907204,0
8472,80,83.455433,0
8473,80,83.003662,0
8474,80,83.003662,0
8475,80,83.003662,0
8476,80,82.6251525,0.0116985
8477,80,82.246643,0.023397
8478,80,82.246643,0.023397
8479,80,82.246643,0.023397
8480,80,81.7704545,0.023397
8481,80,81.294266,0.0295785
8482,80,81.294266,0.03576
8483,80,81.294266,0.03576
8484,80,81.050064,0.03576
8485,80,80.805862,0.03576
8486,80,80.805862,0.03576
8487,80,80.805862,0.03576
8488,80,80.805862,0.197784
8489,80,80.293041,0.359808
8490,80,79.78022,0.359808
8491,80,79.78022,0.359808
8492,80,79.78022,0.359808
8493,80,79.78022,0.359808
8494,80,79.4261285,0.778073
8495,80,79.072037,1.196338
8496,80,79.072037,1.196338
8497,80,79.072037,1.196338
8498,80,78.742367,1.196338
8499,80,78.412697,1.196338
8500,80,78.412697,1.845263
8501,80,78.412697,2.494188
8502,80,78.0097695,2.494188
8503,80,77.606842,2.494188
8504,80,77.606842,2.494188
8505,80,77.606842,2.494188
8506,80,77.606842,3.372657
8507,80,77.2405395,4.251126
8508,80,76.874237,4.251126
8509,80,76.874237,4.251126
8510,80,76.874237,4.251126
8511,80,76.874237,4.251126
8512,80,76.446888,5.620296
8513,80,76.019539,6.989466
8514,80,76.019539,6.989466
8515,80,76.019539,6.989466
8516,80,75.7264975,6.989466
8517,80,75.433456,6.989466
8518,80,75.433456,8.392687
8519,80,75.433456,9.795908
8520,80,75.433456,9.795908
8521,80,74.822952,9.795908
8522,80,74.822952,9.795908
8523,80,74.822952,9.795908
8524,80,74.822952,11.567923
8525,80,74.310135,13.339938
8526,80,73.797318,13.339938
8527,80,73.797318,13.339938
8528,80,73.797318,13.339938
8529,80,73.5286945,13.339938
8530,80,73.260071,13.339938
8531,80,73.260071,15.731706
8532,80,73.260071,18.123474
8533,80,73.003662,18.123474
8534,80,72.747253,18.123474
8535,80,72.747253,18.123474
8536,80,72.747253,18.123474
8537,80,72.747253,19.950511
8538,80,72.454212,21.777548
8539,80,72.161171,21.777548
8540,80,72.161171,21.777548
8541,80,72.161171,21.777548
8542,80,72.161171,21.777548
8543,80,72.026863,24.162468
8544,80,71.892555,26.547388
8545,80,71.892555,26.547388
8546,80,71.892555,26.547388
8547,80,71.6605645,26.547388
8548,80,71.428574,26.547388
8549,80,71.428574,28.7779905
8550,80,71.428574,31.008593
8551,80,71.318684,31.008593
8552,80,71.208794,31.008593
8553,80,71.208794,31.008593
8554,80,71.208794,31.008593
8555,80,71.208794,33.355895
8556,80,71.196583,35.703197
8557,80,71.184372,35.703197
8558,80,71.184372,35.703197
8559,80,71.184372,35.703197
8560,80,71.2210005,35.703197
8561,80,71.257629,35.703197
8562,80,71.257629,38.4195385
8563,80,71.257629,41.13588
8564,80,71.257629,41.13588
8565,80,71.2087895,41.13588
8566,80,71.15995,41.13588
8567,80,71.15995,41.13588
8568,80,71.15995,43.282923
8569,80,71.184372,45.429966
8570,80,71.208794,45.429966
8571,80,71.208794,45.429966
8572,80,71.208794,45.429966
8573,80,71.4529915,45.429966
8574,80,71.697189,47.5700625
8575,80,71.697189,49.710159
8576,80,71.697189,49.710159
8577,80,71.697189,49.710159
8578,80,71.904762,49.710159
8579,80,72.112335,49.710159
8580,80,72.112335,49.710159
8581,80,72.112335,51.714325
8582,80,72.112335,53.718491
8583,80,72.4908445,53.718491
8584,80,72.869354,53.718491
8585,80,72.869354,53.718491
8586,80,72.869354,53.718491
8587,80,73.296703,55.04883
8588,80,73.724052,56.379169
8589,80,73.724052,56.379169
8590,80,73.724052,56.379169
8591,80,74.2002445,56.379169
8592,80,74.676437,56.379169
8593,80,74.676437,57.397951
8594,80,74.676437,58.416733
8595,80,74.676437,58.416733
8596,80,75.2136765,58.416733
8597,80,75.750916,58.416733
8598,80,75.750916,58.416733
8599,80,75.750916,58.416733
8600,80,76.2881585,59.1730975
8601,80,76.825401,59.929462
8602,80,76.825401,59.929462
8603,80,76.825401,59.929462
8604,80,77.399269,59.929462
8605,80,77.973137,60.16394
8606,80,77.973137,60.398418
8607,80,77.973137,60.398418
8608,80,77.973137,60.398418
8609,80,78.51038,60.398418
8610,80,79.047623,60.398418
8611,80,79.047623,60.398418
8612,80,79.047623,60.2668685
8613,80,79.6337015,60.135319
8614,80,80.21978,60.135319
8615,80,80.21978,60.135319
8616,80,80.21978,60.135319
8617,80,80.21978,60.135319
8618,80,80.842491,59.3718375
8619,80,81.465202,58.608356
8620,80,81.465202,58.608356
8621,80,81.465202,58.608356
8622,80,81.9536015,58.608356
8623,80,82.442001,58.608356
8624,80,82.442001,57.5748325
8625,80,82.442001,56.541309
8626,80,82.442001,56.541309
8627,80,83.003662,56.541309
8628,80,83.565323,56.541309
8629,80,83.565323,56.541309
8630,80,83.565323,55.1525935
8631,80,84.2368735,53.763878
8632,80,84.908424,53.763878
8633,80,84.908424,53.763878
8634,80,84.908424,53.763878
8635,80,84.908424,53.763878
8636,80,85.3113555,53.763878
8637,80,85.714287,51.748619
8638,80,85.714287,49.73336
8639,80,85.714287,49.73336
8640,80,86.263737,49.73336
8641,80,86.813187,49.73336
8642,80,86.813187,49.73336
8643,80,86.813187,47.650852
8644,80,87.326008,45.568344
8645,80,87.838829,45.568344
8646,80,87.838829,45.568344
8647,80,87.838829,45.568344
8648,80,87.838829,45.568344
8649,80,88.1196595,43.1394555
8650,80,88.40049,40.710567
8651,80,88.40049,40.710567
8652,80,88.40049,40.710567
8653,80,88.40049,40.710567
8654,80,88.6813205,40.710567
8655,80,88.962151,40.710567
8656,80,88.962151,37.7800785
8657,80,88.9987795,34.84959
8658,80,89.035408,34.84959
8659,80,89.035408,34.84959
8660,80,89.035408,34.84959
8661,80,89.035408,34.84959
8662,80,89.365078,32.3534685
8663,80,89.694748,29.857347
8664,80,89.694748,29.857347
8665,80,89.694748,29.857347
8666,80,89.694748,29.857347
8667,80,89.816849,29.857347
8668,80,89.93895,27.3722215
8669,80,89.93895,24.887096
8670,80,89.93895,24.887096
8671,80,89.93895,24.887096
8672,80,89.987793,24.887096
8673,80,89.987793,24.887096
8674,80,89.987793,22.166172
8675,80,89.865692,19.445248
8676,80,89.743591,19.445248
8677,80,89.743591,19.445248
8678,80,89.743591,19.445248
8679,80,89.743591,19.445248
8680,80,89.5848615,17.2231165
8681,80,89.426132,15.000985
8682,80,89.426132,15.000985
8683,80,89.426132,15.000985
8684,80,89.426132,15.000985
8685,80,89.328453,15.000985
8686,80,89.230774,12.715969
8687,80,89.230774,10.430953
8688,80,89.230774,10.430953
8689,80,88.913311,10.430953
8690,80,88.595848,10.430953
8691,80,88.595848,10.430953
8692,80,88.595848,10.430953
8693,80,88.40049,8.177213
8694,80,88.205132,5.923473
8695,80,88.205132,5.923473
8696,80,88.205132,5.923473
8697,80,88.205132,5.923473
8698,80,87.9243015,4.2824835
8699,80,87.643471,2.641494
8700,80,87.3217355,2.641494
8701,80,87,2.641494
8702,80,86.5,2.641494
8703,80,86,2.641494
8704,80,86,1.320747
8705,80,86,0
8706,80,86,0
8707,80,86.101345,0
8708,80,86.20269,0
8709,80,86.20269,0
8710,80,86.20269,0
8711,80,85.787548,0
8712,80,85.372406,0
8713,80,85.372406,0
8714,80,85.372406,0
8715,80,85.0183145,0
8716,80,84.664223,0
8717,80,84.664223,0
8718,80,84.664223,0
8719,80,84.664223,0
8720,80,84.2735025,0
8721,80,83.882782,0
8722,80,83.882782,0
8723,80,83.882782,0.0247005
8724,80,83.882782,0.049401
8725,80,83.4798545,0.049401
8726,80,83.076927,0.049401
8727,80,83.076927,0.049401
8728,80,83.076927,0.049401
8729,80,82.7350465,0.0394615
8730,80,82.393166,0.029522
8731,80,82.393166,0.029522
8732,80,82.393166,0.029522
8733,80,81.953606,0.029522
8734,80,81.514046,0.029522
8735,80,81.514046,0.0517475
8736,80,81.514046,0.073973
8737,80,81.514046,0.073973
8738,80,81.2454225,0.073973
8739,80,80.976799,0.073973
8740,80,80.976799,0.073973
8741,80,80.976799,0.134701
8742,80,80.451771,0.195429
8743,80,79.926743,0.195429
8744,80,79.926743,0.195429
8745,80,79.926743,0.195429
8746,80,79.6337015,0.195429
8747,80,79.34066,0.195429
8748,80,79.34066,0.736269
8749,80,79.34066,1.277109
8750,80,79.34066,1.277109
8751,80,78.937729,1.277109
8752,80,78.534798,1.277109
8753,80,78.534798,1.277109
8754,80,78.534798,1.933226
8755,80,78.534798,2.589343
8756,80,78.095238,2.589343
8757,80,77.655678,2.589343
8758,80,77.655678,2.589343
8759,80,77.655678,2.589343
8760,80,77.289379,3.5065345
8761,80,76.92308,4.423726
8762,80,76.92308,4.423726
8763,80,76.92308,4.423726
8764,80,76.5567775,4.423726
8765,80,76.190475,4.423726
8766,80,76.190475,5.789496
8767,80,76.190475,7.155266
8768,80,76.190475,7.155266
8769,80,75.8119655,7.155266
8770,80,75.433456,7.155266
8771,80,75.433456,7.155266
8772,80,75.433456,8.5248665
8773,80,75.030525,9.894467
8774,80,74.627594,9.894467
8775,80,74.627594,9.894467
8776,80,74.627594,9.894467
8777,80,74.627594,9.894467
8778,80,74.3223455,11.6268565
8779,80,74.017097,13.359246
8780,80,74.017097,13.359246
8781,80,74.017097,13.359246
8782,80,73.7606845,13.359246
8783,80,73.504272,13.359246
8784,80,73.504272,13.359246
8785,80,73.504272,15.436638
8786,80,73.1746025,17.51403
8787,80,72.844933,17.51403
8788,80,72.844933,17.51403
8789,80,72.844933,17.51403
8790,80,72.844933,19.397042
8791,80,72.844933,21.280054
8792,80,72.503052,21.280054
8793,80,72.503052,21.280054
8794,80,72.503052,21.280054
8795,80,72.503052,21.280054
8796,80,72.173382,23.5234145
8797,80,71.843712,25.766775
8798,80,71.843712,25.766775
8799,80,71.843712,25.766775
8800,80,71.7704505,25.766775
8801,80,71.697189,25.766775
8802,80,71.697189,25.766775
8803,80,71.697189,28.2203235
8804,80,71.6483495,30.673872
8805,80,71.59951,30.673872
8806,80,71.59951,30.673872
8807,80,71.59951,30.673872
8808,80,71.59951,30.673872
8809,80,71.4407805,32.9093255
8810,80,71.282051,35.144779
8811,80,71.282051,35.144779
8812,80,71.282051,35.144779
8813,80,71.26984,35.144779
8814,80,71.257629,35.144779
8815,80,71.257629,37.361654
8816,80,71.257629,39.578529
8817,80,71.2942615,39.578529
8818,80,71.330894,39.578529
8819,80,71.330894,39.578529
8820,80,71.330894,39.578529
8821,80,71.330894,39.578529
8822,80,71.367523,44.30405
8823,80,71.404152,44.30405
8824,80,71.404152,44.30405
8825,80,71.404152,44.30405
8826,80,71.404152,44.30405
8827,80,71.6483535,46.261747
8828,80,71.892555,48.219444
8829,80,71.892555,48.219444
8830,80,71.892555,48.219444
8831,80,72.002445,48.219444
8832,80,72.112335,48.219444
8833,80,72.112335,50.187317
8834,80,72.112335,52.15519
8835,80,72.344326,52.15519
8836,80,72.576317,52.15519
8837,80,72.576317,52.15519
8838,80,72.576317,52.15519
8839,80,72.576317,52.15519
8840,80,72.991455,53.9105725
8841,80,73.406593,55.665955
8842,80,73.406593,55.665955
8843,80,73.406593,55.665955
8844,80,73.968254,55.665955
8845,80,74.529915,55.665955
8846,80,74.529915,56.6854805
8847,80,74.529915,57.705006
8848,80,74.529915,57.705006
8849,80,75.042736,57.705006
8850,80,75.555557,57.705006
8851,80,75.555557,57.705006
8852,80,75.555557,58.4769765
8853,80,76.007328,59.248947
8854,80,76.459099,59.248947
8855,80,76.459099,59.248947
8856,80,76.459099,59.248947
8857,80,76.9597095,59.248947
8858,80,77.46032,59.617674
8859,80,77.46032,59.986401
8860,80,77.46032,59.986401
8861,80,77.46032,59.986401
8862,80,78.095242,59.986401
8863,80,78.730164,59.986401
8864,80,78.730164,59.8903715
8865,80,78.730164,59.794342
8866,80,78.730164,59.794342
8867,80,79.365082,59.794342
8868,80,80,59.794342
8869,80,80,59.794342
8870,80,80,59.354141
8871,80,80.451771,58.91394
8872,80,80.903542,58.91394
8873,80,80.903542,58.91394
8874,80,80.903542,58.91394
8875,80,81.416363,58.91394
8876,80,81.929184,58.91394
8877,80,81.929184,57.9579425
8878,80,81.929184,57.001945
8879,80,81.929184,57.001945
8880,80,82.564106,57.001945
8881,80,83.199028,57.001945
8882,80,83.199028,57.001945
8883,80,83.199028,54.746265
8884,80,83.199028,54.746265
8885,80,83.8095285,54.746265
8886,80,84.420029,54.746265
8887,80,84.420029,54.746265
8888,80,84.7619095,53.1507185
8889,80,85.10379,51.555172
8890,80,85.10379,51.555172
8891,80,85.10379,51.555172
8892,80,85.10379,51.555172
8893,80,85.641029,51.555172
8894,80,86.178268,51.555172
8895,80,86.178268,49.3976805
8896,80,86.178268,47.240189
8897,80,86.178268,47.240189
8898,80,86.5811995,47.240189
8899,80,86.984131,47.240189
8900,80,86.984131,47.240189
8901,80,86.984131,45.2105545
8902,80,87.4725305,43.18092
8903,80,87.96093,43.18092
8904,80,87.96093,43.18092
8905,80,87.96093,43.18092
8906,80,88.253971,43.18092
8907,80,88.547012,40.809933
8908,80,88.547012,38.438946
8909,80,88.547012,38.438946
8910,80,88.547012,38.438946
8911,80,88.7545815,38.438946
8912,80,88.962151,38.438946
8913,80,88.962151,35.78776
8914,80,88.962151,33.136574
8915,80,88.962151,33.136574
8916,80,89.2307705,33.136574
8917,80,89.49939,33.136574
8918,80,89.49939,33.136574
8919,80,89.49939,33.136574
8920,80,89.49939,30.6086295
8921,80,89.487179,28.080685
8922,80,89.474968,28.080685
8923,80,89.474968,28.080685
8924,80,89.474968,28.080685
8925,80,89.474968,28.080685
8926,80,89.548229,25.539184
8927,80,89.62149,22.997683
8928,80,89.62149,22.997683
8929,80,89.62149,22.997683
8930,80,89.6092795,22.997683
8931,80,89.597069,22.997683
8932,80,89.597069,22.997683
8933,80,89.597069,20.1460595
8934,80,89.5360185,17.294436
8935,80,89.474968,17.294436
8936,80,89.474968,17.294436
8937,80,89.474968,17.294436
8938,80,89.474968,15.065129
8939,80,89.2796095,12.835822
8940,80,89.084251,12.835822
8941,80,89.084251,12.835822
8942,80,89.084251,12.835822
8943,80,88.9621505,12.835822
8944,80,88.84005,10.652366
8945,80,88.84005,8.46891
8946,80,88.84005,8.46891
8947,80,88.6691095,8.46891
8948,80,88.498169,8.46891
8949,80,88.498169,6.64283
8950,80,88.498169,4.81675
8951,80,88.2295495,4.81675
8952,80,87.96093,4.81675
8953,80,87.96093,4.81675
8954,80,87.96093,4.81675
8955,80,87.96093,4.81675
8956,80,87.96093,3.105493
8957,80,87.5579985,1.394236
8958,80,87.155067,1.394236
8959,80,87.155067,1.394236
8960,80,87.155067,1.394236
8961,80,87.155067,1.394236
8962,80,86.727718,1.394236
8963,80,86.300369,0.697118
8964,80,86.300369,0
8965,80,86.300369,0
8966,80,86.007328,0
8967,80,85.714287,0
8968,80,85.714287,0
8969,80,85.714287,0
8970,80,85.347988,0
8971,80,84.981689,0
8972,80,84.981689,0
8973,80,84.981689,0
8974,80,84.981689,0
8975,80,84.505497,0
8976,80,84.029305,0
8977,80,84.029305,0
8978,80,84.029305,0
8979,80,84.029305,0
8980,80,83.6019555,0
8981,80,83.174606,0.021847
8982,80,83.174606,0.043694
8983,80,83.174606,0.043694
8984,80,82.9059865,0.043694
8985,80,82.637367,0.043694
8986,80,82.637367,0.043694
8987,80,82.637367,0.021847
8988,80,82.210014,0
8989,80,81.782661,0
8990,80,81.782661,0
8991,80,81.782661,0
8992,80,81.782661,0
8993,80,81.4529915,0.014111
8994,80,81.123322,0.028222
8995,80,81.123322,0.028222
8996,80,81.123322,0.028222
8997,80,81.123322,0.028222
8998,80,80.647133,0.028222
8999,80,80.170944,0.2279825
9000,80,80.170944,0.427743
9001,80,80.170944,0.427743
9002,80,80.170944,0.427743
9003,80,79.511604,0.427743
9004,80,79.511604,0.427743
9005,80,79.511604,0.8636245
9006,80,79.0720405,1.299506
9007,80,78.632477,1.299506
9008,80,78.632477,1.299506
9009,80,78.632477,1.299506
9010,80,78.632477,1.299506
9011,80,78.2906,2.0443995
9012,80,77.948723,2.789293
9013,80,77.948723,2.789293
9014,80,77.948723,2.789293
9015,80,77.948723,2.789293
9016,80,77.4725305,2.789293
9017,80,76.996338,2.789293
9018,80,76.996338,3.9051625
9019,80,76.996338,5.021032
9020,80,76.666668,5.021032
9021,80,76.336998,5.021032
9022,80,76.336998,5.021032
9023,80,76.336998,5.021032
9024,80,75.921856,6.241589
9025,80,75.506714,7.462146
9026,80,75.506714,7.462146
9027,80,75.506714,7.462146
9028,80,75.506714,7.462146
9029,80,75.1404155,7.462146
9030,80,74.774117,9.01531
9031,80,74.774117,10.568474
9032,80,74.774117,10.568474
9033,80,74.774117,10.568474
9034,80,74.3467675,10.568474
9035,80,73.919418,10.568474
9036,80,73.919418,10.568474
9037,80,73.919418,12.730346
9038,80,73.6874275,14.892218
9039,80,73.455437,14.892218
9040,80,73.455437,14.892218
9041,80,73.455437,14.892218
9042,80,73.455437,16.6965935
9043,80,73.137974,18.500969
9044,80,72.820511,18.500969
9045,80,72.820511,18.500969
9046,80,72.820511,18.500969
9047,80,72.820511,18.500969
9048,80,72.600731,18.500969
9049,80,72.380951,20.775116
9050,80,72.380951,23.049263
9051,80,72.380951,23.049263
9052,80,72.148964,23.049263
9053,80,71.916977,23.049263
9054,80,71.916977,23.049263
9055,80,71.916977,25.2526625
9056,80,71.7826655,27.456062
9057,80,71.648354,27.456062
9058,80,71.648354,27.456062
9059,80,71.648354,27.456062
9060,80,71.648354,27.456062
9061,80,71.4652025,29.7102135
9062,80,71.282051,31.964365
9063,80,71.282051,31.964365
9064,80,71.282051,31.964365
9065,80,71.282051,31.964365
9066,80,71.282051,31.964365
9067,80,71.282051,31.964365
9068,80,71.282051,34.7205975
9069,80,71.282051,37.47683
9070,80,71.172161,37.47683
9071,80,71.062271,37.47683
9072,80,71.062271,37.47683
9073,80,71.062271,37.47683
9074,80,71.1355325,39.6587525
9075,80,71.208794,41.840675
9076,80,71.208794,41.840675
9077,80,71.208794,41.840675
9078,80,71.208794,41.840675
9079,80,71.208794,41.840675
9080,80,71.208794,44.143713
9081,80,71.208794,46.446751
9082,80,71.208794,46.446751
9083,80,71.2332115,46.446751
9084,80,71.257629,46.446751
9085,80,71.257629,46.446751
9086,80,71.257629,48.768038
9087,80,71.257629,51.089325
9088,80,71.257629,51.089325
9089,80,71.575092,51.089325
9090,80,71.892555,51.089325
9091,80,71.892555,51.089325
9092,80,71.892555,51.089325
9093,80,72.771675,54.214622
9094,80,72.771675,54.214622
9095,80,72.771675,54.214622
9096,80,72.771675,54.214622
9097,80,73.321125,54.214622
9098,80,73.870575,55.6689185
9099,80,73.870575,57.123215
9100,80,73.870575,57.123215
9101,80,74.2246665,57.123215
9102,80,74.578758,57.123215
9103,80,74.578758,57.123215
9104,80,74.578758,57.123215
9105,80,74.578758,58.1506045
9106,80,75.2136765,59.177994
9107,80,75.848595,59.177994
9108,80,75.848595,59.177994
9109,80,75.848595,59.177994
9110,80,76.336998,59.177994
9111,80,76.825401,59.677397
9112,80,76.825401,60.1768
9113,80,76.825401,60.1768
9114,80,76.825401,60.1768
9115,80,77.3138005,60.1768
9116,80,77.8022,60.1768
9117,80,77.8022,60.357996
9118,80,77.8022,60.539192
9119,80,77.8022,60.539192
9120,80,78.473751,60.539192
9121,80,79.145302,60.539192
9122,80,79.145302,60.539192
9123,80,79.145302,60.539192
9124,80,79.755802,60.198961
9125,80,80.366302,59.85873
9126,80,80.366302,59.85873
9127,80,80.366302,59.85873
9128,80,80.805862,59.85873
9129,80,81.245422,59.85873
9130,80,81.245422,59.1440065
9131,80,81.245422,58.429283
9132,80,81.245422,58.429283
9133,80,81.9413945,58.429283
9134,80,82.637367,58.429283
9135,80,82.637367,58.429283
9136,80,82.637367,57.2995145
9137,80,82.637367,56.169746
9138,80,83.2722855,56.169746
9139,80,83.907204,56.169746
9140,80,83.907204,56.169746
9141,80,83.907204,56.169746
9142,80,83.907204,54.485073
9143,80,84.517704,52.8004
9144,80,85.128204,52.8004
9145,80,85.128204,52.8004
9146,80,85.128204,52.8004
9147,80,85.6410255,52.8004
9148,80,86.153847,50.9930555
9149,80,86.153847,49.185711
9150,80,86.153847,49.185711
9151,80,86.4957275,49.185711
9152,80,86.837608,49.185711
9153,80,86.837608,49.185711
9154,80,86.837608,49.185711
9155,80,86.837608,46.970249
9156,80,87.3260075,44.754787
9157,80,87.814407,44.754787
9158,80,87.814407,44.754787
9159,80,87.814407,44.754787
9160,80,87.814407,44.754787
9161,80,88.168499,44.754787
9162,80,88.522591,41.891733
9163,80,88.522591,39.028679
9164,80,88.522591,39.028679
9165,80,88.803421,39.028679
9166,80,89.084251,39.028679
9167,80,89.084251,36.5679285
9168,80,89.084251,34.107178
9169,80,89.328453,34.107178
9170,80,89.572655,34.107178
9171,80,89.572655,34.107178
9172,80,89.572655,34.107178
9173,80,89.572655,31.648859
9174,80,89.7313845,29.19054
9175,80,89.890114,29.19054
9176,80,89.890114,29.19054
9177,80,89.890114,29.19054
9178,80,89.890114,29.19054
9179,80,89.890114,29.19054
9180,80,89.987793,29.19054
9181,80,90.085472,26.308809
9182,80,90.085472,23.427078
9183,80,90.085472,23.427078
9184,80,90.085472,23.427078
9185,80,89.71917,23.427078
9186,80,89.71917,21.0654885
9187,80,89.71917,18.703899
9188,80,89.597069,18.703899
9189,80,89.474968,18.703899
9190,80,89.474968,18.703899
9191,80,89.474968,18.703899
9192,80,89.474968,18.703899
9193,80,89.4261285,16.25212
9194,80,89.377289,13.800341
9195,80,89.377289,13.800341
9196,80,89.377289,13.800341
9197,80,89.1941415,13.800341
9198,80,89.010994,11.4891955
9199,80,89.010994,9.17805
9200,80,89.010994,9.17805
9201,80,88.7545815,9.17805
9202,80,88.498169,9.17805
9203,80,88.498169,9.17805
9204,80,88.498169,7.288183
9205,80,88.2173385,5.398316
9206,80,87.936508,5.398316
9207,80,87.936508,5.398316
9208,80,87.936508,5.398316
9209,80,87.936508,5.398316
9210,80,87.5457875,3.661843
9211,80,87.155067,1.92537
9212,80,87.155067,1.92537
9213,80,87.155067,1.92537
9214,80,87.155067,1.92537
9215,80,86.7765575,0.962685
9216,80,86.398048,0
9217,80,86.398048,0
9218,80,86.398048,0
9219,80,85.982906,0
9220,80,85.567764,0
9221,80,85.567764,0
9222,80,85.567764,0
9223,80,85.567764,0
9224,80,85.1892545,0
9225,80,84.810745,0
9226,80,84.810745,0
9227,80,84.810745,0
9228,80,84.810745,0
9229,80,84.3589745,0.018045
9230,80,83.907204,0.03609
9231,80,83.907204,0.03609
9232,80,83.907204,0.03609
9233,80,83.907204,0.03609
9234,80,83.565323,0.0190785
9235,80,83.223442,0.002067
9236,80,83.223442,0.002067
9237,80,83.223442,0.002067
9238,80,82.893772,0.002067
9239,80,82.564102,0.002067
9240,80,82.564102,0.002067
9241,80,82.564102,0.0236575
9242,80,82.0757025,0.045248
9243,80,81.587303,0.045248
9244,80,81.587303,0.045248
9245,80,81.587303,0.045248
9246,80,81.587303,0.045248
9247,80,81.2210045,0.045248
9248,80,80.854706,0.076535
9249,80,80.854706,0.107822
9250,80,80.854706,0.107822
9251,80,80.854706,0.107822
9252,80,80.854706,0.107822
9253,80,80.3907245,0.107822
9254,80,79.926743,0.381327
9255,80,79.926743,0.654832
9256,80,79.926743,0.654832
9257,80,79.6214905,0.654832
9258,80,79.316238,0.654832
9259,80,79.316238,0.654832
9260,80,79.316238,1.197645
9261,80,78.888889,1.740458
9262,80,78.46154,1.740458
9263,80,78.46154,1.740458
9264,80,78.46154,1.740458
9265,80,78.02198,1.740458
9266,80,77.58242,1.740458
9267,80,77.58242,2.6604005
9268,80,77.58242,3.580343
9269,80,77.2283285,3.580343
9270,80,76.874237,3.580343
9271,80,76.874237,4.579827
9272,80,76.874237,5.579311
9273,80,76.874237,5.579311
9274,80,76.166054,5.579311
9275,80,76.166054,5.579311
9276,80,76.166054,5.579311
9277,80,76.166054,5.579311
9278,80,75.848595,6.9811175
9279,80,75.531136,8.382924
9280,80,75.531136,8.382924
9281,80,75.531136,8.382924
9282,80,75.079365,8.382924
9283,80,74.627594,8.382924
9284,80,74.627594,8.382924
9285,80,74.627594,10.277906
9286,80,74.627594,12.172888
9287,80,74.297924,12.172888
9288,80,73.968254,12.172888
9289,80,73.968254,12.172888
9290,80,73.968254,13.7445455
9291,80,73.968254,15.316203
9292,80,73.675213,15.316203
9293,80,73.382172,15.316203
9294,80,73.382172,15.316203
9295,80,73.382172,15.316203
9296,80,73.382172,15.316203
9297,80,73.1013415,17.384872
9298,80,72.820511,19.453541
9299,80,72.820511,19.453541
9300,80,72.820511,19.453541
9301,80,72.5518915,19.453541
9302,80,72.283272,19.453541
9303,80,72.283272,19.453541
9304,80,72.283272,19.453541
9305,80,72.283272,24.635536
9306,80,72.0024415,24.635536
9307,80,71.721611,24.635536
9308,80,71.721611,24.635536
9309,80,71.721611,26.628006
9310,80,71.6361425,28.620476
9311,80,71.550674,28.620476
9312,80,71.550674,28.620476
9313,80,71.550674,28.620476
9314,80,71.550674,28.620476
9315,80,71.3919445,28.620476
9316,80,71.233215,31.3270015
9317,80,71.233215,34.033527
9318,80,71.233215,34.033527
9319,80,71.172165,34.033527
9320,80,71.111115,34.033527
9321,80,71.111115,36.0108505
9322,80,71.111115,37.988174
9323,80,71.111115,37.988174
9324,80,71.1355325,37.988174
9325,80,71.15995,37.988174
9326,80,71.15995,37.988174
9327,80,71.15995,37.988174
9328,80,71.2087895,40.283243
9329,80,71.257629,42.578312
9330,80,71.257629,42.578312
9331,80,71.257629,42.578312
9332,80,71.257629,42.578312
9333,80,71.2332115,42.578312
9334,80,71.208794,42.578312
9335,80,71.208794,47.749916
9336,80,71.208794,47.749916
9337,80,71.208794,47.749916
9338,80,71.2576335,47.749916
9339,80,71.306473,47.749916
9340,80,71.306473,49.7056825
9341,80,71.306473,51.661449
9342,80,71.843712,51.661449
9343,80,72.380951,51.661449
9344,80,72.380951,51.661449
9345,80,72.380951,51.661449
9346,80,72.722832,51.661449
9347,80,73.064713,53.314386
9348,80,73.064713,54.967323
9349,80,73.064713,54.967323
9350,80,73.064713,54.967323
9351,80,73.5286945,54.967323
9352,80,73.992676,54.967323
9353,80,73.992676,56.357044
9354,80,73.992676,57.746765
9355,80,73.992676,57.746765
9356,80,74.4688645,57.746765
9357,80,74.945053,57.746765
9358,80,74.945053,57.746765
9359,80,74.945053,58.546646
9360,80,74.945053,59.346527
9361,80,75.470085,59.346527
9362,80,75.995117,59.346527
9363,80,75.995117,59.346527
9364,80,75.995117,59.346527
9365,80,76.5079385,59.922041
9366,80,77.02076,60.497555
9367,80,77.02076,60.497555
9368,80,77.02076,60.497555
9369,80,77.557999,60.497555
9370,80,78.095238,60.497555
9371,80,78.095238,60.497555
9372,80,78.095238,60.634188
9373,80,78.095238,60.770821
9374,80,78.73016,60.770821
9375,80,79.365082,60.770821
9376,80,79.365082,60.770821
9377,80,79.365082,60.770821
9378,80,79.365082,60.3990745
9379,80,79.987793,60.027328
9380,80,80.610504,60.027328
9381,80,80.610504,60.027328
9382,80,80.610504,60.027328
9383,80,81.1355325,60.027328
9384,80,81.660561,59.2995165
9385,80,81.660561,58.571705
9386,80,81.660561,58.571705
9387,80,81.660561,58.571705
9388,80,82.2222215,58.571705
9389,80,82.783882,58.571705
9390,80,82.783882,57.3046225
9391,80,82.783882,56.03754
9392,80,83.4676435,56.03754
9393,80,84.151405,56.03754
9394,80,84.151405,56.03754
9395,80,84.151405,56.03754
9396,80,84.151405,54.572292
9397,80,84.590965,53.107044
9398,80,85.030525,53.107044
9399,80,85.030525,53.107044
9400,80,85.030525,53.107044
9401,80,85.579975,53.107044
9402,80,86.129425,51.1424275
9403,80,86.129425,49.177811
9404,80,86.129425,49.177811
9405,80,86.129425,49.177811
9406,80,86.4835165,49.177811
9407,80,86.837608,49.177811
9408,80,86.837608,49.177811
9409,80,86.837608,49.177811
9410,80,86.837608,46.6547395
9411,80,87.3504295,44.131668
9412,80,87.863251,44.131668
9413,80,87.863251,44.131668
9414,80,87.863251,44.131668
9415,80,88.192921,41.841709
9416,80,88.522591,39.55175
9417,80,88.522591,39.55175
9418,80,88.522591,39.55175
9419,80,88.742371,39.55175
9420,80,88.962151,39.55175
9421,80,88.962151,37.246832
9422,80,88.962151,34.941914
9423,80,88.962151,34.941914
9424,80,88.962151,34.941914
9425,80,89.27961,34.941914
9426,80,89.27961,34.941914
9427,80,89.27961,34.941914
9428,80,89.27961,32.18866
9429,80,89.377289,29.435406
9430,80,89.474968,29.435406
9431,80,89.474968,29.435406
9432,80,89.474968,29.435406
9433,80,89.474968,27.119586
9434,80,89.56044,24.803766
9435,80,89.645912,24.803766
9436,80,89.645912,24.803766
9437,80,89.645912,24.803766
9438,80,89.56044,24.803766
9439,80,89.474968,22.3418585
9440,80,89.474968,19.879951
9441,80,89.474968,19.879951
9442,80,89.4383395,19.879951
9443,80,89.401711,19.879951
9444,80,89.401711,19.879951
9445,80,89.401711,19.879951
9446,80,89.401711,17.3672045
9447,80,89.181931,14.854458
9448,80,88.962151,14.854458
9449,80,88.962151,14.854458
9450,80,88.962151,14.854458
9451,80,88.962151,14.854458
9452,80,88.7545815,12.876313
9453,80,88.547012,10.898168
9454,80,88.547012,10.898168
9455,80,88.547012,10.898168
9456,80,88.327232,10.898168
9457,80,88.107452,10.898168
9458,80,88.107452,8.9613405
9459,80,88.107452,7.024513
9460,80,87.826622,7.024513
9461,80,87.545792,7.024513
9462,80,87.545792,7.024513
9463,80,87.545792,7.024513
9464,80,87.545792,5.253993
9465,80,87.1550715,3.483473
9466,80,86.764351,3.483473
9467,80,86.764351,3.483473
9468,80,86.764351,3.483473
9469,80,86.764351,3.483473
9470,80,86.3614195,2.1467265
9471,80,85.958488,0.80998
9472,80,85.958488,0.80998
9473,80,85.958488,0.80998
9474,80,85.5921855,0.80998
9475,80,85.225883,0.80998
9476,80,85.225883,0.40499
9477,80,85.225883,0
9478,80,84.7741125,0
9479,80,84.322342,0
9480,80,84.322342,0
9481,80,84.322342,0
9482,80,84.322342,0
9483,80,83.785103,0
9484,80,83.247864,0
9485,80,83.247864,0
9486,80,83.247864,0
9487,80,83.247864,0
9488,80,83.247864,0
9489,80,82.7838825,0
9490,80,82.319901,0
9491,80,82.319901,0
9492,80,82.319901,0
9493,80,81.953602,0
9494,80,81.587303,0
9495,80,81.587303,0
9496,80,81.587303,0
9497,80,81.587303,0
9498,80,81.2087935,0
9499,80,80.830284,0
9500,80,80.830284,0
9501,80,80.830284,0
9502,80,80.317463,0.2944585
9503,80,79.804642,0.588917
9504,80,79.804642,0.588917
9505,80,79.804642,0.588917
9506,80,79.804642,0.588917
9507,80,79.462761,0.588917
9508,80,79.12088,1.0370195
9509,80,79.12088,1.485122
9510,80,78.693531,1.485122
9511,80,78.266182,1.485122
9512,80,78.266182,1.485122
9513,80,78.266182,2.313153
9514,80,78.266182,3.141184
9515,80,77.289375,3.141184
9516,80,77.289375,3.141184
9517,80,77.289375,3.141184
9518,80,77.289375,3.141184
9519,80,76.898655,4.3806425
9520,80,76.507935,5.620101
9521,80,76.507935,5.620101
9522,80,76.507935,5.620101
9523,80,76.031746,5.620101
9524,80,75.555557,5.620101
9525,80,75.555557,6.8155025
9526,80,75.555557,8.010904
9527,80,75.555557,8.010904
9528,80,75.1892545,8.010904
9529,80,74.822952,8.010904
9530,80,74.822952,8.010904
9531,80,74.822952,8.010904
9532,80,74.4688645,9.805355
9533,80,74.114777,11.599806
9534,80,74.114777,11.599806
9535,80,74.114777,11.599806
9536,80,74.114777,11.599806
9537,80,73.785107,11.599806
9538,80,73.455437,13.378491
9539,80,73.455437,15.157176
9540,80,73.455437,15.157176
9541,80,73.455437,15.157176
9542,80,72.9670335,15.157176
9543,80,72.47863,15.157176
9544,80,72.47863,17.3801685
9545,80,72.47863,19.603161
9546,80,72.25885,19.603161
9547,80,72.03907,19.603161
9548,80,72.03907,19.603161
9549,80,72.03907,19.603161
9550,80,72.03907,22.1225655
9551,80,71.81929,24.64197
9552,80,71.59951,24.64197
9553,80,71.59951,24.64197
9554,80,71.59951,24.64197
9555,80,71.3186795,24.64197
9556,80,71.037849,26.930548
9557,80,71.037849,29.219126
9558,80,71.037849,29.219126
9559,80,71.037849,29.219126
9560,80,70.915752,29.219126
9561,80,70.793655,29.219126
9562,80,70.793655,31.6959585
9563,80,70.793655,34.172791
9564,80,70.683765,34.172791
9565,80,70.573875,34.172791
9566,80,70.573875,34.172791
9567,80,70.573875,34.172791
9568,80,70.573875,34.172791
9569,80,70.5494535,36.832108
9570,80,70.525032,39.491425
9571,80,70.525032,39.491425
9572,80,70.525032,39.491425
9573,80,70.525032,39.491425
9574,80,70.525032,41.853619
9575,80,70.525032,44.215813
9576,80,70.525032,44.215813
9577,80,70.525032,44.215813
9578,80,70.622711,44.215813
9579,80,70.72039,44.215813
9580,80,70.72039,46.588623
9581,80,70.72039,48.961433
9582,80,70.7814405,48.961433
9583,80,70.842491,48.961433
9584,80,70.842491,48.961433
9585,80,70.842491,48.961433
9586,80,70.842491,48.961433
9587,80,71.184372,51.252132
9588,80,71.526253,53.542831
9589,80,71.526253,53.542831
9590,80,71.526253,53.542831
9591,80,71.526253,53.542831
9592,80,71.941395,53.542831
9593,80,72.356537,55.1642895
9594,80,72.356537,56.785748
9595,80,72.356537,56.785748
9596,80,72.808304,56.785748
9597,80,73.260071,56.785748
9598,80,73.260071,56.785748
9599,80,73.260071,58.200291
9600,80,73.8217315,59.614834
9601,80,74.383392,59.614834
9602,80,74.383392,59.614834
9603,80,74.383392,59.614834
9604,80,74.383392,59.614834
9605,80,74.383392,59.614834
9606,80,75.067154,60.8708495
9607,80,75.067154,62.126865
9608,80,75.067154,62.126865
9609,80,75.067154,62.126865
9610,80,75.6532365,62.126865
9611,80,76.239319,62.545845
9612,80,76.239319,62.964825
9613,80,76.239319,62.964825
9614,80,76.8376085,62.964825
9615,80,77.435898,62.964825
9616,80,77.435898,62.964825
9617,80,77.435898,62.964825
9618,80,77.435898,63.1458
9619,80,77.9975585,63.326775
9620,80,78.559219,63.326775
9621,80,78.559219,63.326775
9622,80,78.559219,63.326775
9623,80,78.559219,63.326775
9624,80,79.1819305,63.326775
9625,80,79.804642,63.089455
9626,80,79.804642,62.852135
9627,80,79.804642,62.852135
9628,80,79.804642,62.852135
9629,80,80.463982,62.852135
9630,80,81.123322,62.852135
9631,80,81.123322,62.2632105
9632,80,81.123322,61.674286
9633,80,81.123322,61.674286
9634,80,81.733822,61.674286
9635,80,82.344322,61.674286
9636,80,82.344322,61.674286
9637,80,82.7472535,60.393738
9638,80,83.150185,59.11319
9639,80,83.150185,59.11319
9640,80,83.150185,59.11319
9641,80,83.5750925,59.11319
9642,80,84,57.682455
9643,80,84,56.25172
9644,80,84,56.25172
9645,80,84,56.25172
9646,80,84.5,56.25172
9647,80,85,56.25172
9648,80,85,54.4506815
9649,80,85,52.649643
9650,80,85,52.649643
9651,80,85.7722855,52.649643
9652,80,86.544571,52.649643
9653,80,86.544571,50.760542
9654,80,86.544571,48.871441
9655,80,86.9108695,48.871441
9656,80,87.277168,48.871441
9657,80,87.277168,48.871441
9658,80,87.277168,48.871441
9659,80,87.277168,48.871441
9660,80,87.7899895,46.5442565
9661,80,88.302811,44.217072
9662,80,88.302811,44.217072
9663,80,88.302811,44.217072
9664,80,88.302811,44.217072
9665,80,88.6691095,44.217072
9666,80,89.035408,44.217072
9667,80,89.035408,41.3130055
9668,80,89.035408,38.408939
9669,80,89.23077,38.408939
9670,80,89.426132,38.408939
9671,80,89.426132,38.408939
9672,80,89.426132,38.408939
9673,80,89.426132,35.916828
9674,80,89.548233,33.424717
9675,80,89.670334,33.424717
9676,80,89.670334,33.424717
9677,80,89.670334,33.424717
9678,80,89.694752,33.424717
9679,80,89.71917,30.7770365
9680,80,89.71917,28.129356
9681,80,89.71917,28.129356
9682,80,89.71917,28.129356
9683,80,89.682541,28.129356
9684,80,89.645912,28.129356
9685,80,89.645912,28.129356
9686,80,89.645912,25.395806
9687,80,89.645912,22.662256
9688,80,89.658123,22.662256
9689,80,89.670334,22.662256
9690,80,89.670334,22.662256
9691,80,89.670334,20.4067905
9692,80,89.3895035,18.151325
9693,80,89.108673,18.151325
9694,80,89.108673,18.151325
9695,80,89.108673,18.151325
9696,80,89.108673,18.151325
9697,80,89.084251,18.151325
9698,80,89.084251,15.908686
9699,80,89.084251,13.666047
9700,80,89.084251,13.666047
9701,80,88.79121,13.666047
9702,80,88.498169,13.666047
9703,80,88.498169,13.666047
9704,80,88.498169,11.4978185
9705,80,88.498169,9.32959
9706,80,88.2295495,9.32959
9707,80,87.96093,9.32959
9708,80,87.96093,9.32959
9709,80,87.96093,9.32959
9710,80,87.96093,7.574768
9711,80,87.74115,5.819946
9712,80,87.52137,5.819946
9713,80,87.52137,5.819946
9714,80,87.52137,5.819946
9715,80,87.1550675,5.819946
9716,80,86.788765,4.245675
9717,80,86.788765,2.671404
9718,80,86.788765,2.671404
9719,80,86.788765,2.671404
9720,80,86.3736265,2.671404
9721,80,85.958488,2.671404
9722,80,85.958488,1.335702
9723,80,85.958488,0
9724,80,85.5067175,0
9725,80,85.054947,0
9726,80,85.054947,0
9727,80,85.054947,0
9728,80,85.054947,0
9729,80,84.5909655,0
9730,80,84.126984,0
9731,80,84.126984,0
9732,80,84.126984,0
9733,80,83.785103,0
9734,80,83.443222,0.007788
9735,80,83.443222,0.015576
9736,80,83.443222,0.015576
9737,80,83.443222,0.015576
9738,80,83.015873,0.015576
9739,80,82.588524,0.015576
9740,80,82.588524,0.015576
9741,80,82.588524,0.0447755
9742,80,82.588524,0.073975
9743,80,82.173382,0.073975
9744,80,81.75824,0.073975
9745,80,81.75824,0.073975
9746,80,81.75824,0.073975
9747,80,81.75824,0.05313
9748,80,81.31868,0.032285
9749,80,80.87912,0.032285
9750,80,80.87912,0.032285
9751,80,80.87912,0.032285
9752,80,80.87912,0.032285
9753,80,80.451771,0.032285
9754,80,80.024422,0.242764
9755,80,80.024422,0.453243
9756,80,80.024422,0.453243
9757,80,80.024422,0.453243
9758,80,79.462761,0.453243
9759,80,79.462761,0.453243
9760,80,79.462761,0.952938
9761,80,79.462761,1.452633
9762,80,78.937729,1.452633
9763,80,78.412697,1.452633
9764,80,78.412697,1.452633
9765,80,78.412697,1.452633
9766,80,78.095238,2.1523545
9767,80,77.777779,2.852076
9768,80,77.777779,2.852076
9769,80,77.777779,2.852076
9770,80,77.423687,2.852076
9771,80,77.069595,2.852076
9772,80,77.069595,4.0682435
9773,80,77.069595,5.284411
9774,80,76.788765,5.284411
9775,80,76.507935,5.284411
9776,80,76.507935,5.284411
9777,80,76.507935,5.284411
9778,80,76.1172145,6.423123
9779,80,75.726494,7.561835
9780,80,75.726494,7.561835
9781,80,75.726494,7.561835
9782,80,75.726494,7.561835
9783,80,75.384617,7.561835
9784,80,75.04274,9.0378065
9785,80,75.04274,10.513778
9786,80,75.04274,10.513778
9787,80,75.04274,10.513778
9788,80,74.6886485,10.513778
9789,80,74.334557,10.513778
9790,80,74.334557,12.138045
9791,80,74.334557,13.762312
9792,80,74.0293045,13.762312
9793,80,73.724052,13.762312
9794,80,73.724052,13.762312
9795,80,73.724052,13.762312
9796,80,73.724052,15.5880565
9797,80,73.4676435,17.413801
9798,80,73.211235,17.413801
9799,80,73.211235,17.413801
9800,80,73.211235,17.413801
9801,80,73.211235,17.413801
9802,80,72.881565,17.413801
9803,80,72.551895,19.8266135
9804,80,72.551895,22.239426
9805,80,72.551895,22.239426
9806,80,72.551895,22.239426
9807,80,72.3199045,22.239426
9808,80,72.087914,24.171634
9809,80,72.087914,26.103842
9810,80,72.087914,26.103842
9811,80,71.9902345,26.103842
9812,80,71.892555,26.103842
9813,80,71.892555,26.103842
9814,80,71.892555,28.4706945
9815,80,71.892555,30.837547
9816,80,71.697193,30.837547
9817,80,71.501831,30.837547
9818,80,71.501831,30.837547
9819,80,71.501831,30.837547
9820,80,71.4407805,30.837547
9821,80,71.37973,33.2619035
9822,80,71.37973,35.68626
9823,80,71.37973,35.68626
9824,80,71.37973,35.68626
9825,80,71.3308905,35.68626
9826,80,71.282051,35.68626
9827,80,71.282051,37.901018
9828,80,71.282051,40.115776
9829,80,71.282051,40.115776
9830,80,71.26984,40.115776
9831,80,71.257629,40.115776
9832,80,71.257629,40.115776
9833,80,71.257629,42.493168
9834,80,71.26984,44.87056
9835,80,71.282051,44.87056
9836,80,71.282051,44.87056
9837,80,71.282051,44.87056
9838,80,71.477413,44.87056
9839,80,71.672775,44.87056
9840,80,71.672775,47.15238
9841,80,71.672775,49.4342
9842,80,71.672775,49.4342
9843,80,71.782665,49.4342
9844,80,71.892555,49.4342
9845,80,71.892555,49.4342
9846,80,71.892555,51.304283
9847,80,71.892555,53.174366
9848,80,72.332115,53.174366
9849,80,72.771675,53.174366
9850,80,72.771675,53.174366
9851,80,72.771675,53.174366
9852,80,73.1379735,54.663204
9853,80,73.504272,56.152042
9854,80,73.504272,56.152042
9855,80,73.504272,56.152042
9856,80,73.504272,56.152042
9857,80,74.0293045,56.152042
9858,80,74.554337,57.433332
9859,80,74.554337,58.714622
9860,80,74.554337,58.714622
9861,80,75.0305255,58.714622
9862,80,75.506714,58.714622
9863,80,75.506714,58.714622
9864,80,75.506714,59.456802
9865,80,75.506714,60.198982
9866,80,76.043957,60.198982
9867,80,76.5812,60.198982
9868,80,76.5812,60.198982
9869,80,76.5812,60.198982
9870,80,77.0329705,60.5821225
9871,80,77.484741,60.965263
9872,80,77.484741,60.965263
9873,80,77.484741,60.965263
9874,80,77.484741,60.965263
9875,80,78.1807095,60.965263
9876,80,78.876678,60.965263
9877,80,78.876678,60.965263
9878,80,78.876678,60.680199
9879,80,79.413921,60.680199
9880,80,79.951164,60.680199
9881,80,79.951164,60.680199
9882,80,79.951164,60.680199
9883,80,79.951164,60.114157
9884,80,80.5738715,59.548115
9885,80,81.196579,59.548115
9886,80,81.196579,59.548115
9887,80,81.196579,59.548115
9888,80,81.6727715,59.548115
9889,80,82.148964,58.6655295
9890,80,82.148964,57.782944
9891,80,82.148964,57.782944
9892,80,82.8327255,57.782944
9893,80,83.516487,57.782944
9894,80,83.516487,57.782944
9895,80,83.516487,57.782944
9896,80,83.516487,56.3338605
9897,80,84.1269875,54.884777
9898,80,84.737488,54.884777
9899,80,84.737488,54.884777
9900,80,84.737488,54.884777
9901,80,84.737488,54.884777
9902,80,84.737488,53.350876
9903,80,85.1892585,51.816975
9904,80,85.641029,51.816975
9905,80,85.641029,51.816975
9906,80,85.641029,51.816975
9907,80,86.0317495,51.816975
9908,80,86.42247,51.816975
9909,80,86.42247,47.737122
9910,80,86.42247,47.737122
9911,80,86.42247,47.737122
9912,80,86.9230805,47.737122
9913,80,87.423691,47.737122
9914,80,87.423691,47.737122
9915,80,87.423691,45.3776345
9916,80,87.716732,43.018147
9917,80,88.009773,43.018147
9918,80,88.009773,43.018147
9919,80,88.009773,43.018147
9920,80,88.2905995,40.8748455
9921,80,88.571426,38.731544
9922,80,88.571426,38.731544
9923,80,88.571426,38.731544
9924,80,88.778999,38.731544
9925,80,88.986572,36.208143
9926,80,88.986572,33.684742
9927,80,88.986572,33.684742
9928,80,88.986572,33.684742
9929,80,89.12088,33.684742
9930,80,89.255188,33.684742
9931,80,89.255188,33.684742
9932,80,89.255188,31.0657245
9933,80,89.255188,28.446707
9934,80,89.377289,28.446707
9935,80,89.49939,28.446707
9936,80,89.49939,28.446707
9937,80,89.49939,28.446707
9938,80,89.462761,26.095569
9939,80,89.426132,23.744431
9940,80,89.426132,23.744431
9941,80,89.426132,23.744431
9942,80,89.426132,23.744431
9943,80,89.426132,23.744431
9944,80,89.2674025,21.4882355
9945,80,89.108673,19.23204
9946,80,89.108673,19.23204
9947,80,89.108673,19.23204
9948,80,88.998783,19.23204
9949,80,88.888893,19.23204
9950,80,88.888893,16.903255
9951,80,88.888893,14.57447
9952,80,88.766792,14.57447
9953,80,88.644691,14.57447
9954,80,88.644691,14.57447
9955,80,88.644691,14.57447
9956,80,88.644691,12.5566105
9957,80,88.3882785,10.538751
9958,80,88.131866,10.538751
9959,80,88.131866,10.538751
9960,80,88.131866,10.538751
9961,80,88.131866,10.538751
9962,80,87.6923065,10.538751
9963,80,87.252747,8.82579
9964,80,87.252747,7.112829
9965,80,87.252747,7.112829
9966,80,86.996338,7.112829
9967,80,86.739929,7.112829
9968,80,86.739929,7.112829
9969,80,86.739929,7.112829
9970,80,86.739929,5.456604
9971,80,86.324787,3.800379
9972,80,85.909645,3.800379
9973,80,85.909645,3.800379
9974,80,85.909645,3.800379
9975,80,85.5067175,2.6424405
9976,80,85.10379,1.484502
9977,80,85.10379,1.484502
9978,80,85.10379,1.484502
9979,80,85.10379,1.484502
9980,80,84.713066,1.484502
9981,80,84.322342,0.7478435
9982,80,84.322342,0.011185
9983,80,84.322342,0.011185
9984,80,83.894993,0.011185
9985,80,83.467644,0.011185
9986,80,83.467644,0.011185
9987,80,83.467644,0.011185
9988,80,83.467644,0.03496
9989,80,82.9670335,0.058735
9990,80,82.466423,0.058735
9991,80,82.466423,0.058735
9992,80,82.466423,0.058735
9993,80,82.1001245,0.0590645
9994,80,81.733826,0.059394
9995,80,81.733826,0.059394
9996,80,81.733826,0.059394
9997,80,81.733826,0.059394
9998,80,81.269844,0.059394
9999,80,80.805862,0.1400365
10000,80,80.805862,0.220679
10001,80,80.805862,0.220679
10002,80,80.4517705,0.220679
10003,80,80.097679,0.220679
10004,80,80.097679,0.220679
10005,80,80.097679,0.220679
10006,80,80.097679,0.6003215
10007,80,79.584858,0.979964
10008,80,79.072037,0.979964
10009,80,79.072037,0.979964
10010,80,79.072037,0.979964
10011,80,79.072037,1.5518185
10012,80,78.608059,2.123673
10013,80,78.144081,2.123673
10014,80,78.144081,2.123673
10015,80,78.144081,2.123673
10016,80,78.144081,2.123673
10017,80,77.716728,3.128948
10018,80,77.289375,4.134223
10019,80,77.289375,4.134223
10020,80,77.289375,4.134223
10021,80,76.8253975,4.134223
10022,80,76.36142,4.134223
10023,80,76.36142,4.134223
10024,80,76.36142,5.4102905
10025,80,75.9584885,6.686358
10026,80,75.555557,6.686358
10027,80,75.555557,6.686358
10028,80,75.555557,6.686358
10029,80,75.555557,6.686358
10030,80,75.164837,8.163387
10031,80,74.774117,9.640416
10032,80,74.774117,9.640416
10033,80,74.774117,9.640416
10034,80,74.3833965,9.640416
10035,80,73.992676,9.640416
10036,80,73.992676,11.379563
10037,80,73.992676,13.11871
10038,80,73.992676,13.11871
10039,80,73.7240565,13.11871
10040,80,73.455437,13.11871
10041,80,73.455437,13.11871
10042,80,73.455437,15.254186
10043,80,73.1746065,17.389662
10044,80,72.893776,17.389662
10045,80,72.893776,17.389662
10046,80,72.893776,17.389662
10047,80,72.893776,17.389662
10048,80,72.588524,19.369791
10049,80,72.283272,21.34992
10050,80,72.283272,21.34992
10051,80,72.283272,21.34992
10052,80,72.063492,21.34992
10053,80,71.843712,21.34992
10054,80,71.843712,23.7000665
10055,80,71.843712,26.050213
10056,80,71.843712,26.050213
10057,80,71.5506705,26.050213
10058,80,71.257629,26.050213
10059,80,71.257629,26.050213
10060,80,71.257629,26.050213
10061,80,71.147739,28.924617
10062,80,71.037849,31.799021
10063,80,71.037849,31.799021
10064,80,71.037849,31.799021
10065,80,71.037849,31.799021
10066,80,70.5982895,31.799021
10067,80,70.15873,34.199544
10068,80,70.15873,36.600067
10069,80,70.15873,36.600067
10070,80,70.15873,36.600067
10071,80,69.82906,36.600067
10072,80,69.49939,36.600067
10073,80,69.49939,39.8791695
10074,80,69.49939,43.158272
10075,80,69.49939,43.158272
10076,80,68.937729,43.158272
10077,80,68.376068,43.158272
10078,80,68.376068,43.158272
10079,80,68.376068,46.4595035
10080,80,67.9975585,49.760735
10081,80,67.619049,49.760735
10082,80,67.619049,49.760735
10083,80,67.619049,49.760735
10084,80,67.619049,49.760735
10085,80,67.0573885,49.760735
10086,80,66.495728,53.4353505
10087,80,66.495728,57.109966
10088,80,66.495728,57.109966
10089,80,66.495728,57.109966
10090,80,66.1782685,57.109966
10091,80,65.860809,57.109966
10092,80,65.860809,57.109966
10093,80,65.860809,61.754686
10094,80,65.860809,66.399406
10095,80,65.2136765,66.399406
10096,80,64.566544,66.399406
10097,80,64.566544,66.399406
10098,80,64.566544,70.631683
10099,80,64.224665,74.86396
10100,80,63.882786,74.86396
10101,80,63.882786,74.86396
10102,80,63.4188045,74.86396
10103,80,62.954823,74.86396
10104,80,62.954823,79.74123
10105,80,62.954823,84.6185
10106,80,62.954823,84.6185
10107,80,62.503054,84.6185
10108,80,62.051285,84.6185
10109,80,62.051285,84.6185
10110,80,62.051285,84.6185
10111,80,62.051285,90.299206
10112,80,61.501833,95.979912
10113,80,60.952381,95.979912
10114,80,60.952381,95.979912
10115,80,60.952381,95.979912
10116,80,60.952381,97.989956
10117,80,60.4639815,100
10118,80,59.975582,100
10119,80,59.975582,100
10120,80,59.975582,100
10121,80,59.658121,100
10122,80,59.34066,100
10123,80,59.34066,100
10124,80,59.34066,100
10125,80,59.34066,100
10126,80,58.6691095,100
10127,80,57.997559,100
10128,80,57.997559,100
10129,80,57.997559,100
10130,80,57.680098,100
10131,80,57.362637,100
10132,80,57.362637,100
10133,80,57.362637,100
10134,80,57.362637,100
10135,80,56.776556,100
10136,80,56.190475,100
10137,80,56.190475,100
10138,80,56.190475,100
10139,80,55.885225,100
10140,80,55.579975,100
10141,80,55.579975,100
10142,80,55.579975,100
10143,80,55.579975,100
10144,80,55.030525,100
10145,80,54.481075,100
10146,80,54.481075,100
10147,80,54.481075,100
10148,80,54.481075,100
10149,80,53.626373,100
10150,80,53.626373,100
10151,80,53.626373,100
10152,80,53.626373,100
10153,80,53.2478635,100
10154,80,52.869354,100
10155,80,52.869354,100
10156,80,52.869354,100
10157,80,52.4175835,100
10158,80,51.965813,100
10159,80,51.965813,100
10160,80,51.965813,100
10161,80,51.965813,100
10162,80,51.526253,100
10163,80,51.086693,100
10164,80,51.086693,100
10165,80,51.086693,100
10166,80,50.744812,100
10167,80,50.402931,100
10168,80,50.402931,100
10169,80,50.402931,100
10170,80,50.402931,100
10171,80,50.183151,100
10172,80,49.963371,100
10173,80,49.963371,100
10174,80,49.963371,100
10175,80,49.963371,100
10176,80,50.0366305,100
10177,80,50.10989,100
10178,80,50.10989,100
10179,80,50.10989,100
10180,80,50.3907205,100
10181,80,50.671551,100
10182,80,50.671551,100
10183,80,50.671551,100
10184,80,50.671551,100
10185,80,51.3308925,100
10186,80,51.990234,100
10187,80,51.990234,100
10188,80,51.990234,100
10189,80,51.990234,100
10190,80,52.564104,100
10191,80,53.137974,100
10192,80,53.137974,100
10193,80,53.137974,100
10194,80,53.882784,100
10195,80,54.627594,100
10196,80,54.627594,100
10197,80,54.627594,100
10198,80,55.372406,100
10199,80,56.117218,100
10200,80,56.117218,100
10201,80,56.117218,100
10202,80,56.117218,100
10203,80,56.8253975,100
10204,80,57.533577,100
10205,80,57.533577,100
10206,80,57.533577,100
10207,80,57.533577,100
10208,80,58.4249075,100
10209,80,59.316238,100
10210,80,59.316238,100
10211,80,59.316238,100
10212,80,59.89011,100
10213,80,60.463982,100
10214,80,60.463982,100
10215,80,60.463982,100
10216,80,60.463982,100
10217,80,61.428572,100
10218,80,62.393162,100
10219,80,62.393162,100
10220,80,62.393162,100
10221,80,63.113554,100
10222,80,63.833946,100
10223,80,63.833946,100
10224,80,63.833946,100
10225,80,63.833946,100
10226,80,64.6764375,100
10227,80,65.518929,100
10228,80,65.518929,100
10229,80,65.518929,100
10230,80,65.518929,100
10231,80,66.2148975,100
10232,80,66.910866,100
10233,80,66.910866,100
10234,80,66.910866,100
10235,80,67.619049,100
10236,80,68.327232,100
10237,80,68.327232,100
10238,80,68.327232,100
10239,80,68.327232,100
10240,80,70.085472,100
10241,80,70.085472,100
10242,80,70.085472,100
10243,80,70.085472,100
10244,80,70.732601,100
10245,80,71.37973,100
10246,80,71.37973,100
10247,80,71.37973,100
10248,80,71.37973,100
10249,80,72.271061,100
10250,80,73.162392,100
10251,80,73.162392,100
10252,80,73.162392,100
10253,80,73.675213,100
10254,80,74.188034,100
10255,80,74.188034,100
10256,80,74.188034,100
10257,80,74.188034,100
10258,80,75.0915755,100
10259,80,75.995117,100
10260,80,75.995117,100
10261,80,75.995117,100
10262,80,76.630039,100
10263,80,77.264961,100
10264,80,77.264961,100
10265,80,77.264961,99.9424475
10266,80,77.264961,99.884895
10267,80,78.034191,99.884895
10268,80,78.803421,99.884895
10269,80,78.803421,99.884895
10270,80,78.803421,99.884895
10271,80,79.3772925,99.5240555
10272,80,79.951164,99.163216
10273,80,79.951164,99.163216
10274,80,79.951164,99.163216
10275,80,79.951164,99.163216
10276,80,80.818073,99.163216
10277,80,81.684982,98.3202175
10278,80,81.684982,97.477219
10279,80,81.684982,97.477219
10280,80,82.2832715,97.477219
10281,80,82.881561,97.477219
10282,80,82.881561,97.477219
10283,80,82.881561,96.081284
10284,80,82.881561,94.685349
10285,80,83.6996345,94.685349
10286,80,84.517708,94.685349
10287,80,84.517708,94.685349
10288,80,84.517708,94.685349
10289,80,85.1159975,94.685349
10290,80,85.714287,94.685349
10291,80,85.714287,92.4242215
10292,80,85.714287,90.163094
10293,80,85.714287,90.163094
10294,80,85.714287,90.163094
10295,80,86.5323565,90.163094
10296,80,87.350426,90.163094
10297,80,87.350426,88.055405
10298,80,87.350426,85.947716
10299,80,87.350426,85.947716
10300,80,87.350426,85.947716
10301,80,88.815628,85.947716
10302,80,88.815628,85.947716
10303,80,88.815628,82.7575
10304,80,89.6459085,79.567284
10305,80,90.476189,79.567284
10306,80,90.476189,79.567284
10307,80,90.476189,79.567284
10308,80,90.476189,79.567284
10309,80,91.294262,75.67614
10310,80,92.112335,71.784996
10311,80,92.112335,71.784996
10312,80,92.6251565,71.784996
10313,80,93.137978,71.784996
10314,80,93.137978,68.2606925
10315,80,93.137978,64.736389
10316,80,93.137978,64.736389
10317,80,93.968258,64.736389
10318,80,94.798538,64.736389
10319,80,94.798538,64.736389
10320,80,94.798538,64.736389
10321,80,95.335777,59.7311555
10322,80,95.873016,54.725922
10323,80,95.873016,54.725922
10324,80,95.873016,54.725922
10325,80,95.873016,54.725922
10326,80,96.4835165,50.8440155
10327,80,97.094017,46.962109
10328,80,97.094017,46.962109
10329,80,97.094017,46.962109
10330,80,97.326008,46.962109
10331,80,97.557999,46.962109
10332,80,97.557999,46.962109
10333,80,97.557999,42.1590275
10334,80,97.557999,37.355946
10335,80,97.8266185,37.355946
10336,80,98.095238,37.355946
10337,80,98.095238,37.355946
10338,80,98.095238,37.355946
10339,80,98.095238,31.784738
10340,80,98.315018,26.21353
10341,80,98.534798,26.21353
10342,80,98.534798,26.21353
10343,80,98.534798,26.21353
10344,80,98.498169,26.21353
10345,80,98.46154,21.771787
10346,80,98.46154,17.330044
10347,80,98.46154,17.330044
10348,80,98.2905995,17.330044
10349,80,98.119659,17.330044
10350,80,98.119659,17.330044
10351,80,98.119659,12.7761035
10352,80,98.119659,8.222163
10353,80,97.7777785,8.222163
10354,80,97.435898,8.222163
10355,80,97.435898,8.222163
10356,80,97.435898,8.222163
10357,80,97.216118,8.222163
10358,80,96.996338,4.1110815
10359,80,96.996338,0
10360,80,96.996338,0
10361,80,96.996338,0
10362,80,96.556778,0
10363,80,96.117218,0
10364,80,96.117218,0
10365,80,96.117218,0
10366,80,95.7631265,0
10367,80,95.409035,0
10368,80,95.409035,0
10369,80,95.409035,0
10370,80,95.409035,0
10371,80,95.409035,0
10372,80,94.859585,0
10373,80,94.310135,0
10374,80,94.310135,0
10375,80,94.310135,0
10376,80,93.9560435,0
10377,80,93.601952,0
10378,80,93.601952,0
10379,80,93.601952,0
10380,80,93.601952,0
10381,80,93.0769235,0
10382,80,92.551895,0
10383,80,92.551895,0
10384,80,92.551895,0
10385,80,92.2832755,0
10386,80,92.014656,0
10387,80,92.014656,0
10388,80,92.014656,0
10389,80,92.014656,0
10390,80,92.014656,0
10391,80,90.94017,0
10392,80,90.94017,0
10393,80,90.94017,0
10394,80,90.50061,0
10395,80,90.06105,0
10396,80,90.06105,0
10397,80,90.06105,0
10398,80,90.06105,0
10399,80,89.5726505,0
10400,80,89.084251,0
10401,80,89.084251,0
10402,80,89.084251,0
10403,80,88.7179485,0
10404,80,88.351646,0
10405,80,88.351646,0
10406,80,88.351646,0
10407,80,88.351646,0
10408,80,87.8876685,0
10409,80,87.423691,0
10410,80,87.423691,0
10411,80,87.423691,0
10412,80,87.423691,0
10413,80,86.984131,0
10414,80,86.544571,0
10415,80,86.544571,0
10416,80,86.544571,0
10417,80,86.544571,0
10418,80,86.1782685,0
10419,80,85.811966,0
10420,80,85.811966,0
10421,80,85.811966,0
10422,80,85.811966,0
10423,80,85.3113555,0
10424,80,84.810745,0
10425,80,84.810745,0
10426,80,84.810745,0
10427,80,84.493286,0
10428,80,84.175827,0
10429,80,84.175827,0
10430,80,84.175827,0
10431,80,83.736267,0
10432,80,83.296707,0
10433,80,83.296707,0
10434,80,83.296707,0
10435,80,83.296707,0
10436,80,82.869354,0
10437,80,82.442001,0.004939
10438,80,82.442001,0.009878
10439,80,82.442001,0.009878
10440,80,82.002441,0.009878
10441,80,81.562881,0.009878
10442,80,81.562881,0.009878
10443,80,81.562881,0.009878
10444,80,81.2942615,0.0324805
10445,80,81.025642,0.055083
10446,80,81.025642,0.055083
10447,80,81.025642,0.055083
10448,80,81.025642,0.055083
10449,80,80.5860825,0.055083
10450,80,80.146523,0.055083
10451,80,80.146523,0.451562
10452,80,80.146523,0.451562
10453,80,79.7313805,0.451562
10454,80,79.316238,0.451562
10455,80,79.316238,0.451562
10456,80,79.316238,0.868657
10457,80,79.316238,1.285752
10458,80,78.8522605,1.285752
10459,80,78.388283,1.285752
10460,80,78.388283,1.285752
10461,80,78.388283,1.285752
10462,80,78.083031,2.145106
10463,80,77.777779,3.00446
10464,80,77.777779,3.00446
10465,80,77.777779,3.00446
10466,80,77.777779,3.00446
10467,80,77.326008,3.00446
10468,80,76.874237,3.9704215
10469,80,76.874237,4.936383
10470,80,76.874237,4.936383
10471,80,76.434677,4.936383
10472,80,75.995117,4.936383
10473,80,75.995117,4.936383
10474,80,75.995117,6.3149665
10475,80,75.995117,7.69355
10476,80,75.555557,7.69355
10477,80,75.115997,7.69355
10478,80,75.115997,7.69355
10479,80,75.115997,7.69355
10480,80,75.115997,7.69355
10481,80,74.713066,11.282343
10482,80,74.310135,11.282343
10483,80,74.310135,11.282343
10484,80,74.310135,11.282343
10485,80,74.0293045,11.282343
10486,80,73.748474,12.97405
10487,80,73.748474,14.665757
10488,80,73.748474,14.665757
10489,80,73.748474,14.665757
10490,80,73.308914,14.665757
10491,80,72.869354,14.665757
10492,80,72.869354,16.7208725
10493,80,72.869354,18.775988
10494,80,72.6373635,18.775988
10495,80,72.405373,18.775988
10496,80,72.405373,18.775988
10497,80,72.405373,18.775988
10498,80,72.405373,21.119181
10499,80,72.161175,23.462374
10500,80,71.916977,23.462374
10501,80,71.916977,23.462374
10502,80,71.916977,23.462374
10503,80,71.7826655,23.462374
10504,80,71.648354,25.696824
10505,80,71.648354,27.931274
10506,80,71.648354,27.931274
10507,80,71.648354,27.931274
10508,80,71.428574,27.931274
10509,80,71.208794,27.931274
10510,80,71.208794,27.931274
10511,80,71.208794,32.61911
10512,80,71.0378535,32.61911
10513,80,70.866913,32.61911
10514,80,70.866913,32.61911
10515,80,70.866913,32.61911
10516,80,70.866913,32.61911
10517,80,70.830284,35.201637
10518,80,70.793655,37.784164
10519,80,70.793655,37.784164
10520,80,70.793655,37.784164
10521,80,70.793655,37.784164
10522,80,70.732605,37.784164
10523,80,70.671555,40.119354
10524,80,70.671555,42.454544
10525,80,70.671555,42.454544
10526,80,70.671555,42.454544
10527,80,70.6959725,42.454544
10528,80,70.72039,42.454544
10529,80,70.72039,42.454544
10530,80,70.72039,44.9425545
10531,80,70.72039,47.430565
10532,80,70.72039,47.430565
10533,80,70.72039,47.430565
10534,80,70.72039,47.430565
10535,80,70.72039,47.430565
10536,80,71.037853,49.9772475
10537,80,71.355316,52.52393
10538,80,71.355316,52.52393
10539,80,71.355316,52.52393
10540,80,71.355316,52.52393
10541,80,71.355316,52.52393
10542,80,72.063492,54.269274
10543,80,72.063492,56.014618
10544,80,72.466423,56.014618
10545,80,72.869354,56.014618
10546,80,72.869354,56.014618
10547,80,72.869354,56.014618
10548,80,72.869354,57.5640925
10549,80,73.308914,59.113567
10550,80,73.748474,59.113567
10551,80,73.748474,59.113567
10552,80,73.748474,59.113567
10553,80,74.297924,60.1733685
10554,80,74.847374,61.23317
10555,80,74.847374,61.23317
10556,80,74.847374,61.23317
10557,80,74.847374,61.23317
10558,80,75.384617,61.23317
10559,80,75.92186,61.9749185
10560,80,75.92186,62.716667
10561,80,75.92186,62.716667
10562,80,75.92186,62.716667
10563,80,76.47131,62.716667
10564,80,77.02076,62.716667
10565,80,77.02076,62.716667
10566,80,77.02076,63.185852
10567,80,77.02076,63.655037
10568,80,77.533581,63.655037
10569,80,78.046402,63.655037
10570,80,78.046402,63.655037
10571,80,78.046402,63.655037
10572,80,78.6324805,63.5505865
10573,80,79.218559,63.446136
10574,80,79.218559,63.446136
10575,80,79.218559,63.446136
10576,80,79.218559,63.446136
10577,80,79.8046415,63.446136
10578,80,80.390724,62.971931
10579,80,80.390724,62.497726
10580,80,80.390724,62.497726
10581,80,80.9768025,62.497726
10582,80,81.562881,62.497726
10583,80,81.562881,62.497726
10584,80,81.562881,62.497726
10585,80,81.562881,61.458616
10586,80,82.1855925,60.419506
10587,80,82.808304,60.419506
10588,80,82.808304,60.419506
10589,80,82.808304,60.419506
10590,80,83.3943865,60.419506
10591,80,83.980469,59.197506
10592,80,83.980469,57.975506
10593,80,83.980469,57.975506
10594,80,83.980469,57.975506
10595,80,84.4932865,57.975506
10596,80,85.006104,57.975506
10597,80,85.006104,56.2303695
10598,80,85.006104,54.485233
10599,80,85.494507,54.485233
10600,80,85.98291,54.485233
10601,80,85.98291,54.485233
10602,80,85.98291,54.485233
10603,80,85.98291,54.485233
10604,80,86.4590985,52.2438465
10605,80,86.935287,50.00246
10606,80,86.935287,50.00246
10607,80,86.935287,50.00246
10608,80,87.374847,50.00246
10609,80,87.814407,50.00246
10610,80,87.814407,47.7458475
10611,80,87.814407,45.489235
10612,80,87.814407,45.489235
10613,80,88.156288,45.489235
10614,80,88.498169,45.489235
10615,80,88.498169,45.489235
10616,80,88.498169,43.073841
10617,80,88.498169,40.658447
10618,80,88.803421,40.658447
10619,80,89.108673,40.658447
10620,80,89.108673,40.658447
10621,80,89.108673,40.658447
10622,80,89.3040315,37.8415395
10623,80,89.49939,35.024632
10624,80,89.49939,35.024632
10625,80,89.49939,35.024632
10626,80,89.49939,35.024632
10627,80,89.584862,35.024632
10628,80,89.670334,32.509105
10629,80,89.670334,29.993578
10630,80,89.670334,29.993578
10631,80,89.670334,29.993578
10632,80,89.914528,29.993578
10633,80,89.914528,29.993578
10634,80,89.914528,27.396635
10635,80,89.914528,24.799692
10636,80,89.902321,24.799692
10637,80,89.890114,24.799692
10638,80,89.890114,24.799692
10639,80,89.890114,24.799692
10640,80,89.877903,24.799692
10641,80,89.865692,21.7855375
10642,80,89.865692,18.771383
10643,80,89.865692,18.771383
10644,80,89.743591,18.771383
10645,80,89.62149,18.771383
10646,80,89.62149,18.771383
10647,80,89.62149,16.5608005
10648,80,89.62149,14.350218
10649,80,89.45055,14.350218
10650,80,89.27961,14.350218
10651,80,89.27961,14.350218
10652,80,89.27961,14.350218
10653,80,89.27961,12.2629955
10654,80,88.9621505,10.175773
10655,80,88.644691,10.175773
10656,80,88.644691,10.175773
10657,80,88.473751,10.175773
10658,80,88.302811,10.175773
10659,80,88.302811,8.019026
10660,80,88.302811,5.862279
10661,80,88.302811,5.862279
10662,80,87.887669,5.862279
10663,80,87.472527,5.862279
10664,80,87.472527,5.862279
10665,80,87.472527,4.2693135
10666,80,87.472527,2.676348
10667,80,87.142857,2.676348
10668,80,86.813187,2.676348
10669,80,86.813187,2.676348
10670,80,86.813187,2.676348
10671,80,86.813187,1.338174
10672,80,86.3858375,0
10673,80,85.958488,0
10674,80,85.958488,0
10675,80,85.958488,0
10676,80,85.6288185,0
10677,80,85.299149,0
10678,80,85.299149,0
10679,80,85.299149,0
10680,80,84.859589,0
10681,80,84.420029,0
10682,80,84.420029,0
10683,80,84.420029,0
10684,80,84.420029,0
10685,80,83.968258,0
10686,80,83.516487,0
10687,80,83.516487,0
10688,80,83.516487,0
10689,80,83.516487,0
10690,80,83.076927,0
10691,80,82.637367,0
10692,80,82.637367,0
10693,80,82.637367,0
10694,80,82.2710645,0
10695,80,81.904762,0
10696,80,81.904762,0.0370005
10697,80,81.904762,0.074001
10698,80,81.904762,0.074001
10699,80,81.465202,0.074001
10700,80,81.025642,0.074001
10701,80,81.025642,0.074001
10702,80,81.025642,0.129209
10703,80,80.6715505,0.184417
10704,80,80.317459,0.184417
10705,80,80.317459,0.184417
10706,80,80.317459,0.184417
10707,80,80.317459,0.184417
10708,80,79.9145315,0.4856735
10709,80,79.511604,0.78693
10710,80,79.511604,0.78693
10711,80,79.511604,0.78693
10712,80,79.096462,0.78693
10713,80,78.68132,0.78693
10714,80,78.68132,1.4255545
10715,80,78.68132,2.064179
10716,80,78.68132,2.064179
10717,80,78.24176,2.064179
10718,80,77.8022,2.064179
10719,80,77.8022,2.064179
10720,80,77.8022,2.9740575
10721,80,77.8022,3.883936
10722,80,77.069595,3.883936
10723,80,77.069595,3.883936
10724,80,77.069595,3.883936
10725,80,77.069595,3.883936
10726,80,76.630035,5.0945275
10727,80,76.190475,6.305119
10728,80,76.190475,6.305119
10729,80,76.190475,6.305119
10730,80,75.897438,6.305119
10731,80,75.604401,6.305119
10732,80,75.604401,6.305119
10733,80,75.604401,8.074972
10734,80,75.1282085,9.844825
10735,80,74.652016,9.844825
10736,80,74.652016,9.844825
10737,80,74.652016,9.844825
10738,80,74.652016,9.844825
10739,80,74.2612955,11.5060965
10740,80,73.870575,13.167368
10741,80,73.870575,13.167368
10742,80,73.870575,13.167368
10743,80,73.870575,13.167368
10744,80,73.565323,13.167368
10745,80,73.260071,15.02563
10746,80,73.260071,16.883892
10747,80,73.260071,16.883892
10748,80,73.260071,16.883892
10749,80,72.9792445,16.883892
10750,80,72.698418,16.883892
10751,80,72.698418,16.883892
10752,80,72.698418,16.883892
10753,80,72.5030555,21.524555
10754,80,72.307693,21.524555
10755,80,72.307693,21.524555
10756,80,72.307693,21.524555
10757,80,72.307693,21.524555
10758,80,71.990234,23.611427
10759,80,71.672775,25.698299
10760,80,71.672775,25.698299
10761,80,71.672775,25.698299
10762,80,71.672775,25.698299
10763,80,71.465202,25.698299
10764,80,71.257629,28.041806
10765,80,71.257629,30.385313
10766,80,71.257629,30.385313
10767,80,71.257629,30.385313
10768,80,71.2087895,30.385313
10769,80,71.15995,30.385313
10770,80,71.15995,33.10653
10771,80,71.0866925,35.827747
10772,80,71.013435,35.827747
10773,80,71.013435,35.827747
10774,80,71.013435,35.827747
10775,80,70.8913345,37.864584
10776,80,70.769234,39.901421
10777,80,70.769234,39.901421
10778,80,70.769234,39.901421
10779,80,70.769234,39.901421
10780,80,70.7936515,39.901421
10781,80,70.818069,39.901421
10782,80,70.818069,44.924782
10783,80,70.818069,44.924782
10784,80,70.842491,44.924782
10785,80,70.866913,44.924782
10786,80,70.866913,44.924782
10787,80,70.866913,47.0588725
10788,80,70.866913,49.192963
10789,80,70.989014,49.192963
10790,80,71.111115,49.192963
10791,80,71.111115,49.192963
10792,80,71.111115,49.192963
10793,80,71.111115,51.276621
10794,80,71.514046,53.360279
10795,80,71.916977,53.360279
10796,80,71.916977,53.360279
10797,80,71.916977,53.360279
10798,80,72.271065,53.360279
10799,80,72.625153,53.360279
10800,80,72.625153,55.1702765
10801,80,72.625153,56.980274
10802,80,72.625153,56.980274
10803,80,73.125763,56.980274
10804,80,73.626373,56.980274
10805,80,73.626373,58.180151
10806,80,73.626373,59.380028
10807,80,74.0170935,59.380028
10808,80,74.407814,59.380028
10809,80,74.407814,59.380028
10810,80,74.407814,59.380028
10811,80,74.407814,59.380028
10812,80,74.407814,59.380028
10813,80,75.360199,60.587477
10814,80,75.360199,61.794926
10815,80,75.360199,61.794926
10816,80,75.360199,61.794926
10817,80,75.995117,61.794926
10818,80,76.630035,61.794926
10819,80,76.630035,62.282429
10820,80,76.630035,62.769932
10821,80,76.630035,62.769932
10822,80,77.289379,62.769932
10823,80,77.948723,62.769932
10824,80,77.948723,62.769932
10825,80,77.948723,62.8405475
10826,80,78.40049,62.911163
10827,80,78.852257,62.911163
10828,80,78.852257,62.911163
10829,80,78.852257,62.911163
10830,80,79.487179,62.911163
10831,80,80.122101,62.553167
10832,80,80.122101,62.195171
10833,80,80.122101,62.195171
10834,80,80.122101,62.195171
10835,80,80.6227115,62.195171
10836,80,81.123322,62.195171
10837,80,81.123322,62.195171
10838,80,81.123322,61.439037
10839,80,81.758244,60.682903
10840,80,82.393166,60.682903
10841,80,82.393166,60.682903
10842,80,82.393166,60.682903
10843,80,82.393166,59.628883
10844,80,82.8449365,58.574863
10845,80,83.296707,58.574863
10846,80,83.296707,58.574863
10847,80,83.296707,58.574863
10848,80,84.0170975,58.574863
10849,80,84.737488,57.0655955
10850,80,84.737488,55.556328
10851,80,84.737488,55.556328
10852,80,84.737488,55.556328
10853,80,85.2258875,55.556328
10854,80,85.714287,55.556328
10855,80,85.714287,55.556328
10856,80,85.714287,53.488354
10857,80,85.714287,51.42038
10858,80,86.3003695,51.42038
10859,80,86.886452,51.42038
10860,80,86.886452,51.42038
10861,80,86.886452,51.42038
10862,80,86.886452,49.4326725
10863,80,87.3626405,47.444965
10864,80,87.838829,47.444965
10865,80,87.838829,47.444965
10866,80,87.838829,47.444965
10867,80,88.18071,47.444965
10868,80,88.522591,44.9522515
10869,80,88.522591,42.459538
10870,80,88.522591,42.459538
10871,80,88.522591,42.459538
10872,80,88.522591,42.459538
10873,80,89.255188,42.459538
10874,80,89.255188,39.731764
10875,80,89.255188,37.00399
10876,80,89.462761,37.00399
10877,80,89.670334,37.00399
10878,80,89.670334,37.00399
10879,80,89.670334,37.00399
10880,80,89.670334,34.505203
10881,80,89.865692,32.006416
10882,80,90.06105,32.006416
10883,80,90.06105,32.006416
10884,80,90.06105,32.006416
10885,80,90.073261,32.006416
10886,80,90.085472,29.3547655
10887,80,90.085472,26.703115
10888,80,90.085472,26.703115
10889,80,90.085472,26.703115
10890,80,90.1343115,26.703115
10891,80,90.183151,26.703115
10892,80,90.183151,23.9250335
10893,80,90.183151,21.146952
10894,80,90.0366325,21.146952
10895,80,89.890114,21.146952
10896,80,89.890114,21.146952
10897,80,89.890114,21.146952
10898,80,89.890114,18.733248
10899,80,89.804642,16.319544
10900,80,89.71917,16.319544
10901,80,89.71917,16.319544
10902,80,89.71917,16.319544
10903,80,89.572651,16.319544
10904,80,89.426132,14.0249295
10905,80,89.426132,11.730315
10906,80,89.426132,11.730315
10907,80,89.426132,11.730315
10908,80,89.206352,11.730315
10909,80,88.986572,11.730315
10910,80,88.986572,9.447438
10911,80,88.986572,7.164561
10912,80,88.766792,7.164561
10913,80,88.547012,7.164561
10914,80,88.547012,7.164561
10915,80,88.547012,7.164561
10916,80,88.547012,5.30879
10917,80,88.1807095,3.453019
10918,80,87.814407,3.453019
10919,80,87.814407,3.453019
10920,80,87.814407,3.453019
10921,80,87.4358975,3.453019
10922,80,87.057388,3.453019
10923,80,87.057388,1.8006525
10924,80,87.057388,0.148286
10925,80,87.057388,0.148286
10926,80,87.057388,0.148286
10927,80,86.617828,0.148286
10928,80,86.178268,0.148286
10929,80,86.178268,0.148286
10930,80,86.178268,0.074143
10931,80,86.178268,0
10932,80,85.8119655,0
10933,80,85.445663,0
10934,80,85.445663,0
10935,80,85.445663,0
10936,80,85.0061035,0
10937,80,84.566544,0
10938,80,84.566544,0
10939,80,84.566544,0
10940,80,84.566544,0
10941,80,84.1391945,0.029068
10942,80,83.711845,0.058136
10943,80,83.711845,0.058136
10944,80,83.3699645,0.058136
10945,80,83.028084,0.058136
10946,80,83.028084,0.058136
10947,80,83.028084,0.03292
10948,80,83.028084,0.007704
10949,80,82.6251525,0.007704
10950,80,82.222221,0.007704
10951,80,82.222221,0.007704
10952,80,82.222221,0.007704
10953,80,81.7704505,0.056111
10954,80,81.31868,0.104518
10955,80,81.31868,0.104518
10956,80,81.31868,0.104518
10957,80,81.31868,0.104518
10958,80,80.952381,0.104518
10959,80,80.586082,0.1793625
10960,80,80.586082,0.254207
10961,80,80.586082,0.254207
10962,80,80.586082,0.254207
10963,80,79.829063,0.254207
10964,80,79.829063,0.254207
10965,80,79.829063,0.254207
10966,80,79.829063,0.6430085
10967,80,79.426132,1.03181
10968,80,79.023201,1.03181
10969,80,79.023201,1.03181
10970,80,79.023201,1.03181
10971,80,79.023201,1.03181
10972,80,78.6568985,1.636522
10973,80,78.290596,2.241234
10974,80,78.290596,2.241234
10975,80,78.290596,2.241234
10976,80,78.290596,2.241234
10977,80,77.863247,2.241234
10978,80,77.435898,3.139936
10979,80,77.435898,4.038638
10980,80,77.435898,4.038638
10981,80,77.069599,4.038638
10982,80,76.7033,4.038638
10983,80,76.7033,4.038638
10984,80,76.7033,4.038638
10985,80,76.288158,5.3318495
10986,80,75.873016,6.625061
10987,80,75.873016,6.625061
10988,80,75.873016,6.625061
10989,80,75.873016,6.625061
10990,80,75.543346,8.010385
10991,80,75.213676,9.395709
10992,80,75.213676,9.395709
10993,80,75.213676,9.395709
10994,80,75.213676,9.395709
10995,80,74.810745,9.395709
10996,80,74.407814,11.0106855
10997,80,74.407814,12.625662
10998,80,74.065933,12.625662
10999,80,73.724052,12.625662
11000,80,73.724052,12.625662
11001,80,73.724052,12.625662
11002,80,73.724052,12.625662
11003,80,73.418804,14.6436255
11004,80,73.113556,16.661589
11005,80,73.113556,16.661589
11006,80,73.113556,16.661589
11007,80,73.113556,16.661589
11008,80,72.893776,16.661589
11009,80,72.673996,18.6926395
11010,80,72.673996,20.72369
11011,80,72.673996,20.72369
11012,80,72.673996,20.72369
11013,80,72.4175835,20.72369
11014,80,72.161171,20.72369
11015,80,72.161171,22.9509715
11016,80,72.161171,25.178253
11017,80,72.0024415,25.178253
11018,80,71.843712,25.178253
11019,80,71.843712,25.178253
11020,80,71.843712,25.178253
11021,80,71.843712,25.178253
11022,80,71.6483535,27.8749065
11023,80,71.452995,30.57156
11024,80,71.452995,30.57156
11025,80,71.452995,30.57156
11026,80,71.3186835,30.57156
11027,80,71.184372,30.57156
11028,80,71.184372,32.839432
11029,80,71.184372,35.107304
11030,80,71.184372,35.107304
11031,80,71.1111105,35.107304
11032,80,71.037849,35.107304
11033,80,71.037849,37.311987
11034,80,71.037849,39.51667
11035,80,71.025642,39.51667
11036,80,71.013435,39.51667
11037,80,71.013435,39.51667
11038,80,71.013435,39.51667
11039,80,71.013435,39.51667
11040,80,71.1111145,42.021488
11041,80,71.208794,44.526306
11042,80,71.208794,44.526306
11043,80,71.208794,44.526306
11044,80,71.269844,44.526306
11045,80,71.330894,44.526306
11046,80,71.330894,46.5269795
11047,80,71.330894,48.527653
11048,80,71.330894,48.527653
11049,80,71.477413,48.527653
11050,80,71.623932,48.527653
11051,80,71.623932,48.527653
11052,80,71.623932,50.577778
11053,80,71.623932,52.627903
11054,80,72.185593,52.627903
11055,80,72.185593,52.627903
11056,80,72.185593,52.627903
11057,80,72.185593,52.627903
11058,80,72.6495745,54.363552
11059,80,73.113556,56.099201
11060,80,73.113556,56.099201
11061,80,73.113556,56.099201
11062,80,73.113556,56.099201
11063,80,73.626377,56.099201
11064,80,74.139198,57.2540645
11065,80,74.139198,58.408928
11066,80,74.139198,58.408928
11067,80,74.6642265,58.408928
11068,80,75.189255,58.408928
11069,80,75.189255,58.408928
11070,80,75.189255,59.2909565
11071,80,75.189255,60.172985
11072,80,75.189255,60.172985
11073,80,75.738705,60.172985
11074,80,76.288155,60.172985
11075,80,76.288155,60.172985
11076,80,76.288155,60.172985
11077,80,76.7643475,60.6852665
11078,80,77.24054,61.197548
11079,80,77.24054,61.197548
11080,80,77.24054,61.197548
11081,80,77.24054,61.197548
11082,80,77.9120905,61.197548
11083,80,78.583641,61.216137
11084,80,78.583641,61.234726
11085,80,78.583641,61.234726
11086,80,78.583641,61.234726
11087,80,79.1697195,61.234726
11088,80,79.755798,61.234726
11089,80,79.755798,60.9055235
11090,80,79.755798,60.576321
11091,80,80.3540915,60.576321
11092,80,80.952385,60.576321
11093,80,80.952385,60.576321
11094,80,80.952385,60.576321
11095,80,81.611725,59.690796
11096,80,82.271065,58.805271
11097,80,82.271065,58.805271
11098,80,82.271065,58.805271
11099,80,82.698414,58.805271
11100,80,83.125763,57.705677
11101,80,83.125763,56.606083
11102,80,83.125763,56.606083
11103,80,83.125763,56.606083
11104,80,83.785103,56.606083
11105,80,84.444443,56.606083
11106,80,84.444443,56.606083
11107,80,84.444443,54.921629
11108,80,84.981686,53.237175
11109,80,85.518929,53.237175
11110,80,85.518929,53.237175
11111,80,85.518929,53.237175
11112,80,85.518929,53.237175
11113,80,85.518929,53.237175
11114,80,85.518929,49.716671
11115,80,86.520149,49.716671
11116,80,86.520149,49.716671
11117,80,86.520149,49.716671
11118,80,87.0207595,49.716671
11119,80,87.52137,47.487383
11120,80,87.52137,45.258095
11121,80,87.52137,45.258095
11122,80,87.7777785,45.258095
11123,80,88.034187,45.258095
11124,80,88.034187,45.258095
11125,80,88.034187,45.258095
11126,80,88.034187,42.4977935
11127,80,88.485958,39.737492
11128,80,88.937729,39.737492
11129,80,88.937729,39.737492
11130,80,88.937729,39.737492
11131,80,88.937729,39.737492
11132,80,89.0964585,37.350674
11133,80,89.255188,34.963856
11134,80,89.255188,34.963856
11135,80,89.255188,34.963856
11136,80,89.438339,34.963856
11137,80,89.62149,34.963856
11138,80,89.62149,32.5059665
11139,80,89.62149,30.048077
11140,80,89.62149,30.048077
11141,80,89.56044,30.048077
11142,80,89.49939,30.048077
11143,80,89.49939,30.048077
11144,80,89.49939,30.048077
11145,80,89.49939,26.918418
11146,80,89.682541,23.788759
11147,80,89.865692,23.788759
11148,80,89.865692,23.788759
11149,80,89.865692,23.788759
11150,80,89.865692,23.788759
11151,80,89.6337015,21.556779
11152,80,89.401711,19.324799
11153,80,89.401711,19.324799
11154,80,89.401711,19.324799
11155,80,89.401711,19.324799
11156,80,89.3406605,19.324799
11157,80,89.27961,16.84123
11158,80,89.27961,14.357661
11159,80,89.1208805,14.357661
11160,80,88.962151,14.357661
11161,80,88.962151,14.357661
11162,80,88.962151,14.357661
11163,80,88.962151,12.0922515
11164,80,88.84005,9.826842
11165,80,88.717949,9.826842
11166,80,88.717949,9.826842
11167,80,88.717949,9.826842
11168,80,88.3516505,7.9978815
11169,80,87.985352,6.168921
11170,80,87.985352,6.168921
11171,80,87.985352,6.168921
11172,80,87.985352,6.168921
11173,80,87.985352,6.168921
11174,80,87.448112,6.168921
11175,80,87.448112,4.3256755
11176,80,87.448112,2.48243
11177,80,87.1062315,2.48243
11178,80,86.764351,2.48243
11179,80,86.764351,2.48243
11180,80,86.764351,1.2962915
11181,80,86.764351,0.110153
11182,80,86.336998,0.110153
11183,80,85.909645,0.110153
11184,80,85.909645,0.110153
11185,80,85.909645,0.110153
11186,80,85.909645,0.0550765
11187,80,85.445667,0
11188,80,84.981689,0
11189,80,84.981689,0
11190,80,84.981689,0
11191,80,84.981689,0
11192,80,84.603176,0
11193,80,84.224663,0
11194,80,84.224663,0
11195,80,84.224663,0
11196,80,83.8339425,0
11197,80,83.443222,0
11198,80,83.443222,0
11199,80,83.443222,0.019076
11200,80,83.443222,0.038152
11201,80,82.979244,0.038152
11202,80,82.515266,0.038152
11203,80,82.515266,0.038152
11204,80,82.515266,0.038152
11205,80,82.136753,0.038152
11206,80,81.75824,0.019515
11207,80,81.75824,0.000878
11208,80,81.75824,0.000878
11209,80,81.75824,0.000878
11210,80,81.2698405,0.000878
11211,80,80.781441,0.000878
11212,80,80.781441,0.15459
11213,80,80.781441,0.308302
11214,80,80.463982,0.308302
11215,80,80.146523,0.308302
11216,80,80.146523,0.308302
11217,80,80.146523,0.308302
11218,80,80.146523,0.6398625
11219,80,79.597073,0.971423
11220,80,79.047623,0.971423
11221,80,79.047623,0.971423
11222,80,79.047623,0.971423
11223,80,79.047623,0.971423
11224,80,78.595852,1.668029
11225,80,78.144081,2.364635
11226,80,78.144081,2.364635
11227,80,78.144081,2.364635
11228,80,77.716728,2.364635
11229,80,77.289375,2.364635
11230,80,77.289375,3.3750355
11231,80,77.289375,4.385436
11232,80,77.289375,4.385436
11233,80,76.849815,4.385436
11234,80,76.410255,4.385436
11235,80,76.410255,4.385436
11236,80,76.410255,5.5968735
11237,80,76.0805855,6.808311
11238,80,75.750916,6.808311
11239,80,75.750916,6.808311
11240,80,75.750916,6.808311
11241,80,75.750916,6.808311
11242,80,75.299145,8.3519965
11243,80,74.847374,9.895682
11244,80,74.847374,9.895682
11245,80,74.847374,9.895682
11246,80,74.505493,9.895682
11247,80,74.163612,9.895682
11248,80,74.163612,9.895682
11249,80,74.163612,11.7864335
11250,80,74.163612,13.677185
11251,80,73.7973135,13.677185
11252,80,73.431015,13.677185
11253,80,73.431015,13.677185
11254,80,73.431015,15.537717
11255,80,73.1868135,17.398249
11256,80,72.942612,17.398249
11257,80,72.942612,17.398249
11258,80,72.942612,17.398249
11259,80,72.6495745,17.398249
11260,80,72.356537,19.5779075
11261,80,72.356537,21.757566
11262,80,72.356537,21.757566
11263,80,72.356537,21.757566
11264,80,72.356537,21.757566
11265,80,71.916977,21.757566
11266,80,71.916977,21.757566
11267,80,71.916977,21.757566
11268,80,71.916977,24.453694
11269,80,71.6483535,27.149822
11270,80,71.37973,27.149822
11271,80,71.37973,27.149822
11272,80,71.37973,27.149822
11273,80,71.26984,29.2672835
11274,80,71.15995,31.384745
11275,80,71.15995,31.384745
11276,80,71.15995,31.384745
11277,80,71.0988995,31.384745
11278,80,71.037849,31.384745
11279,80,71.037849,31.384745
11280,80,71.037849,33.9265985
11281,80,71.037849,36.468452
11282,80,70.927959,36.468452
11283,80,70.818069,36.468452
11284,80,70.818069,36.468452
11285,80,70.818069,38.7837635
11286,80,70.818069,41.099075
11287,80,70.927959,41.099075
11288,80,71.037849,41.099075
11289,80,71.037849,41.099075
11290,80,71.037849,41.099075
11291,80,71.037849,43.3632965
11292,80,71.037849,45.627518
11293,80,71.037849,45.627518
11294,80,71.037849,45.627518
11295,80,70.94017,45.627518
11296,80,70.842491,45.627518
11297,80,70.842491,45.627518
11298,80,70.842491,45.627518
11299,80,70.842491,48.283726
11300,80,71.2332115,50.939934
11301,80,71.623932,50.939934
11302,80,71.623932,50.939934
11303,80,71.623932,50.939934
11304,80,71.623932,52.6980095
11305,80,72.051281,54.456085
11306,80,72.47863,54.456085
11307,80,72.47863,54.456085
11308,80,72.47863,54.456085
11309,80,72.918194,54.456085
11310,80,73.357758,55.9634435
11311,80,73.357758,57.470802
11312,80,73.357758,57.470802
11313,80,73.748478,57.470802
11314,80,74.139198,57.470802
11315,80,74.139198,57.470802
11316,80,74.139198,57.470802
11317,80,74.139198,58.641239
11318,80,74.713066,59.811676
11319,80,75.286934,59.811676
11320,80,75.286934,59.811676
11321,80,75.286934,59.811676
11322,80,75.286934,59.811676
11323,80,75.8852275,60.4676225
11324,80,76.483521,61.123569
11325,80,76.483521,61.123569
11326,80,76.483521,61.123569
11327,80,76.874241,61.123569
11328,80,77.264961,61.123569
11329,80,77.264961,61.4511505
11330,80,77.264961,61.778732
11331,80,77.264961,61.778732
11332,80,77.948719,61.778732
11333,80,78.632477,61.778732
11334,80,78.632477,61.778732
11335,80,78.632477,61.778732
11336,80,78.632477,61.598688
11337,80,79.23077,61.418644
11338,80,79.829063,61.418644
11339,80,79.829063,61.418644
11340,80,79.829063,61.418644
11341,80,80.4517745,60.934294
11342,80,81.074486,60.449944
11343,80,81.074486,60.449944
11344,80,81.074486,60.449944
11345,80,81.6361465,60.449944
11346,80,82.197807,60.449944
11347,80,82.197807,60.449944
11348,80,82.197807,59.407795
11349,80,82.197807,58.365646
11350,80,82.661785,58.365646
11351,80,83.125763,58.365646
11352,80,83.125763,58.365646
11353,80,83.125763,58.365646
11354,80,83.125763,56.8485085
11355,80,83.125763,55.331371
11356,80,84.566544,55.331371
11357,80,84.566544,55.331371
11358,80,84.566544,55.331371
11359,80,84.566544,55.331371
11360,80,85.079365,53.5707015
11361,80,85.592186,51.810032
11362,80,85.592186,51.810032
11363,80,86.019535,51.810032
11364,80,86.446884,51.810032
11365,80,86.446884,51.810032
11366,80,86.446884,49.7788565
11367,80,86.446884,47.747681
11368,80,86.886448,47.747681
11369,80,87.326012,47.747681
11370,80,87.326012,47.747681
11371,80,87.326012,47.747681
11372,80,87.326012,47.747681
11373,80,87.973141,44.9336075
11374,80,88.62027,42.119534
11375,80,88.62027,42.119534
11376,80,88.62027,42.119534
11377,80,89.1819305,42.119534
11378,80,89.743591,42.119534
11379,80,89.743591,39.388384
11380,80,89.743591,36.657234
11381,80,90.1221005,36.657234
11382,80,90.50061,36.657234
11383,80,90.50061,36.657234
11384,80,90.50061,36.657234
11385,80,90.50061,36.657234
11386,80,91.074482,30.037561
11387,80,91.648354,30.037561
11388,80,91.648354,30.037561
11389,80,91.648354,30.037561
11390,80,91.648354,30.037561
11391,80,92.185593,30.037561
11392,80,92.722832,25.765372
11393,80,92.722832,21.493183
11394,80,92.722832,21.493183
11395,80,92.722832,21.493183
11396,80,93.4065935,21.493183
11397,80,94.090355,21.493183
11398,80,94.090355,17.6498395
11399,80,94.090355,13.806496
11400,80,94.420025,13.806496
11401,80,94.749695,13.806496
11402,80,94.749695,13.806496
11403,80,94.749695,13.806496
11404,80,94.749695,9.8072545
11405,80,95.262516,5.808013
11406,80,95.775337,5.808013
11407,80,95.775337,5.808013
11408,80,95.775337,5.808013
11409,80,95.775337,5.808013
11410,80,96.2637365,5.808013
11411,80,96.752136,2.9040065
11412,80,96.752136,0
11413,80,96.752136,0
11414,80,96.752136,0
11415,80,97.313797,0
11416,80,97.875458,0
11417,80,97.875458,0
11418,80,97.875458,0
11419,80,98.40049,0
11420,80,98.925522,0
11421,80,98.925522,0
11422,80,98.925522,0
11423,80,99.2918205,0
11424,80,99.658119,0
11425,80,99.658119,0
11426,80,99.658119,0
11427,80,99.8290595,0
11428,80,100,0
11429,80,100,0
11430,80,100,0
11431,80,100,0
11432,80,100,0
11433,80,100,0
11434,80,100,0
11435,80,100,0
11436,80,100,0
11437,80,100,0
11438,80,100,0
11439,80,100,0
11440,80,100,0
11441,80,100,0
11442,80,100,0
11443,80,100,0
11444,80,100,0
11445,80,100,0
11446,80,100,0
11447,80,100,0
11448,80,100,0
11449,80,100,0
11450,80,100,0
11451,80,100,0
11452,80,100,0
11453,80,100,0
11454,80,100,0
11455,80,100,0
11456,80,100,0
11457,80,100,0
11458,80,100,0
11459,80,100,0
11460,80,100,0
11461,80,100,0
11462,80,100,0
11463,80,100,0
11464,80,100,0
11465,80,100,0
11466,80,100,0
11467,80,100,0
11468,80,100,0
11469,80,100,0
11470,80,100,0
11471,80,100,0
11472,80,100,0
11473,80,100,0
11474,80,100,0
11475,80,100,0
11476,80,100,0
11477,80,100,0
11478,80,100,0
11479,80,100,0
11480,80,100,0
11481,80,100,0
11482,80,100,0
11483,80,100,0
11484,80,100,0
11485,80,100,0
11486,80,100,0
11487,80,100,0
11488,80,100,0
11489,80,100,0
11490,80,100,0
11491,80,100,0
11492,80,100,0
11493,80,100,0
11494,80,100,0
11495,80,100,0
11496,80,100,0
11497,80,100,0
11498,80,100,0
11499,80,100,0
11500,80,100,0
11501,80,100,0
11502,80,100,0
11503,80,100,0
11504,80,100,0
11505,80,100,0
11506,80,100,0
11507,80,100,0
11508,80,100,0
11509,80,100,0
11510,80,100,0
11511,80,100,0
11512,80,100,0
11513,80,100,0
11514,80,100,0
11515,80,100,0
11516,80,100,0
11517,80,99.816849,0
11518,80,99.633698,0
11519,80,99.633698,0
11520,80,99.633698,0
11521,80,99.633698,0
11522,80,99.2429775,0
11523,80,98.852257,0
11524,80,98.852257,0
11525,80,98.852257,0
11526,80,98.852257,0
11527,80,98.376068,0
11528,80,97.899879,0
11529,80,97.899879,0
11530,80,97.899879,0
11531,80,97.899879,0
11532,80,97.496948,0
11533,80,97.094017,0
11534,80,97.094017,0
11535,80,96.776558,0
11536,80,96.459099,0
11537,80,96.459099,0
11538,80,96.459099,0
11539,80,96.459099,0
11540,80,96.03175,0
11541,80,95.604401,0
11542,80,95.604401,0
11543,80,95.604401,0
11544,80,95.604401,0
11545,80,95.2258875,0
11546,80,94.847374,0
11547,80,94.847374,0
11548,80,94.847374,0
11549,80,94.3711855,0
11550,80,93.894997,0
11551,80,93.894997,0
11552,80,93.894997,0
11553,80,93.553116,0
11554,80,93.211235,0
11555,80,93.211235,0
11556,80,93.211235,0
11557,80,93.211235,0
11558,80,92.771675,0
11559,80,92.332115,0
11560,80,92.332115,0
11561,80,92.332115,0
11562,80,91.916973,0
11563,80,91.501831,0
11564,80,91.501831,0
11565,80,91.501831,0
11566,80,91.501831,0
11567,80,91.037853,0
11568,80,90.573875,0
11569,80,90.573875,0
11570,80,90.573875,0
11571,80,90.2197835,0
11572,80,89.865692,0
11573,80,89.865692,0
11574,80,89.865692,0
11575,80,89.438343,0
11576,80,89.010994,0
11577,80,89.010994,0
11578,80,89.010994,0
11579,80,89.010994,0
11580,80,88.5470125,0
11581,80,88.083031,0
11582,80,88.083031,0
11583,80,88.083031,0
11584,80,88.083031,0
11585,80,87.655678,0
11586,80,87.228325,0
11587,80,87.228325,0
11588,80,87.228325,0
11589,80,86.886448,0
11590,80,86.544571,0
11591,80,86.544571,0
11592,80,86.544571,0
11593,80,86.544571,0
11594,80,86.117218,0
11595,80,85.689865,0
11596,80,85.689865,0.007491
11597,80,85.689865,0.014982
11598,80,85.689865,0.014982
11599,80,85.2014655,0.014982
11600,80,84.713066,0.014982
11601,80,84.713066,0.014982
11602,80,84.713066,0.007491
11603,80,84.713066,0
11604,80,84.310135,0
11605,80,83.907204,0
11606,80,83.907204,0
11607,80,83.907204,0
11608,80,83.565323,0
11609,80,83.223442,0
11610,80,83.223442,0
11611,80,83.223442,0
11612,80,82.698414,0
11613,80,82.173386,0
11614,80,82.173386,0
11615,80,82.173386,0.0248215
11616,80,81.721615,0.049643
11617,80,81.269844,0.049643
11618,80,81.269844,0.049643
11619,80,81.269844,0.049643
11620,80,81.269844,0.1638395
11621,80,80.8058625,0.278036
11622,80,80.341881,0.278036
11623,80,80.341881,0.278036
11624,80,80.341881,0.278036
11625,80,79.9633715,0.278036
11626,80,79.584862,0.278036
11627,80,79.584862,0.833732
11628,80,79.584862,0.833732
11629,80,79.1941415,0.833732
11630,80,78.803421,0.833732
11631,80,78.803421,0.833732
11632,80,78.803421,1.5198115
11633,80,78.803421,2.205891
11634,80,78.2906,2.205891
11635,80,77.777779,2.205891
11636,80,77.777779,2.205891
11637,80,77.777779,2.205891
11638,80,77.777779,2.205891
11639,80,77.777779,3.2651585
11640,80,77.3504295,4.324426
11641,80,76.92308,4.324426
11642,80,76.92308,4.324426
11643,80,76.53236,4.324426
11644,80,76.14164,4.324426
11645,80,76.14164,5.507557
11646,80,76.14164,6.690688
11647,80,76.14164,6.690688
11648,80,75.7753375,6.690688
11649,80,75.409035,6.690688
11650,80,75.409035,6.690688
11651,80,75.409035,8.3063205
11652,80,75.409035,9.921953
11653,80,74.8962135,9.921953
11654,80,74.383392,9.921953
11655,80,74.383392,9.921953
11656,80,74.383392,9.921953
11657,80,74.383392,9.921953
11658,80,74.053722,11.89147
11659,80,73.724052,13.860987
11660,80,73.724052,13.860987
11661,80,73.724052,13.860987
11662,80,73.406593,13.860987
11663,80,73.089134,13.860987
11664,80,73.089134,15.7559845
11665,80,73.089134,17.650982
11666,80,72.783882,17.650982
11667,80,72.47863,17.650982
11668,80,72.47863,17.650982
11669,80,72.47863,17.650982
11670,80,72.47863,19.9698355
11671,80,72.1855925,22.288689
11672,80,71.892555,22.288689
11673,80,71.892555,22.288689
11674,80,71.892555,22.288689
11675,80,71.892555,22.288689
11676,80,71.6605645,24.839847
11677,80,71.428574,27.391005
11678,80,71.428574,27.391005
11679,80,71.428574,27.391005
11680,80,71.2332115,27.391005
11681,80,71.037849,27.391005
11682,80,71.037849,29.751985
11683,80,71.037849,32.112965
11684,80,70.952381,32.112965
11685,80,70.866913,32.112965
11686,80,70.866913,32.112965
11687,80,70.866913,32.112965
11688,80,70.866913,34.5823135
11689,80,70.8058625,37.051662
11690,80,70.744812,37.051662
11691,80,70.744812,37.051662
11692,80,70.744812,37.051662
11693,80,70.744812,37.051662
11694,80,70.732601,37.051662
11695,80,70.72039,39.7113855
11696,80,70.72039,42.371109
11697,80,70.72039,42.371109
11698,80,70.6471325,42.371109
11699,80,70.573875,42.371109
11700,80,70.573875,42.371109
11701,80,70.573875,44.712269
11702,80,70.6471325,47.053429
11703,80,70.72039,47.053429
11704,80,70.72039,47.053429
11705,80,70.72039,47.053429
11706,80,70.72039,47.053429
11707,80,70.964592,49.328112
11708,80,71.208794,51.602795
11709,80,71.208794,51.602795
11710,80,71.208794,51.602795
11711,80,71.208794,51.602795
11712,80,71.599514,51.602795
11713,80,71.990234,51.602795
11714,80,71.990234,53.700045
11715,80,71.990234,55.797295
11716,80,72.3931655,55.797295
11717,80,72.796097,55.797295
11718,80,72.796097,55.797295
11719,80,72.796097,55.797295
11720,80,73.2600745,57.156916
11721,80,73.724052,58.516537
11722,80,73.724052,58.516537
11723,80,73.724052,58.516537
11724,80,73.724052,58.516537
11725,80,74.3345525,58.516537
11726,80,74.945053,59.4851285
11727,80,74.945053,60.45372
11728,80,74.945053,60.45372
11729,80,74.945053,60.45372
11730,80,75.4334565,60.45372
11731,80,75.92186,60.45372
11732,80,75.92186,61.2006875
11733,80,75.92186,61.947655
11734,80,76.446888,61.947655
11735,80,76.971916,61.947655
11736,80,76.971916,61.947655
11737,80,76.971916,61.947655
11738,80,77.5946275,62.156517
11739,80,78.217339,62.365379
11740,80,78.217339,62.365379
11741,80,78.217339,62.365379
11742,80,78.217339,62.365379
11743,80,78.217339,62.365379
11744,80,78.742371,62.365379
11745,80,79.267403,62.1951195
11746,80,79.267403,62.02486
11747,80,79.267403,62.02486
11748,80,79.267403,62.02486
11749,80,79.9267425,62.02486
11750,80,80.586082,62.02486
11751,80,80.586082,62.02486
11752,80,80.586082,61.3695925
11753,80,81.2210045,60.714325
11754,80,81.855927,60.714325
11755,80,81.855927,60.714325
11756,80,81.855927,60.714325
11757,80,82.5396845,59.65316
11758,80,83.223442,58.591995
11759,80,83.223442,58.591995
11760,80,83.223442,58.591995
11761,80,83.223442,58.591995
11762,80,83.8095245,58.591995
11763,80,84.395607,57.121109
11764,80,84.395607,55.650223
11765,80,84.395607,55.650223
11766,80,84.9816855,55.650223
11767,80,85.567764,55.650223
11768,80,85.567764,55.650223
11769,80,85.567764,53.7504425
11770,80,85.9340665,51.850662
11771,80,86.300369,51.850662
11772,80,86.300369,51.850662
11773,80,86.300369,51.850662
11774,80,86.8131905,49.790054
11775,80,87.326012,47.729446
11776,80,87.326012,47.729446
11777,80,87.326012,47.729446
11778,80,87.326012,47.729446
11779,80,87.753361,47.729446
11780,80,88.18071,45.3847485
11781,80,88.18071,43.040051
11782,80,88.18071,43.040051
11783,80,88.18071,43.040051
11784,80,88.595852,43.040051
11785,80,89.010994,43.040051
11786,80,89.010994,43.040051
11787,80,89.010994,43.040051
11788,80,89.2063525,40.208319
11789,80,89.401711,37.376587
11790,80,89.401711,37.376587
11791,80,89.401711,37.376587
11792,80,89.401711,37.376587
11793,80,89.6581195,34.90794
11794,80,89.914528,32.439293
11795,80,89.914528,32.439293
11796,80,89.914528,32.439293
11797,80,89.914528,32.439293
11798,80,90,32.439293
11799,80,90.085472,29.5863245
11800,80,90.085472,26.733356
11801,80,90.085472,26.733356
11802,80,90.085472,26.733356
11803,80,90.122101,26.733356
11804,80,90.15873,26.733356
11805,80,90.15873,26.733356
11806,80,90.15873,26.733356
11807,80,90.134312,23.644321
11808,80,90.109894,20.555286
11809,80,90.109894,20.555286
11810,80,90.109894,20.555286
11811,80,90.109894,20.555286
11812,80,90.024422,18.369091
11813,80,89.93895,16.182896
11814,80,89.93895,16.182896
11815,80,89.93895,16.182896
11816,80,89.7680095,16.182896
11817,80,89.597069,16.182896
11818,80,89.597069,13.7383485
11819,80,89.597069,11.293801
11820,80,89.597069,11.293801
11821,80,89.3162385,11.293801
11822,80,89.035408,11.293801
11823,80,89.035408,11.293801
11824,80,89.035408,11.293801
11825,80,88.8400495,8.809996
11826,80,88.644691,6.326191
11827,80,88.644691,6.326191
11828,80,88.644691,6.326191
11829,80,88.644691,6.326191
11830,80,88.4004895,4.6239685
11831,80,88.156288,2.921746
11832,80,88.156288,2.921746
11833,80,88.156288,2.921746
11834,80,87.8022,2.921746
11835,80,87.448112,2.921746
11836,80,87.448112,2.921746
11837,80,87.448112,2.921746
11838,80,87.448112,0
11839,80,86.9963415,0
11840,80,86.544571,0
11841,80,86.544571,0
11842,80,86.544571,0
11843,80,86.214901,0
11844,80,85.885231,0
11845,80,85.885231,0
11846,80,85.885231,0
11847,80,85.885231,0
11848,80,85.43346,0
11849,80,84.981689,0
11850,80,84.981689,0
11851,80,84.981689,0
11852,80,84.981689,0
11853,80,84.5421255,0
11854,80,84.102562,0
11855,80,84.102562,0
11856,80,84.102562,0
11857,80,83.675213,0
11858,80,83.247864,0
11859,80,83.247864,0
11860,80,83.247864,0
11861,80,82.808304,0.0049205
11862,80,82.368744,0.009841
11863,80,82.368744,0.009841
11864,80,82.368744,0.009841
11865,80,82.368744,0.009841
11866,80,82.051285,0.009841
11867,80,81.733826,0.067704
11868,80,81.733826,0.125567
11869,80,81.733826,0.125567
11870,80,81.733826,0.125567
11871,80,81.196583,0.125567
11872,80,80.65934,0.125567
11873,80,80.65934,0.125567
11874,80,80.65934,0.246982
11875,80,80.65934,0.368397
11876,80,80.2442015,0.368397
11877,80,79.829063,0.368397
11878,80,79.829063,0.368397
11879,80,79.829063,0.368397
11880,80,79.5116005,0.7301115
11881,80,79.194138,1.091826
11882,80,79.194138,1.091826
11883,80,79.194138,1.091826
11884,80,78.7912105,1.091826
11885,80,78.388283,1.091826
11886,80,78.388283,1.883881
11887,80,78.388283,2.675936
11888,80,78.388283,2.675936
11889,80,77.8754615,2.675936
11890,80,77.36264,2.675936
11891,80,77.36264,2.675936
11892,80,77.36264,2.675936
11893,80,77.36264,3.813836
11894,80,76.97192,4.951736
11895,80,76.5812,4.951736
11896,80,76.5812,4.951736
11897,80,76.5812,4.951736
11898,80,76.5812,4.951736
11899,80,75.799759,6.2399735
11900,80,75.799759,7.528211
11901,80,75.799759,7.528211
11902,80,75.3968275,7.528211
11903,80,74.993896,7.528211
11904,80,74.993896,7.528211
11905,80,74.993896,9.120891
11906,80,74.993896,10.713571
11907,80,74.6642265,10.713571
11908,80,74.334557,10.713571
11909,80,74.334557,10.713571
11910,80,74.334557,10.713571
11911,80,73.9438365,12.71598
11912,80,73.553116,14.718389
11913,80,73.553116,14.718389
11914,80,73.553116,14.718389
11915,80,73.223446,14.718389
11916,80,72.893776,14.718389
11917,80,72.893776,16.699767
11918,80,72.893776,18.681145
11919,80,72.893776,18.681145
11920,80,72.661785,18.681145
11921,80,72.429794,18.681145
11922,80,72.429794,18.681145
11923,80,72.429794,18.681145
11924,80,72.429794,20.896285
11925,80,72.222225,23.111425
11926,80,72.014656,23.111425
11927,80,72.014656,23.111425
11928,80,72.014656,23.111425
11929,80,72.014656,23.111425
11930,80,71.7338255,23.111425
11931,80,71.452995,25.843298
11932,80,71.452995,28.575171
11933,80,71.452995,28.575171
11934,80,71.3308945,28.575171
11935,80,71.208794,28.575171
11936,80,71.208794,28.575171
11937,80,71.208794,30.8473085
11938,80,71.098904,33.119446
11939,80,70.989014,33.119446
11940,80,70.989014,33.119446
11941,80,70.989014,33.119446
11942,80,70.989014,35.325386
11943,80,70.989014,37.531326
11944,80,70.989014,37.531326
11945,80,70.989014,37.531326
11946,80,70.989014,37.531326
11947,80,70.989014,37.531326
11948,80,70.976803,37.531326
11949,80,70.964592,40.106844
11950,80,70.964592,42.682362
11951,80,70.964592,42.682362
11952,80,70.964592,42.682362
11953,80,70.964592,42.682362
11954,80,70.964592,44.858492
11955,80,70.964592,47.034622
11956,80,70.964592,47.034622
11957,80,70.9401705,47.034622
11958,80,70.915749,47.034622
11959,80,70.915749,47.034622
11960,80,70.915749,47.034622
11961,80,71.221001,49.1434915
11962,80,71.526253,51.252361
11963,80,71.526253,51.252361
11964,80,71.526253,51.252361
11965,80,71.526253,51.252361
11966,80,71.9902345,51.252361
11967,80,72.454216,53.1748445
11968,80,72.454216,55.097328
11969,80,72.454216,55.097328
11970,80,72.918194,55.097328
11971,80,73.382172,55.097328
11972,80,73.382172,55.097328
11973,80,73.382172,56.492855
11974,80,73.382172,57.888382
11975,80,73.7484745,57.888382
11976,80,74.114777,57.888382
11977,80,74.114777,57.888382
11978,80,74.114777,57.888382
11979,80,74.114777,58.902397
11980,80,74.7741165,59.916412
11981,80,75.433456,59.916412
11982,80,75.433456,59.916412
11983,80,75.433456,59.916412
11984,80,75.433456,59.916412
11985,80,75.9096485,60.65172
11986,80,76.385841,61.387028
11987,80,76.385841,61.387028
11988,80,76.385841,61.387028
11989,80,76.9230805,61.387028
11990,80,77.46032,61.387028
11991,80,77.46032,61.595194
11992,80,77.46032,61.80336
11993,80,78.095242,61.80336
11994,80,78.730164,61.80336
11995,80,78.730164,61.80336
11996,80,78.730164,61.80336
11997,80,78.730164,61.6030275
11998,80,79.340664,61.402695
11999,80,79.951164,61.402695
12000,80,79.951164,61.402695
12001,80,79.951164,61.402695
12002,80,79.951164,61.402695
12003,80,80.488403,61.402695
12004,80,81.025642,60.731781
12005,80,81.025642,60.060867
12006,80,81.025642,60.060867
12007,80,81.599514,60.060867
12008,80,82.173386,60.060867
12009,80,82.173386,60.060867
12010,80,82.173386,59.1128975
12011,80,82.173386,58.164928
12012,80,82.7228355,58.164928
12013,80,83.272285,58.164928
12014,80,83.272285,58.164928
12015,80,83.272285,58.164928
12016,80,83.9072075,56.736309
12017,80,84.54213,55.30769
12018,80,84.54213,55.30769
12019,80,84.54213,55.30769
12020,80,84.54213,55.30769
12021,80,85.067158,55.30769
12022,80,85.592186,55.30769
12023,80,85.592186,53.229763
12024,80,85.592186,51.151836
12025,80,86.117218,51.151836
12026,80,86.64225,51.151836
12027,80,86.64225,51.151836
12028,80,86.64225,51.151836
12029,80,86.64225,49.12989
12030,80,86.996338,47.107944
12031,80,87.350426,47.107944
12032,80,87.350426,47.107944
12033,80,87.350426,47.107944
12034,80,87.777779,44.906845
12035,80,88.205132,42.705746
12036,80,88.205132,42.705746
12037,80,88.205132,42.705746
12038,80,88.205132,42.705746
12039,80,88.5714305,42.705746
12040,80,88.937729,42.705746
12041,80,88.937729,39.9676365
12042,80,88.937729,37.229527
12043,80,89.1819305,37.229527
12044,80,89.426132,37.229527
12045,80,89.426132,37.229527
12046,80,89.426132,37.229527
12047,80,89.426132,34.814375
12048,80,89.426132,32.399223
12049,80,89.71917,32.399223
12050,80,89.71917,32.399223
12051,80,89.71917,32.399223
12052,80,89.7435915,32.399223
12053,80,89.768013,29.822313
12054,80,89.768013,27.245403
12055,80,89.768013,27.245403
12056,80,89.768013,27.245403
12057,80,89.755802,27.245403
12058,80,89.743591,27.245403
12059,80,89.743591,24.3939105
12060,80,89.743591,21.542418
12061,80,89.7191695,21.542418
12062,80,89.694748,21.542418
12063,80,89.694748,21.542418
12064,80,89.694748,21.542418
12065,80,89.694748,19.2809315
12066,80,89.6092795,17.019445
12067,80,89.523811,17.019445
12068,80,89.523811,17.019445
12069,80,89.523811,17.019445
12070,80,89.3772925,17.019445
12071,80,89.230774,14.7053085
12072,80,89.230774,12.391172
12073,80,89.230774,12.391172
12074,80,89.230774,12.391172
12075,80,88.998783,12.391172
12076,80,88.766792,12.391172
12077,80,88.766792,12.391172
12078,80,88.766792,12.391172
12079,80,88.583641,7.702467
12080,80,88.40049,7.702467
12081,80,88.40049,7.702467
12082,80,88.40049,7.702467
12083,80,88.40049,5.918388
12084,80,88.034191,4.134309
12085,80,87.667892,4.134309
12086,80,87.667892,4.134309
12087,80,87.667892,4.134309
12088,80,87.667892,4.134309
12089,80,87.264961,2.5838595
12090,80,86.86203,1.03341
12091,80,86.86203,1.03341
12092,80,86.86203,1.03341
12093,80,86.410259,1.03341
12094,80,85.958488,1.03341
12095,80,85.958488,1.03341
12096,80,85.958488,0.516705
12097,80,85.6288185,0
12098,80,85.299149,0
12099,80,85.299149,0
12100,80,85.299149,0
12101,80,85.299149,0
12102,80,84.847378,0.0398675
12103,80,84.395607,0.079735
12104,80,84.395607,0.079735
12105,80,84.395607,0.079735
12106,80,84.395607,0.079735
12107,80,84.053726,0.079735
12108,80,83.711845,0.079735
12109,80,83.711845,0
12110,80,83.711845,0
12111,80,83.199024,0
12112,80,82.686203,0
12113,80,82.686203,0
12114,80,82.686203,0
12115,80,82.2954825,0.0275515
12116,80,81.904762,0.055103
12117,80,81.904762,0.055103
12118,80,81.904762,0.055103
12119,80,81.904762,0.055103
12120,80,81.489624,0.055103
12121,80,81.074486,0.0934365
12122,80,81.074486,0.13177
12123,80,81.074486,0.13177
12124,80,81.074486,0.13177
12125,80,80.5982935,0.13177
12126,80,80.122101,0.13177
12127,80,80.122101,0.373492
12128,80,80.122101,0.615214
12129,80,80.122101,0.615214
12130,80,79.694752,0.615214
12131,80,79.267403,0.615214
12132,80,79.267403,0.615214
12133,80,79.267403,1.251322
12134,80,78.852261,1.88743
12135,80,78.437119,1.88743
12136,80,78.437119,1.88743
12137,80,78.437119,1.88743
12138,80,78.437119,1.88743
12139,80,77.509155,2.640723
12140,80,77.509155,3.394016
12141,80,77.509155,3.394016
12142,80,77.509155,3.394016
12143,80,77.094017,3.394016
12144,80,76.678879,3.394016
12145,80,76.678879,4.5462785
12146,80,76.678879,5.698541
12147,80,76.678879,5.698541
12148,80,76.2759475,5.698541
12149,80,75.873016,5.698541
12150,80,75.873016,5.698541
12151,80,75.873016,7.3123515
12152,80,75.482296,8.926162
12153,80,75.091576,8.926162
12154,80,75.091576,8.926162
12155,80,75.091576,8.926162
12156,80,74.7130665,8.926162
12157,80,74.334557,10.465042
12158,80,74.334557,12.003922
12159,80,74.334557,12.003922
12160,80,74.334557,12.003922
12161,80,73.894997,12.003922
12162,80,73.455437,12.003922
12163,80,73.455437,13.935815
12164,80,73.455437,15.867708
12165,80,73.455437,15.867708
12166,80,73.137974,15.867708
12167,80,72.820511,15.867708
12168,80,72.820511,15.867708
12169,80,72.820511,15.867708
12170,80,72.588524,18.1776725
12171,80,72.356537,20.487637
12172,80,72.356537,20.487637
12173,80,72.356537,20.487637
12174,80,72.356537,20.487637
12175,80,72.124546,20.487637
12176,80,71.892555,22.6331095
12177,80,71.892555,24.778582
12178,80,71.892555,24.778582
12179,80,71.709404,24.778582
12180,80,71.526253,24.778582
12181,80,71.526253,27.1318905
12182,80,71.526253,29.485199
12183,80,71.526253,29.485199
12184,80,71.3553125,29.485199
12185,80,71.184372,29.485199
12186,80,71.184372,29.485199
12187,80,71.184372,29.485199
12188,80,70.952381,32.0671615
12189,80,70.72039,34.649124
12190,80,70.72039,34.649124
12191,80,70.72039,34.649124
12192,80,70.72039,34.649124
12193,80,70.72039,34.649124
12194,80,70.72039,37.0423775
12195,80,70.72039,39.435631
12196,80,70.72039,39.435631
12197,80,70.72039,39.435631
12198,80,70.744812,39.435631
12199,80,70.769234,39.435631
12200,80,70.769234,41.875006
12201,80,70.769234,44.314381
12202,80,70.7936515,44.314381
12203,80,70.818069,44.314381
12204,80,70.818069,44.314381
12205,80,70.818069,44.314381
12206,80,70.83028,44.314381
12207,80,70.842491,47.031702
12208,80,70.842491,49.749023
12209,80,70.842491,49.749023
12210,80,70.842491,49.749023
12211,80,71.2454225,49.749023
12212,80,71.648354,49.749023
12213,80,71.648354,51.6255835
12214,80,71.648354,53.502144
12215,80,71.648354,53.502144
12216,80,72.0879135,53.502144
12217,80,72.527473,53.502144
12218,80,72.527473,53.502144
12219,80,72.527473,55.064991
12220,80,72.527473,56.627838
12221,80,72.9181935,56.627838
12222,80,73.308914,56.627838
12223,80,73.308914,56.627838
12224,80,73.308914,56.627838
12225,80,73.736263,57.982481
12226,80,74.163612,59.337124
12227,80,74.163612,59.337124
12228,80,74.163612,59.337124
12229,80,74.163612,59.337124
12230,80,75.433456,59.337124
12231,80,75.433456,60.1882
12232,80,75.433456,61.039276
12233,80,75.433456,61.039276
12234,80,75.9218555,61.039276
12235,80,76.410255,61.039276
12236,80,76.410255,61.039276
12237,80,76.410255,61.4920805
12238,80,76.410255,61.944885
12239,80,77.045177,61.944885
12240,80,77.680099,61.944885
12241,80,77.680099,61.944885
12242,80,77.680099,61.944885
12243,80,78.2783885,61.944885
12244,80,78.876678,61.9930705
12245,80,78.876678,62.041256
12246,80,78.876678,62.041256
12247,80,78.876678,62.041256
12248,80,79.536018,62.041256
12249,80,80.195358,61.6393375
12250,80,80.195358,61.237419
12251,80,80.195358,61.237419
12252,80,80.732601,61.237419
12253,80,81.269844,61.237419
12254,80,81.269844,61.237419
12255,80,81.269844,60.4669265
12256,80,81.269844,59.696434
12257,80,81.819294,59.696434
12258,80,82.368744,59.696434
12259,80,82.368744,59.696434
12260,80,82.368744,59.696434
12261,80,82.905983,59.696434
12262,80,83.443222,58.3215045
12263,80,83.443222,56.946575
12264,80,83.443222,56.946575
12265,80,84.0537225,56.946575
12266,80,84.664223,56.946575
12267,80,84.664223,56.946575
12268,80,84.664223,55.4188595
12269,80,84.664223,53.891144
12270,80,85.274727,53.891144
12271,80,85.885231,53.891144
12272,80,85.885231,53.891144
12273,80,85.885231,53.891144
12274,80,85.885231,51.873661
12275,80,86.446888,49.856178
12276,80,87.008545,49.856178
12277,80,87.008545,49.856178
12278,80,87.008545,49.856178
12279,80,87.3992655,49.856178
12280,80,87.789986,47.541437
12281,80,87.789986,45.226696
12282,80,87.789986,45.226696
12283,80,88.1196595,45.226696
12284,80,88.449333,45.226696
12285,80,88.449333,45.226696
12286,80,88.449333,42.692009
12287,80,88.449333,40.157322
12288,80,88.8644715,40.157322
12289,80,89.27961,40.157322
12290,80,89.27961,40.157322
12291,80,89.27961,40.157322
12292,80,89.27961,37.5436765
12293,80,89.5116005,34.930031
12294,80,89.743591,34.930031
12295,80,89.743591,34.930031
12296,80,89.743591,34.930031
12297,80,89.853481,34.930031
12298,80,89.963371,34.930031
12299,80,89.963371,31.7403115
12300,80,89.963371,28.550592
12301,80,90.0610505,28.550592
12302,80,90.15873,28.550592
12303,80,90.15873,28.550592
12304,80,90.15873,28.550592
12305,80,90.15873,26.0253425
12306,80,90.122101,23.500093
12307,80,90.085472,23.500093
12308,80,90.085472,23.500093
12309,80,90.085472,23.500093
12310,80,90.085472,23.500093
12311,80,90.0488435,21.04854
12312,80,90.012215,18.596987
12313,80,90.012215,18.596987
12314,80,90.012215,18.596987
12315,80,89.890114,18.596987
12316,80,89.768013,18.596987
12317,80,89.768013,15.98254
12318,80,89.768013,13.368093
12319,80,89.768013,13.368093
12320,80,89.4993935,13.368093
12321,80,89.230774,13.368093
12322,80,89.230774,13.368093
12323,80,89.230774,11.2835935
12324,80,89.230774,9.199094
12325,80,89.023201,9.199094
12326,80,88.815628,9.199094
12327,80,88.815628,9.199094
12328,80,88.815628,9.199094
12329,80,88.583637,7.086481
12330,80,88.351646,4.973868
12331,80,88.351646,4.973868
12332,80,88.351646,4.973868
12333,80,88.034187,4.973868
12334,80,87.716728,4.973868
12335,80,87.716728,4.973868
12336,80,87.716728,3.099815
12337,80,87.716728,1.225762
12338,80,87.4358975,1.225762
12339,80,87.155067,1.225762
12340,80,87.155067,1.225762
12341,80,87.155067,0.612881
12342,80,87.155067,0
12343,80,86.532356,0
12344,80,85.909645,0
12345,80,85.909645,0
12346,80,85.909645,0
12347,80,85.909645,0
12348,80,85.5189245,0
12349,80,85.128204,0
12350,80,85.128204,0
12351,80,85.128204,0
12352,80,84.725273,0
12353,80,84.322342,0
12354,80,84.322342,0
12355,80,84.322342,0
12356,80,83.968254,0
12357,80,83.614166,0
12358,80,83.614166,0
12359,80,83.614166,0
12360,80,83.614166,0
12361,80,83.1379735,0
12362,80,82.661781,0
12363,80,82.661781,0
12364,80,82.661781,0
12365,80,82.661781,0
12366,80,82.246643,0.0064355
12367,80,81.831505,0.012871
12368,80,81.831505,0.012871
12369,80,81.831505,0.012871
12370,80,81.4774135,0.012871
12371,80,81.123322,0.012871
12372,80,81.123322,0.133248
12373,80,81.123322,0.253625
12374,80,80.647133,0.253625
12375,80,80.170944,0.253625
12376,80,80.170944,0.253625
12377,80,80.170944,0.253625
12378,80,80.170944,0.519865
12379,80,80.170944,0.786105
12380,80,79.365082,0.786105
12381,80,79.365082,0.786105
12382,80,79.365082,0.786105
12383,80,79.365082,0.786105
12384,80,78.9011005,1.4391885
12385,80,78.437119,2.092272
12386,80,78.437119,2.092272
12387,80,78.437119,2.092272
12388,80,78.095238,2.092272
12389,80,77.753357,2.092272
12390,80,77.753357,2.092272
12391,80,77.753357,3.164878
12392,80,77.313797,4.237484
12393,80,76.874237,4.237484
12394,80,76.874237,4.237484
12395,80,76.874237,4.237484
12396,80,76.874237,4.237484
12397,80,76.446888,5.375192
12398,80,76.019539,6.5129
12399,80,76.019539,6.5129
12400,80,76.019539,6.5129
12401,80,76.019539,6.5129
12402,80,75.5433465,6.5129
12403,80,75.067154,7.9693915
12404,80,75.067154,9.425883
12405,80,75.067154,9.425883
12406,80,74.6886445,9.425883
12407,80,74.310135,9.425883
12408,80,74.310135,9.425883
12409,80,74.310135,9.425883
12410,80,74.310135,11.440596
12411,80,73.882786,13.455309
12412,80,73.455437,13.455309
12413,80,73.455437,13.455309
12414,80,73.455437,13.455309
12415,80,73.455437,15.358903
12416,80,73.040295,17.262497
12417,80,72.625153,17.262497
12418,80,72.625153,17.262497
12419,80,72.625153,17.262497
12420,80,72.161171,17.262497
12421,80,71.697189,19.6298685
12422,80,71.697189,21.99724
12423,80,71.697189,21.99724
12424,80,71.3308905,21.99724
12425,80,70.964592,21.99724
12426,80,70.964592,21.99724
12427,80,70.964592,21.99724
12428,80,70.964592,24.97196
12429,80,70.512821,27.94668
12430,80,70.06105,27.94668
12431,80,70.06105,27.94668
12432,80,70.06105,27.94668
12433,80,70.06105,30.648162
12434,80,69.6825405,33.349644
12435,80,69.304031,33.349644
12436,80,69.304031,33.349644
12437,80,69.304031,33.349644
12438,80,68.864471,33.349644
12439,80,68.424911,36.561144
12440,80,68.424911,39.772644
12441,80,68.424911,39.772644
12442,80,68.009769,39.772644
12443,80,67.594627,39.772644
12444,80,67.594627,39.772644
12445,80,67.594627,39.772644
12446,80,67.594627,43.6908495
12447,80,67.277168,47.609055
12448,80,66.959709,47.609055
12449,80,66.959709,47.609055
12450,80,66.959709,47.609055
12451,80,66.959709,47.609055
12452,80,66.4957275,51.241024
12453,80,66.031746,54.872993
12454,80,66.031746,54.872993
12455,80,66.031746,54.872993
12456,80,66.031746,54.872993
12457,80,65.6166075,54.872993
12458,80,65.201469,58.9001175
12459,80,65.201469,62.927242
12460,80,65.201469,62.927242
12461,80,64.8351665,62.927242
12462,80,64.468864,62.927242
12463,80,64.468864,62.927242
12464,80,64.468864,67.583868
12465,80,64.468864,72.240494
12466,80,64.078144,72.240494
12467,80,63.687424,72.240494
12468,80,63.687424,72.240494
12469,80,63.687424,72.240494
12470,80,63.687424,72.240494
12471,80,62.710625,81.340172
12472,80,62.710625,81.340172
12473,80,62.710625,81.340172
12474,80,62.710625,81.340172
12475,80,62.4175835,81.340172
12476,80,62.124542,86.3907625
12477,80,62.124542,91.441353
12478,80,62.124542,91.441353
12479,80,61.733822,91.441353
12480,80,61.343102,91.441353
12481,80,61.343102,91.441353
12482,80,61.343102,91.441353
12483,80,60.8424915,95.7206765
12484,80,60.341881,100
12485,80,60.341881,100
12486,80,60.341881,100
12487,80,60.341881,100
12488,80,59.9511605,100
12489,80,59.56044,100
12490,80,59.56044,100
12491,80,59.56044,100
12492,80,59.56044,100
12493,80,59.03541,100
12494,80,58.51038,100
12495,80,58.51038,100
12496,80,58.51038,100
12497,80,58.168499,100
12498,80,57.826618,100
12499,80,57.826618,100
12500,80,57.826618,100
12501,80,57.826618,100
12502,80,57.3504275,100
12503,80,56.874237,100
12504,80,56.874237,100
12505,80,56.874237,100
12506,80,56.446886,100
12507,80,56.019535,100
12508,80,56.019535,100
12509,80,56.019535,100
12510,80,56.019535,100
12511,80,55.6166055,100
12512,80,55.213676,100
12513,80,55.213676,100
12514,80,55.213676,100
12515,80,54.8595865,100
12516,80,54.505497,100
12517,80,54.505497,100
12518,80,54.505497,100
12519,80,54.505497,100
12520,80,54.065935,100
12521,80,53.626373,100
12522,80,53.626373,100
12523,80,53.626373,100
12524,80,53.626373,100
12525,80,53.186813,100
12526,80,52.747253,100
12527,80,52.747253,100
12528,80,52.747253,100
12529,80,52.747253,100
12530,80,52.3809525,100
12531,80,52.014652,100
12532,80,52.014652,100
12533,80,52.014652,100
12534,80,51.684982,100
12535,80,51.355312,100
12536,80,51.355312,100
12537,80,51.355312,100
12538,80,50.8913325,100
12539,80,50.427353,100
12540,80,50.427353,100
12541,80,50.427353,100
12542,80,49.975582,100
12543,80,49.523811,100
12544,80,49.523811,100
12545,80,49.523811,100
12546,80,49.0842495,100
12547,80,48.644688,100
12548,80,48.644688,100
12549,80,48.644688,100
12550,80,48.205128,100
12551,80,47.765568,100
12552,80,47.765568,100
12553,80,47.765568,100
12554,80,47.765568,100
12555,80,47.448109,100
12556,80,47.13065,100
12557,80,47.13065,100
12558,80,47.13065,100
12559,80,46.788769,100
12560,80,46.446888,100
12561,80,46.446888,100
12562,80,46.446888,100
12563,80,46.446888,100
12564,80,46.324787,100
12565,80,46.202686,100
12566,80,46.202686,100
12567,80,46.202686,100
12568,80,46.0561655,100
12569,80,45.909645,100
12570,80,45.909645,100
12571,80,45.909645,100
12572,80,45.909645,100
12573,80,45.9584865,100
12574,80,46.007328,100
12575,80,46.007328,100
12576,80,46.007328,100
12577,80,46.007328,100
12578,80,46.3980485,100
12579,80,46.788769,100
12580,80,46.788769,100
12581,80,46.788769,100
12582,80,47.4359,100
12583,80,48.083031,100
12584,80,48.083031,100
12585,80,48.083031,100
12586,80,48.62027,100
12587,80,49.157509,100
12588,80,49.157509,100
12589,80,49.157509,100
12590,80,49.157509,100
12591,80,50.647133,100
12592,80,50.647133,100
12593,80,50.647133,100
12594,80,50.647133,100
12595,80,51.3553125,100
12596,80,52.063492,100
12597,80,52.063492,100
12598,80,52.063492,100
12599,80,52.063492,100
12600,80,52.9548225,100
12601,80,53.846153,100
12602,80,53.846153,100
12603,80,53.846153,100
12604,80,54.6398045,100
12605,80,55.433456,100
12606,80,55.433456,100
12607,80,55.433456,100
12608,80,56.0683765,100
12609,80,56.703297,100
12610,80,56.703297,100
12611,80,56.703297,100
12612,80,56.703297,100
12613,80,57.570208,100
12614,80,58.437119,100
12615,80,58.437119,100
12616,80,58.437119,100
12617,80,59.1453,100
12618,80,59.853481,100
12619,80,59.853481,100
12620,80,59.853481,100
12621,80,59.853481,100
12622,80,61.098904,100
12623,80,61.098904,100
12624,80,61.098904,100
12625,80,61.098904,100
12626,80,61.9780235,100
12627,80,62.857143,100
12628,80,62.857143,100
12629,80,62.857143,100
12630,80,63.5653245,100
12631,80,64.273506,100
12632,80,64.273506,100
12633,80,64.273506,100
12634,80,64.273506,100
12635,80,65.115997,100
12636,80,65.958488,100
12637,80,65.958488,100
12638,80,65.958488,100
12639,80,66.7032965,100
12640,80,67.448105,100
12641,80,67.448105,100
12642,80,67.448105,100
12643,80,68.1074485,100
12644,80,68.766792,100
12645,80,68.766792,100
12646,80,68.766792,100
12647,80,68.766792,100
12648,80,69.645912,100
12649,80,70.525032,100
12650,80,70.525032,100
12651,80,70.525032,100
12652,80,70.525032,100
12653,80,71.257633,100
12654,80,71.990234,100
12655,80,71.990234,100
12656,80,71.990234,100
12657,80,72.673996,100
12658,80,73.357758,100
12659,80,73.357758,100
12660,80,73.357758,100
12661,80,74.188038,99.9766005
12662,80,75.018318,99.953201
12663,80,75.018318,99.953201
12664,80,75.018318,99.953201
12665,80,75.018318,99.953201
12666,80,75.7264975,99.9766005
12667,80,76.434677,100
12668,80,76.434677,100
12669,80,76.434677,100
12670,80,77.2283285,100
12671,80,78.02198,100
12672,80,78.02198,99.915756
12673,80,78.02198,99.831512
12674,80,78.766792,99.831512
12675,80,79.511604,99.831512
12676,80,79.511604,99.831512
12677,80,79.511604,99.831512
12678,80,79.511604,99.831512
12679,80,80.305252,99.114536
12680,80,81.0989,98.39756
12681,80,81.0989,98.39756
12682,80,81.0989,98.39756
12683,80,81.81929,98.39756
12684,80,82.53968,98.39756
12685,80,82.53968,97.338783
12686,80,82.53968,96.280006
12687,80,82.53968,96.280006
12688,80,83.3699645,96.280006
12689,80,84.200249,96.280006
12690,80,84.200249,94.676979
12691,80,84.200249,93.073952
12692,80,84.859589,93.073952
12693,80,85.518929,93.073952
12694,80,85.518929,93.073952
12695,80,85.518929,93.073952
12696,80,86.25153,93.073952
12697,80,86.984131,90.6065025
12698,80,86.984131,88.139053
12699,80,86.984131,88.139053
12700,80,86.984131,88.139053
12701,80,87.7899895,88.139053
12702,80,88.595848,88.139053
12703,80,88.595848,85.5422515
12704,80,88.595848,82.94545
12705,80,88.595848,82.94545
12706,80,88.595848,82.94545
12707,80,89.462761,82.94545
12708,80,90.329674,82.94545
12709,80,90.329674,82.94545
12710,80,90.329674,79.539059
12711,80,91.0012245,76.132668
12712,80,91.672775,76.132668
12713,80,91.672775,76.132668
12714,80,91.672775,76.132668
12715,80,92.3809545,76.132668
12716,80,93.089134,76.132668
12717,80,93.089134,71.602978
12718,80,93.089134,67.073288
12719,80,93.7973135,67.073288
12720,80,94.505493,67.073288
12721,80,94.505493,67.073288
12722,80,94.505493,63.2934665
12723,80,94.505493,59.513645
12724,80,95.3113555,59.513645
12725,80,96.117218,59.513645
12726,80,96.117218,59.513645
12727,80,96.64225,59.513645
12728,80,97.167282,54.0211335
12729,80,97.167282,48.528622
12730,80,97.167282,48.528622
12731,80,97.167282,48.528622
12732,80,97.5457915,48.528622
12733,80,97.924301,44.3513145
12734,80,97.924301,40.174007
12735,80,97.924301,40.174007
12736,80,98.4004895,40.174007
12737,80,98.876678,40.174007
12738,80,98.876678,40.174007
12739,80,98.876678,35.1727265
12740,80,98.876678,30.171446
12741,80,98.876678,30.171446
12742,80,98.949944,30.171446
12743,80,98.949944,30.171446
12744,80,98.949944,30.171446
12745,80,99.157513,30.171446
12746,80,99.365082,30.171446
12747,80,99.365082,24.370697
12748,80,99.365082,18.569948
12749,80,99.365082,18.569948
12750,80,99.242981,18.569948
12751,80,99.12088,18.569948
12752,80,99.12088,18.569948
12753,80,99.12088,13.9818875
12754,80,98.937729,9.393827
12755,80,98.754578,9.393827
12756,80,98.754578,9.393827
12757,80,98.754578,9.393827
12758,80,98.754578,9.393827
12759,80,98.51038,4.6969135
12760,80,98.266182,0
12761,80,98.266182,0
12762,80,98.266182,0
12763,80,97.85104,0
12764,80,97.435898,0
12765,80,97.435898,0
12766,80,97.435898,0
12767,80,97.435898,0
12768,80,97.094017,0
12769,80,96.752136,0
12770,80,96.752136,0
12771,80,96.752136,0
12772,80,96.3003655,0
12773,80,95.848595,0
12774,80,95.848595,0
12775,80,95.848595,0
12776,80,95.848595,0
12777,80,95.506714,0
12778,80,95.164833,0
12779,80,95.164833,0
12780,80,95.164833,0
12781,80,94.7741125,0
12782,80,94.383392,0
12783,80,94.383392,0
12784,80,94.383392,0
12785,80,93.980465,0
12786,80,93.577538,0
12787,80,93.577538,0
12788,80,93.577538,0
12789,80,93.577538,0
12790,80,93.1623955,0
12791,80,92.747253,0
12792,80,92.747253,0
12793,80,92.747253,0
12794,80,92.747253,0
12795,80,92.2832715,0
12796,80,91.81929,0
12797,80,91.81929,0
12798,80,91.81929,0
12799,80,91.514042,0
12800,80,91.208794,0
12801,80,91.208794,0
12802,80,91.208794,0
12803,80,90.7814445,0
12804,80,90.354095,0
12805,80,90.354095,0
12806,80,90.354095,0
12807,80,90.354095,0
12808,80,89.9145315,0
12809,80,89.474968,0
12810,80,89.474968,0
12811,80,89.474968,0
12812,80,89.0598295,0
12813,80,88.644691,0
12814,80,88.644691,0
12815,80,88.644691,0
12816,80,88.2783885,0
12817,80,87.912086,0
12818,80,87.912086,0
12819,80,87.912086,0
12820,80,87.912086,0
12821,80,87.5457875,0
12822,80,87.179489,0
12823,80,87.179489,0
12824,80,87.179489,0
12825,80,86.7032965,0
12826,80,86.227104,0
12827,80,86.227104,0
12828,80,86.227104,0
12829,80,86.227104,0
12830,80,85.8485945,0
12831,80,85.470085,0
12832,80,85.470085,0
12833,80,85.470085,0
12834,80,85.054947,0
12835,80,84.639809,0
12836,80,84.639809,0
12837,80,84.639809,0
12838,80,84.297928,0
12839,80,83.956047,0
12840,80,83.956047,0
12841,80,83.956047,0
12842,80,83.956047,0
12843,80,83.516487,0
12844,80,83.076927,0
12845,80,83.076927,0.0334635
12846,80,83.076927,0.066927
12847,80,83.076927,0.066927
12848,80,82.649574,0.066927
12849,80,82.222221,0.066927
12850,80,82.222221,0.066927
12851,80,82.222221,0.066927
12852,80,81.8681335,0.038059
12853,80,81.514046,0.009191
12854,80,81.514046,0.009191
12855,80,81.514046,0.009191
12856,80,81.1477435,0.009191
12857,80,80.781441,0.009191
12858,80,80.781441,0.13484
12859,80,80.781441,0.260489
12860,80,80.781441,0.260489
12861,80,80.354092,0.260489
12862,80,79.926743,0.260489
12863,80,79.926743,0.260489
12864,80,79.926743,0.615197
12865,80,79.5238115,0.969905
12866,80,79.12088,0.969905
12867,80,79.12088,0.969905
12868,80,79.12088,0.969905
12869,80,78.79121,0.969905
12870,80,78.46154,0.969905
12871,80,78.46154,1.6383835
12872,80,78.46154,2.306862
12873,80,78.46154,2.306862
12874,80,77.9853475,2.306862
12875,80,77.509155,2.306862
12876,80,77.509155,3.2659575
12877,80,77.509155,4.225053
12878,80,77.1550675,4.225053
12879,80,76.80098,4.225053
12880,80,76.80098,4.225053
12881,80,76.80098,4.225053
12882,80,76.80098,4.225053
12883,80,76.3858375,5.4358195
12884,80,75.970695,6.646586
12885,80,75.970695,6.646586
12886,80,75.970695,6.646586
12887,80,75.6410255,6.646586
12888,80,75.311356,6.646586
12889,80,75.311356,8.240938
12890,80,75.311356,9.83529
12891,80,74.847374,9.83529
12892,80,74.383392,9.83529
12893,80,74.383392,9.83529
12894,80,74.383392,9.83529
12895,80,74.383392,11.516001
12896,80,74.163612,13.196712
12897,80,73.943832,13.196712
12898,80,73.943832,13.196712
12899,80,73.943832,13.196712
12900,80,73.943832,13.196712
12901,80,73.5775335,15.182532
12902,80,73.211235,17.168352
12903,80,73.211235,17.168352
12904,80,73.211235,17.168352
12905,80,72.918194,17.168352
12906,80,72.625153,17.168352
12907,80,72.625153,17.168352
12908,80,72.625153,19.476346
12909,80,72.503052,21.78434
12910,80,72.380951,21.78434
12911,80,72.380951,21.78434
12912,80,72.380951,21.78434
12913,80,72.380951,21.78434
12914,80,72.148964,23.9080745
12915,80,71.916977,26.031809
12916,80,71.916977,26.031809
12917,80,71.916977,26.031809
12918,80,71.7826655,26.031809
12919,80,71.648354,26.031809
12920,80,71.648354,28.304718
12921,80,71.648354,30.577627
12922,80,71.648354,30.577627
12923,80,71.306473,30.577627
12924,80,71.306473,30.577627
12925,80,71.306473,30.577627
12926,80,71.306473,30.577627
12927,80,71.2576335,33.1371165
12928,80,71.208794,35.696606
12929,80,71.208794,35.696606
12930,80,71.208794,35.696606
12931,80,71.208794,35.696606
12932,80,71.208794,35.696606
12933,80,71.208794,37.9119495
12934,80,71.208794,40.127293
12935,80,71.208794,40.127293
12936,80,71.2454225,40.127293
12937,80,71.282051,40.127293
12938,80,71.282051,40.127293
12939,80,71.282051,42.3463785
12940,80,71.367523,44.565464
12941,80,71.452995,44.565464
12942,80,71.452995,44.565464
12943,80,71.452995,44.565464
12944,80,71.575092,44.565464
12945,80,71.697189,44.565464
12946,80,71.697189,46.9889165
12947,80,71.697189,49.412369
12948,80,71.697189,49.412369
12949,80,72.051281,49.412369
12950,80,72.405373,49.412369
12951,80,72.405373,49.412369
12952,80,72.405373,49.412369
12953,80,72.405373,52.50544
12954,80,72.930405,52.50544
12955,80,73.455437,52.50544
12956,80,73.455437,52.50544
12957,80,73.455437,53.8043635
12958,80,73.8095245,55.103287
12959,80,74.163612,55.103287
12960,80,74.163612,55.103287
12961,80,74.163612,55.103287
12962,80,74.627594,55.103287
12963,80,75.091576,55.103287
12964,80,75.091576,56.130459
12965,80,75.091576,57.157631
12966,80,75.091576,57.157631
12967,80,75.6410255,57.157631
12968,80,76.190475,57.157631
12969,80,76.190475,57.157631
12970,80,76.190475,57.6971245
12971,80,76.6910855,58.236618
12972,80,77.191696,58.236618
12973,80,77.191696,58.236618
12974,80,77.191696,58.236618
12975,80,77.716728,58.236618
12976,80,78.24176,58.4118385
12977,80,78.24176,58.587059
12978,80,78.24176,58.587059
12979,80,78.24176,58.587059
12980,80,78.876682,58.587059
12981,80,79.511604,58.587059
12982,80,79.511604,58.587059
12983,80,79.511604,58.060768
12984,80,79.9267425,58.060768
12985,80,80.341881,58.060768
12986,80,80.341881,58.060768
12987,80,80.341881,58.060768
12988,80,80.341881,57.4814835
12989,80,81.0134315,56.902199
12990,80,81.684982,56.902199
12991,80,81.684982,56.902199
12992,80,81.684982,56.902199
12993,80,82.2710645,56.902199
12994,80,82.857147,55.842678
12995,80,82.857147,54.783157
12996,80,82.857147,54.783157
12997,80,83.394386,54.783157
12998,80,83.931625,54.783157
12999,80,83.931625,54.783157
13000,80,83.931625,53.325058
13001,80,83.931625,51.866959
13002,80,84.456657,51.866959
13003,80,84.981689,51.866959
13004,80,84.981689,51.866959
13005,80,84.981689,51.866959
13006,80,84.981689,50.10639
13007,80,85.54335,48.345821
13008,80,86.105011,48.345821
13009,80,86.105011,48.345821
13010,80,86.105011,48.345821
13011,80,86.520149,48.345821
13012,80,86.935287,48.345821
13013,80,86.935287,44.220921
13014,80,86.935287,44.220921
13015,80,87.3260075,44.220921
13016,80,87.716728,44.220921
13017,80,87.716728,44.220921
13018,80,87.716728,44.220921
13019,80,87.716728,41.8533615
13020,80,88.0097695,39.485802
13021,80,88.302811,39.485802
13022,80,88.302811,39.485802
13023,80,88.302811,39.485802
13024,80,88.5592195,39.485802
13025,80,88.815628,37.120039
13026,80,88.815628,34.754276
13027,80,88.815628,34.754276
13028,80,88.925518,34.754276
13029,80,89.035408,34.754276
13030,80,89.035408,34.754276
13031,80,89.035408,32.1411015
13032,80,89.035408,29.527927
13033,80,89.267399,29.527927
13034,80,89.49939,29.527927
13035,80,89.49939,29.527927
13036,80,89.49939,29.527927
13037,80,89.49939,29.527927
13038,80,89.462761,26.664969
13039,80,89.426132,23.802011
13040,80,89.426132,23.802011
13041,80,89.426132,23.802011
13042,80,89.426132,23.802011
13043,80,89.768013,23.802011
13044,80,89.768013,21.412877
13045,80,89.768013,19.023743
13046,80,89.5238115,19.023743
13047,80,89.27961,19.023743
13048,80,89.27961,19.023743
13049,80,89.27961,16.884352
13050,80,89.157509,14.744961
13051,80,89.035408,14.744961
13052,80,89.035408,14.744961
13053,80,89.035408,14.744961
13054,80,89.035408,14.744961
13055,80,88.925518,14.744961
13056,80,88.815628,12.289834
13057,80,88.815628,9.834707
13058,80,88.815628,9.834707
13059,80,88.815628,9.834707
13060,80,88.5592195,9.834707
13061,80,88.302811,9.834707
13062,80,88.302811,8.0324885
13063,80,88.302811,6.23027
13064,80,88.1074485,6.23027
13065,80,87.912086,6.23027
13066,80,87.912086,6.23027
13067,80,87.912086,6.23027
13068,80,87.5457875,4.4702385
13069,80,87.179489,2.710207
13070,80,87.179489,2.710207
13071,80,87.179489,2.710207
13072,80,87.179489,2.710207
13073,80,87.179489,2.710207
13074,80,86.544571,1.3551035
13075,80,86.544571,0
13076,80,86.544571,0
13077,80,86.0805895,0
13078,80,85.616608,0
13079,80,85.616608,0
13080,80,85.616608,0
13081,80,85.360199,0
13082,80,85.10379,0
13083,80,85.10379,0
13084,80,85.10379,0
13085,80,85.10379,0
13086,80,84.676437,0
13087,80,84.249084,0
13088,80,84.249084,0
13089,80,84.249084,0
13090,80,84.249084,0
13091,80,83.8949925,0
13092,80,83.540901,0
13093,80,83.540901,0.002385
13094,80,83.540901,0.00477
13095,80,83.1501805,0.00477
13096,80,82.75946,0.00477
13097,80,82.75946,0.00477
13098,80,82.75946,0.002385
13099,80,82.344322,0
13100,80,81.929184,0
13101,80,81.929184,0
13102,80,81.929184,0
13103,80,81.929184,0
13104,80,81.269844,0.058207
13105,80,81.269844,0.116414
13106,80,81.269844,0.116414
13107,80,81.269844,0.116414
13108,80,80.830284,0.116414
13109,80,80.390724,0.116414
13110,80,80.390724,0.116414
13111,80,80.390724,0.316104
13112,80,80.390724,0.515794
13113,80,80.0244215,0.515794
13114,80,79.658119,0.515794
13115,80,79.658119,0.515794
13116,80,79.658119,0.515794
13117,80,79.3162385,0.9287595
13118,80,78.974358,1.341725
13119,80,78.974358,1.341725
13120,80,78.974358,1.341725
13121,80,78.608059,1.341725
13122,80,78.24176,1.341725
13123,80,78.24176,2.0374575
13124,80,78.24176,2.73319
13125,80,78.24176,2.73319
13126,80,77.85104,2.73319
13127,80,77.46032,2.73319
13128,80,77.46032,2.73319
13129,80,77.46032,2.73319
13130,80,76.9841275,3.9281685
13131,80,76.507935,5.123147
13132,80,76.507935,5.123147
13133,80,76.507935,5.123147
13134,80,76.2271045,5.123147
13135,80,75.946274,5.123147
13136,80,75.946274,6.361438
13137,80,75.946274,7.599729
13138,80,75.946274,7.599729
13139,80,75.592186,7.599729
13140,80,75.238098,7.599729
13141,80,75.238098,7.599729
13142,80,75.238098,9.0129155
13143,80,75.238098,10.426102
13144,80,74.8473775,10.426102
13145,80,74.456657,10.426102
13146,80,74.456657,10.426102
13147,80,74.456657,10.426102
13148,80,74.2124555,12.309923
13149,80,73.968254,14.193744
13150,80,73.968254,14.193744
13151,80,73.968254,14.193744
13152,80,73.6874235,14.193744
13153,80,73.406593,14.193744
13154,80,73.406593,15.9670675
13155,80,73.406593,17.740391
13156,80,73.406593,17.740391
13157,80,73.1379735,17.740391
13158,80,72.869354,17.740391
13159,80,72.869354,17.740391
13160,80,72.869354,19.79257
13161,80,72.6129455,21.844749
13162,80,72.356537,21.844749
13163,80,72.356537,21.844749
13164,80,72.356537,21.844749
13165,80,72.356537,21.844749
13166,80,72.271065,24.1652325
13167,80,72.185593,26.485716
13168,80,72.185593,26.485716
13169,80,72.185593,26.485716
13170,80,72.039074,26.485716
13171,80,71.892555,26.485716
13172,80,71.892555,28.5160055
13173,80,71.892555,30.546295
13174,80,71.7704545,30.546295
13175,80,71.648354,30.546295
13176,80,71.648354,30.546295
13177,80,71.648354,30.546295
13178,80,71.648354,32.7479935
13179,80,71.648354,34.949692
13180,80,71.648354,34.949692
13181,80,71.648354,34.949692
13182,80,71.648354,34.949692
13183,80,71.648354,34.949692
13184,80,71.623932,34.949692
13185,80,71.59951,37.3537315
13186,80,71.59951,39.757771
13187,80,71.623932,39.757771
13188,80,71.648354,39.757771
13189,80,71.648354,39.757771
13190,80,71.648354,39.757771
13191,80,71.648354,41.831795
13192,80,71.648354,43.905819
13193,80,71.648354,43.905819
13194,80,71.648354,43.905819
13195,80,71.648354,43.905819
13196,80,71.648354,45.9053555
13197,80,71.7826655,47.904892
13198,80,71.916977,47.904892
13199,80,71.916977,47.904892
13200,80,71.916977,47.904892
13201,80,72.161175,47.904892
13202,80,72.405373,47.904892
13203,80,72.405373,49.779112
13204,80,72.405373,51.653332
13205,80,72.735043,51.653332
13206,80,73.064713,51.653332
13207,80,73.064713,51.653332
13208,80,73.064713,51.653332
13209,80,73.064713,53.0455535
13210,80,73.5042725,54.437775
13211,80,73.943832,54.437775
13212,80,73.943832,54.437775
13213,80,73.943832,54.437775
13214,80,74.4444425,54.437775
13215,80,74.945053,55.537617
13216,80,74.945053,56.637459
13217,80,74.945053,56.637459
13218,80,74.945053,56.637459
13219,80,75.494507,56.637459
13220,80,76.043961,56.637459
13221,80,76.043961,56.637459
13222,80,76.043961,57.4265825
13223,80,76.043961,58.215706
13224,80,76.971916,58.215706
13225,80,76.971916,58.215706
13226,80,76.971916,58.215706
13227,80,77.4725265,58.215706
13228,80,77.973137,58.4103165
13229,80,77.973137,58.604927
13230,80,77.973137,58.604927
13231,80,77.973137,58.604927
13232,80,78.4493295,58.604927
13233,80,78.925522,58.604927
13234,80,78.925522,58.5035495
13235,80,78.925522,58.402172
13236,80,78.925522,58.402172
13237,80,79.5360225,58.402172
13238,80,80.146523,58.402172
13239,80,80.146523,58.402172
13240,80,80.561661,57.932684
13241,80,80.976799,57.463196
13242,80,80.976799,57.463196
13243,80,80.976799,57.463196
13244,80,80.976799,57.463196
13245,80,81.5750925,57.463196
13246,80,82.173386,56.6113055
13247,80,82.173386,55.759415
13248,80,82.173386,55.759415
13249,80,82.173386,55.759415
13250,80,82.7228355,55.759415
13251,80,83.272285,55.759415
13252,80,83.272285,54.5869905
13253,80,83.272285,53.414566
13254,80,83.7973135,53.414566
13255,80,84.322342,53.414566
13256,80,84.322342,53.414566
13257,80,84.322342,53.414566
13258,80,84.6886445,53.414566
13259,80,85.054947,51.711075
13260,80,85.054947,50.007584
13261,80,85.054947,50.007584
13262,80,85.054947,50.007584
13263,80,85.6532365,50.007584
13264,80,86.251526,48.173771
13265,80,86.251526,46.339958
13266,80,86.251526,46.339958
13267,80,86.8131865,46.339958
13268,80,87.374847,46.339958
13269,80,87.374847,46.339958
13270,80,87.374847,44.0312175
13271,80,87.374847,41.722477
13272,80,87.936508,41.722477
13273,80,88.498169,41.722477
13274,80,88.498169,41.722477
13275,80,88.498169,41.722477
13276,80,88.8766785,41.722477
13277,80,89.255188,38.7917975
13278,80,89.255188,35.861118
13279,80,89.255188,35.861118
13280,80,89.8046415,35.861118
13281,80,90.354095,35.861118
13282,80,90.354095,35.861118
13283,80,90.354095,35.861118
13284,80,90.354095,29.919971
13285,80,90.8913345,29.919971
13286,80,91.428574,29.919971
13287,80,91.428574,29.919971
13288,80,91.428574,29.919971
13289,80,91.428574,26.5677525
13290,80,91.965813,23.215534
13291,80,92.503052,23.215534
13292,80,92.503052,23.215534
13293,80,92.942612,23.215534
13294,80,93.382172,23.215534
13295,80,93.382172,19.204837
13296,80,93.382172,15.19414
13297,80,93.382172,15.19414
13298,80,93.870575,15.19414
13299,80,94.358978,15.19414
13300,80,94.358978,15.19414
13301,80,94.358978,11.0804065
13302,80,94.358978,6.966673
13303,80,94.945057,6.966673
13304,80,95.531136,6.966673
13305,80,95.531136,6.966673
13306,80,95.531136,6.966673
13307,80,96.0195355,3.4833365
13308,80,96.507935,0
13309,80,96.507935,0
13310,80,96.507935,0
13311,80,96.9597055,0
13312,80,97.411476,0
13313,80,97.411476,0
13314,80,97.411476,0
13315,80,97.411476,0
13316,80,97.973137,0
13317,80,98.534798,0
13318,80,98.534798,0
13319,80,98.534798,0
13320,80,99.05983,0
13321,80,99.584862,0
13322,80,99.584862,0
13323,80,99.584862,0
13324,80,99.584862,0
13325,80,99.792431,0
13326,80,100,0
13327,80,100,0
13328,80,100,0
13329,80,100,0
13330,80,100,0
13331,80,100,0
13332,80,100,0
13333,80,100,0
13334,80,100,0
13335,80,100,0
13336,80,100,0
13337,80,100,0
13338,80,100,0
13339,80,100,0
13340,80,100,0
13341,80,100,0
13342,80,100,0
13343,80,100,0
13344,80,100,0
13345,80,100,0
13346,80,100,0
13347,80,100,0
13348,80,100,0
13349,80,100,0
13350,80,100,0
13351,80,100,0
13352,80,100,0
13353,80,100,0
13354,80,100,0
13355,80,100,0
13356,80,100,0
13357,80,100,0
13358,80,100,0
13359,80,100,0
13360,80,100,0
13361,80,100,0
13362,80,100,0
13363,80,100,0
13364,80,100,0
13365,80,100,0
13366,80,100,0
13367,80,100,0
13368,80,100,0
13369,80,100,0
13370,80,100,0
13371,80,100,0
13372,80,100,0
13373,80,100,0
13374,80,100,0
13375,80,100,0
13376,80,100,0
13377,80,100,0
13378,80,100,0
13379,80,100,0
13380,80,100,0
13381,80,100,0
13382,80,100,0
13383,80,100,0
13384,80,100,0
13385,80,100,0
13386,80,100,0
13387,80,100,0
13388,80,100,0
13389,80,100,0
13390,80,100,0
13391,80,100,0
13392,80,100,0
13393,80,100,0
13394,80,100,0
13395,80,100,0
13396,80,100,0
13397,80,100,0
13398,80,100,0
13399,80,100,0
13400,80,100,0
13401,80,100,0
13402,80,100,0
13403,80,100,0
13404,80,100,0
13405,80,100,0
13406,80,100,0
13407,80,100,0
13408,80,100,0
13409,80,100,0
13410,80,100,0
13411,80,100,0
13412,80,100,0
13413,80,100,0
13414,80,100,0
13415,80,100,0
13416,80,100,0
13417,80,100,0
13418,80,100,0
13419,80,100,0
13420,80,100,0
13421,80,100,0
13422,80,100,0
13423,80,100,0
13424,80,100,0
13425,80,100,0
13426,80,100,0
13427,80,100,0
13428,80,100,0
13429,80,100,0
13430,80,100,0
13431,80,100,0
13432,80,100,0
13433,80,100,0
13434,80,100,0
13435,80,100,0
13436,80,100,0
13437,80,100,0
13438,80,100,0
13439,80,100,0
13440,80,100,0
13441,80,100,0
13442,80,100,0
13443,80,100,0
13444,80,100,0
13445,80,100,0
13446,80,100,0
13447,80,100,0
13448,80,100,0
13449,80,100,0
13450,80,100,0
13451,80,100,0
13452,80,100,0
13453,80,100,0
13454,80,100,0
13455,80,100,0
13456,80,100,0
13457,80,100,0
13458,80,100,0
13459,80,100,0
13460,80,100,0
13461,80,100,0
13462,80,100,0
13463,80,100,0
13464,80,100,0
13465,80,100,0
13466,80,100,0
13467,80,100,0
13468,80,100,0
13469,80,100,0
13470,80,100,0
13471,80,100,0
13472,80,100,0
13473,80,100,0
13474,80,100,0
13475,80,100,0
13476,80,100,0
13477,80,100,0
13478,80,100,0
13479,80,100,0
13480,80,100,0
13481,80,100,0
13482,80,100,0
13483,80,100,0
13484,80,100,0
13485,80,100,0
13486,80,100,0
13487,80,100,0
13488,80,100,0
13489,80,100,0
13490,80,100,0
13491,80,100,0
13492,80,100,0
13493,80,100,0
13494,80,100,0
13495,80,100,0
13496,80,100,0
13497,80,100,0
13498,80,100,0
13499,80,100,0
13500,80,100,0
13501,80,100,0
13502,80,100,0
13503,80,100,0
13504,80,100,0
13505,80,100,0
13506,80,100,0
13507,80,100,0
13508,80,100,0
13509,80,100,0
13510,80,100,0
13511,80,100,0
13512,80,100,0
13513,80,100,0
13514,80,100,0
13515,80,100,0
13516,80,100,0
13517,80,100,0
13518,80,100,0
13519,80,100,0
13520,80,100,0
13521,80,100,0
13522,80,100,0
13523,80,100,0
13524,80,100,0
13525,80,100,0
13526,80,100,0
13527,80,100,0
13528,80,100,0
13529,80,100,0
13530,80,100,0
13531,80,100,0
13532,80,100,0
13533,80,100,0
13534,80,100,0
13535,80,100,0
13536,80,100,0
13537,80,100,0
13538,80,100,0
13539,80,100,0
13540,80,100,0
13541,80,100,0
13542,80,100,0
13543,80,100,0
13544,80,100,0
13545,80,100,0
13546,80,100,0
13547,80,100,0
13548,80,100,0
13549,80,100,0
13550,80,100,0
13551,80,100,0
13552,80,100,0
13553,80,100,0
13554,80,100,0
13555,80,99.9389495,0
13556,80,99.877899,0
13557,80,99.877899,0
13558,80,99.877899,0
13559,80,99.5360185,0
13560,80,99.194138,0
13561,80,99.194138,0
13562,80,99.194138,0
13563,80,98.7789995,0
13564,80,98.363861,0
13565,80,98.363861,0
13566,80,98.363861,0
13567,80,98.363861,0
13568,80,98.07082,0
13569,80,97.777779,0
13570,80,97.777779,0
13571,80,97.777779,0
13572,80,97.3748475,0
13573,80,96.971916,0
13574,80,96.971916,0
13575,80,96.971916,0
13576,80,96.654457,0
13577,80,96.336998,0
13578,80,96.336998,0
13579,80,96.336998,0
13580,80,96.336998,0
13581,80,95.995117,0
13582,80,95.653236,0
13583,80,95.653236,0
13584,80,95.653236,0
13585,80,95.653236,0
13586,80,95.347988,0
13587,80,95.04274,0
13588,80,95.04274,0
13589,80,95.04274,0
13590,80,94.6764375,0
13591,80,94.310135,0
13592,80,94.310135,0
13593,80,94.310135,0
13594,80,93.9438365,0
13595,80,93.577538,0
13596,80,93.577538,0
13597,80,93.577538,0
13598,80,93.577538,0
13599,80,93.1868175,0
13600,80,92.796097,0
13601,80,92.796097,0
13602,80,92.796097,0
13603,80,92.466427,0
13604,80,92.136757,0
13605,80,92.136757,0
13606,80,92.136757,0
13607,80,92.136757,0
13608,80,91.7338255,0
13609,80,91.330894,0
13610,80,91.330894,0
13611,80,91.330894,0
13612,80,90.9645915,0
13613,80,90.598289,0
13614,80,90.598289,0
13615,80,90.598289,0
13616,80,90.2319905,0
13617,80,89.865692,0
13618,80,89.865692,0
13619,80,89.865692,0
13620,80,89.865692,0
13621,80,89.4871825,0
13622,80,89.108673,0
13623,80,89.108673,0
13624,80,89.108673,0
13625,80,88.79121,0
13626,80,88.473747,0
13627,80,88.473747,0
13628,80,88.473747,0
13629,80,88.0708195,0
13630,80,87.667892,0
13631,80,87.667892,0
13632,80,87.667892,0
13633,80,87.667892,0.0073495
13634,80,87.2405395,0.014699
13635,80,86.813187,0.014699
13636,80,86.813187,0.014699
13637,80,86.813187,0.014699
13638,80,86.813187,0.014699
13639,80,86.483517,0.0073495
13640,80,86.153847,0
13641,80,86.153847,0
13642,80,86.153847,0
13643,80,85.6654475,0
13644,80,85.177048,0
13645,80,85.177048,0
13646,80,85.177048,0
13647,80,84.8962175,0
13648,80,84.615387,0
13649,80,84.615387,0
13650,80,84.615387,0
13651,80,84.615387,0
13652,80,84.285717,0
13653,80,83.956047,0
13654,80,83.956047,0
13655,80,83.956047,0
13656,80,83.5897445,0
13657,80,83.223442,0
13658,80,83.223442,0
13659,80,83.223442,0
13660,80,83.223442,0
13661,80,82.783882,0
13662,80,82.344322,0
13663,80,82.344322,0
13664,80,82.344322,0.020993
13665,80,82.026863,0.041986
13666,80,81.709404,0.041986
13667,80,81.709404,0.041986
13668,80,81.709404,0.041986
13669,80,81.3553125,0.041986
13670,80,81.001221,0.040048
13671,80,81.001221,0.03811
13672,80,81.001221,0.03811
13673,80,81.001221,0.03811
13674,80,80.5982895,0.03811
13675,80,80.195358,0.03811
13676,80,80.195358,0.30175
13677,80,80.195358,0.56539
13678,80,80.195358,0.56539
13679,80,79.8290595,0.56539
13680,80,79.462761,0.56539
13681,80,79.462761,0.56539
13682,80,79.0964625,0.56539
13683,80,78.730164,1.1234945
13684,80,78.730164,1.681599
13685,80,78.730164,1.681599
13686,80,78.730164,1.681599
13687,80,78.388283,1.681599
13688,80,78.046402,1.681599
13689,80,78.046402,2.4553225
13690,80,78.046402,3.229046
13691,80,78.046402,3.229046
13692,80,77.5824205,3.229046
13693,80,77.118439,3.229046
13694,80,77.118439,4.1636935
13695,80,77.118439,5.098341
13696,80,76.75214,5.098341
13697,80,76.385841,5.098341
13698,80,76.385841,5.098341
13699,80,76.385841,5.098341
13700,80,76.0561675,5.098341
13701,80,75.726494,6.481335
13702,80,75.726494,7.864329
13703,80,75.726494,7.864329
13704,80,75.726494,7.864329
13705,80,75.726494,7.864329
13706,80,75.091576,7.864329
13707,80,75.091576,9.2521345
13708,80,75.091576,10.63994
13709,80,74.761906,10.63994
13710,80,74.432236,10.63994
13711,80,74.432236,10.63994
13712,80,74.432236,10.63994
13713,80,74.432236,12.3619285
13714,80,74.078144,14.083917
13715,80,73.724052,14.083917
13716,80,73.724052,14.083917
13717,80,73.724052,14.083917
13718,80,73.528694,14.083917
13719,80,73.333336,16.1852955
13720,80,73.333336,18.286674
13721,80,73.333336,18.286674
13722,80,73.101345,18.286674
13723,80,72.869354,18.286674
13724,80,72.869354,18.286674
13725,80,72.869354,20.1304635
13726,80,72.869354,21.974253
13727,80,72.6129455,21.974253
13728,80,72.356537,21.974253
13729,80,72.356537,21.974253
13730,80,72.356537,21.974253
13731,80,72.356537,24.120782
13732,80,72.2222255,26.267311
13733,80,72.087914,26.267311
13734,80,72.087914,26.267311
13735,80,72.087914,26.267311
13736,80,71.892555,26.267311
13737,80,71.892555,26.267311
13738,80,71.892555,28.610572
13739,80,71.892555,30.953833
13740,80,71.8437155,30.953833
13741,80,71.794876,30.953833
13742,80,71.794876,30.953833
13743,80,71.794876,33.0319185
13744,80,71.794876,35.110004
13745,80,71.7460325,35.110004
13746,80,71.697189,35.110004
13747,80,71.697189,35.110004
13748,80,71.697189,35.110004
13749,80,71.7582395,37.173893
13750,80,71.81929,39.237782
13751,80,71.81929,39.237782
13752,80,71.81929,39.237782
13753,80,71.8559225,39.237782
13754,80,71.892555,39.237782
13755,80,71.892555,39.237782
13756,80,71.892555,41.48065
13757,80,71.892555,43.723518
13758,80,71.9413945,43.723518
13759,80,71.990234,43.723518
13760,80,71.990234,43.723518
13761,80,71.990234,43.723518
13762,80,72.0757025,45.687183
13763,80,72.161171,47.650848
13764,80,72.161171,47.650848
13765,80,72.161171,47.650848
13766,80,72.161171,47.650848
13767,80,72.588524,47.650848
13768,80,73.015877,49.324747
13769,80,73.015877,50.998646
13770,80,73.015877,50.998646
13771,80,73.2844965,50.998646
13772,80,73.553116,50.998646
13773,80,73.553116,50.998646
13774,80,73.553116,50.998646
13775,80,74.090355,52.5091745
13776,80,74.627594,54.019703
13777,80,74.627594,54.019703
13778,80,74.627594,54.019703
13779,80,74.627594,54.019703
13780,80,75.042736,54.019703
13781,80,75.457878,54.960762
13782,80,75.457878,55.901821
13783,80,75.457878,55.901821
13784,80,76.0317495,55.901821
13785,80,76.605621,55.901821
13786,80,76.605621,56.417669
13787,80,76.605621,56.933517
13788,80,76.9108695,56.933517
13789,80,77.216118,56.933517
13790,80,77.216118,56.933517
13791,80,77.216118,56.933517
13792,80,77.216118,56.933517
13793,80,77.8144075,57.1229305
13794,80,78.412697,57.312344
13795,80,78.412697,57.312344
13796,80,78.412697,57.312344
13797,80,78.412697,57.312344
13798,80,78.8766785,57.312344
13799,80,79.34066,57.229931
13800,80,79.34066,57.147518
13801,80,79.34066,57.147518
13802,80,80.0244215,57.147518
13803,80,80.708183,57.147518
13804,80,80.708183,57.147518
13805,80,80.708183,56.4812295
13806,80,81.2087935,55.814941
13807,80,81.709404,55.814941
13808,80,81.709404,55.814941
13809,80,81.709404,55.814941
13810,80,81.709404,55.814941
13811,80,82.0757025,54.8323745
13812,80,82.442001,53.849808
13813,80,82.442001,53.849808
13814,80,82.442001,53.849808
13815,80,83.1746025,53.849808
13816,80,83.907204,53.849808
13817,80,83.907204,52.582796
13818,80,83.907204,51.315784
13819,80,83.907204,51.315784
13820,80,84.3589745,51.315784
13821,80,84.810745,51.315784
13822,80,84.810745,51.315784
13823,80,84.810745,49.6062525
13824,80,85.262516,47.896721
13825,80,85.714287,47.896721
13826,80,85.714287,47.896721
13827,80,85.714287,47.896721
13828,80,86.141636,47.896721
13829,80,86.568985,47.896721
13830,80,86.568985,45.7508815
13831,80,86.568985,43.605042
13832,80,86.568985,43.605042
13833,80,86.9597055,43.605042
13834,80,87.350426,43.605042
13835,80,87.350426,41.5166705
13836,80,87.350426,39.428299
13837,80,87.350426,39.428299
13838,80,87.7045175,39.428299
13839,80,88.058609,39.428299
13840,80,88.058609,39.428299
13841,80,88.058609,39.428299
13842,80,88.3394395,37.0545885
13843,80,88.62027,34.680878
13844,80,88.62027,34.680878
13845,80,88.62027,34.680878
13846,80,88.62027,34.680878
13847,80,88.803421,34.680878
13848,80,88.986572,34.680878
13849,80,88.986572,32.14582
13850,80,88.986572,29.610762
13851,80,88.986572,29.610762
13852,80,89.096462,29.610762
13853,80,89.206352,29.610762
13854,80,89.206352,29.610762
13855,80,89.206352,27.2170925
13856,80,89.206352,24.823423
13857,80,89.27961,24.823423
13858,80,89.27961,24.823423
13859,80,89.27961,24.823423
13860,80,89.27961,24.823423
13861,80,89.2063485,22.366901
13862,80,89.133087,19.910379
13863,80,89.133087,19.910379
13864,80,89.0842475,19.910379
13865,80,89.035408,19.910379
13866,80,89.035408,19.910379
13867,80,89.035408,17.2131515
13868,80,89.01099,14.515924
13869,80,88.986572,14.515924
13870,80,88.986572,14.515924
13871,80,88.986572,14.515924
13872,80,88.986572,12.483069
13873,80,88.778999,10.450214
13874,80,88.571426,10.450214
13875,80,88.571426,10.450214
13876,80,88.571426,10.450214
13877,80,88.571426,10.450214
13878,80,88.4004895,8.485113
13879,80,88.229553,6.520012
13880,80,88.229553,6.520012
13881,80,88.046402,6.520012
13882,80,87.863251,6.520012
13883,80,87.863251,6.520012
13884,80,87.863251,4.850942
13885,80,87.863251,3.181872
13886,80,87.863251,3.181872
13887,80,87.545788,3.181872
13888,80,87.228325,3.181872
13889,80,87.228325,3.181872
13890,80,87.228325,3.181872
13891,80,86.8253975,1.6059125
13892,80,86.42247,0.029953
13893,80,86.42247,0.029953
13894,80,86.42247,0.029953
13895,80,86.42247,0.029953
13896,80,85.995117,0.029953
13897,80,85.567764,0.0149765
13898,80,85.567764,0
13899,80,85.567764,0
13900,80,85.2747265,0
13901,80,84.981689,0
13902,80,84.981689,0
13903,80,84.981689,0
13904,80,84.981689,0
13905,80,84.6520155,0
13906,80,84.322342,0
13907,80,84.322342,0
13908,80,84.322342,0
13909,80,83.9194145,0
13910,80,83.516487,0
13911,80,83.516487,0
13912,80,83.516487,0
13913,80,83.516487,0
13914,80,83.101345,0
13915,80,82.686203,0
13916,80,82.686203,0.011364
13917,80,82.686203,0.011364
13918,80,82.3321115,0.011364
13919,80,81.97802,0.011364
13920,80,81.97802,0.011364
13921,80,81.97802,0.005918
13922,80,81.97802,0.000472
13923,80,81.636143,0.000472
13924,80,81.294266,0.000472
13925,80,81.294266,0.000472
13926,80,81.294266,0.000472
13927,80,80.952385,0.0602285
13928,80,80.610504,0.119985
13929,80,80.610504,0.119985
13930,80,80.610504,0.119985
13931,80,80.610504,0.119985
13932,80,80.170944,0.119985
13933,80,79.731384,0.119985
13934,80,79.731384,0.3798
13935,80,79.731384,0.639615
13936,80,79.4871825,0.639615
13937,80,79.242981,0.639615
13938,80,79.242981,0.639615
13939,80,79.242981,1.138598
13940,80,79.242981,1.637581
13941,80,78.803421,1.637581
13942,80,78.363861,1.637581
13943,80,78.363861,1.637581
13944,80,78.363861,1.637581
13945,80,77.9853515,2.4727815
13946,80,77.606842,3.307982
13947,80,77.606842,3.307982
13948,80,77.606842,3.307982
13949,80,77.606842,3.307982
13950,80,77.2161215,3.307982
13951,80,76.825401,3.307982
13952,80,76.825401,4.371841
13953,80,76.825401,5.4357
13954,80,76.507938,5.4357
13955,80,76.190475,5.4357
13956,80,76.190475,5.4357
13957,80,76.190475,5.4357
13958,80,76.190475,6.70539
13959,80,75.8485945,7.97508
13960,80,75.506714,7.97508
13961,80,75.506714,7.97508
13962,80,75.506714,7.97508
13963,80,75.506714,7.97508
13964,80,75.164833,9.408856
13965,80,74.822952,10.842632
13966,80,74.822952,10.842632
13967,80,74.822952,10.842632
13968,80,74.493282,10.842632
13969,80,74.163612,10.842632
13970,80,74.163612,12.7579
13971,80,74.163612,14.673168
13972,80,73.870575,14.673168
13973,80,73.577538,14.673168
13974,80,73.577538,14.673168
13975,80,73.577538,14.673168
13976,80,73.577538,14.673168
13977,80,73.333336,18.217319
13978,80,73.089134,18.217319
13979,80,73.089134,18.217319
13980,80,73.089134,18.217319
13981,80,73.089134,18.217319
13982,80,72.881565,20.2878015
13983,80,72.673996,22.358284
13984,80,72.673996,22.358284
13985,80,72.673996,22.358284
13986,80,72.4908445,22.358284
13987,80,72.307693,22.358284
13988,80,72.307693,22.358284
13989,80,72.307693,24.9040185
13990,80,72.1489635,27.449753
13991,80,71.990234,27.449753
13992,80,71.990234,27.449753
13993,80,71.990234,27.449753
13994,80,71.990234,27.449753
13995,80,71.9413945,29.307048
13996,80,71.892555,31.164343
13997,80,71.892555,31.164343
13998,80,71.892555,31.164343
13999,80,71.892555,31.164343
14000,80,71.782665,31.164343
14001,80,71.672775,33.550866
14002,80,71.672775,35.937389
14003,80,71.672775,35.937389
14004,80,71.672775,35.937389
14005,80,71.782665,35.937389
14006,80,71.892555,35.937389
14007,80,71.892555,35.937389
14008,80,71.892555,37.962196
14009,80,71.892555,39.987003
14010,80,71.892555,39.987003
14011,80,71.892555,39.987003
14012,80,71.892555,39.987003
14013,80,71.892555,39.987003
14014,80,71.9536055,42.0176445
14015,80,72.014656,44.048286
14016,80,72.014656,44.048286
14017,80,72.014656,44.048286
14018,80,72.014656,44.048286
14019,80,72.1978035,44.048286
14020,80,72.380951,44.048286
14021,80,72.380951,46.189125
14022,80,72.380951,48.329964
14023,80,72.600731,48.329964
14024,80,72.820511,48.329964
14025,80,72.820511,48.329964
14026,80,72.820511,49.9213775
14027,80,73.113552,51.512791
14028,80,73.406593,51.512791
14029,80,73.406593,51.512791
14030,80,73.406593,51.512791
14031,80,73.931625,51.512791
14032,80,74.456657,52.7559815
14033,80,74.456657,53.999172
14034,80,74.456657,53.999172
14035,80,74.456657,53.999172
14036,80,74.456657,53.999172
14037,80,75.506714,53.999172
14038,80,75.506714,54.985685
14039,80,75.506714,55.972198
14040,80,75.506714,55.972198
14041,80,76.0561675,55.972198
14042,80,76.605621,55.972198
14043,80,76.605621,55.972198
14044,80,76.605621,56.3611125
14045,80,77.0085485,56.750027
14046,80,77.411476,56.750027
14047,80,77.411476,56.750027
14048,80,77.411476,56.750027
14049,80,77.411476,56.750027
14050,80,78.0097695,56.750027
14051,80,78.608063,56.8767475
14052,80,78.608063,57.003468
14053,80,78.608063,57.003468
14054,80,78.608063,57.003468
14055,80,79.157513,57.003468
14056,80,79.706963,56.682421
14057,80,79.706963,56.361374
14058,80,79.706963,56.361374
14059,80,80.354092,56.361374
14060,80,81.001221,56.361374
14061,80,81.001221,56.361374
14062,80,81.001221,55.7074205
14063,80,81.3553125,55.053467
14064,80,81.709404,55.053467
14065,80,81.709404,55.053467
14066,80,81.709404,55.053467
14067,80,81.709404,55.053467
14068,80,82.3199045,55.053467
14069,80,82.930405,53.8490275
14070,80,82.930405,52.644588
14071,80,82.930405,52.644588
14072,80,83.4188045,52.644588
14073,80,83.907204,52.644588
14074,80,83.907204,52.644588
14075,80,83.907204,51.263504
14076,80,83.907204,49.88242
14077,80,84.5665435,49.88242
14078,80,85.225883,49.88242
14079,80,85.225883,49.88242
14080,80,85.225883,49.88242
14081,80,85.567764,48.007767
14082,80,85.909645,46.133114
14083,80,85.909645,46.133114
14084,80,85.909645,46.133114
14085,80,85.909645,46.133114
14086,80,86.3736265,46.133114
14087,80,86.837608,46.133114
14088,80,86.837608,46.133114
14089,80,86.837608,43.97974
14090,80,86.837608,41.826366
14091,80,87.179489,41.826366
14092,80,87.52137,41.826366
14093,80,87.52137,41.826366
14094,80,87.52137,41.826366
14095,80,87.52137,39.640089
14096,80,87.74115,37.453812
14097,80,87.96093,37.453812
14098,80,87.96093,37.453812
14099,80,87.96093,37.453812
14100,80,88.156288,37.453812
14101,80,88.351646,35.1130165
14102,80,88.351646,32.772221
14103,80,88.351646,32.772221
14104,80,88.6324765,32.772221
14105,80,88.913307,32.772221
14106,80,88.913307,32.772221
14107,80,88.913307,29.9659845
14108,80,89.023197,27.159748
14109,80,89.133087,27.159748
14110,80,89.133087,27.159748
14111,80,89.133087,27.159748
14112,80,89.157509,24.8931235
14113,80,89.181931,22.626499
14114,80,89.181931,22.626499
14115,80,89.181931,22.626499
14116,80,89.181931,22.626499
14117,80,89.2063525,22.626499
14118,80,89.230774,22.626499
14119,80,89.230774,20.014922
14120,80,89.230774,17.403345
14121,80,89.133091,17.403345
14122,80,89.035408,17.403345
14123,80,89.035408,17.403345
14124,80,89.035408,17.403345
14125,80,89.035408,15.1704295
14126,80,89.035408,12.937514
14127,80,88.84005,12.937514
14128,80,88.84005,12.937514
14129,80,88.84005,12.937514
14130,80,88.84005,12.937514
14131,80,88.705738,10.853369
14132,80,88.571426,8.769224
14133,80,88.571426,8.769224
14134,80,88.571426,8.769224
14135,80,88.571426,8.769224
14136,80,88.3150175,8.769224
14137,80,88.058609,8.769224
14138,80,88.058609,6.6102325
14139,80,87.8022005,4.451241
14140,80,87.545792,4.451241
14141,80,87.545792,4.451241
14142,80,87.545792,4.451241
14143,80,87.545792,4.451241
14144,80,87.203911,2.7736715
14145,80,86.86203,1.096102
14146,80,86.86203,1.096102
14147,80,86.86203,1.096102
14148,80,86.86203,1.096102
14149,80,86.520149,1.096102
14150,80,86.178268,0.548051
14151,80,86.178268,0
14152,80,86.178268,0
14153,80,86.178268,0
14154,80,85.8363875,0
14155,80,85.494507,0
14156,80,85.494507,0
14157,80,85.494507,0
14158,80,84.884003,0
14159,80,84.884003,0
14160,80,84.884003,0
14161,80,84.884003,0
14162,80,84.4932825,0
14163,80,84.102562,0
14164,80,84.102562,0
14165,80,84.102562,0
14166,80,84.102562,0
14167,80,83.6996345,0
14168,80,83.296707,0
14169,80,83.296707,0.031454
14170,80,83.296707,0.062908
14171,80,82.9426155,0.062908
14172,80,82.588524,0.062908
14173,80,82.588524,0.062908
14174,80,82.588524,0.062908
14175,80,82.2954825,0.0486935
14176,80,82.002441,0.034479
14177,80,82.002441,0.034479
14178,80,82.002441,0.034479
14179,80,82.002441,0.034479
14180,80,81.6727715,0.034479
14181,80,81.343102,0.0491335
14182,80,81.343102,0.063788
14183,80,81.343102,0.063788
14184,80,81.343102,0.063788
14185,80,80.9523815,0.063788
14186,80,80.561661,0.063788
14187,80,80.561661,0.063788
14188,80,80.561661,0.307359
14189,80,80.1587295,0.307359
14190,80,79.755798,0.307359
14191,80,79.755798,0.307359
14192,80,79.755798,0.307359
14193,80,79.426128,0.742871
14194,80,79.096458,1.178383
14195,80,79.096458,1.178383
14196,80,79.096458,1.178383
14197,80,79.096458,1.178383
14198,80,78.7423705,1.178383
14199,80,78.388283,1.7495485
14200,80,78.388283,2.320714
14201,80,78.388283,2.320714
14202,80,78.07082,2.320714
14203,80,77.753357,2.320714
14204,80,77.753357,2.320714
14205,80,77.753357,3.1575005
14206,80,77.753357,3.994287
14207,80,77.3382185,3.994287
14208,80,76.92308,3.994287
14209,80,76.92308,3.994287
14210,80,76.92308,3.994287
14211,80,76.5811995,5.2533125
14212,80,76.239319,6.512338
14213,80,76.239319,6.512338
14214,80,76.239319,6.512338
14215,80,76.239319,6.512338
14216,80,75.8730165,6.512338
14217,80,75.506714,6.512338
14218,80,75.506714,9.08893
14219,80,75.506714,9.08893
14220,80,75.274727,9.08893
14221,80,75.04274,9.08893
14222,80,75.04274,9.08893
14223,80,75.04274,10.6629915
14224,80,75.04274,12.237053
14225,80,74.6886485,12.237053
14226,80,74.334557,12.237053
14227,80,74.334557,12.237053
14228,80,74.334557,12.237053
14229,80,74.0170975,12.237053
14230,80,73.699638,14.150711
14231,80,73.699638,16.064369
14232,80,73.699638,16.064369
14233,80,73.504276,16.064369
14234,80,73.308914,16.064369
14235,80,73.308914,16.064369
14236,80,73.308914,17.875328
14237,80,73.308914,19.686287
14238,80,73.0525055,19.686287
14239,80,72.796097,19.686287
14240,80,72.796097,19.686287
14241,80,72.796097,19.686287
14242,80,72.796097,21.7980995
14243,80,72.600735,23.909912
14244,80,72.405373,23.909912
14245,80,72.405373,23.909912
14246,80,72.405373,23.909912
14247,80,72.405373,23.909912
14248,80,72.087914,23.909912
14249,80,72.087914,26.3818855
14250,80,72.087914,28.853859
14251,80,72.051285,28.853859
14252,80,72.014656,28.853859
14253,80,72.014656,28.853859
14254,80,72.014656,30.788374
14255,80,72.014656,32.722889
14256,80,71.941395,32.722889
14257,80,71.868134,32.722889
14258,80,71.868134,32.722889
14259,80,71.868134,32.722889
14260,80,71.868134,32.722889
14261,80,71.855923,35.03281
14262,80,71.843712,37.342731
14263,80,71.843712,37.342731
14264,80,71.843712,37.342731
14265,80,71.8681335,37.342731
14266,80,71.892555,37.342731
14267,80,71.892555,39.3373525
14268,80,71.892555,41.331974
14269,80,72.002445,41.331974
14270,80,72.112335,41.331974
14271,80,72.112335,41.331974
14272,80,72.112335,41.331974
14273,80,72.112335,43.3100395
14274,80,72.0512845,45.288105
14275,80,71.990234,45.288105
14276,80,71.990234,45.288105
14277,80,71.990234,45.288105
14278,80,71.990234,45.288105
14279,80,72.3809545,45.288105
14280,80,72.771675,47.424986
14281,80,72.771675,49.561867
14282,80,72.771675,49.561867
14283,80,73.089134,49.561867
14284,80,73.406593,49.561867
14285,80,73.406593,49.561867
14286,80,73.406593,50.844725
14287,80,73.821735,52.127583
14288,80,74.236877,52.127583
14289,80,74.236877,52.127583
14290,80,74.236877,52.127583
14291,80,74.236877,52.127583
14292,80,74.676437,53.245081
14293,80,75.115997,54.362579
14294,80,75.115997,54.362579
14295,80,75.115997,54.362579
14296,80,75.115997,54.362579
14297,80,75.653236,54.362579
14298,80,76.190475,55.134903
14299,80,76.190475,55.907227
14300,80,76.190475,55.907227
14301,80,76.7155075,55.907227
14302,80,77.24054,55.907227
14303,80,77.24054,55.907227
14304,80,77.24054,56.128687
14305,80,77.7167285,56.350147
14306,80,78.192917,56.350147
14307,80,78.192917,56.350147
14308,80,78.192917,56.350147
14309,80,78.192917,56.350147
14310,80,78.73016,56.3018625
14311,80,79.267403,56.253578
14312,80,79.267403,56.253578
14313,80,79.267403,56.253578
14314,80,79.267403,56.253578
14315,80,79.9511605,56.253578
14316,80,80.634918,56.253578
14317,80,80.634918,55.6591855
14318,80,80.634918,55.064793
14319,80,80.976799,55.064793
14320,80,81.31868,55.064793
14321,80,81.31868,55.064793
14322,80,81.31868,55.064793
14323,80,81.9780235,54.273779
14324,80,82.637367,53.482765
14325,80,82.637367,53.482765
14326,80,82.637367,53.482765
14327,80,82.637367,53.482765
14328,80,83.199028,53.482765
14329,80,83.760689,52.178501
14330,80,83.760689,50.874237
14331,80,83.760689,50.874237
14332,80,83.760689,50.874237
14333,80,84.310139,50.874237
14334,80,84.859589,50.874237
14335,80,84.859589,50.874237
14336,80,84.859589,49.0461615
14337,80,84.859589,47.218086
14338,80,85.689865,47.218086
14339,80,85.689865,47.218086
14340,80,85.689865,47.218086
14341,80,85.689865,47.218086
14342,80,86.214897,45.328714
14343,80,86.739929,43.439342
14344,80,86.739929,43.439342
14345,80,86.739929,43.439342
14346,80,87.0085485,43.439342
14347,80,87.277168,43.439342
14348,80,87.277168,41.3087745
14349,80,87.277168,39.178207
14350,80,87.277168,39.178207
14351,80,87.6434705,39.178207
14352,80,88.009773,39.178207
14353,80,88.009773,39.178207
14354,80,88.009773,36.710262
14355,80,88.1074525,34.242317
14356,80,88.205132,34.242317
14357,80,88.205132,34.242317
14358,80,88.205132,34.242317
14359,80,88.205132,34.242317
14360,80,88.412701,31.9569615
14361,80,88.62027,29.671606
14362,80,88.62027,29.671606
14363,80,88.62027,29.671606
14364,80,88.8766785,29.671606
14365,80,89.133087,29.671606
14366,80,89.133087,27.154587
14367,80,89.133087,24.637568
14368,80,89.133087,24.637568
14369,80,89.157509,24.637568
14370,80,89.181931,24.637568
14371,80,89.181931,24.637568
14372,80,89.181931,24.637568
14373,80,89.2063525,24.637568
14374,80,89.230774,21.8679095
14375,80,89.230774,19.098251
14376,80,89.230774,19.098251
14377,80,89.230774,19.098251
14378,80,89.120884,19.098251
14379,80,89.010994,16.8276055
14380,80,89.010994,14.55696
14381,80,89.010994,14.55696
14382,80,88.925522,14.55696
14383,80,88.84005,14.55696
14384,80,88.84005,14.55696
14385,80,88.84005,12.551761
14386,80,88.84005,10.546562
14387,80,88.595848,10.546562
14388,80,88.351646,10.546562
14389,80,88.351646,10.546562
14390,80,88.351646,10.546562
14391,80,88.241756,10.546562
14392,80,88.131866,8.35554
14393,80,88.131866,6.164518
14394,80,88.131866,6.164518
14395,80,88.131866,6.164518
14396,80,87.8021965,6.164518
14397,80,87.472527,4.4596955
14398,80,87.472527,2.754873
14399,80,87.472527,2.754873
14400,80,87.240536,2.754873
14401,80,87.008545,2.754873
14402,80,87.008545,2.754873
14403,80,87.008545,1.3774365
14404,80,87.008545,0
14405,80,86.556778,0
14406,80,86.105011,0
14407,80,86.105011,0
14408,80,86.105011,0
14409,80,85.897438,0
14410,80,85.689865,0
14411,80,85.689865,0
14412,80,85.689865,0
14413,80,85.689865,0
14414,80,85.262516,0
14415,80,84.835167,0
14416,80,84.835167,0
14417,80,84.835167,0
14418,80,84.505497,0
14419,80,84.175827,0
14420,80,84.175827,0
14421,80,84.175827,0
14422,80,84.175827,0
14423,80,83.858364,0
14424,80,83.540901,0
14425,80,83.540901,0
14426,80,83.540901,0
14427,80,83.113552,0
14428,80,82.686203,0
14429,80,82.686203,0.016008
14430,80,82.686203,0.032016
14431,80,82.686203,0.032016
14432,80,82.4053725,0.032016
14433,80,82.124542,0.032016
14434,80,82.124542,0.032016
14435,80,82.124542,0.016008
14436,80,81.697193,0
14437,80,81.269844,0
14438,80,81.269844,0
14439,80,81.269844,0
14440,80,81.269844,0
14441,80,80.964592,0.023788
14442,80,80.65934,0.047576
14443,80,80.65934,0.047576
14444,80,80.65934,0.047576
14445,80,80.305252,0.047576
14446,80,79.951164,0.047576
14447,80,79.951164,0.047576
14448,80,79.951164,0.383493
14449,80,79.951164,0.71941
14450,80,79.5848615,0.71941
14451,80,79.218559,0.71941
14452,80,79.218559,0.71941
14453,80,79.218559,0.71941
14454,80,79.218559,1.2282605
14455,80,78.827839,1.737111
14456,80,78.437119,1.737111
14457,80,78.437119,1.737111
14458,80,78.437119,1.737111
14459,80,78.168499,1.737111
14460,80,77.899879,2.5687485
14461,80,77.899879,3.400386
14462,80,77.899879,3.400386
14463,80,77.5335805,3.400386
14464,80,77.167282,3.400386
14465,80,77.167282,3.400386
14466,80,77.167282,3.400386
14467,80,77.167282,4.6383855
14468,80,76.7765615,5.876385
14469,80,76.385841,5.876385
14470,80,76.385841,5.876385
14471,80,76.385841,5.876385
14472,80,76.385841,5.876385
14473,80,75.9584885,7.155126
14474,80,75.531136,8.433867
14475,80,75.531136,8.433867
14476,80,75.531136,8.433867
14477,80,75.531136,8.433867
14478,80,75.177044,8.433867
14479,80,74.822952,9.816985
14480,80,74.822952,11.200103
14481,80,74.822952,11.200103
14482,80,74.590965,11.200103
14483,80,74.358978,11.200103
14484,80,74.358978,11.200103
14485,80,74.358978,12.996459
14486,80,74.151405,14.792815
14487,80,73.943832,14.792815
14488,80,73.943832,14.792815
14489,80,73.943832,14.792815
14490,80,73.943832,14.792815
14491,80,73.6752125,16.5274765
14492,80,73.406593,18.262138
14493,80,73.406593,18.262138
14494,80,73.406593,18.262138
14495,80,73.406593,18.262138
14496,80,73.113552,18.262138
14497,80,72.820511,20.22025
14498,80,72.820511,22.178362
14499,80,72.710621,22.178362
14500,80,72.600731,22.178362
14501,80,72.600731,22.178362
14502,80,72.600731,22.178362
14503,80,72.600731,22.178362
14504,80,72.478634,24.38138
14505,80,72.356537,26.584398
14506,80,72.356537,26.584398
14507,80,72.356537,26.584398
14508,80,72.356537,26.584398
14509,80,72.2832755,28.539847
14510,80,72.210014,30.495296
14511,80,72.210014,30.495296
14512,80,72.210014,30.495296
14513,80,72.210014,30.495296
14514,80,72.1855925,30.495296
14515,80,72.161171,32.5600125
14516,80,72.161171,34.624729
14517,80,72.161171,34.624729
14518,80,72.161171,34.624729
14519,80,72.112335,34.624729
14520,80,72.112335,34.624729
14521,80,72.112335,34.624729
14522,80,72.124546,36.86664
14523,80,72.136757,39.108551
14524,80,72.136757,39.108551
14525,80,72.136757,39.108551
14526,80,72.136757,39.108551
14527,80,72.148964,39.108551
14528,80,72.161171,40.9764555
14529,80,72.161171,42.84436
14530,80,72.161171,42.84436
14531,80,72.161171,42.84436
14532,80,72.393162,42.84436
14533,80,72.625153,42.84436
14534,80,72.625153,44.6123905
14535,80,72.625153,46.380421
14536,80,72.698414,46.380421
14537,80,72.771675,46.380421
14538,80,72.771675,46.380421
14539,80,72.771675,46.380421
14540,80,72.771675,48.2001115
14541,80,73.113556,50.019802
14542,80,73.455437,50.019802
14543,80,73.455437,50.019802
14544,80,73.455437,50.019802
14545,80,73.7484745,50.019802
14546,80,74.041512,51.280855
14547,80,74.041512,52.541908
14548,80,74.041512,52.541908
14549,80,74.041512,52.541908
14550,80,74.6031725,52.541908
14551,80,75.164833,52.541908
14552,80,75.164833,53.495813
14553,80,75.164833,54.449718
14554,80,75.579975,54.449718
14555,80,75.995117,54.449718
14556,80,75.995117,54.449718
14557,80,75.995117,54.449718
14558,80,75.995117,54.449718
14559,80,76.556778,55.0283125
14560,80,77.118439,55.606907
14561,80,77.118439,55.606907
14562,80,77.118439,55.606907
14563,80,77.5946275,55.606907
14564,80,78.070816,55.606907
14565,80,78.070816,55.7138595
14566,80,78.070816,55.820812
14567,80,78.070816,55.820812
14568,80,78.693527,55.820812
14569,80,79.316238,55.820812
14570,80,79.316238,55.820812
14571,80,79.316238,55.673914
14572,80,79.8168485,55.527016
14573,80,80.317459,55.527016
14574,80,80.317459,55.527016
14575,80,80.317459,55.527016
14576,80,80.317459,55.527016
14577,80,80.866913,55.527016
14578,80,81.416367,55.527016
14579,80,81.416367,53.879681
14580,80,81.416367,53.879681
14581,80,81.9902345,53.879681
14582,80,82.564102,53.879681
14583,80,82.564102,53.0091555
14584,80,82.564102,52.13863
14585,80,82.564102,52.13863
14586,80,83.211235,52.13863
14587,80,83.858368,52.13863
14588,80,83.858368,52.13863
14589,80,83.858368,50.766758
14590,80,84.297928,49.394886
14591,80,84.737488,49.394886
14592,80,84.737488,49.394886
14593,80,84.737488,49.394886
14594,80,84.737488,49.394886
14595,80,85.152626,49.394886
14596,80,85.567764,47.552494
14597,80,85.567764,45.710102
14598,80,85.567764,45.710102
14599,80,85.567764,45.710102
14600,80,86.0805855,45.710102
14601,80,86.593407,43.8215655
14602,80,86.593407,41.933029
14603,80,86.593407,41.933029
14604,80,86.898659,41.933029
14605,80,87.203911,41.933029
14606,80,87.203911,41.933029
14607,80,87.203911,39.7711715
14608,80,87.203911,37.609314
14609,80,87.912086,37.609314
14610,80,87.912086,37.609314
14611,80,87.912086,37.609314
14612,80,87.912086,37.609314
14613,80,88.1074485,37.609314
14614,80,88.302811,35.040701
14615,80,88.302811,32.472088
14616,80,88.302811,32.472088
14617,80,88.302811,32.472088
14618,80,88.4615405,32.472088
14619,80,88.62027,32.472088
14620,80,88.62027,30.170061
14621,80,88.62027,27.868034
14622,80,88.62027,27.868034
14623,80,88.803421,27.868034
14624,80,88.986572,27.868034
14625,80,88.986572,27.868034
14626,80,88.998783,25.5701035
14627,80,89.010994,23.272173
14628,80,89.010994,23.272173
14629,80,89.010994,23.272173
14630,80,89.010994,23.272173
14631,80,89.145302,23.272173
14632,80,89.27961,20.7295435
14633,80,89.27961,18.186914
14634,80,89.27961,18.186914
14635,80,89.27961,18.186914
14636,80,89.133091,18.186914
14637,80,88.986572,18.186914
14638,80,88.986572,18.186914
14639,80,88.986572,13.740779
14640,80,88.986572,13.740779
14641,80,88.9011,13.740779
14642,80,88.815628,13.740779
14643,80,88.815628,13.740779
14644,80,88.815628,11.586041
14645,80,88.595848,9.431303
14646,80,88.376068,9.431303
14647,80,88.376068,9.431303
14648,80,88.376068,9.431303
14649,80,88.3028105,9.431303
14650,80,88.229553,9.431303
14651,80,88.229553,9.431303
14652,80,88.229553,7.111492
14653,80,88.229553,4.791681
14654,80,87.8388325,4.791681
14655,80,87.448112,4.791681
14656,80,87.448112,4.791681
14657,80,87.448112,3.180282
14658,80,87.448112,1.568883
14659,80,87.2161215,1.568883
14660,80,86.984131,1.568883
14661,80,86.984131,1.568883
14662,80,86.984131,1.568883
14663,80,86.568989,0.7844415
14664,80,86.153847,0
14665,80,86.153847,0
14666,80,86.153847,0
14667,80,85.836388,0
14668,80,85.518929,0
14669,80,85.518929,0
14670,80,85.518929,0
14671,80,85.518929,0
14672,80,85.1037865,0
14673,80,84.688644,0
14674,80,84.688644,0
14675,80,84.688644,0
14676,80,84.688644,0
14677,80,84.3467635,0
14678,80,84.004883,0
14679,80,84.004883,0
14680,80,84.004883,0
14681,80,83.7118455,0
14682,80,83.418808,0
14683,80,83.418808,0
14684,80,83.418808,0
14685,80,83.0280875,0
14686,80,82.637367,0
14687,80,82.637367,0
14688,80,82.637367,0.028136
14689,80,82.637367,0.056272
14690,80,82.3931655,0.056272
14691,80,82.148964,0.056272
14692,80,82.148964,0.056272
14693,80,82.148964,0.056272
14694,80,82.148964,0.0477825
14695,80,81.636143,0.039293
14696,80,81.123322,0.039293
14697,80,81.123322,0.039293
14698,80,81.123322,0.039293
14699,80,81.123322,0.039293
14700,80,80.683762,0.1275325
14701,80,80.683762,0.215772
14702,80,80.683762,0.215772
14703,80,80.21978,0.215772
14704,80,79.755798,0.215772
14705,80,79.755798,0.215772
14706,80,79.755798,0.520134
14707,80,79.755798,0.824496
14708,80,79.474968,0.824496
14709,80,79.194138,0.824496
14710,80,79.194138,0.824496
14711,80,79.194138,0.824496
14712,80,79.194138,1.3856335
14713,80,78.7912105,1.946771
14714,80,78.388283,1.946771
14715,80,78.388283,1.946771
14716,80,78.388283,1.946771
14717,80,78.0952415,1.946771
14718,80,77.8022,2.707263
14719,80,77.8022,3.467755
14720,80,77.8022,3.467755
14721,80,77.4481085,3.467755
14722,80,77.094017,3.467755
14723,80,77.094017,3.467755
14724,80,77.094017,4.5209315
14725,80,77.094017,5.574108
14726,80,76.739929,5.574108
14727,80,76.385841,5.574108
14728,80,76.385841,5.574108
14729,80,76.385841,5.574108
14730,80,76.385841,6.8489365
14731,80,76.0195385,8.123765
14732,80,75.653236,8.123765
14733,80,75.653236,8.123765
14734,80,75.653236,8.123765
14735,80,75.372406,8.123765
14736,80,75.091576,8.123765
14737,80,75.091576,9.634938
14738,80,75.091576,11.146111
14739,80,74.7741165,11.146111
14740,80,74.456657,11.146111
14741,80,74.456657,11.146111
14742,80,74.456657,11.146111
14743,80,74.456657,11.146111
14744,80,74.1147765,13.171918
14745,80,73.772896,15.197725
14746,80,73.772896,15.197725
14747,80,73.772896,15.197725
14748,80,73.772896,15.197725
14749,80,73.540905,16.976817
14750,80,73.308914,18.755909
14751,80,73.308914,18.755909
14752,80,73.308914,18.755909
14753,80,73.1501845,18.755909
14754,80,72.991455,18.755909
14755,80,72.991455,20.6439455
14756,80,72.991455,22.531982
14757,80,72.991455,22.531982
14758,80,72.771675,22.531982
14759,80,72.551895,22.531982
14760,80,72.551895,22.531982
14761,80,72.551895,22.531982
14762,80,72.429794,24.8119115
14763,80,72.307693,27.091841
14764,80,72.307693,27.091841
14765,80,72.307693,27.091841
14766,80,72.307693,27.091841
14767,80,72.136753,29.066947
14768,80,71.965813,31.042053
14769,80,71.965813,31.042053
14770,80,71.965813,31.042053
14771,80,71.929184,31.042053
14772,80,71.892555,31.042053
14773,80,71.892555,31.042053
14774,80,71.892555,33.188011
14775,80,71.892555,35.333969
14776,80,71.9413945,35.333969
14777,80,71.990234,35.333969
14778,80,71.990234,35.333969
14779,80,71.990234,35.333969
14780,80,71.990234,35.333969
14781,80,71.9536055,37.6689035
14782,80,71.916977,40.003838
14783,80,71.916977,40.003838
14784,80,71.916977,40.003838
14785,80,71.916977,40.003838
14786,80,72.039074,40.003838
14787,80,72.161171,41.8420585
14788,80,72.161171,43.680279
14789,80,72.161171,43.680279
14790,80,72.161171,43.680279
14791,80,72.2954825,43.680279
14792,80,72.429794,43.680279
14793,80,72.429794,45.644308
14794,80,72.4786335,47.608337
14795,80,72.527473,47.608337
14796,80,72.527473,47.608337
14797,80,72.527473,47.608337
14798,80,72.8083035,47.608337
14799,80,73.089134,49.5417975
14800,80,73.089134,51.475258
14801,80,73.089134,51.475258
14802,80,73.089134,51.475258
14803,80,73.540905,51.475258
14804,80,73.992676,52.526869
14805,80,73.992676,53.57848
14806,80,73.992676,53.57848
14807,80,73.992676,53.57848
14808,80,74.517708,53.57848
14809,80,75.04274,53.57848
14810,80,75.04274,54.5823955
14811,80,75.4334605,55.586311
14812,80,75.824181,55.586311
14813,80,75.824181,55.586311
14814,80,75.824181,55.586311
14815,80,75.824181,55.586311
14816,80,76.446888,56.0635585
14817,80,77.069595,56.540806
14818,80,77.069595,56.540806
14819,80,77.069595,56.540806
14820,80,77.069595,56.540806
14821,80,77.509159,56.540806
14822,80,77.948723,56.540806
14823,80,77.948723,56.8107375
14824,80,77.948723,57.080669
14825,80,77.948723,57.080669
14826,80,78.5592235,57.080669
14827,80,79.169724,57.080669
14828,80,79.169724,57.080669
14829,80,79.169724,56.7724895
14830,80,79.670334,56.46431
14831,80,80.170944,56.46431
14832,80,80.170944,56.46431
14833,80,80.170944,56.46431
14834,80,80.622715,56.46431
14835,80,81.074486,55.870596
14836,80,81.074486,55.276882
14837,80,81.074486,55.276882
14838,80,81.074486,55.276882
14839,80,81.794876,55.276882
14840,80,82.515266,55.276882
14841,80,82.515266,54.1979505
14842,80,82.515266,53.119019
14843,80,82.515266,53.119019
14844,80,83.1135555,53.119019
14845,80,83.711845,53.119019
14846,80,83.711845,53.119019
14847,80,83.711845,53.119019
14848,80,84.078144,51.60767
14849,80,84.444443,50.096321
14850,80,84.444443,50.096321
14851,80,84.444443,50.096321
14852,80,84.969475,50.096321
14853,80,85.494507,50.096321
14854,80,85.494507,48.331917
14855,80,85.494507,46.567513
14856,80,85.494507,46.567513
14857,80,86.031746,46.567513
14858,80,86.568985,46.567513
14859,80,86.568985,46.567513
14860,80,86.568985,44.529793
14861,80,86.568985,42.492073
14862,80,86.996338,42.492073
14863,80,87.423691,42.492073
14864,80,87.423691,42.492073
14865,80,87.423691,42.492073
14866,80,87.63126,42.492073
14867,80,87.838829,39.870987
14868,80,87.838829,37.249901
14869,80,87.838829,37.249901
14870,80,88.144081,37.249901
14871,80,88.449333,37.249901
14872,80,88.449333,37.249901
14873,80,88.449333,35.050043
14874,80,88.449333,32.850185
14875,80,88.705742,32.850185
14876,80,88.962151,32.850185
14877,80,88.962151,32.850185
14878,80,88.962151,32.850185
14879,80,88.962151,32.850185
14880,80,89.1208805,28.156521
14881,80,89.27961,28.156521
14882,80,89.27961,28.156521
14883,80,89.255192,28.156521
14884,80,89.230774,28.156521
14885,80,89.230774,25.4158565
14886,80,89.230774,22.675192
14887,80,89.230774,22.675192
14888,80,89.255192,22.675192
14889,80,89.27961,22.675192
14890,80,89.27961,22.675192
14891,80,89.27961,20.5281735
14892,80,89.27961,18.381155
14893,80,89.1941415,18.381155
14894,80,89.108673,18.381155
14895,80,89.108673,18.381155
14896,80,89.108673,18.381155
14897,80,89.108673,16.030864
14898,80,89.0476225,13.680573
14899,80,88.986572,13.680573
14900,80,88.986572,13.680573
14901,80,88.8400495,13.680573
14902,80,88.693527,13.680573
14903,80,88.693527,13.680573
14904,80,88.693527,11.394224
14905,80,88.693527,9.107875
14906,80,88.5103795,9.107875
14907,80,88.327232,9.107875
14908,80,88.327232,9.107875
14909,80,88.327232,9.107875
14910,80,88.327232,5.360977
14911,80,88.0097695,5.360977
14912,80,87.692307,5.360977
14913,80,87.692307,5.360977
14914,80,87.692307,5.360977
14915,80,87.362637,3.644574
14916,80,87.032967,1.928171
14917,80,87.032967,1.928171
14918,80,87.032967,1.928171
14919,80,86.7643475,1.928171
14920,80,86.495728,1.928171
14921,80,86.495728,1.928171
14922,80,86.495728,0.9640855
14923,80,86.495728,0
14924,80,86.117218,0
14925,80,85.738708,0
14926,80,85.738708,0
14927,80,85.738708,0
14928,80,85.3601985,0
14929,80,84.981689,0
14930,80,84.981689,0
14931,80,84.981689,0
14932,80,84.981689,0
14933,80,84.505497,0.00444
14934,80,84.029305,0.00888
14935,80,84.029305,0.00888
14936,80,84.029305,0.00888
14937,80,83.687424,0.00888
14938,80,83.345543,0.00888
14939,80,83.345543,0.00888
14940,80,83.345543,0.00888
14941,80,82.9426115,0.008783
14942,80,82.53968,0.008783
14943,80,82.53968,0.008783
14944,80,82.53968,0.008783
14945,80,82.53968,0.008783
14946,80,82.0757025,0.038643
14947,80,81.611725,0.068503
14948,80,81.611725,0.068503
14949,80,81.611725,0.068503
14950,80,81.611725,0.068503
14951,80,81.2087935,0.068503
14952,80,80.805862,0.123788
14953,80,80.805862,0.179073
14954,80,80.805862,0.179073
14955,80,80.402931,0.179073
14956,80,80,0.179073
14957,80,80,0.179073
14958,80,80,0.179073
14959,80,79.6214905,0.6205135
14960,80,79.242981,1.061954
14961,80,79.242981,1.061954
14962,80,79.242981,1.061954
14963,80,79.242981,1.061954
14964,80,78.705742,1.061954
14965,80,78.168503,1.748906
14966,80,78.168503,2.435858
14967,80,78.168503,2.435858
14968,80,78.168503,2.435858
14969,80,77.716732,2.435858
14970,80,77.264961,2.435858
14971,80,77.264961,3.5078315
14972,80,77.264961,4.579805
14973,80,76.874241,4.579805
14974,80,76.483521,4.579805
14975,80,76.483521,4.579805
14976,80,76.483521,4.579805
14977,80,76.1050075,5.8556675
14978,80,75.726494,7.13153
14979,80,75.726494,7.13153
14980,80,75.726494,7.13153
14981,80,75.726494,7.13153
14982,80,75.262516,7.13153
14983,80,74.798538,8.7774345
14984,80,74.798538,10.423339
14985,80,74.798538,10.423339
14986,80,74.798538,10.423339
14987,80,74.3345565,10.423339
14988,80,73.870575,10.423339
14989,80,73.870575,10.423339
14990,80,73.4798545,12.6965635
14991,80,73.089134,14.969788
14992,80,73.089134,14.969788
14993,80,73.089134,14.969788
14994,80,73.089134,14.969788
14995,80,72.8205145,14.969788
14996,80,72.551895,17.0446885
14997,80,72.551895,19.119589
14998,80,72.551895,19.119589
14999,80,72.551895,19.119589
15000,80,72.551895,19.119589
