tempo,SP,PV,MV
2000,80,80.7119927874045,35.6909014672567
2001,80,80.7119927874045,35.6909014672567
2002,80,80.7119927874045,35.6909014672567
2003,80,80.7119927874045,35.6909014672567
2004,80,80.7119927874045,35.6909014672567
2005,80,80.7119927874045,35.6909014672567
2006,80,80.7119927874045,35.6909014672567
2007,80,80.7119927874045,35.6909014672567
2008,80,80.7119927874045,35.6909014672567
2009,80,80.7119927874045,35.6909014672567
2010,80,80.7119927874045,35.6909014672567
2011,80,80.7119927874045,35.6909014672567
2012,80,80.7119927874045,35.6909014672567
2013,80,80.7119927874045,35.6909014672567
2014,80,80.7119927874045,35.6909014672567
2015,80,80.7119927874045,35.6909014672567
2016,80,80.7119927874045,35.6909014672567
2017,80,80.7119927874045,35.6909014672567
2018,80,80.7119927874045,35.6909014672567
2019,80,80.7119927874045,35.6909014672567
2020,80,80.7119927874045,35.6909014672567
2021,80,80.7119927874045,35.6909014672567
2022,80,80.7119927874045,35.6909014672567
2023,80,80.7119927874045,35.6909014672567
2024,80,80.7119927874045,35.6909014672567
2025,80,80.7119927874045,35.6909014672567
2026,80,80.7119927874045,35.6909014672567
2027,80,80.7119927874045,35.6909014672567
2028,80,80.7119927874045,35.6909014672567
2029,80,80.7119927874045,35.6909014672567
2030,80,80.7119927874045,35.6909014672567
2031,80,80.7119927874045,35.6909014672567
2032,80,80.7119927874045,35.6909014672567
2033,80,80.7119927874045,35.6909014672567
2034,80,80.7119927874045,35.6909014672567
2035,80,80.7119927874045,35.6909014672567
2036,80,80.7119927874045,35.6909014672567
2037,80,80.7119927874045,35.6909014672567
2038,80,80.7119927874045,35.6909014672567
2039,80,80.7119927874045,35.6909014672567
2040,80,80.7119927874045,35.6909014672567
2041,80,80.7119927874045,35.6909014672567
2042,80,80.7119927874045,35.6909014672567
2043,80,80.7119927874045,35.6909014672567
2044,80,80.7119927874045,35.6909014672567
2045,80,80.7119927874045,35.6909014672567
2046,80,80.7119927874045,35.6909014672567
2047,80,80.7119927874045,35.6909014672567
2048,80,80.7119927874045,35.6909014672567
2049,80,80.7119927874045,35.6909014672567
2050,80,80.7119927874045,35.6909014672567
2051,80,80.7119927874045,35.6909014672567
2052,80,80.7119927874045,35.6909014672567
2053,80,80.7119927874045,35.6909014672567
2054,80,80.7119927874045,35.6909014672567
2055,80,80.7119927874045,35.6909014672567
2056,80,80.7119927874045,35.6909014672567
2057,80,80.7119927874045,35.6909014672567
2058,80,80.7119927874045,35.6909014672567
2059,80,80.7119927874045,35.6909014672567
2060,80,80.7119927874045,35.6909014672567
2061,80,80.7119927874045,35.6909014672567
2062,80,80.7119927874045,35.6909014672567
2063,80,80.7119927874045,35.6909014672567
2064,80,80.7119927874045,35.6909014672567
2065,80,80.7119927874045,35.6909014672567
2066,80,80.7119927874045,35.6909014672567
2067,80,80.7119927874045,35.6909014672567
2068,80,80.7119927874045,35.6909014672567
2069,80,80.7119927874045,35.6909014672567
2070,80,80.7119927874045,35.6909014672567
2071,80,80.7119927874045,35.6909014672567
2072,80,80.7119927874045,35.6909014672567
2073,80,80.7119927874045,35.6909014672567
2074,80,80.7119927874045,35.6909014672567
2075,80,80.7119927874045,35.6909014672567
2076,80,80.7119927874045,35.6909014672567
2077,80,80.7119927874045,35.6909014672567
2078,80,80.7119927874045,35.6909014672567
2079,80,80.7119927874045,35.6909014672567
2080,80,80.7119927874045,35.6909014672567
2081,80,80.7119927874045,35.6909014672567
2082,80,80.7119927874045,35.6909014672567
2083,80,80.7119927874045,35.6909014672567
2084,80,80.7119927874045,35.6909014672567
2085,80,80.7119927874045,35.6909014672567
2086,80,80.7119927874045,35.6909014672567
2087,80,80.7119927874045,35.6909014672567
2088,80,80.7119927874045,35.6909014672567
2089,80,80.7119927874045,35.6909014672567
2090,80,80.7119927874045,35.6909014672567
2091,80,80.7119927874045,35.6909014672567
2092,80,80.7119927874045,35.6909014672567
2093,80,80.7119927874045,35.6909014672567
2094,80,80.7119927874045,35.6909014672567
2095,80,80.7119927874045,35.6909014672567
2096,80,80.7119927874045,35.6909014672567
2097,80,80.7119927874045,35.6909014672567
2098,80,80.7119927874045,35.6909014672567
2099,80,80.7119927874045,35.6909014672567
2100,80,80.7119927874045,35.6909014672567
2101,80,80.7119927874045,35.6909014672567
2102,80,80.7119927874045,35.6909014672567
2103,80,80.7119927874045,35.6909014672567
2104,80,80.7119927874045,35.6909014672567
2105,80,80.7119927874045,35.6909014672567
2106,80,80.7119927874045,35.6909014672567
2107,80,80.7119927874045,35.6909014672567
2108,80,80.7119927874045,35.6909014672567
2109,80,80.7119927874045,35.6909014672567
2110,80,80.7119927874045,35.6909014672567
2111,80,80.7119927874045,35.6909014672567
2112,80,80.7119927874045,35.6909014672567
2113,80,80.7119927874045,35.6909014672567
2114,80,80.7119927874045,35.6909014672567
2115,80,80.7119927874045,35.6909014672567
2116,80,80.7119927874045,35.6909014672567
2117,80,80.7119927874045,35.6909014672567
2118,80,80.7119927874045,35.6909014672567
2119,80,80.7119927874045,35.6909014672567
2120,80,80.7119927874045,35.6909014672567
2121,80,80.7119927874045,35.6909014672567
2122,80,80.7119927874045,35.6909014672567
2123,80,80.7119927874045,35.6909014672567
2124,80,80.7119927874045,35.6909014672567
2125,80,80.7119927874045,35.6909014672567
2126,80,80.7119927874045,35.6909014672567
2127,80,80.7119927874045,35.6909014672567
2128,80,80.7119927874045,35.6909014672567
2129,80,80.7119927874045,35.6909014672567
2130,80,80.7119927874045,35.6909014672567
2131,80,80.7119927874045,35.6909014672567
2132,80,80.7119927874045,35.6909014672567
2133,80,80.7119927874045,35.6909014672567
2134,80,80.7119927874045,35.6909014672567
2135,80,80.7119927874045,35.6909014672567
2136,80,80.7119927874045,35.6909014672567
2137,80,80.7119927874045,35.6909014672567
2138,80,80.7119927874045,35.6909014672567
2139,80,80.7119927874045,35.6909014672567
2140,80,80.7119927874045,35.6909014672567
2141,80,80.7119927874045,35.6909014672567
2142,80,80.7119927874045,35.6909014672567
2143,80,80.7119927874045,35.6909014672567
2144,80,80.7119927874045,35.6909014672567
2145,80,80.7119927874045,35.6909014672567
2146,80,80.7119927874045,35.6909014672567
2147,80,80.7119927874045,35.6909014672567
2148,80,80.7119927874045,35.6909014672567
2149,80,80.7119927874045,35.6909014672567
2150,80,80.7119927874045,35.6909014672567
2151,80,80.7119927874045,35.6909014672567
2152,80,80.7119927874045,35.6909014672567
2153,80,80.7119927874045,35.6909014672567
2154,80,80.7119927874045,35.6909014672567
2155,80,80.7119927874045,35.6909014672567
2156,80,80.7119927874045,35.6909014672567
2157,80,80.7119927874045,35.6909014672567
2158,80,80.7119927874045,35.6909014672567
2159,80,80.7119927874045,35.6909014672567
2160,80,80.7119927874045,35.6909014672567
2161,80,80.7119927874045,35.6909014672567
2162,80,80.7119927874045,35.6909014672567
2163,80,80.7119927874045,35.6909014672567
2164,80,80.7119927874045,35.6909014672567
2165,80,80.7119927874045,35.6909014672567
2166,80,80.7119927874045,35.6909014672567
2167,80,80.7119927874045,35.6909014672567
2168,80,80.7119927874045,35.6909014672567
2169,80,80.7119927874045,35.6909014672567
2170,80,80.7119927874045,35.6909014672567
2171,80,80.7119927874045,35.6909014672567
2172,80,80.7119927874045,35.6909014672567
2173,80,80.7119927874045,35.6909014672567
2174,80,80.7119927874045,35.6909014672567
2175,80,80.7119927874045,35.6909014672567
2176,80,80.7119927874045,35.6909014672567
2177,80,80.7119927874045,35.6909014672567
2178,80,80.7119927874045,35.6909014672567
2179,80,80.7119927874045,35.6909014672567
2180,80,80.7119927874045,35.6909014672567
2181,80,80.7119927874045,35.6909014672567
2182,80,80.7119927874045,35.6909014672567
2183,80,80.7119927874045,35.6909014672567
2184,80,80.7119927874045,35.6909014672567
2185,80,80.7119927874045,35.6909014672567
2186,80,80.7119927874045,35.6909014672567
2187,80,80.7119927874045,35.6909014672567
2188,80,80.7119927874045,35.6909014672567
2189,80,80.7119927874045,35.6909014672567
2190,80,80.7119927874045,35.6909014672567
2191,80,80.7119927874045,35.6909014672567
2192,80,80.7119927874045,35.6909014672567
2193,80,80.7119927874045,35.6909014672567
2194,80,80.7119927874045,35.6909014672567
2195,80,80.7119927874045,35.6909014672567
2196,80,80.7119927874045,35.6909014672567
2197,80,80.7119927874045,35.6909014672567
2198,80,80.7119927874045,35.6909014672567
2199,80,80.7119927874045,35.6909014672567
2200,80,80.7119927874045,35.6909014672567
2201,80,80.7119927874045,35.6909014672567
2202,80,80.7119927874045,35.6909014672567
2203,80,80.7119927874045,35.6909014672567
2204,80,80.7119927874045,35.6909014672567
2205,80,80.7119927874045,35.6909014672567
2206,80,80.7119927874045,35.6909014672567
2207,80,80.7119927874045,35.6909014672567
2208,80,80.7119927874045,35.6909014672567
2209,80,80.7119927874045,35.6909014672567
2210,80,80.7119927874045,35.6909014672567
2211,80,80.7119927874045,35.6909014672567
2212,80,80.7119927874045,35.6909014672567
2213,80,80.7119927874045,35.6909014672567
2214,80,80.7119927874045,35.6909014672567
2215,80,80.7119927874045,35.6909014672567
2216,80,80.7119927874045,35.6909014672567
2217,80,80.7119927874045,35.6909014672567
2218,80,80.7119927874045,35.6909014672567
2219,80,80.7119927874045,35.6909014672567
2220,80,80.7119927874045,35.6909014672567
2221,80,80.7119927874045,35.6909014672567
2222,80,80.7119927874045,35.6909014672567
2223,80,80.7119927874045,35.6909014672567
2224,80,80.7119927874045,35.6909014672567
2225,80,80.7119927874045,35.6909014672567
2226,80,80.7119927874045,35.6909014672567
2227,80,80.7119927874045,35.6909014672567
2228,80,80.7119927874045,35.6909014672567
2229,80,80.7119927874045,35.6909014672567
2230,80,80.7119927874045,35.6909014672567
2231,80,80.7119927874045,35.6909014672567
2232,80,80.7119927874045,35.6909014672567
2233,80,80.7119927874045,35.6909014672567
2234,80,80.7119927874045,35.6909014672567
2235,80,80.7119927874045,35.6909014672567
2236,80,80.7119927874045,35.6909014672567
2237,80,80.7119927874045,35.6909014672567
2238,80,80.7119927874045,35.6909014672567
2239,80,80.7119927874045,35.6909014672567
2240,80,80.7119927874045,35.6909014672567
2241,80,80.6053775733042,36.1481668910226
2242,80,80.6053775733042,36.1481668910226
2243,80,80.6053775733042,36.1481668910226
2244,80,80.6053775733042,36.1481668910226
2245,80,80.6053775733042,36.1481668910226
2246,80,80.6053775733042,36.1481668910226
2247,80,80.6053775733042,36.1481668910226
2248,80,80.6053775733042,36.1481668910226
2249,80,80.6053775733042,36.1481668910226
2250,80,80.6053775733042,36.1481668910226
2251,80,80.6053775733042,36.1481668910226
2252,80,80.6053775733042,36.1481668910226
2253,80,80.6053775733042,36.1481668910226
2254,80,80.6053775733042,36.1481668910226
2255,80,80.6053775733042,36.1481668910226
2256,80,80.6053775733042,36.1481668910226
2257,80,80.6053775733042,36.1481668910226
2258,80,80.6053775733042,36.1481668910226
2259,80,80.6053775733042,36.1481668910226
2260,80,80.6053775733042,36.1481668910226
2261,80,80.6053775733042,36.1481668910226
2262,80,80.6053775733042,36.1481668910226
2263,80,80.6053775733042,36.1481668910226
2264,80,80.6053775733042,36.1481668910226
2265,80,80.6053775733042,36.1481668910226
2266,80,80.6053775733042,36.1481668910226
2267,80,80.6053775733042,36.1481668910226
2268,80,80.6053775733042,36.1481668910226
2269,80,80.6053775733042,36.1481668910226
2270,80,80.6053775733042,36.1481668910226
2271,80,80.6053775733042,36.1481668910226
2272,80,80.6053775733042,36.1481668910226
2273,80,80.6053775733042,36.1481668910226
2274,80,80.6053775733042,36.1481668910226
2275,80,80.6053775733042,36.1481668910226
2276,80,80.6053775733042,36.1481668910226
2277,80,80.6053775733042,36.1481668910226
2278,80,80.6053775733042,36.1481668910226
2279,80,80.6053775733042,36.1481668910226
2280,80,80.6053775733042,36.1481668910226
2281,80,80.6053775733042,36.1481668910226
2282,80,80.6053775733042,36.1481668910226
2283,80,80.6053775733042,36.1481668910226
2284,80,80.6053775733042,36.1481668910226
2285,80,80.6053775733042,36.1481668910226
2286,80,80.6053775733042,36.1481668910226
2287,80,80.6053775733042,36.1481668910226
2288,80,80.6053775733042,36.1481668910226
2289,80,80.6053775733042,36.1481668910226
2290,80,80.6053775733042,36.1481668910226
2291,80,80.6053775733042,36.1481668910226
2292,80,80.6053775733042,36.1481668910226
2293,80,80.6053775733042,36.1481668910226
2294,80,80.6053775733042,36.1481668910226
2295,80,80.6053775733042,36.1481668910226
2296,80,80.6053775733042,36.1481668910226
2297,80,80.6053775733042,36.1481668910226
2298,80,80.6053775733042,36.1481668910226
2299,80,80.6053775733042,36.1481668910226
2300,80,80.6053775733042,36.1481668910226
2301,80,80.6053775733042,36.1481668910226
2302,80,80.6053775733042,36.1481668910226
2303,80,80.6053775733042,36.1481668910226
2304,80,80.6053775733042,36.1481668910226
2305,80,80.6053775733042,36.1481668910226
2306,80,80.6053775733042,36.1481668910226
2307,80,80.6053775733042,36.1481668910226
2308,80,80.6053775733042,36.1481668910226
2309,80,80.6053775733042,36.1481668910226
2310,80,80.6053775733042,36.1481668910226
2311,80,80.6053775733042,36.1481668910226
2312,80,80.6053775733042,36.1481668910226
2313,80,80.6053775733042,36.1481668910226
2314,80,80.6053775733042,36.1481668910226
2315,80,80.6053775733042,36.1481668910226
2316,80,80.6053775733042,36.1481668910226
2317,80,80.6053775733042,36.1481668910226
2318,80,80.6053775733042,36.1481668910226
2319,80,80.6053775733042,36.1481668910226
2320,80,80.6053775733042,36.1481668910226
2321,80,80.6053775733042,36.1481668910226
2322,80,80.6053775733042,36.1481668910226
2323,80,80.6053775733042,36.1481668910226
2324,80,80.6053775733042,36.1481668910226
2325,80,80.6053775733042,36.1481668910226
2326,80,80.6053775733042,36.1481668910226
2327,80,80.6053775733042,36.1481668910226
2328,80,80.6053775733042,36.1481668910226
2329,80,80.6053775733042,36.1481668910226
2330,80,80.6053775733042,36.1481668910226
2331,80,80.6053775733042,36.1481668910226
2332,80,80.6053775733042,36.1481668910226
2333,80,80.6053775733042,36.1481668910226
2334,80,80.6053775733042,36.1481668910226
2335,80,80.6053775733042,36.1481668910226
2336,80,80.6053775733042,36.1481668910226
2337,80,80.6053775733042,36.1481668910226
2338,80,80.6053775733042,36.1481668910226
2339,80,80.6053775733042,36.1481668910226
2340,80,80.6053775733042,36.1481668910226
2341,80,80.6053775733042,36.1481668910226
2342,80,80.6053775733042,36.1481668910226
2343,80,80.6053775733042,36.1481668910226
2344,80,80.6053775733042,36.1481668910226
2345,80,80.6053775733042,36.1481668910226
2346,80,80.6053775733042,36.1481668910226
2347,80,80.6053775733042,36.1481668910226
2348,80,80.6053775733042,36.1481668910226
2349,80,80.6053775733042,36.1481668910226
2350,80,80.6053775733042,36.1481668910226
2351,80,80.6053775733042,36.1481668910226
2352,80,80.6053775733042,36.1481668910226
2353,80,80.6053775733042,36.1481668910226
2354,80,80.6053775733042,36.1481668910226
2355,80,80.6053775733042,36.1481668910226
2356,80,80.6053775733042,36.1481668910226
2357,80,80.6053775733042,36.1481668910226
2358,80,80.6053775733042,36.1481668910226
2359,80,80.6053775733042,36.1481668910226
2360,80,80.6053775733042,36.1481668910226
2361,80,80.6053775733042,36.1481668910226
2362,80,80.6053775733042,36.1481668910226
2363,80,80.6053775733042,36.1481668910226
2364,80,80.6053775733042,36.1481668910226
2365,80,80.6053775733042,36.1481668910226
2366,80,80.6053775733042,36.1481668910226
2367,80,80.6053775733042,36.1481668910226
2368,80,80.6053775733042,36.1481668910226
2369,80,80.6053775733042,36.1481668910226
2370,80,80.6053775733042,36.1481668910226
2371,80,80.6053775733042,36.1481668910226
2372,80,80.6053775733042,36.1481668910226
2373,80,80.6053775733042,36.1481668910226
2374,80,80.6053775733042,36.1481668910226
2375,80,80.6053775733042,36.1481668910226
2376,80,80.6053775733042,36.1481668910226
2377,80,80.6053775733042,36.1481668910226
2378,80,80.6053775733042,36.1481668910226
2379,80,80.6053775733042,36.1481668910226
2380,80,80.6053775733042,36.1481668910226
2381,80,80.6053775733042,36.1481668910226
2382,80,80.6053775733042,36.1481668910226
2383,80,80.6053775733042,36.1481668910226
2384,80,80.6053775733042,36.1481668910226
2385,80,80.6053775733042,36.1481668910226
2386,80,80.6053775733042,36.1481668910226
2387,80,80.6053775733042,36.1481668910226
2388,80,80.6053775733042,36.1481668910226
2389,80,80.6053775733042,36.1481668910226
2390,80,80.6053775733042,36.1481668910226
2391,80,80.6053775733042,36.1481668910226
2392,80,80.6053775733042,36.1481668910226
2393,80,80.6053775733042,36.1481668910226
2394,80,80.6053775733042,36.1481668910226
2395,80,80.6053775733042,36.1481668910226
2396,80,80.6053775733042,36.1481668910226
2397,80,80.6053775733042,36.1481668910226
2398,80,80.6053775733042,36.1481668910226
2399,80,80.6053775733042,36.1481668910226
2400,80,80.6053775733042,36.1481668910226
2401,80,80.6053775733042,36.1481668910226
2402,80,80.6053775733042,36.1481668910226
2403,80,80.6053775733042,36.1481668910226
2404,80,80.6053775733042,36.1481668910226
2405,80,80.6053775733042,36.1481668910226
2406,80,80.6053775733042,36.1481668910226
2407,80,80.6053775733042,36.1481668910226
2408,80,80.6053775733042,36.1481668910226
2409,80,80.6053775733042,36.1481668910226
2410,80,80.6053775733042,36.1481668910226
2411,80,80.6053775733042,36.1481668910226
2412,80,80.6053775733042,36.1481668910226
2413,80,80.6053775733042,36.1481668910226
2414,80,80.6053775733042,36.1481668910226
2415,80,80.6053775733042,36.1481668910226
2416,80,80.6053775733042,36.1481668910226
2417,80,80.6053775733042,36.1481668910226
2418,80,80.6053775733042,36.1481668910226
2419,80,80.6053775733042,36.1481668910226
2420,80,80.6053775733042,36.1481668910226
2421,80,80.6053775733042,36.1481668910226
2422,80,80.6053775733042,36.1481668910226
2423,80,80.6053775733042,36.1481668910226
2424,80,80.6053775733042,36.1481668910226
2425,80,80.6053775733042,36.1481668910226
2426,80,80.6053775733042,36.1481668910226
2427,80,80.6053775733042,36.1481668910226
2428,80,80.6053775733042,36.1481668910226
2429,80,80.6053775733042,36.1481668910226
2430,80,80.6053775733042,36.1481668910226
2431,80,80.6053775733042,36.1481668910226
2432,80,80.6053775733042,36.1481668910226
2433,80,80.6053775733042,36.1481668910226
2434,80,80.6053775733042,36.1481668910226
2435,80,80.6053775733042,36.1481668910226
2436,80,80.6053775733042,36.1481668910226
2437,80,80.6053775733042,36.1481668910226
2438,80,80.6053775733042,36.1481668910226
2439,80,80.6053775733042,36.1481668910226
2440,80,80.6053775733042,36.1481668910226
2441,80,80.6053775733042,36.1481668910226
2442,80,80.6053775733042,36.1481668910226
2443,80,80.6053775733042,36.1481668910226
2444,80,80.6053775733042,36.1481668910226
2445,80,80.6053775733042,36.1481668910226
2446,80,80.6053775733042,36.1481668910226
2447,80,80.6053775733042,36.1481668910226
2448,80,80.6053775733042,36.1481668910226
2449,80,80.6053775733042,36.1481668910226
2450,80,80.6053775733042,36.1481668910226
2451,80,80.6053775733042,36.1481668910226
2452,80,80.6053775733042,36.1481668910226
2453,80,80.6053775733042,36.1481668910226
2454,80,80.6053775733042,36.1481668910226
2455,80,80.6053775733042,36.1481668910226
2456,80,80.6053775733042,36.1481668910226
2457,80,80.6053775733042,36.1481668910226
2458,80,80.6053775733042,36.1481668910226
2459,80,80.6053775733042,36.1481668910226
2460,80,80.6053775733042,36.1481668910226
2461,80,80.6053775733042,36.1481668910226
2462,80,80.6053775733042,36.1481668910226
2463,80,80.6053775733042,36.1481668910226
2464,80,80.6053775733042,36.1481668910226
2465,80,80.6053775733042,36.1481668910226
2466,80,80.6053775733042,36.1481668910226
2467,80,80.6053775733042,36.1481668910226
2468,80,80.6053775733042,36.1481668910226
2469,80,80.6053775733042,36.1481668910226
2470,80,80.6053775733042,36.1481668910226
2471,80,80.6053775733042,36.1481668910226
2472,80,80.6053775733042,36.1481668910226
2473,80,80.6053775733042,36.1481668910226
2474,80,80.6053775733042,36.1481668910226
2475,80,80.6053775733042,36.1481668910226
2476,80,80.6053775733042,36.1481668910226
2477,80,80.6053775733042,36.1481668910226
2478,80,80.6053775733042,36.1481668910226
2479,80,80.6053775733042,36.1481668910226
2480,80,80.6053775733042,36.1481668910226
2481,80,80.6053775733042,36.1481668910226
2482,80,80.6053775733042,36.1481668910226
2483,80,80.6053775733042,36.1481668910226
2484,80,80.6053775733042,36.1481668910226
2485,80,80.6053775733042,36.1481668910226
2486,80,80.6053775733042,36.1481668910226
2487,80,80.6053775733042,36.1481668910226
2488,80,80.6053775733042,36.1481668910226
2489,80,80.6053775733042,36.1481668910226
2490,80,80.6786693601159,35.9662297510714
2491,80,80.6786693601159,35.9662297510714
2492,80,80.6786693601159,35.9662297510714
2493,80,80.6786693601159,35.9662297510714
2494,80,80.6786693601159,35.9662297510714
2495,80,80.6786693601159,35.9662297510714
2496,80,80.6786693601159,35.9662297510714
2497,80,80.6786693601159,35.9662297510714
2498,80,80.6786693601159,35.9662297510714
2499,80,80.6786693601159,35.9662297510714
2500,80,80.6786693601159,35.9662297510714
2501,80,80.6786693601159,35.9662297510714
2502,80,80.6786693601159,35.9662297510714
2503,80,80.6786693601159,35.9662297510714
2504,80,80.6786693601159,35.9662297510714
2505,80,80.6786693601159,35.9662297510714
2506,80,80.6786693601159,35.9662297510714
2507,80,80.6786693601159,35.9662297510714
2508,80,80.6786693601159,35.9662297510714
2509,80,80.6786693601159,35.9662297510714
2510,80,80.6786693601159,35.9662297510714
2511,80,80.6786693601159,35.9662297510714
2512,80,80.6786693601159,35.9662297510714
2513,80,80.6786693601159,35.9662297510714
2514,80,80.6786693601159,35.9662297510714
2515,80,80.6786693601159,35.9662297510714
2516,80,80.6786693601159,35.9662297510714
2517,80,80.6786693601159,35.9662297510714
2518,80,80.6786693601159,35.9662297510714
2519,80,80.6786693601159,35.9662297510714
2520,80,80.6786693601159,35.9662297510714
2521,80,80.6786693601159,35.9662297510714
2522,80,80.6786693601159,35.9662297510714
2523,80,80.6786693601159,35.9662297510714
2524,80,80.6786693601159,35.9662297510714
2525,80,80.6786693601159,35.9662297510714
2526,80,80.6786693601159,35.9662297510714
2527,80,80.6786693601159,35.9662297510714
2528,80,80.6786693601159,35.9662297510714
2529,80,80.6786693601159,35.9662297510714
2530,80,80.6786693601159,35.9662297510714
2531,80,80.6786693601159,35.9662297510714
2532,80,80.6786693601159,35.9662297510714
2533,80,80.6786693601159,35.9662297510714
2534,80,80.6786693601159,35.9662297510714
2535,80,80.6786693601159,35.9662297510714
2536,80,80.6786693601159,35.9662297510714
2537,80,80.6786693601159,35.9662297510714
2538,80,80.6786693601159,35.9662297510714
2539,80,80.6786693601159,35.9662297510714
2540,80,80.6786693601159,35.9662297510714
2541,80,80.6786693601159,35.9662297510714
2542,80,80.6786693601159,35.9662297510714
2543,80,80.6786693601159,35.9662297510714
2544,80,80.6786693601159,35.9662297510714
2545,80,80.6786693601159,35.9662297510714
2546,80,80.6786693601159,35.9662297510714
2547,80,80.6786693601159,35.9662297510714
2548,80,80.6786693601159,35.9662297510714
2549,80,80.6786693601159,35.9662297510714
2550,80,80.6786693601159,35.9662297510714
2551,80,80.6786693601159,35.9662297510714
2552,80,80.6786693601159,35.9662297510714
2553,80,80.6786693601159,35.9662297510714
2554,80,80.6786693601159,35.9662297510714
2555,80,80.6786693601159,35.9662297510714
2556,80,80.6786693601159,35.9662297510714
2557,80,80.6786693601159,35.9662297510714
2558,80,80.6786693601159,35.9662297510714
2559,80,80.6786693601159,35.9662297510714
2560,80,80.6786693601159,35.9662297510714
2561,80,80.6786693601159,35.9662297510714
2562,80,80.6786693601159,35.9662297510714
2563,80,80.6786693601159,35.9662297510714
2564,80,80.6786693601159,35.9662297510714
2565,80,80.6786693601159,35.9662297510714
2566,80,80.6786693601159,35.9662297510714
2567,80,80.6786693601159,35.9662297510714
2568,80,80.6786693601159,35.9662297510714
2569,80,80.6786693601159,35.9662297510714
2570,80,80.6786693601159,35.9662297510714
2571,80,80.6786693601159,35.9662297510714
2572,80,80.6786693601159,35.9662297510714
2573,80,80.6786693601159,35.9662297510714
2574,80,80.6786693601159,35.9662297510714
2575,80,80.6786693601159,35.9662297510714
2576,80,80.6786693601159,35.9662297510714
2577,80,80.6786693601159,35.9662297510714
2578,80,80.6786693601159,35.9662297510714
2579,80,80.6786693601159,35.9662297510714
2580,80,80.6786693601159,35.9662297510714
2581,80,80.6786693601159,35.9662297510714
2582,80,80.6786693601159,35.9662297510714
2583,80,80.6786693601159,35.9662297510714
2584,80,80.6786693601159,35.9662297510714
2585,80,80.6786693601159,35.9662297510714
2586,80,80.6786693601159,35.9662297510714
2587,80,80.6786693601159,35.9662297510714
2588,80,80.6786693601159,35.9662297510714
2589,80,80.6786693601159,35.9662297510714
2590,80,80.6786693601159,35.9662297510714
2591,80,80.6786693601159,35.9662297510714
2592,80,80.6786693601159,35.9662297510714
2593,80,80.6786693601159,35.9662297510714
2594,80,80.6786693601159,35.9662297510714
2595,80,80.6786693601159,35.9662297510714
2596,80,80.6786693601159,35.9662297510714
2597,80,80.6786693601159,35.9662297510714
2598,80,80.6786693601159,35.9662297510714
2599,80,80.6786693601159,35.9662297510714
2600,80,80.6786693601159,35.9662297510714
2601,80,80.6786693601159,35.9662297510714
2602,80,80.6786693601159,35.9662297510714
2603,80,80.6786693601159,35.9662297510714
2604,80,80.6786693601159,35.9662297510714
2605,80,80.6786693601159,35.9662297510714
2606,80,80.6786693601159,35.9662297510714
2607,80,80.6786693601159,35.9662297510714
2608,80,80.6786693601159,35.9662297510714
2609,80,80.6786693601159,35.9662297510714
2610,80,80.6786693601159,35.9662297510714
2611,80,80.6786693601159,35.9662297510714
2612,80,80.6786693601159,35.9662297510714
2613,80,80.6786693601159,35.9662297510714
2614,80,80.6786693601159,35.9662297510714
2615,80,80.6786693601159,35.9662297510714
2616,80,80.6786693601159,35.9662297510714
2617,80,80.6786693601159,35.9662297510714
2618,80,80.6786693601159,35.9662297510714
2619,80,80.6786693601159,35.9662297510714
2620,80,80.6786693601159,35.9662297510714
2621,80,80.6786693601159,35.9662297510714
2622,80,80.6786693601159,35.9662297510714
2623,80,80.6786693601159,35.9662297510714
2624,80,80.6786693601159,35.9662297510714
2625,80,80.6786693601159,35.9662297510714
2626,80,80.6786693601159,35.9662297510714
2627,80,80.6786693601159,35.9662297510714
2628,80,80.6786693601159,35.9662297510714
2629,80,80.6786693601159,35.9662297510714
2630,80,80.6786693601159,35.9662297510714
2631,80,80.6786693601159,35.9662297510714
2632,80,80.6786693601159,35.9662297510714
2633,80,80.6786693601159,35.9662297510714
2634,80,80.6786693601159,35.9662297510714
2635,80,80.6786693601159,35.9662297510714
2636,80,80.6786693601159,35.9662297510714
2637,80,80.6786693601159,35.9662297510714
2638,80,80.6786693601159,35.9662297510714
2639,80,80.6786693601159,35.9662297510714
2640,80,80.6786693601159,35.9662297510714
2641,80,80.6786693601159,35.9662297510714
2642,80,80.6786693601159,35.9662297510714
2643,80,80.6786693601159,35.9662297510714
2644,80,80.6786693601159,35.9662297510714
2645,80,80.6786693601159,35.9662297510714
2646,80,80.6786693601159,35.9662297510714
2647,80,80.6786693601159,35.9662297510714
2648,80,80.6786693601159,35.9662297510714
2649,80,80.6786693601159,35.9662297510714
2650,80,80.6786693601159,35.9662297510714
2651,80,80.6786693601159,35.9662297510714
2652,80,80.6786693601159,35.9662297510714
2653,80,80.6786693601159,35.9662297510714
2654,80,80.6786693601159,35.9662297510714
2655,80,80.6786693601159,35.9662297510714
2656,80,80.6786693601159,35.9662297510714
2657,80,80.6786693601159,35.9662297510714
2658,80,80.6786693601159,35.9662297510714
2659,80,80.6786693601159,35.9662297510714
2660,80,80.6786693601159,35.9662297510714
2661,80,80.6786693601159,35.9662297510714
2662,80,80.6786693601159,35.9662297510714
2663,80,80.6786693601159,35.9662297510714
2664,80,80.6786693601159,35.9662297510714
2665,80,80.6786693601159,35.9662297510714
2666,80,80.6786693601159,35.9662297510714
2667,80,80.6786693601159,35.9662297510714
2668,80,80.6786693601159,35.9662297510714
2669,80,80.6786693601159,35.9662297510714
2670,80,80.6786693601159,35.9662297510714
2671,80,80.6786693601159,35.9662297510714
2672,80,80.6786693601159,35.9662297510714
2673,80,80.6786693601159,35.9662297510714
2674,80,80.6786693601159,35.9662297510714
2675,80,80.6786693601159,35.9662297510714
2676,80,80.6786693601159,35.9662297510714
2677,80,80.6786693601159,35.9662297510714
2678,80,80.6786693601159,35.9662297510714
2679,80,80.6786693601159,35.9662297510714
2680,80,80.6786693601159,35.9662297510714
2681,80,80.6786693601159,35.9662297510714
2682,80,80.6786693601159,35.9662297510714
2683,80,80.6786693601159,35.9662297510714
2684,80,80.6786693601159,35.9662297510714
2685,80,80.6786693601159,35.9662297510714
2686,80,80.6786693601159,35.9662297510714
2687,80,80.6786693601159,35.9662297510714
2688,80,80.6786693601159,35.9662297510714
2689,80,80.6786693601159,35.9662297510714
2690,80,80.6786693601159,35.9662297510714
2691,80,80.6786693601159,35.9662297510714
2692,80,80.6786693601159,35.9662297510714
2693,80,80.6786693601159,35.9662297510714
2694,80,80.6786693601159,35.9662297510714
2695,80,80.6786693601159,35.9662297510714
2696,80,80.6786693601159,35.9662297510714
2697,80,80.6786693601159,35.9662297510714
2698,80,80.6786693601159,35.9662297510714
2699,80,80.6786693601159,35.9662297510714
2700,80,80.6786693601159,35.9662297510714
2701,80,80.6786693601159,35.9662297510714
2702,80,80.6786693601159,35.9662297510714
2703,80,80.6786693601159,35.9662297510714
2704,80,80.6786693601159,35.9662297510714
2705,80,80.6786693601159,35.9662297510714
2706,80,80.6786693601159,35.9662297510714
2707,80,80.6786693601159,35.9662297510714
2708,80,80.6786693601159,35.9662297510714
2709,80,80.6786693601159,35.9662297510714
2710,80,80.6786693601159,35.9662297510714
2711,80,80.6786693601159,35.9662297510714
2712,80,80.6786693601159,35.9662297510714
2713,80,80.6786693601159,35.9662297510714
2714,80,80.6786693601159,35.9662297510714
2715,80,80.6786693601159,35.9662297510714
2716,80,80.6786693601159,35.9662297510714
2717,80,80.6786693601159,35.9662297510714
2718,80,80.6786693601159,35.9662297510714
2719,80,80.6786693601159,35.9662297510714
2720,80,80.6786693601159,35.9662297510714
2721,80,80.6786693601159,35.9662297510714
2722,80,80.6786693601159,35.9662297510714
2723,80,80.6786693601159,35.9662297510714
2724,80,80.6786693601159,35.9662297510714
2725,80,80.6786693601159,35.9662297510714
2726,80,80.6786693601159,35.9662297510714
2727,80,80.6786693601159,35.9662297510714
2728,80,80.6786693601159,35.9662297510714
2729,80,80.6786693601159,35.9662297510714
2730,80,80.6786693601159,35.9662297510714
2731,80,80.6786693601159,35.9662297510714
2732,80,80.6786693601159,35.9662297510714
2733,80,80.6786693601159,35.9662297510714
2734,80,80.6786693601159,35.9662297510714
2735,80,80.6786693601159,35.9662297510714
2736,80,80.6786693601159,35.9662297510714
2737,80,80.6786693601159,35.9662297510714
2738,80,80.6786693601159,35.9662297510714
2739,80,80.6724370939462,36.2561380778451
2740,80,80.6724370939462,36.2561380778451
2741,80,80.6724370939462,36.2561380778451
2742,80,80.6724370939462,36.2561380778451
2743,80,80.6724370939462,36.2561380778451
2744,80,80.6724370939462,36.2561380778451
2745,80,80.6724370939462,36.2561380778451
2746,80,80.6724370939462,36.2561380778451
2747,80,80.6724370939462,36.2561380778451
2748,80,80.6724370939462,36.2561380778451
2749,80,80.6724370939462,36.2561380778451
2750,80,80.6724370939462,36.2561380778451
2751,80,80.6724370939462,36.2561380778451
2752,80,80.6724370939462,36.2561380778451
2753,80,80.6724370939462,36.2561380778451
2754,80,80.6724370939462,36.2561380778451
2755,80,80.6724370939462,36.2561380778451
2756,80,80.6724370939462,36.2561380778451
2757,80,80.6724370939462,36.2561380778451
2758,80,80.6724370939462,36.2561380778451
2759,80,80.6724370939462,36.2561380778451
2760,80,80.6724370939462,36.2561380778451
2761,80,80.6724370939462,36.2561380778451
2762,80,80.6724370939462,36.2561380778451
2763,80,80.6724370939462,36.2561380778451
2764,80,80.6724370939462,36.2561380778451
2765,80,80.6724370939462,36.2561380778451
2766,80,80.6724370939462,36.2561380778451
2767,80,80.6724370939462,36.2561380778451
2768,80,80.6724370939462,36.2561380778451
2769,80,80.6724370939462,36.2561380778451
2770,80,80.6724370939462,36.2561380778451
2771,80,80.6724370939462,36.2561380778451
2772,80,80.6724370939462,36.2561380778451
2773,80,80.6724370939462,36.2561380778451
2774,80,80.6724370939462,36.2561380778451
2775,80,80.6724370939462,36.2561380778451
2776,80,80.6724370939462,36.2561380778451
2777,80,80.6724370939462,36.2561380778451
2778,80,80.6724370939462,36.2561380778451
2779,80,80.6724370939462,36.2561380778451
2780,80,80.6724370939462,36.2561380778451
2781,80,80.6724370939462,36.2561380778451
2782,80,80.6724370939462,36.2561380778451
2783,80,80.6724370939462,36.2561380778451
2784,80,80.6724370939462,36.2561380778451
2785,80,80.6724370939462,36.2561380778451
2786,80,80.6724370939462,36.2561380778451
2787,80,80.6724370939462,36.2561380778451
2788,80,80.6724370939462,36.2561380778451
2789,80,80.6724370939462,36.2561380778451
2790,80,80.6724370939462,36.2561380778451
2791,80,80.6724370939462,36.2561380778451
2792,80,80.6724370939462,36.2561380778451
2793,80,80.6724370939462,36.2561380778451
2794,80,80.6724370939462,36.2561380778451
2795,80,80.6724370939462,36.2561380778451
2796,80,80.6724370939462,36.2561380778451
2797,80,80.6724370939462,36.2561380778451
2798,80,80.6724370939462,36.2561380778451
2799,80,80.6724370939462,36.2561380778451
2800,80,80.6724370939462,36.2561380778451
2801,80,80.6724370939462,36.2561380778451
2802,80,80.6724370939462,36.2561380778451
2803,80,80.6724370939462,36.2561380778451
2804,80,80.6724370939462,36.2561380778451
2805,80,80.6724370939462,36.2561380778451
2806,80,80.6724370939462,36.2561380778451
2807,80,80.6724370939462,36.2561380778451
2808,80,80.6724370939462,36.2561380778451
2809,80,80.6724370939462,36.2561380778451
2810,80,80.6724370939462,36.2561380778451
2811,80,80.6724370939462,36.2561380778451
2812,80,80.6724370939462,36.2561380778451
2813,80,80.6724370939462,36.2561380778451
2814,80,80.6724370939462,36.2561380778451
2815,80,80.6724370939462,36.2561380778451
2816,80,80.6724370939462,36.2561380778451
2817,80,80.6724370939462,36.2561380778451
2818,80,80.6724370939462,36.2561380778451
2819,80,80.6724370939462,36.2561380778451
2820,80,80.6724370939462,36.2561380778451
2821,80,80.6724370939462,36.2561380778451
2822,80,80.6724370939462,36.2561380778451
2823,80,80.6724370939462,36.2561380778451
2824,80,80.6724370939462,36.2561380778451
2825,80,80.6724370939462,36.2561380778451
2826,80,80.6724370939462,36.2561380778451
2827,80,80.6724370939462,36.2561380778451
2828,80,80.6724370939462,36.2561380778451
2829,80,80.6724370939462,36.2561380778451
2830,80,80.6724370939462,36.2561380778451
2831,80,80.6724370939462,36.2561380778451
2832,80,80.6724370939462,36.2561380778451
2833,80,80.6724370939462,36.2561380778451
2834,80,80.6724370939462,36.2561380778451
2835,80,80.6724370939462,36.2561380778451
2836,80,80.6724370939462,36.2561380778451
2837,80,80.6724370939462,36.2561380778451
2838,80,80.6724370939462,36.2561380778451
2839,80,80.6724370939462,36.2561380778451
2840,80,80.6724370939462,36.2561380778451
2841,80,80.6724370939462,36.2561380778451
2842,80,80.6724370939462,36.2561380778451
2843,80,80.6724370939462,36.2561380778451
2844,80,80.6724370939462,36.2561380778451
2845,80,80.6724370939462,36.2561380778451
2846,80,80.6724370939462,36.2561380778451
2847,80,80.6724370939462,36.2561380778451
2848,80,80.6724370939462,36.2561380778451
2849,80,80.6724370939462,36.2561380778451
2850,80,80.6724370939462,36.2561380778451
2851,80,80.6724370939462,36.2561380778451
2852,80,80.6724370939462,36.2561380778451
2853,80,80.6724370939462,36.2561380778451
2854,80,80.6724370939462,36.2561380778451
2855,80,80.6724370939462,36.2561380778451
2856,80,80.6724370939462,36.2561380778451
2857,80,80.6724370939462,36.2561380778451
2858,80,80.6724370939462,36.2561380778451
2859,80,80.6724370939462,36.2561380778451
2860,80,80.6724370939462,36.2561380778451
2861,80,80.6724370939462,36.2561380778451
2862,80,80.6724370939462,36.2561380778451
2863,80,80.6724370939462,36.2561380778451
2864,80,80.6724370939462,36.2561380778451
2865,80,80.6724370939462,36.2561380778451
2866,80,80.6724370939462,36.2561380778451
2867,80,80.6724370939462,36.2561380778451
2868,80,80.6724370939462,36.2561380778451
2869,80,80.6724370939462,36.2561380778451
2870,80,80.6724370939462,36.2561380778451
2871,80,80.6724370939462,36.2561380778451
2872,80,80.6724370939462,36.2561380778451
2873,80,80.6724370939462,36.2561380778451
2874,80,80.6724370939462,36.2561380778451
2875,80,80.6724370939462,36.2561380778451
2876,80,80.6724370939462,36.2561380778451
2877,80,80.6724370939462,36.2561380778451
2878,80,80.6724370939462,36.2561380778451
2879,80,80.6724370939462,36.2561380778451
2880,80,80.6724370939462,36.2561380778451
2881,80,80.6724370939462,36.2561380778451
2882,80,80.6724370939462,36.2561380778451
2883,80,80.6724370939462,36.2561380778451
2884,80,80.6724370939462,36.2561380778451
2885,80,80.6724370939462,36.2561380778451
2886,80,80.6724370939462,36.2561380778451
2887,80,80.6724370939462,36.2561380778451
2888,80,80.6724370939462,36.2561380778451
2889,80,80.6724370939462,36.2561380778451
2890,80,80.6724370939462,36.2561380778451
2891,80,80.6724370939462,36.2561380778451
2892,80,80.6724370939462,36.2561380778451
2893,80,80.6724370939462,36.2561380778451
2894,80,80.6724370939462,36.2561380778451
2895,80,80.6724370939462,36.2561380778451
2896,80,80.6724370939462,36.2561380778451
2897,80,80.6724370939462,36.2561380778451
2898,80,80.6724370939462,36.2561380778451
2899,80,80.6724370939462,36.2561380778451
2900,80,80.6724370939462,36.2561380778451
2901,80,80.6724370939462,36.2561380778451
2902,80,80.6724370939462,36.2561380778451
2903,80,80.6724370939462,36.2561380778451
2904,80,80.6724370939462,36.2561380778451
2905,80,80.6724370939462,36.2561380778451
2906,80,80.6724370939462,36.2561380778451
2907,80,80.6724370939462,36.2561380778451
2908,80,80.6724370939462,36.2561380778451
2909,80,80.6724370939462,36.2561380778451
2910,80,80.6724370939462,36.2561380778451
2911,80,80.6724370939462,36.2561380778451
2912,80,80.6724370939462,36.2561380778451
2913,80,80.6724370939462,36.2561380778451
2914,80,80.6724370939462,36.2561380778451
2915,80,80.6724370939462,36.2561380778451
2916,80,80.6724370939462,36.2561380778451
2917,80,80.6724370939462,36.2561380778451
2918,80,80.6724370939462,36.2561380778451
2919,80,80.6724370939462,36.2561380778451
2920,80,80.6724370939462,36.2561380778451
2921,80,80.6724370939462,36.2561380778451
2922,80,80.6724370939462,36.2561380778451
2923,80,80.6724370939462,36.2561380778451
2924,80,80.6724370939462,36.2561380778451
2925,80,80.6724370939462,36.2561380778451
2926,80,80.6724370939462,36.2561380778451
2927,80,80.6724370939462,36.2561380778451
2928,80,80.6724370939462,36.2561380778451
2929,80,80.6724370939462,36.2561380778451
2930,80,80.6724370939462,36.2561380778451
2931,80,80.6724370939462,36.2561380778451
2932,80,80.6724370939462,36.2561380778451
2933,80,80.6724370939462,36.2561380778451
2934,80,80.6724370939462,36.2561380778451
2935,80,80.6724370939462,36.2561380778451
2936,80,80.6724370939462,36.2561380778451
2937,80,80.6724370939462,36.2561380778451
2938,80,80.6724370939462,36.2561380778451
2939,80,80.6724370939462,36.2561380778451
2940,80,80.6724370939462,36.2561380778451
2941,80,80.6724370939462,36.2561380778451
2942,80,80.6724370939462,36.2561380778451
2943,80,80.6724370939462,36.2561380778451
2944,80,80.6724370939462,36.2561380778451
2945,80,80.6724370939462,36.2561380778451
2946,80,80.6724370939462,36.2561380778451
2947,80,80.6724370939462,36.2561380778451
2948,80,80.6724370939462,36.2561380778451
2949,80,80.6724370939462,36.2561380778451
2950,80,80.6724370939462,36.2561380778451
2951,80,80.6724370939462,36.2561380778451
2952,80,80.6724370939462,36.2561380778451
2953,80,80.6724370939462,36.2561380778451
2954,80,80.6724370939462,36.2561380778451
2955,80,80.6724370939462,36.2561380778451
2956,80,80.6724370939462,36.2561380778451
2957,80,80.6724370939462,36.2561380778451
2958,80,80.6724370939462,36.2561380778451
2959,80,80.6724370939462,36.2561380778451
2960,80,80.6724370939462,36.2561380778451
2961,80,80.6724370939462,36.2561380778451
2962,80,80.6724370939462,36.2561380778451
2963,80,80.6724370939462,36.2561380778451
2964,80,80.6724370939462,36.2561380778451
2965,80,80.6724370939462,36.2561380778451
2966,80,80.6724370939462,36.2561380778451
2967,80,80.6724370939462,36.2561380778451
2968,80,80.6724370939462,36.2561380778451
2969,80,80.6724370939462,36.2561380778451
2970,80,80.6724370939462,36.2561380778451
2971,80,80.6724370939462,36.2561380778451
2972,80,80.6724370939462,36.2561380778451
2973,80,80.6724370939462,36.2561380778451
2974,80,80.6724370939462,36.2561380778451
2975,80,80.6724370939462,36.2561380778451
2976,80,80.6724370939462,36.2561380778451
2977,80,80.6724370939462,36.2561380778451
2978,80,80.6724370939462,36.2561380778451
2979,80,80.6724370939462,36.2561380778451
2980,80,80.6724370939462,36.2561380778451
2981,80,80.6724370939462,36.2561380778451
2982,80,80.6724370939462,36.2561380778451
2983,80,80.6724370939462,36.2561380778451
2984,80,80.6724370939462,36.2561380778451
2985,80,80.6724370939462,36.2561380778451
2986,80,80.6724370939462,36.2561380778451
2987,80,80.6724370939462,36.2561380778451
2988,80,80.6500123027123,36.3826131802725
2989,80,80.6500123027123,36.3826131802725
2990,80,80.6500123027123,36.3826131802725
2991,80,80.6500123027123,36.3826131802725
2992,80,80.6500123027123,36.3826131802725
2993,80,80.6500123027123,36.3826131802725
2994,80,80.6500123027123,36.3826131802725
2995,80,80.6500123027123,36.3826131802725
2996,80,80.6500123027123,36.3826131802725
2997,80,80.6500123027123,36.3826131802725
2998,80,80.6500123027123,36.3826131802725
2999,80,80.6500123027123,36.3826131802725
3000,80,80.6500123027123,36.3826131802725
3001,80,80.6500123027123,36.3826131802725
3002,80,80.6500123027123,36.3826131802725
3003,80,80.6500123027123,36.3826131802725
3004,80,80.6500123027123,36.3826131802725
3005,80,80.6500123027123,36.3826131802725
3006,80,80.6500123027123,36.3826131802725
3007,80,80.6500123027123,36.3826131802725
3008,80,80.6500123027123,36.3826131802725
3009,80,80.6500123027123,36.3826131802725
3010,80,80.6500123027123,36.3826131802725
3011,80,80.6500123027123,36.3826131802725
3012,80,80.6500123027123,36.3826131802725
3013,80,80.6500123027123,36.3826131802725
3014,80,80.6500123027123,36.3826131802725
3015,80,80.6500123027123,36.3826131802725
3016,80,80.6500123027123,36.3826131802725
3017,80,80.6500123027123,36.3826131802725
3018,80,80.6500123027123,36.3826131802725
3019,80,80.6500123027123,36.3826131802725
3020,80,80.6500123027123,36.3826131802725
3021,80,80.6500123027123,36.3826131802725
3022,80,80.6500123027123,36.3826131802725
3023,80,80.6500123027123,36.3826131802725
3024,80,80.6500123027123,36.3826131802725
3025,80,80.6500123027123,36.3826131802725
3026,80,80.6500123027123,36.3826131802725
3027,80,80.6500123027123,36.3826131802725
3028,80,80.6500123027123,36.3826131802725
3029,80,80.6500123027123,36.3826131802725
3030,80,80.6500123027123,36.3826131802725
3031,80,80.6500123027123,36.3826131802725
3032,80,80.6500123027123,36.3826131802725
3033,80,80.6500123027123,36.3826131802725
3034,80,80.6500123027123,36.3826131802725
3035,80,80.6500123027123,36.3826131802725
3036,80,80.6500123027123,36.3826131802725
3037,80,80.6500123027123,36.3826131802725
3038,80,80.6500123027123,36.3826131802725
3039,80,80.6500123027123,36.3826131802725
3040,80,80.6500123027123,36.3826131802725
3041,80,80.6500123027123,36.3826131802725
3042,80,80.6500123027123,36.3826131802725
3043,80,80.6500123027123,36.3826131802725
3044,80,80.6500123027123,36.3826131802725
3045,80,80.6500123027123,36.3826131802725
3046,80,80.6500123027123,36.3826131802725
3047,80,80.6500123027123,36.3826131802725
3048,80,80.6500123027123,36.3826131802725
3049,80,80.6500123027123,36.3826131802725
3050,80,80.6500123027123,36.3826131802725
3051,80,80.6500123027123,36.3826131802725
3052,80,80.6500123027123,36.3826131802725
3053,80,80.6500123027123,36.3826131802725
3054,80,80.6500123027123,36.3826131802725
3055,80,80.6500123027123,36.3826131802725
3056,80,80.6500123027123,36.3826131802725
3057,80,80.6500123027123,36.3826131802725
3058,80,80.6500123027123,36.3826131802725
3059,80,80.6500123027123,36.3826131802725
3060,80,80.6500123027123,36.3826131802725
3061,80,80.6500123027123,36.3826131802725
3062,80,80.6500123027123,36.3826131802725
3063,80,80.6500123027123,36.3826131802725
3064,80,80.6500123027123,36.3826131802725
3065,80,80.6500123027123,36.3826131802725
3066,80,80.6500123027123,36.3826131802725
3067,80,80.6500123027123,36.3826131802725
3068,80,80.6500123027123,36.3826131802725
3069,80,80.6500123027123,36.3826131802725
3070,80,80.6500123027123,36.3826131802725
3071,80,80.6500123027123,36.3826131802725
3072,80,80.6500123027123,36.3826131802725
3073,80,80.6500123027123,36.3826131802725
3074,80,80.6500123027123,36.3826131802725
3075,80,80.6500123027123,36.3826131802725
3076,80,80.6500123027123,36.3826131802725
3077,80,80.6500123027123,36.3826131802725
3078,80,80.6500123027123,36.3826131802725
3079,80,80.6500123027123,36.3826131802725
3080,80,80.6500123027123,36.3826131802725
3081,80,80.6500123027123,36.3826131802725
3082,80,80.6500123027123,36.3826131802725
3083,80,80.6500123027123,36.3826131802725
3084,80,80.6500123027123,36.3826131802725
3085,80,80.6500123027123,36.3826131802725
3086,80,80.6500123027123,36.3826131802725
3087,80,80.6500123027123,36.3826131802725
3088,80,80.6500123027123,36.3826131802725
3089,80,80.6500123027123,36.3826131802725
3090,80,80.6500123027123,36.3826131802725
3091,80,80.6500123027123,36.3826131802725
3092,80,80.6500123027123,36.3826131802725
3093,80,80.6500123027123,36.3826131802725
3094,80,80.6500123027123,36.3826131802725
3095,80,80.6500123027123,36.3826131802725
3096,80,80.6500123027123,36.3826131802725
3097,80,80.6500123027123,36.3826131802725
3098,80,80.6500123027123,36.3826131802725
3099,80,80.6500123027123,36.3826131802725
3100,80,80.6500123027123,36.3826131802725
3101,80,80.6500123027123,36.3826131802725
3102,80,80.6500123027123,36.3826131802725
3103,80,80.6500123027123,36.3826131802725
3104,80,80.6500123027123,36.3826131802725
3105,80,80.6500123027123,36.3826131802725
3106,80,80.6500123027123,36.3826131802725
3107,80,80.6500123027123,36.3826131802725
3108,80,80.6500123027123,36.3826131802725
3109,80,80.6500123027123,36.3826131802725
3110,80,80.6500123027123,36.3826131802725
3111,80,80.6500123027123,36.3826131802725
3112,80,80.6500123027123,36.3826131802725
3113,80,80.6500123027123,36.3826131802725
3114,80,80.6500123027123,36.3826131802725
3115,80,80.6500123027123,36.3826131802725
3116,80,80.6500123027123,36.3826131802725
3117,80,80.6500123027123,36.3826131802725
3118,80,80.6500123027123,36.3826131802725
3119,80,80.6500123027123,36.3826131802725
3120,80,80.6500123027123,36.3826131802725
3121,80,80.6500123027123,36.3826131802725
3122,80,80.6500123027123,36.3826131802725
3123,80,80.6500123027123,36.3826131802725
3124,80,80.6500123027123,36.3826131802725
3125,80,80.6500123027123,36.3826131802725
3126,80,80.6500123027123,36.3826131802725
3127,80,80.6500123027123,36.3826131802725
3128,80,80.6500123027123,36.3826131802725
3129,80,80.6500123027123,36.3826131802725
3130,80,80.6500123027123,36.3826131802725
3131,80,80.6500123027123,36.3826131802725
3132,80,80.6500123027123,36.3826131802725
3133,80,80.6500123027123,36.3826131802725
3134,80,80.6500123027123,36.3826131802725
3135,80,80.6500123027123,36.3826131802725
3136,80,80.6500123027123,36.3826131802725
3137,80,80.6500123027123,36.3826131802725
3138,80,80.6500123027123,36.3826131802725
3139,80,80.6500123027123,36.3826131802725
3140,80,80.6500123027123,36.3826131802725
3141,80,80.6500123027123,36.3826131802725
3142,80,80.6500123027123,36.3826131802725
3143,80,80.6500123027123,36.3826131802725
3144,80,80.6500123027123,36.3826131802725
3145,80,80.6500123027123,36.3826131802725
3146,80,80.6500123027123,36.3826131802725
3147,80,80.6500123027123,36.3826131802725
3148,80,80.6500123027123,36.3826131802725
3149,80,80.6500123027123,36.3826131802725
3150,80,80.6500123027123,36.3826131802725
3151,80,80.6500123027123,36.3826131802725
3152,80,80.6500123027123,36.3826131802725
3153,80,80.6500123027123,36.3826131802725
3154,80,80.6500123027123,36.3826131802725
3155,80,80.6500123027123,36.3826131802725
3156,80,80.6500123027123,36.3826131802725
3157,80,80.6500123027123,36.3826131802725
3158,80,80.6500123027123,36.3826131802725
3159,80,80.6500123027123,36.3826131802725
3160,80,80.6500123027123,36.3826131802725
3161,80,80.6500123027123,36.3826131802725
3162,80,80.6500123027123,36.3826131802725
3163,80,80.6500123027123,36.3826131802725
3164,80,80.6500123027123,36.3826131802725
3165,80,80.6500123027123,36.3826131802725
3166,80,80.6500123027123,36.3826131802725
3167,80,80.6500123027123,36.3826131802725
3168,80,80.6500123027123,36.3826131802725
3169,80,80.6500123027123,36.3826131802725
3170,80,80.6500123027123,36.3826131802725
3171,80,80.6500123027123,36.3826131802725
3172,80,80.6500123027123,36.3826131802725
3173,80,80.6500123027123,36.3826131802725
3174,80,80.6500123027123,36.3826131802725
3175,80,80.6500123027123,36.3826131802725
3176,80,80.6500123027123,36.3826131802725
3177,80,80.6500123027123,36.3826131802725
3178,80,80.6500123027123,36.3826131802725
3179,80,80.6500123027123,36.3826131802725
3180,80,80.6500123027123,36.3826131802725
3181,80,80.6500123027123,36.3826131802725
3182,80,80.6500123027123,36.3826131802725
3183,80,80.6500123027123,36.3826131802725
3184,80,80.6500123027123,36.3826131802725
3185,80,80.6500123027123,36.3826131802725
3186,80,80.6500123027123,36.3826131802725
3187,80,80.6500123027123,36.3826131802725
3188,80,80.6500123027123,36.3826131802725
3189,80,80.6500123027123,36.3826131802725
3190,80,80.6500123027123,36.3826131802725
3191,80,80.6500123027123,36.3826131802725
3192,80,80.6500123027123,36.3826131802725
3193,80,80.6500123027123,36.3826131802725
3194,80,80.6500123027123,36.3826131802725
3195,80,80.6500123027123,36.3826131802725
3196,80,80.6500123027123,36.3826131802725
3197,80,80.6500123027123,36.3826131802725
3198,80,80.6500123027123,36.3826131802725
3199,80,80.6500123027123,36.3826131802725
3200,80,80.6500123027123,36.3826131802725
3201,80,80.6500123027123,36.3826131802725
3202,80,80.6500123027123,36.3826131802725
3203,80,80.6500123027123,36.3826131802725
3204,80,80.6500123027123,36.3826131802725
3205,80,80.6500123027123,36.3826131802725
3206,80,80.6500123027123,36.3826131802725
3207,80,80.6500123027123,36.3826131802725
3208,80,80.6500123027123,36.3826131802725
3209,80,80.6500123027123,36.3826131802725
3210,80,80.6500123027123,36.3826131802725
3211,80,80.6500123027123,36.3826131802725
3212,80,80.6500123027123,36.3826131802725
3213,80,80.6500123027123,36.3826131802725
3214,80,80.6500123027123,36.3826131802725
3215,80,80.6500123027123,36.3826131802725
3216,80,80.6500123027123,36.3826131802725
3217,80,80.6500123027123,36.3826131802725
3218,80,80.6500123027123,36.3826131802725
3219,80,80.6500123027123,36.3826131802725
3220,80,80.6500123027123,36.3826131802725
3221,80,80.6500123027123,36.3826131802725
3222,80,80.6500123027123,36.3826131802725
3223,80,80.6500123027123,36.3826131802725
3224,80,80.6500123027123,36.3826131802725
3225,80,80.6500123027123,36.3826131802725
3226,80,80.6500123027123,36.3826131802725
3227,80,80.6500123027123,36.3826131802725
3228,80,80.6500123027123,36.3826131802725
3229,80,80.6500123027123,36.3826131802725
3230,80,80.6500123027123,36.3826131802725
3231,80,80.6500123027123,36.3826131802725
3232,80,80.6500123027123,36.3826131802725
3233,80,80.6500123027123,36.3826131802725
3234,80,80.6500123027123,36.3826131802725
3235,80,80.6500123027123,36.3826131802725
3236,80,80.6500123027123,36.3826131802725
3237,80,80.5737783388692,36.1279969186174
3238,80,80.5737783388692,36.1279969186174
3239,80,80.5737783388692,36.1279969186174
3240,80,80.5737783388692,36.1279969186174
3241,80,80.5737783388692,36.1279969186174
3242,80,80.5737783388692,36.1279969186174
3243,80,80.5737783388692,36.1279969186174
3244,80,80.5737783388692,36.1279969186174
3245,80,80.5737783388692,36.1279969186174
3246,80,80.5737783388692,36.1279969186174
3247,80,80.5737783388692,36.1279969186174
3248,80,80.5737783388692,36.1279969186174
3249,80,80.5737783388692,36.1279969186174
3250,80,80.5737783388692,36.1279969186174
3251,80,80.5737783388692,36.1279969186174
3252,80,80.5737783388692,36.1279969186174
3253,80,80.5737783388692,36.1279969186174
3254,80,80.5737783388692,36.1279969186174
3255,80,80.5737783388692,36.1279969186174
3256,80,80.5737783388692,36.1279969186174
3257,80,80.5737783388692,36.1279969186174
3258,80,80.5737783388692,36.1279969186174
3259,80,80.5737783388692,36.1279969186174
3260,80,80.5737783388692,36.1279969186174
3261,80,80.5737783388692,36.1279969186174
3262,80,80.5737783388692,36.1279969186174
3263,80,80.5737783388692,36.1279969186174
3264,80,80.5737783388692,36.1279969186174
3265,80,80.5737783388692,36.1279969186174
3266,80,80.5737783388692,36.1279969186174
3267,80,80.5737783388692,36.1279969186174
3268,80,80.5737783388692,36.1279969186174
3269,80,80.5737783388692,36.1279969186174
3270,80,80.5737783388692,36.1279969186174
3271,80,80.5737783388692,36.1279969186174
3272,80,80.5737783388692,36.1279969186174
3273,80,80.5737783388692,36.1279969186174
3274,80,80.5737783388692,36.1279969186174
3275,80,80.5737783388692,36.1279969186174
3276,80,80.5737783388692,36.1279969186174
3277,80,80.5737783388692,36.1279969186174
3278,80,80.5737783388692,36.1279969186174
3279,80,80.5737783388692,36.1279969186174
3280,80,80.5737783388692,36.1279969186174
3281,80,80.5737783388692,36.1279969186174
3282,80,80.5737783388692,36.1279969186174
3283,80,80.5737783388692,36.1279969186174
3284,80,80.5737783388692,36.1279969186174
3285,80,80.5737783388692,36.1279969186174
3286,80,80.5737783388692,36.1279969186174
3287,80,80.5737783388692,36.1279969186174
3288,80,80.5737783388692,36.1279969186174
3289,80,80.5737783388692,36.1279969186174
3290,80,80.5737783388692,36.1279969186174
3291,80,80.5737783388692,36.1279969186174
3292,80,80.5737783388692,36.1279969186174
3293,80,80.5737783388692,36.1279969186174
3294,80,80.5737783388692,36.1279969186174
3295,80,80.5737783388692,36.1279969186174
3296,80,80.5737783388692,36.1279969186174
3297,80,80.5737783388692,36.1279969186174
3298,80,80.5737783388692,36.1279969186174
3299,80,80.5737783388692,36.1279969186174
3300,80,80.5737783388692,36.1279969186174
3301,80,80.5737783388692,36.1279969186174
3302,80,80.5737783388692,36.1279969186174
3303,80,80.5737783388692,36.1279969186174
3304,80,80.5737783388692,36.1279969186174
3305,80,80.5737783388692,36.1279969186174
3306,80,80.5737783388692,36.1279969186174
3307,80,80.5737783388692,36.1279969186174
3308,80,80.5737783388692,36.1279969186174
3309,80,80.5737783388692,36.1279969186174
3310,80,80.5737783388692,36.1279969186174
3311,80,80.5737783388692,36.1279969186174
3312,80,80.5737783388692,36.1279969186174
3313,80,80.5737783388692,36.1279969186174
3314,80,80.5737783388692,36.1279969186174
3315,80,80.5737783388692,36.1279969186174
3316,80,80.5737783388692,36.1279969186174
3317,80,80.5737783388692,36.1279969186174
3318,80,80.5737783388692,36.1279969186174
3319,80,80.5737783388692,36.1279969186174
3320,80,80.5737783388692,36.1279969186174
3321,80,80.5737783388692,36.1279969186174
3322,80,80.5737783388692,36.1279969186174
3323,80,80.5737783388692,36.1279969186174
3324,80,80.5737783388692,36.1279969186174
3325,80,80.5737783388692,36.1279969186174
3326,80,80.5737783388692,36.1279969186174
3327,80,80.5737783388692,36.1279969186174
3328,80,80.5737783388692,36.1279969186174
3329,80,80.5737783388692,36.1279969186174
3330,80,80.5737783388692,36.1279969186174
3331,80,80.5737783388692,36.1279969186174
3332,80,80.5737783388692,36.1279969186174
3333,80,80.5737783388692,36.1279969186174
3334,80,80.5737783388692,36.1279969186174
3335,80,80.5737783388692,36.1279969186174
3336,80,80.5737783388692,36.1279969186174
3337,80,80.5737783388692,36.1279969186174
3338,80,80.5737783388692,36.1279969186174
3339,80,80.5737783388692,36.1279969186174
3340,80,80.5737783388692,36.1279969186174
3341,80,80.5737783388692,36.1279969186174
3342,80,80.5737783388692,36.1279969186174
3343,80,80.5737783388692,36.1279969186174
3344,80,80.5737783388692,36.1279969186174
3345,80,80.5737783388692,36.1279969186174
3346,80,80.5737783388692,36.1279969186174
3347,80,80.5737783388692,36.1279969186174
3348,80,80.5737783388692,36.1279969186174
3349,80,80.5737783388692,36.1279969186174
3350,80,80.5737783388692,36.1279969186174
3351,80,80.5737783388692,36.1279969186174
3352,80,80.5737783388692,36.1279969186174
3353,80,80.5737783388692,36.1279969186174
3354,80,80.5737783388692,36.1279969186174
3355,80,80.5737783388692,36.1279969186174
3356,80,80.5737783388692,36.1279969186174
3357,80,80.5737783388692,36.1279969186174
3358,80,80.5737783388692,36.1279969186174
3359,80,80.5737783388692,36.1279969186174
3360,80,80.5737783388692,36.1279969186174
3361,80,80.5737783388692,36.1279969186174
3362,80,80.5737783388692,36.1279969186174
3363,80,80.5737783388692,36.1279969186174
3364,80,80.5737783388692,36.1279969186174
3365,80,80.5737783388692,36.1279969186174
3366,80,80.5737783388692,36.1279969186174
3367,80,80.5737783388692,36.1279969186174
3368,80,80.5737783388692,36.1279969186174
3369,80,80.5737783388692,36.1279969186174
3370,80,80.5737783388692,36.1279969186174
3371,80,80.5737783388692,36.1279969186174
3372,80,80.5737783388692,36.1279969186174
3373,80,80.5737783388692,36.1279969186174
3374,80,80.5737783388692,36.1279969186174
3375,80,80.5737783388692,36.1279969186174
3376,80,80.5737783388692,36.1279969186174
3377,80,80.5737783388692,36.1279969186174
3378,80,80.5737783388692,36.1279969186174
3379,80,80.5737783388692,36.1279969186174
3380,80,80.5737783388692,36.1279969186174
3381,80,80.5737783388692,36.1279969186174
3382,80,80.5737783388692,36.1279969186174
3383,80,80.5737783388692,36.1279969186174
3384,80,80.5737783388692,36.1279969186174
3385,80,80.5737783388692,36.1279969186174
3386,80,80.5737783388692,36.1279969186174
3387,80,80.5737783388692,36.1279969186174
3388,80,80.5737783388692,36.1279969186174
3389,80,80.5737783388692,36.1279969186174
3390,80,80.5737783388692,36.1279969186174
3391,80,80.5737783388692,36.1279969186174
3392,80,80.5737783388692,36.1279969186174
3393,80,80.5737783388692,36.1279969186174
3394,80,80.5737783388692,36.1279969186174
3395,80,80.5737783388692,36.1279969186174
3396,80,80.5737783388692,36.1279969186174
3397,80,80.5737783388692,36.1279969186174
3398,80,80.5737783388692,36.1279969186174
3399,80,80.5737783388692,36.1279969186174
3400,80,80.5737783388692,36.1279969186174
3401,80,80.5737783388692,36.1279969186174
3402,80,80.5737783388692,36.1279969186174
3403,80,80.5737783388692,36.1279969186174
3404,80,80.5737783388692,36.1279969186174
3405,80,80.5737783388692,36.1279969186174
3406,80,80.5737783388692,36.1279969186174
3407,80,80.5737783388692,36.1279969186174
3408,80,80.5737783388692,36.1279969186174
3409,80,80.5737783388692,36.1279969186174
3410,80,80.5737783388692,36.1279969186174
3411,80,80.5737783388692,36.1279969186174
3412,80,80.5737783388692,36.1279969186174
3413,80,80.5737783388692,36.1279969186174
3414,80,80.5737783388692,36.1279969186174
3415,80,80.5737783388692,36.1279969186174
3416,80,80.5737783388692,36.1279969186174
3417,80,80.5737783388692,36.1279969186174
3418,80,80.5737783388692,36.1279969186174
3419,80,80.5737783388692,36.1279969186174
3420,80,80.5737783388692,36.1279969186174
3421,80,80.5737783388692,36.1279969186174
3422,80,80.5737783388692,36.1279969186174
3423,80,80.5737783388692,36.1279969186174
3424,80,80.5737783388692,36.1279969186174
3425,80,80.5737783388692,36.1279969186174
3426,80,80.5737783388692,36.1279969186174
3427,80,80.5737783388692,36.1279969186174
3428,80,80.5737783388692,36.1279969186174
3429,80,80.5737783388692,36.1279969186174
3430,80,80.5737783388692,36.1279969186174
3431,80,80.5737783388692,36.1279969186174
3432,80,80.5737783388692,36.1279969186174
3433,80,80.5737783388692,36.1279969186174
3434,80,80.5737783388692,36.1279969186174
3435,80,80.5737783388692,36.1279969186174
3436,80,80.5737783388692,36.1279969186174
3437,80,80.5737783388692,36.1279969186174
3438,80,80.5737783388692,36.1279969186174
3439,80,80.5737783388692,36.1279969186174
3440,80,80.5737783388692,36.1279969186174
3441,80,80.5737783388692,36.1279969186174
3442,80,80.5737783388692,36.1279969186174
3443,80,80.5737783388692,36.1279969186174
3444,80,80.5737783388692,36.1279969186174
3445,80,80.5737783388692,36.1279969186174
3446,80,80.5737783388692,36.1279969186174
3447,80,80.5737783388692,36.1279969186174
3448,80,80.5737783388692,36.1279969186174
3449,80,80.5737783388692,36.1279969186174
3450,80,80.5737783388692,36.1279969186174
3451,80,80.5737783388692,36.1279969186174
3452,80,80.5737783388692,36.1279969186174
3453,80,80.5737783388692,36.1279969186174
3454,80,80.5737783388692,36.1279969186174
3455,80,80.5737783388692,36.1279969186174
3456,80,80.5737783388692,36.1279969186174
3457,80,80.5737783388692,36.1279969186174
3458,80,80.5737783388692,36.1279969186174
3459,80,80.5737783388692,36.1279969186174
3460,80,80.5737783388692,36.1279969186174
3461,80,80.5737783388692,36.1279969186174
3462,80,80.5737783388692,36.1279969186174
3463,80,80.5737783388692,36.1279969186174
3464,80,80.5737783388692,36.1279969186174
3465,80,80.5737783388692,36.1279969186174
3466,80,80.5737783388692,36.1279969186174
3467,80,80.5737783388692,36.1279969186174
3468,80,80.5737783388692,36.1279969186174
3469,80,80.5737783388692,36.1279969186174
3470,80,80.5737783388692,36.1279969186174
3471,80,80.5737783388692,36.1279969186174
3472,80,80.5737783388692,36.1279969186174
3473,80,80.5737783388692,36.1279969186174
3474,80,80.5737783388692,36.1279969186174
3475,80,80.5737783388692,36.1279969186174
3476,80,80.5737783388692,36.1279969186174
3477,80,80.5737783388692,36.1279969186174
3478,80,80.5737783388692,36.1279969186174
3479,80,80.5737783388692,36.1279969186174
3480,80,80.5737783388692,36.1279969186174
3481,80,80.5737783388692,36.1279969186174
3482,80,80.5737783388692,36.1279969186174
3483,80,80.5737783388692,36.1279969186174
3484,80,80.5737783388692,36.1279969186174
3485,80,80.5737783388692,36.1279969186174
3486,80,80.4709650068319,35.8498087655795
3487,80,80.4709650068319,35.8498087655795
3488,80,80.4709650068319,35.8498087655795
3489,80,80.4709650068319,35.8498087655795
3490,80,80.4709650068319,35.8498087655795
3491,80,80.4709650068319,35.8498087655795
3492,80,80.4709650068319,35.8498087655795
3493,80,80.4709650068319,35.8498087655795
3494,80,80.4709650068319,35.8498087655795
3495,80,80.4709650068319,35.8498087655795
3496,80,80.4709650068319,35.8498087655795
3497,80,80.4709650068319,35.8498087655795
3498,80,80.4709650068319,35.8498087655795
3499,80,80.4709650068319,35.8498087655795
3500,80,80.4709650068319,35.8498087655795
3501,80,80.4709650068319,35.8498087655795
3502,80,80.4709650068319,35.8498087655795
3503,80,80.4709650068319,35.8498087655795
3504,80,80.4709650068319,35.8498087655795
3505,80,80.4709650068319,35.8498087655795
3506,80,80.4709650068319,35.8498087655795
3507,80,80.4709650068319,35.8498087655795
3508,80,80.4709650068319,35.8498087655795
3509,80,80.4709650068319,35.8498087655795
3510,80,80.4709650068319,35.8498087655795
3511,80,80.4709650068319,35.8498087655795
3512,80,80.4709650068319,35.8498087655795
3513,80,80.4709650068319,35.8498087655795
3514,80,80.4709650068319,35.8498087655795
3515,80,80.4709650068319,35.8498087655795
3516,80,80.4709650068319,35.8498087655795
3517,80,80.4709650068319,35.8498087655795
3518,80,80.4709650068319,35.8498087655795
3519,80,80.4709650068319,35.8498087655795
3520,80,80.4709650068319,35.8498087655795
3521,80,80.4709650068319,35.8498087655795
3522,80,80.4709650068319,35.8498087655795
3523,80,80.4709650068319,35.8498087655795
3524,80,80.4709650068319,35.8498087655795
3525,80,80.4709650068319,35.8498087655795
3526,80,80.4709650068319,35.8498087655795
3527,80,80.4709650068319,35.8498087655795
3528,80,80.4709650068319,35.8498087655795
3529,80,80.4709650068319,35.8498087655795
3530,80,80.4709650068319,35.8498087655795
3531,80,80.4709650068319,35.8498087655795
3532,80,80.4709650068319,35.8498087655795
3533,80,80.4709650068319,35.8498087655795
3534,80,80.4709650068319,35.8498087655795
3535,80,80.4709650068319,35.8498087655795
3536,80,80.4709650068319,35.8498087655795
3537,80,80.4709650068319,35.8498087655795
3538,80,80.4709650068319,35.8498087655795
3539,80,80.4709650068319,35.8498087655795
3540,80,80.4709650068319,35.8498087655795
3541,80,80.4709650068319,35.8498087655795
3542,80,80.4709650068319,35.8498087655795
3543,80,80.4709650068319,35.8498087655795
3544,80,80.4709650068319,35.8498087655795
3545,80,80.4709650068319,35.8498087655795
3546,80,80.4709650068319,35.8498087655795
3547,80,80.4709650068319,35.8498087655795
3548,80,80.4709650068319,35.8498087655795
3549,80,80.4709650068319,35.8498087655795
3550,80,80.4709650068319,35.8498087655795
3551,80,80.4709650068319,35.8498087655795
3552,80,80.4709650068319,35.8498087655795
3553,80,80.4709650068319,35.8498087655795
3554,80,80.4709650068319,35.8498087655795
3555,80,80.4709650068319,35.8498087655795
3556,80,80.4709650068319,35.8498087655795
3557,80,80.4709650068319,35.8498087655795
3558,80,80.4709650068319,35.8498087655795
3559,80,80.4709650068319,35.8498087655795
3560,80,80.4709650068319,35.8498087655795
3561,80,80.4709650068319,35.8498087655795
3562,80,80.4709650068319,35.8498087655795
3563,80,80.4709650068319,35.8498087655795
3564,80,80.4709650068319,35.8498087655795
3565,80,80.4709650068319,35.8498087655795
3566,80,80.4709650068319,35.8498087655795
3567,80,80.4709650068319,35.8498087655795
3568,80,80.4709650068319,35.8498087655795
3569,80,80.4709650068319,35.8498087655795
3570,80,80.4709650068319,35.8498087655795
3571,80,80.4709650068319,35.8498087655795
3572,80,80.4709650068319,35.8498087655795
3573,80,80.4709650068319,35.8498087655795
3574,80,80.4709650068319,35.8498087655795
3575,80,80.4709650068319,35.8498087655795
3576,80,80.4709650068319,35.8498087655795
3577,80,80.4709650068319,35.8498087655795
3578,80,80.4709650068319,35.8498087655795
3579,80,80.4709650068319,35.8498087655795
3580,80,80.4709650068319,35.8498087655795
3581,80,80.4709650068319,35.8498087655795
3582,80,80.4709650068319,35.8498087655795
3583,80,80.4709650068319,35.8498087655795
3584,80,80.4709650068319,35.8498087655795
3585,80,80.4709650068319,35.8498087655795
3586,80,80.4709650068319,35.8498087655795
3587,80,80.4709650068319,35.8498087655795
3588,80,80.4709650068319,35.8498087655795
3589,80,80.4709650068319,35.8498087655795
3590,80,80.4709650068319,35.8498087655795
3591,80,80.4709650068319,35.8498087655795
3592,80,80.4709650068319,35.8498087655795
3593,80,80.4709650068319,35.8498087655795
3594,80,80.4709650068319,35.8498087655795
3595,80,80.4709650068319,35.8498087655795
3596,80,80.4709650068319,35.8498087655795
3597,80,80.4709650068319,35.8498087655795
3598,80,80.4709650068319,35.8498087655795
3599,80,80.4709650068319,35.8498087655795
3600,80,80.4709650068319,35.8498087655795
3601,80,80.4709650068319,35.8498087655795
3602,80,80.4709650068319,35.8498087655795
3603,80,80.4709650068319,35.8498087655795
3604,80,80.4709650068319,35.8498087655795
3605,80,80.4709650068319,35.8498087655795
3606,80,80.4709650068319,35.8498087655795
3607,80,80.4709650068319,35.8498087655795
3608,80,80.4709650068319,35.8498087655795
3609,80,80.4709650068319,35.8498087655795
3610,80,80.4709650068319,35.8498087655795
3611,80,80.4709650068319,35.8498087655795
3612,80,80.4709650068319,35.8498087655795
3613,80,80.4709650068319,35.8498087655795
3614,80,80.4709650068319,35.8498087655795
3615,80,80.4709650068319,35.8498087655795
3616,80,80.4709650068319,35.8498087655795
3617,80,80.4709650068319,35.8498087655795
3618,80,80.4709650068319,35.8498087655795
3619,80,80.4709650068319,35.8498087655795
3620,80,80.4709650068319,35.8498087655795
3621,80,80.4709650068319,35.8498087655795
3622,80,80.4709650068319,35.8498087655795
3623,80,80.4709650068319,35.8498087655795
3624,80,80.4709650068319,35.8498087655795
3625,80,80.4709650068319,35.8498087655795
3626,80,80.4709650068319,35.8498087655795
3627,80,80.4709650068319,35.8498087655795
3628,80,80.4709650068319,35.8498087655795
3629,80,80.4709650068319,35.8498087655795
3630,80,80.4709650068319,35.8498087655795
3631,80,80.4709650068319,35.8498087655795
3632,80,80.4709650068319,35.8498087655795
3633,80,80.4709650068319,35.8498087655795
3634,80,80.4709650068319,35.8498087655795
3635,80,80.4709650068319,35.8498087655795
3636,80,80.4709650068319,35.8498087655795
3637,80,80.4709650068319,35.8498087655795
3638,80,80.4709650068319,35.8498087655795
3639,80,80.4709650068319,35.8498087655795
3640,80,80.4709650068319,35.8498087655795
3641,80,80.4709650068319,35.8498087655795
3642,80,80.4709650068319,35.8498087655795
3643,80,80.4709650068319,35.8498087655795
3644,80,80.4709650068319,35.8498087655795
3645,80,80.4709650068319,35.8498087655795
3646,80,80.4709650068319,35.8498087655795
3647,80,80.4709650068319,35.8498087655795
3648,80,80.4709650068319,35.8498087655795
3649,80,80.4709650068319,35.8498087655795
3650,80,80.4709650068319,35.8498087655795
3651,80,80.4709650068319,35.8498087655795
3652,80,80.4709650068319,35.8498087655795
3653,80,80.4709650068319,35.8498087655795
3654,80,80.4709650068319,35.8498087655795
3655,80,80.4709650068319,35.8498087655795
3656,80,80.4709650068319,35.8498087655795
3657,80,80.4709650068319,35.8498087655795
3658,80,80.4709650068319,35.8498087655795
3659,80,80.4709650068319,35.8498087655795
3660,80,80.4709650068319,35.8498087655795
3661,80,80.4709650068319,35.8498087655795
3662,80,80.4709650068319,35.8498087655795
3663,80,80.4709650068319,35.8498087655795
3664,80,80.4709650068319,35.8498087655795
3665,80,80.4709650068319,35.8498087655795
3666,80,80.4709650068319,35.8498087655795
3667,80,80.4709650068319,35.8498087655795
3668,80,80.4709650068319,35.8498087655795
3669,80,80.4709650068319,35.8498087655795
3670,80,80.4709650068319,35.8498087655795
3671,80,80.4709650068319,35.8498087655795
3672,80,80.4709650068319,35.8498087655795
3673,80,80.4709650068319,35.8498087655795
3674,80,80.4709650068319,35.8498087655795
3675,80,80.4709650068319,35.8498087655795
3676,80,80.4709650068319,35.8498087655795
3677,80,80.4709650068319,35.8498087655795
3678,80,80.4709650068319,35.8498087655795
3679,80,80.4709650068319,35.8498087655795
3680,80,80.4709650068319,35.8498087655795
3681,80,80.4709650068319,35.8498087655795
3682,80,80.4709650068319,35.8498087655795
3683,80,80.4709650068319,35.8498087655795
3684,80,80.4709650068319,35.8498087655795
3685,80,80.4709650068319,35.8498087655795
3686,80,80.4709650068319,35.8498087655795
3687,80,80.4709650068319,35.8498087655795
3688,80,80.4709650068319,35.8498087655795
3689,80,80.4709650068319,35.8498087655795
3690,80,80.4709650068319,35.8498087655795
3691,80,80.4709650068319,35.8498087655795
3692,80,80.4709650068319,35.8498087655795
3693,80,80.4709650068319,35.8498087655795
3694,80,80.4709650068319,35.8498087655795
3695,80,80.4709650068319,35.8498087655795
3696,80,80.4709650068319,35.8498087655795
3697,80,80.4709650068319,35.8498087655795
3698,80,80.4709650068319,35.8498087655795
3699,80,80.4709650068319,35.8498087655795
3700,80,80.4709650068319,35.8498087655795
3701,80,80.4709650068319,35.8498087655795
3702,80,80.4709650068319,35.8498087655795
3703,80,80.4709650068319,35.8498087655795
3704,80,80.4709650068319,35.8498087655795
3705,80,80.4709650068319,35.8498087655795
3706,80,80.4709650068319,35.8498087655795
3707,80,80.4709650068319,35.8498087655795
3708,80,80.4709650068319,35.8498087655795
3709,80,80.4709650068319,35.8498087655795
3710,80,80.4709650068319,35.8498087655795
3711,80,80.4709650068319,35.8498087655795
3712,80,80.4709650068319,35.8498087655795
3713,80,80.4709650068319,35.8498087655795
3714,80,80.4709650068319,35.8498087655795
3715,80,80.4709650068319,35.8498087655795
3716,80,80.4709650068319,35.8498087655795
3717,80,80.4709650068319,35.8498087655795
3718,80,80.4709650068319,35.8498087655795
3719,80,80.4709650068319,35.8498087655795
3720,80,80.4709650068319,35.8498087655795
3721,80,80.4709650068319,35.8498087655795
3722,80,80.4709650068319,35.8498087655795
3723,80,80.4709650068319,35.8498087655795
3724,80,80.4709650068319,35.8498087655795
3725,80,80.4709650068319,35.8498087655795
3726,80,80.4709650068319,35.8498087655795
3727,80,80.4709650068319,35.8498087655795
3728,80,80.4709650068319,35.8498087655795
3729,80,80.4709650068319,35.8498087655795
3730,80,80.4709650068319,35.8498087655795
3731,80,80.4709650068319,35.8498087655795
3732,80,80.4709650068319,35.8498087655795
3733,80,80.4709650068319,35.8498087655795
3734,80,80.4709650068319,35.8498087655795
3735,80,80.7841029198565,36.6981824147409
3736,80,80.7841029198565,36.6981824147409
3737,80,80.7841029198565,36.6981824147409
3738,80,80.7841029198565,36.6981824147409
3739,80,80.7841029198565,36.6981824147409
3740,80,80.7841029198565,36.6981824147409
3741,80,80.7841029198565,36.6981824147409
3742,80,80.7841029198565,36.6981824147409
3743,80,80.7841029198565,36.6981824147409
3744,80,80.7841029198565,36.6981824147409
3745,80,80.7841029198565,36.6981824147409
3746,80,80.7841029198565,36.6981824147409
3747,80,80.7841029198565,36.6981824147409
3748,80,80.7841029198565,36.6981824147409
3749,80,80.7841029198565,36.6981824147409
3750,80,80.7841029198565,36.6981824147409
3751,80,80.7841029198565,36.6981824147409
3752,80,80.7841029198565,36.6981824147409
3753,80,80.7841029198565,36.6981824147409
3754,80,80.7841029198565,36.6981824147409
3755,80,80.7841029198565,36.6981824147409
3756,80,80.7841029198565,36.6981824147409
3757,80,80.7841029198565,36.6981824147409
3758,80,80.7841029198565,36.6981824147409
3759,80,80.7841029198565,36.6981824147409
3760,80,80.7841029198565,36.6981824147409
3761,80,80.7841029198565,36.6981824147409
3762,80,80.7841029198565,36.6981824147409
3763,80,80.7841029198565,36.6981824147409
3764,80,80.7841029198565,36.6981824147409
3765,80,80.7841029198565,36.6981824147409
3766,80,80.7841029198565,36.6981824147409
3767,80,80.7841029198565,36.6981824147409
3768,80,80.7841029198565,36.6981824147409
3769,80,80.7841029198565,36.6981824147409
3770,80,80.7841029198565,36.6981824147409
3771,80,80.7841029198565,36.6981824147409
3772,80,80.7841029198565,36.6981824147409
3773,80,80.7841029198565,36.6981824147409
3774,80,80.7841029198565,36.6981824147409
3775,80,80.7841029198565,36.6981824147409
3776,80,80.7841029198565,36.6981824147409
3777,80,80.7841029198565,36.6981824147409
3778,80,80.7841029198565,36.6981824147409
3779,80,80.7841029198565,36.6981824147409
3780,80,80.7841029198565,36.6981824147409
3781,80,80.7841029198565,36.6981824147409
3782,80,80.7841029198565,36.6981824147409
3783,80,80.7841029198565,36.6981824147409
3784,80,80.7841029198565,36.6981824147409
3785,80,80.7841029198565,36.6981824147409
3786,80,80.7841029198565,36.6981824147409
3787,80,80.7841029198565,36.6981824147409
3788,80,80.7841029198565,36.6981824147409
3789,80,80.7841029198565,36.6981824147409
3790,80,80.7841029198565,36.6981824147409
3791,80,80.7841029198565,36.6981824147409
3792,80,80.7841029198565,36.6981824147409
3793,80,80.7841029198565,36.6981824147409
3794,80,80.7841029198565,36.6981824147409
3795,80,80.7841029198565,36.6981824147409
3796,80,80.7841029198565,36.6981824147409
3797,80,80.7841029198565,36.6981824147409
3798,80,80.7841029198565,36.6981824147409
3799,80,80.7841029198565,36.6981824147409
3800,80,80.7841029198565,36.6981824147409
3801,80,80.7841029198565,36.6981824147409
3802,80,80.7841029198565,36.6981824147409
3803,80,80.7841029198565,36.6981824147409
3804,80,80.7841029198565,36.6981824147409
3805,80,80.7841029198565,36.6981824147409
3806,80,80.7841029198565,36.6981824147409
3807,80,80.7841029198565,36.6981824147409
3808,80,80.7841029198565,36.6981824147409
3809,80,80.7841029198565,36.6981824147409
3810,80,80.7841029198565,36.6981824147409
3811,80,80.7841029198565,36.6981824147409
3812,80,80.7841029198565,36.6981824147409
3813,80,80.7841029198565,36.6981824147409
3814,80,80.7841029198565,36.6981824147409
3815,80,80.7841029198565,36.6981824147409
3816,80,80.7841029198565,36.6981824147409
3817,80,80.7841029198565,36.6981824147409
3818,80,80.7841029198565,36.6981824147409
3819,80,80.7841029198565,36.6981824147409
3820,80,80.7841029198565,36.6981824147409
3821,80,80.7841029198565,36.6981824147409
3822,80,80.7841029198565,36.6981824147409
3823,80,80.7841029198565,36.6981824147409
3824,80,80.7841029198565,36.6981824147409
3825,80,80.7841029198565,36.6981824147409
3826,80,80.7841029198565,36.6981824147409
3827,80,80.7841029198565,36.6981824147409
3828,80,80.7841029198565,36.6981824147409
3829,80,80.7841029198565,36.6981824147409
3830,80,80.7841029198565,36.6981824147409
3831,80,80.7841029198565,36.6981824147409
3832,80,80.7841029198565,36.6981824147409
3833,80,80.7841029198565,36.6981824147409
3834,80,80.7841029198565,36.6981824147409
3835,80,80.7841029198565,36.6981824147409
3836,80,80.7841029198565,36.6981824147409
3837,80,80.7841029198565,36.6981824147409
3838,80,80.7841029198565,36.6981824147409
3839,80,80.7841029198565,36.6981824147409
3840,80,80.7841029198565,36.6981824147409
3841,80,80.7841029198565,36.6981824147409
3842,80,80.7841029198565,36.6981824147409
3843,80,80.7841029198565,36.6981824147409
3844,80,80.7841029198565,36.6981824147409
3845,80,80.7841029198565,36.6981824147409
3846,80,80.7841029198565,36.6981824147409
3847,80,80.7841029198565,36.6981824147409
3848,80,80.7841029198565,36.6981824147409
3849,80,80.7841029198565,36.6981824147409
3850,80,80.7841029198565,36.6981824147409
3851,80,80.7841029198565,36.6981824147409
3852,80,80.7841029198565,36.6981824147409
3853,80,80.7841029198565,36.6981824147409
3854,80,80.7841029198565,36.6981824147409
3855,80,80.7841029198565,36.6981824147409
3856,80,80.7841029198565,36.6981824147409
3857,80,80.7841029198565,36.6981824147409
3858,80,80.7841029198565,36.6981824147409
3859,80,80.7841029198565,36.6981824147409
3860,80,80.7841029198565,36.6981824147409
3861,80,80.7841029198565,36.6981824147409
3862,80,80.7841029198565,36.6981824147409
3863,80,80.7841029198565,36.6981824147409
3864,80,80.7841029198565,36.6981824147409
3865,80,80.7841029198565,36.6981824147409
3866,80,80.7841029198565,36.6981824147409
3867,80,80.7841029198565,36.6981824147409
3868,80,80.7841029198565,36.6981824147409
3869,80,80.7841029198565,36.6981824147409
3870,80,80.7841029198565,36.6981824147409
3871,80,80.7841029198565,36.6981824147409
3872,80,80.7841029198565,36.6981824147409
3873,80,80.7841029198565,36.6981824147409
3874,80,80.7841029198565,36.6981824147409
3875,80,80.7841029198565,36.6981824147409
3876,80,80.7841029198565,36.6981824147409
3877,80,80.7841029198565,36.6981824147409
3878,80,80.7841029198565,36.6981824147409
3879,80,80.7841029198565,36.6981824147409
3880,80,80.7841029198565,36.6981824147409
3881,80,80.7841029198565,36.6981824147409
3882,80,80.7841029198565,36.6981824147409
3883,80,80.7841029198565,36.6981824147409
3884,80,80.7841029198565,36.6981824147409
3885,80,80.7841029198565,36.6981824147409
3886,80,80.7841029198565,36.6981824147409
3887,80,80.7841029198565,36.6981824147409
3888,80,80.7841029198565,36.6981824147409
3889,80,80.7841029198565,36.6981824147409
3890,80,80.7841029198565,36.6981824147409
3891,80,80.7841029198565,36.6981824147409
3892,80,80.7841029198565,36.6981824147409
3893,80,80.7841029198565,36.6981824147409
3894,80,80.7841029198565,36.6981824147409
3895,80,80.7841029198565,36.6981824147409
3896,80,80.7841029198565,36.6981824147409
3897,80,80.7841029198565,36.6981824147409
3898,80,80.7841029198565,36.6981824147409
3899,80,80.7841029198565,36.6981824147409
3900,80,80.7841029198565,36.6981824147409
3901,80,80.7841029198565,36.6981824147409
3902,80,80.7841029198565,36.6981824147409
3903,80,80.7841029198565,36.6981824147409
3904,80,80.7841029198565,36.6981824147409
3905,80,80.7841029198565,36.6981824147409
3906,80,80.7841029198565,36.6981824147409
3907,80,80.7841029198565,36.6981824147409
3908,80,80.7841029198565,36.6981824147409
3909,80,80.7841029198565,36.6981824147409
3910,80,80.7841029198565,36.6981824147409
3911,80,80.7841029198565,36.6981824147409
3912,80,80.7841029198565,36.6981824147409
3913,80,80.7841029198565,36.6981824147409
3914,80,80.7841029198565,36.6981824147409
3915,80,80.7841029198565,36.6981824147409
3916,80,80.7841029198565,36.6981824147409
3917,80,80.7841029198565,36.6981824147409
3918,80,80.7841029198565,36.6981824147409
3919,80,80.7841029198565,36.6981824147409
3920,80,80.7841029198565,36.6981824147409
3921,80,80.7841029198565,36.6981824147409
3922,80,80.7841029198565,36.6981824147409
3923,80,80.7841029198565,36.6981824147409
3924,80,80.7841029198565,36.6981824147409
3925,80,80.7841029198565,36.6981824147409
3926,80,80.7841029198565,36.6981824147409
3927,80,80.7841029198565,36.6981824147409
3928,80,80.7841029198565,36.6981824147409
3929,80,80.7841029198565,36.6981824147409
3930,80,80.7841029198565,36.6981824147409
3931,80,80.7841029198565,36.6981824147409
3932,80,80.7841029198565,36.6981824147409
3933,80,80.7841029198565,36.6981824147409
3934,80,80.7841029198565,36.6981824147409
3935,80,80.7841029198565,36.6981824147409
3936,80,80.7841029198565,36.6981824147409
3937,80,80.7841029198565,36.6981824147409
3938,80,80.7841029198565,36.6981824147409
3939,80,80.7841029198565,36.6981824147409
3940,80,80.7841029198565,36.6981824147409
3941,80,80.7841029198565,36.6981824147409
3942,80,80.7841029198565,36.6981824147409
3943,80,80.7841029198565,36.6981824147409
3944,80,80.7841029198565,36.6981824147409
3945,80,80.7841029198565,36.6981824147409
3946,80,80.7841029198565,36.6981824147409
3947,80,80.7841029198565,36.6981824147409
3948,80,80.7841029198565,36.6981824147409
3949,80,80.7841029198565,36.6981824147409
3950,80,80.7841029198565,36.6981824147409
3951,80,80.7841029198565,36.6981824147409
3952,80,80.7841029198565,36.6981824147409
3953,80,80.7841029198565,36.6981824147409
3954,80,80.7841029198565,36.6981824147409
3955,80,80.7841029198565,36.6981824147409
3956,80,80.7841029198565,36.6981824147409
3957,80,80.7841029198565,36.6981824147409
3958,80,80.7841029198565,36.6981824147409
3959,80,80.7841029198565,36.6981824147409
3960,80,80.7841029198565,36.6981824147409
3961,80,80.7841029198565,36.6981824147409
3962,80,80.7841029198565,36.6981824147409
3963,80,80.7841029198565,36.6981824147409
3964,80,80.7841029198565,36.6981824147409
3965,80,80.7841029198565,36.6981824147409
3966,80,80.7841029198565,36.6981824147409
3967,80,80.7841029198565,36.6981824147409
3968,80,80.7841029198565,36.6981824147409
3969,80,80.7841029198565,36.6981824147409
3970,80,80.7841029198565,36.6981824147409
3971,80,80.7841029198565,36.6981824147409
3972,80,80.7841029198565,36.6981824147409
3973,80,80.7841029198565,36.6981824147409
3974,80,80.7841029198565,36.6981824147409
3975,80,80.7841029198565,36.6981824147409
3976,80,80.7841029198565,36.6981824147409
3977,80,80.7841029198565,36.6981824147409
3978,80,80.7841029198565,36.6981824147409
3979,80,80.7841029198565,36.6981824147409
3980,80,80.7841029198565,36.6981824147409
3981,80,80.7841029198565,36.6981824147409
3982,80,80.7841029198565,36.6981824147409
3983,80,80.7841029198565,36.6981824147409
3984,80,80.7739894671918,36.2599915823094
3985,80,80.7739894671918,36.2599915823094
3986,80,80.7739894671918,36.2599915823094
3987,80,80.7739894671918,36.2599915823094
3988,80,80.7739894671918,36.2599915823094
3989,80,80.7739894671918,36.2599915823094
3990,80,80.7739894671918,36.2599915823094
3991,80,80.7739894671918,36.2599915823094
3992,80,80.7739894671918,36.2599915823094
3993,80,80.7739894671918,36.2599915823094
3994,80,80.7739894671918,36.2599915823094
3995,80,80.7739894671918,36.2599915823094
3996,80,80.7739894671918,36.2599915823094
3997,80,80.7739894671918,36.2599915823094
3998,80,80.7739894671918,36.2599915823094
3999,80,80.7739894671918,36.2599915823094
4000,80,80.7739894671918,36.2599915823094
4001,80,80.7739894671918,36.2599915823094
4002,80,80.7739894671918,36.2599915823094
4003,80,80.7739894671918,36.2599915823094
4004,80,80.7739894671918,36.2599915823094
4005,80,80.7739894671918,36.2599915823094
4006,80,80.7739894671918,36.2599915823094
4007,80,80.7739894671918,36.2599915823094
4008,80,80.7739894671918,36.2599915823094
4009,80,80.7739894671918,36.2599915823094
4010,80,80.7739894671918,36.2599915823094
4011,80,80.7739894671918,36.2599915823094
4012,80,80.7739894671918,36.2599915823094
4013,80,80.7739894671918,36.2599915823094
4014,80,80.7739894671918,36.2599915823094
4015,80,80.7739894671918,36.2599915823094
4016,80,80.7739894671918,36.2599915823094
4017,80,80.7739894671918,36.2599915823094
4018,80,80.7739894671918,36.2599915823094
4019,80,80.7739894671918,36.2599915823094
4020,80,80.7739894671918,36.2599915823094
4021,80,80.7739894671918,36.2599915823094
4022,80,80.7739894671918,36.2599915823094
4023,80,80.7739894671918,36.2599915823094
4024,80,80.7739894671918,36.2599915823094
4025,80,80.7739894671918,36.2599915823094
4026,80,80.7739894671918,36.2599915823094
4027,80,80.7739894671918,36.2599915823094
4028,80,80.7739894671918,36.2599915823094
4029,80,80.7739894671918,36.2599915823094
4030,80,80.7739894671918,36.2599915823094
4031,80,80.7739894671918,36.2599915823094
4032,80,80.7739894671918,36.2599915823094
4033,80,80.7739894671918,36.2599915823094
4034,80,80.7739894671918,36.2599915823094
4035,80,80.7739894671918,36.2599915823094
4036,80,80.7739894671918,36.2599915823094
4037,80,80.7739894671918,36.2599915823094
4038,80,80.7739894671918,36.2599915823094
4039,80,80.7739894671918,36.2599915823094
4040,80,80.7739894671918,36.2599915823094
4041,80,80.7739894671918,36.2599915823094
4042,80,80.7739894671918,36.2599915823094
4043,80,80.7739894671918,36.2599915823094
4044,80,80.7739894671918,36.2599915823094
4045,80,80.7739894671918,36.2599915823094
4046,80,80.7739894671918,36.2599915823094
4047,80,80.7739894671918,36.2599915823094
4048,80,80.7739894671918,36.2599915823094
4049,80,80.7739894671918,36.2599915823094
4050,80,80.7739894671918,36.2599915823094
4051,80,80.7739894671918,36.2599915823094
4052,80,80.7739894671918,36.2599915823094
4053,80,80.7739894671918,36.2599915823094
4054,80,80.7739894671918,36.2599915823094
4055,80,80.7739894671918,36.2599915823094
4056,80,80.7739894671918,36.2599915823094
4057,80,80.7739894671918,36.2599915823094
4058,80,80.7739894671918,36.2599915823094
4059,80,80.7739894671918,36.2599915823094
4060,80,80.7739894671918,36.2599915823094
4061,80,80.7739894671918,36.2599915823094
4062,80,80.7739894671918,36.2599915823094
4063,80,80.7739894671918,36.2599915823094
4064,80,80.7739894671918,36.2599915823094
4065,80,80.7739894671918,36.2599915823094
4066,80,80.7739894671918,36.2599915823094
4067,80,80.7739894671918,36.2599915823094
4068,80,80.7739894671918,36.2599915823094
4069,80,80.7739894671918,36.2599915823094
4070,80,80.7739894671918,36.2599915823094
4071,80,80.7739894671918,36.2599915823094
4072,80,80.7739894671918,36.2599915823094
4073,80,80.7739894671918,36.2599915823094
4074,80,80.7739894671918,36.2599915823094
4075,80,80.7739894671918,36.2599915823094
4076,80,80.7739894671918,36.2599915823094
4077,80,80.7739894671918,36.2599915823094
4078,80,80.7739894671918,36.2599915823094
4079,80,80.7739894671918,36.2599915823094
4080,80,80.7739894671918,36.2599915823094
4081,80,80.7739894671918,36.2599915823094
4082,80,80.7739894671918,36.2599915823094
4083,80,80.7739894671918,36.2599915823094
4084,80,80.7739894671918,36.2599915823094
4085,80,80.7739894671918,36.2599915823094
4086,80,80.7739894671918,36.2599915823094
4087,80,80.7739894671918,36.2599915823094
4088,80,80.7739894671918,36.2599915823094
4089,80,80.7739894671918,36.2599915823094
4090,80,80.7739894671918,36.2599915823094
4091,80,80.7739894671918,36.2599915823094
4092,80,80.7739894671918,36.2599915823094
4093,80,80.7739894671918,36.2599915823094
4094,80,80.7739894671918,36.2599915823094
4095,80,80.7739894671918,36.2599915823094
4096,80,80.7739894671918,36.2599915823094
4097,80,80.7739894671918,36.2599915823094
4098,80,80.7739894671918,36.2599915823094
4099,80,80.7739894671918,36.2599915823094
4100,80,80.7739894671918,36.2599915823094
4101,80,80.7739894671918,36.2599915823094
4102,80,80.7739894671918,36.2599915823094
4103,80,80.7739894671918,36.2599915823094
4104,80,80.7739894671918,36.2599915823094
4105,80,80.7739894671918,36.2599915823094
4106,80,80.7739894671918,36.2599915823094
4107,80,80.7739894671918,36.2599915823094
4108,80,80.7739894671918,36.2599915823094
4109,80,80.7739894671918,36.2599915823094
4110,80,80.7739894671918,36.2599915823094
4111,80,80.7739894671918,36.2599915823094
4112,80,80.7739894671918,36.2599915823094
4113,80,80.7739894671918,36.2599915823094
4114,80,80.7739894671918,36.2599915823094
4115,80,80.7739894671918,36.2599915823094
4116,80,80.7739894671918,36.2599915823094
4117,80,80.7739894671918,36.2599915823094
4118,80,80.7739894671918,36.2599915823094
4119,80,80.7739894671918,36.2599915823094
4120,80,80.7739894671918,36.2599915823094
4121,80,80.7739894671918,36.2599915823094
4122,80,80.7739894671918,36.2599915823094
4123,80,80.7739894671918,36.2599915823094
4124,80,80.7739894671918,36.2599915823094
4125,80,80.7739894671918,36.2599915823094
4126,80,80.7739894671918,36.2599915823094
4127,80,80.7739894671918,36.2599915823094
4128,80,80.7739894671918,36.2599915823094
4129,80,80.7739894671918,36.2599915823094
4130,80,80.7739894671918,36.2599915823094
4131,80,80.7739894671918,36.2599915823094
4132,80,80.7739894671918,36.2599915823094
4133,80,80.7739894671918,36.2599915823094
4134,80,80.7739894671918,36.2599915823094
4135,80,80.7739894671918,36.2599915823094
4136,80,80.7739894671918,36.2599915823094
4137,80,80.7739894671918,36.2599915823094
4138,80,80.7739894671918,36.2599915823094
4139,80,80.7739894671918,36.2599915823094
4140,80,80.7739894671918,36.2599915823094
4141,80,80.7739894671918,36.2599915823094
4142,80,80.7739894671918,36.2599915823094
4143,80,80.7739894671918,36.2599915823094
4144,80,80.7739894671918,36.2599915823094
4145,80,80.7739894671918,36.2599915823094
4146,80,80.7739894671918,36.2599915823094
4147,80,80.7739894671918,36.2599915823094
4148,80,80.7739894671918,36.2599915823094
4149,80,80.7739894671918,36.2599915823094
4150,80,80.7739894671918,36.2599915823094
4151,80,80.7739894671918,36.2599915823094
4152,80,80.7739894671918,36.2599915823094
4153,80,80.7739894671918,36.2599915823094
4154,80,80.7739894671918,36.2599915823094
4155,80,80.7739894671918,36.2599915823094
4156,80,80.7739894671918,36.2599915823094
4157,80,80.7739894671918,36.2599915823094
4158,80,80.7739894671918,36.2599915823094
4159,80,80.7739894671918,36.2599915823094
4160,80,80.7739894671918,36.2599915823094
4161,80,80.7739894671918,36.2599915823094
4162,80,80.7739894671918,36.2599915823094
4163,80,80.7739894671918,36.2599915823094
4164,80,80.7739894671918,36.2599915823094
4165,80,80.7739894671918,36.2599915823094
4166,80,80.7739894671918,36.2599915823094
4167,80,80.7739894671918,36.2599915823094
4168,80,80.7739894671918,36.2599915823094
4169,80,80.7739894671918,36.2599915823094
4170,80,80.7739894671918,36.2599915823094
4171,80,80.7739894671918,36.2599915823094
4172,80,80.7739894671918,36.2599915823094
4173,80,80.7739894671918,36.2599915823094
4174,80,80.7739894671918,36.2599915823094
4175,80,80.7739894671918,36.2599915823094
4176,80,80.7739894671918,36.2599915823094
4177,80,80.7739894671918,36.2599915823094
4178,80,80.7739894671918,36.2599915823094
4179,80,80.7739894671918,36.2599915823094
4180,80,80.7739894671918,36.2599915823094
4181,80,80.7739894671918,36.2599915823094
4182,80,80.7739894671918,36.2599915823094
4183,80,80.7739894671918,36.2599915823094
4184,80,80.7739894671918,36.2599915823094
4185,80,80.7739894671918,36.2599915823094
4186,80,80.7739894671918,36.2599915823094
4187,80,80.7739894671918,36.2599915823094
4188,80,80.7739894671918,36.2599915823094
4189,80,80.7739894671918,36.2599915823094
4190,80,80.7739894671918,36.2599915823094
4191,80,80.7739894671918,36.2599915823094
4192,80,80.7739894671918,36.2599915823094
4193,80,80.7739894671918,36.2599915823094
4194,80,80.7739894671918,36.2599915823094
4195,80,80.7739894671918,36.2599915823094
4196,80,80.7739894671918,36.2599915823094
4197,80,80.7739894671918,36.2599915823094
4198,80,80.7739894671918,36.2599915823094
4199,80,80.7739894671918,36.2599915823094
4200,80,80.7739894671918,36.2599915823094
4201,80,80.7739894671918,36.2599915823094
4202,80,80.7739894671918,36.2599915823094
4203,80,80.7739894671918,36.2599915823094
4204,80,80.7739894671918,36.2599915823094
4205,80,80.7739894671918,36.2599915823094
4206,80,80.7739894671918,36.2599915823094
4207,80,80.7739894671918,36.2599915823094
4208,80,80.7739894671918,36.2599915823094
4209,80,80.7739894671918,36.2599915823094
4210,80,80.7739894671918,36.2599915823094
4211,80,80.7739894671918,36.2599915823094
4212,80,80.7739894671918,36.2599915823094
4213,80,80.7739894671918,36.2599915823094
4214,80,80.7739894671918,36.2599915823094
4215,80,80.7739894671918,36.2599915823094
4216,80,80.7739894671918,36.2599915823094
4217,80,80.7739894671918,36.2599915823094
4218,80,80.7739894671918,36.2599915823094
4219,80,80.7739894671918,36.2599915823094
4220,80,80.7739894671918,36.2599915823094
4221,80,80.7739894671918,36.2599915823094
4222,80,80.7739894671918,36.2599915823094
4223,80,80.7739894671918,36.2599915823094
4224,80,80.7739894671918,36.2599915823094
4225,80,80.7739894671918,36.2599915823094
4226,80,80.7739894671918,36.2599915823094
4227,80,80.7739894671918,36.2599915823094
4228,80,80.7739894671918,36.2599915823094
4229,80,80.7739894671918,36.2599915823094
4230,80,80.7739894671918,36.2599915823094
4231,80,80.7739894671918,36.2599915823094
4232,80,80.7739894671918,36.2599915823094
4233,80,80.7967140885796,36.3356440855229
4234,80,80.7967140885796,36.3356440855229
4235,80,80.7967140885796,36.3356440855229
4236,80,80.7967140885796,36.3356440855229
4237,80,80.7967140885796,36.3356440855229
4238,80,80.7967140885796,36.3356440855229
4239,80,80.7967140885796,36.3356440855229
4240,80,80.7967140885796,36.3356440855229
4241,80,80.7967140885796,36.3356440855229
4242,80,80.7967140885796,36.3356440855229
4243,80,80.7967140885796,36.3356440855229
4244,80,80.7967140885796,36.3356440855229
4245,80,80.7967140885796,36.3356440855229
4246,80,80.7967140885796,36.3356440855229
4247,80,80.7967140885796,36.3356440855229
4248,80,80.7967140885796,36.3356440855229
4249,80,80.7967140885796,36.3356440855229
4250,80,80.7967140885796,36.3356440855229
4251,80,80.7967140885796,36.3356440855229
4252,80,80.7967140885796,36.3356440855229
4253,80,80.7967140885796,36.3356440855229
4254,80,80.7967140885796,36.3356440855229
4255,80,80.7967140885796,36.3356440855229
4256,80,80.7967140885796,36.3356440855229
4257,80,80.7967140885796,36.3356440855229
4258,80,80.7967140885796,36.3356440855229
4259,80,80.7967140885796,36.3356440855229
4260,80,80.7967140885796,36.3356440855229
4261,80,80.7967140885796,36.3356440855229
4262,80,80.7967140885796,36.3356440855229
4263,80,80.7967140885796,36.3356440855229
4264,80,80.7967140885796,36.3356440855229
4265,80,80.7967140885796,36.3356440855229
4266,80,80.7967140885796,36.3356440855229
4267,80,80.7967140885796,36.3356440855229
4268,80,80.7967140885796,36.3356440855229
4269,80,80.7967140885796,36.3356440855229
4270,80,80.7967140885796,36.3356440855229
4271,80,80.7967140885796,36.3356440855229
4272,80,80.7967140885796,36.3356440855229
4273,80,80.7967140885796,36.3356440855229
4274,80,80.7967140885796,36.3356440855229
4275,80,80.7967140885796,36.3356440855229
4276,80,80.7967140885796,36.3356440855229
4277,80,80.7967140885796,36.3356440855229
4278,80,80.7967140885796,36.3356440855229
4279,80,80.7967140885796,36.3356440855229
4280,80,80.7967140885796,36.3356440855229
4281,80,80.7967140885796,36.3356440855229
4282,80,80.7967140885796,36.3356440855229
4283,80,80.7967140885796,36.3356440855229
4284,80,80.7967140885796,36.3356440855229
4285,80,80.7967140885796,36.3356440855229
4286,80,80.7967140885796,36.3356440855229
4287,80,80.7967140885796,36.3356440855229
4288,80,80.7967140885796,36.3356440855229
4289,80,80.7967140885796,36.3356440855229
4290,80,80.7967140885796,36.3356440855229
4291,80,80.7967140885796,36.3356440855229
4292,80,80.7967140885796,36.3356440855229
4293,80,80.7967140885796,36.3356440855229
4294,80,80.7967140885796,36.3356440855229
4295,80,80.7967140885796,36.3356440855229
4296,80,80.7967140885796,36.3356440855229
4297,80,80.7967140885796,36.3356440855229
4298,80,80.7967140885796,36.3356440855229
4299,80,80.7967140885796,36.3356440855229
4300,80,80.7967140885796,36.3356440855229
4301,80,80.7967140885796,36.3356440855229
4302,80,80.7967140885796,36.3356440855229
4303,80,80.7967140885796,36.3356440855229
4304,80,80.7967140885796,36.3356440855229
4305,80,80.7967140885796,36.3356440855229
4306,80,80.7967140885796,36.3356440855229
4307,80,80.7967140885796,36.3356440855229
4308,80,80.7967140885796,36.3356440855229
4309,80,80.7967140885796,36.3356440855229
4310,80,80.7967140885796,36.3356440855229
4311,80,80.7967140885796,36.3356440855229
4312,80,80.7967140885796,36.3356440855229
4313,80,80.7967140885796,36.3356440855229
4314,80,80.7967140885796,36.3356440855229
4315,80,80.7967140885796,36.3356440855229
4316,80,80.7967140885796,36.3356440855229
4317,80,80.7967140885796,36.3356440855229
4318,80,80.7967140885796,36.3356440855229
4319,80,80.7967140885796,36.3356440855229
4320,80,80.7967140885796,36.3356440855229
4321,80,80.7967140885796,36.3356440855229
4322,80,80.7967140885796,36.3356440855229
4323,80,80.7967140885796,36.3356440855229
4324,80,80.7967140885796,36.3356440855229
4325,80,80.7967140885796,36.3356440855229
4326,80,80.7967140885796,36.3356440855229
4327,80,80.7967140885796,36.3356440855229
4328,80,80.7967140885796,36.3356440855229
4329,80,80.7967140885796,36.3356440855229
4330,80,80.7967140885796,36.3356440855229
4331,80,80.7967140885796,36.3356440855229
4332,80,80.7967140885796,36.3356440855229
4333,80,80.7967140885796,36.3356440855229
4334,80,80.7967140885796,36.3356440855229
4335,80,80.7967140885796,36.3356440855229
4336,80,80.7967140885796,36.3356440855229
4337,80,80.7967140885796,36.3356440855229
4338,80,80.7967140885796,36.3356440855229
4339,80,80.7967140885796,36.3356440855229
4340,80,80.7967140885796,36.3356440855229
4341,80,80.7967140885796,36.3356440855229
4342,80,80.7967140885796,36.3356440855229
4343,80,80.7967140885796,36.3356440855229
4344,80,80.7967140885796,36.3356440855229
4345,80,80.7967140885796,36.3356440855229
4346,80,80.7967140885796,36.3356440855229
4347,80,80.7967140885796,36.3356440855229
4348,80,80.7967140885796,36.3356440855229
4349,80,80.7967140885796,36.3356440855229
4350,80,80.7967140885796,36.3356440855229
4351,80,80.7967140885796,36.3356440855229
4352,80,80.7967140885796,36.3356440855229
4353,80,80.7967140885796,36.3356440855229
4354,80,80.7967140885796,36.3356440855229
4355,80,80.7967140885796,36.3356440855229
4356,80,80.7967140885796,36.3356440855229
4357,80,80.7967140885796,36.3356440855229
4358,80,80.7967140885796,36.3356440855229
4359,80,80.7967140885796,36.3356440855229
4360,80,80.7967140885796,36.3356440855229
4361,80,80.7967140885796,36.3356440855229
4362,80,80.7967140885796,36.3356440855229
4363,80,80.7967140885796,36.3356440855229
4364,80,80.7967140885796,36.3356440855229
4365,80,80.7967140885796,36.3356440855229
4366,80,80.7967140885796,36.3356440855229
4367,80,80.7967140885796,36.3356440855229
4368,80,80.7967140885796,36.3356440855229
4369,80,80.7967140885796,36.3356440855229
4370,80,80.7967140885796,36.3356440855229
4371,80,80.7967140885796,36.3356440855229
4372,80,80.7967140885796,36.3356440855229
4373,80,80.7967140885796,36.3356440855229
4374,80,80.7967140885796,36.3356440855229
4375,80,80.7967140885796,36.3356440855229
4376,80,80.7967140885796,36.3356440855229
4377,80,80.7967140885796,36.3356440855229
4378,80,80.7967140885796,36.3356440855229
4379,80,80.7967140885796,36.3356440855229
4380,80,80.7967140885796,36.3356440855229
4381,80,80.7967140885796,36.3356440855229
4382,80,80.7967140885796,36.3356440855229
4383,80,80.7967140885796,36.3356440855229
4384,80,80.7967140885796,36.3356440855229
4385,80,80.7967140885796,36.3356440855229
4386,80,80.7967140885796,36.3356440855229
4387,80,80.7967140885796,36.3356440855229
4388,80,80.7967140885796,36.3356440855229
4389,80,80.7967140885796,36.3356440855229
4390,80,80.7967140885796,36.3356440855229
4391,80,80.7967140885796,36.3356440855229
4392,80,80.7967140885796,36.3356440855229
4393,80,80.7967140885796,36.3356440855229
4394,80,80.7967140885796,36.3356440855229
4395,80,80.7967140885796,36.3356440855229
4396,80,80.7967140885796,36.3356440855229
4397,80,80.7967140885796,36.3356440855229
4398,80,80.7967140885796,36.3356440855229
4399,80,80.7967140885796,36.3356440855229
4400,80,80.7967140885796,36.3356440855229
4401,80,80.7967140885796,36.3356440855229
4402,80,80.7967140885796,36.3356440855229
4403,80,80.7967140885796,36.3356440855229
4404,80,80.7967140885796,36.3356440855229
4405,80,80.7967140885796,36.3356440855229
4406,80,80.7967140885796,36.3356440855229
4407,80,80.7967140885796,36.3356440855229
4408,80,80.7967140885796,36.3356440855229
4409,80,80.7967140885796,36.3356440855229
4410,80,80.7967140885796,36.3356440855229
4411,80,80.7967140885796,36.3356440855229
4412,80,80.7967140885796,36.3356440855229
4413,80,80.7967140885796,36.3356440855229
4414,80,80.7967140885796,36.3356440855229
4415,80,80.7967140885796,36.3356440855229
4416,80,80.7967140885796,36.3356440855229
4417,80,80.7967140885796,36.3356440855229
4418,80,80.7967140885796,36.3356440855229
4419,80,80.7967140885796,36.3356440855229
4420,80,80.7967140885796,36.3356440855229
4421,80,80.7967140885796,36.3356440855229
4422,80,80.7967140885796,36.3356440855229
4423,80,80.7967140885796,36.3356440855229
4424,80,80.7967140885796,36.3356440855229
4425,80,80.7967140885796,36.3356440855229
4426,80,80.7967140885796,36.3356440855229
4427,80,80.7967140885796,36.3356440855229
4428,80,80.7967140885796,36.3356440855229
4429,80,80.7967140885796,36.3356440855229
4430,80,80.7967140885796,36.3356440855229
4431,80,80.7967140885796,36.3356440855229
4432,80,80.7967140885796,36.3356440855229
4433,80,80.7967140885796,36.3356440855229
4434,80,80.7967140885796,36.3356440855229
4435,80,80.7967140885796,36.3356440855229
4436,80,80.7967140885796,36.3356440855229
4437,80,80.7967140885796,36.3356440855229
4438,80,80.7967140885796,36.3356440855229
4439,80,80.7967140885796,36.3356440855229
4440,80,80.7967140885796,36.3356440855229
4441,80,80.7967140885796,36.3356440855229
4442,80,80.7967140885796,36.3356440855229
4443,80,80.7967140885796,36.3356440855229
4444,80,80.7967140885796,36.3356440855229
4445,80,80.7967140885796,36.3356440855229
4446,80,80.7967140885796,36.3356440855229
4447,80,80.7967140885796,36.3356440855229
4448,80,80.7967140885796,36.3356440855229
4449,80,80.7967140885796,36.3356440855229
4450,80,80.7967140885796,36.3356440855229
4451,80,80.7967140885796,36.3356440855229
4452,80,80.7967140885796,36.3356440855229
4453,80,80.7967140885796,36.3356440855229
4454,80,80.7967140885796,36.3356440855229
4455,80,80.7967140885796,36.3356440855229
4456,80,80.7967140885796,36.3356440855229
4457,80,80.7967140885796,36.3356440855229
4458,80,80.7967140885796,36.3356440855229
4459,80,80.7967140885796,36.3356440855229
4460,80,80.7967140885796,36.3356440855229
4461,80,80.7967140885796,36.3356440855229
4462,80,80.7967140885796,36.3356440855229
4463,80,80.7967140885796,36.3356440855229
4464,80,80.7967140885796,36.3356440855229
4465,80,80.7967140885796,36.3356440855229
4466,80,80.7967140885796,36.3356440855229
4467,80,80.7967140885796,36.3356440855229
4468,80,80.7967140885796,36.3356440855229
4469,80,80.7967140885796,36.3356440855229
4470,80,80.7967140885796,36.3356440855229
4471,80,80.7967140885796,36.3356440855229
4472,80,80.7967140885796,36.3356440855229
4473,80,80.7967140885796,36.3356440855229
4474,80,80.7967140885796,36.3356440855229
4475,80,80.7967140885796,36.3356440855229
4476,80,80.7967140885796,36.3356440855229
4477,80,80.7967140885796,36.3356440855229
4478,80,80.7967140885796,36.3356440855229
4479,80,80.7967140885796,36.3356440855229
4480,80,80.7967140885796,36.3356440855229
4481,80,80.7967140885796,36.3356440855229
4482,80,80.6545926518841,36.2900037635833
4483,80,80.6545926518841,36.2900037635833
4484,80,80.6545926518841,36.2900037635833
4485,80,80.6545926518841,36.2900037635833
4486,80,80.6545926518841,36.2900037635833
4487,80,80.6545926518841,36.2900037635833
4488,80,80.6545926518841,36.2900037635833
4489,80,80.6545926518841,36.2900037635833
4490,80,80.6545926518841,36.2900037635833
4491,80,80.6545926518841,36.2900037635833
4492,80,80.6545926518841,36.2900037635833
4493,80,80.6545926518841,36.2900037635833
4494,80,80.6545926518841,36.2900037635833
4495,80,80.6545926518841,36.2900037635833
4496,80,80.6545926518841,36.2900037635833
4497,80,80.6545926518841,36.2900037635833
4498,80,80.6545926518841,36.2900037635833
4499,80,80.6545926518841,36.2900037635833
4500,80,80.6545926518841,36.2900037635833
4501,80,80.6545926518841,36.2900037635833
4502,80,80.6545926518841,36.2900037635833
4503,80,80.6545926518841,36.2900037635833
4504,80,80.6545926518841,36.2900037635833
4505,80,80.6545926518841,36.2900037635833
4506,80,80.6545926518841,36.2900037635833
4507,80,80.6545926518841,36.2900037635833
4508,80,80.6545926518841,36.2900037635833
4509,80,80.6545926518841,36.2900037635833
4510,80,80.6545926518841,36.2900037635833
4511,80,80.6545926518841,36.2900037635833
4512,80,80.6545926518841,36.2900037635833
4513,80,80.6545926518841,36.2900037635833
4514,80,80.6545926518841,36.2900037635833
4515,80,80.6545926518841,36.2900037635833
4516,80,80.6545926518841,36.2900037635833
4517,80,80.6545926518841,36.2900037635833
4518,80,80.6545926518841,36.2900037635833
4519,80,80.6545926518841,36.2900037635833
4520,80,80.6545926518841,36.2900037635833
4521,80,80.6545926518841,36.2900037635833
4522,80,80.6545926518841,36.2900037635833
4523,80,80.6545926518841,36.2900037635833
4524,80,80.6545926518841,36.2900037635833
4525,80,80.6545926518841,36.2900037635833
4526,80,80.6545926518841,36.2900037635833
4527,80,80.6545926518841,36.2900037635833
4528,80,80.6545926518841,36.2900037635833
4529,80,80.6545926518841,36.2900037635833
4530,80,80.6545926518841,36.2900037635833
4531,80,80.6545926518841,36.2900037635833
4532,80,80.6545926518841,36.2900037635833
4533,80,80.6545926518841,36.2900037635833
4534,80,80.6545926518841,36.2900037635833
4535,80,80.6545926518841,36.2900037635833
4536,80,80.6545926518841,36.2900037635833
4537,80,80.6545926518841,36.2900037635833
4538,80,80.6545926518841,36.2900037635833
4539,80,80.6545926518841,36.2900037635833
4540,80,80.6545926518841,36.2900037635833
4541,80,80.6545926518841,36.2900037635833
4542,80,80.6545926518841,36.2900037635833
4543,80,80.6545926518841,36.2900037635833
4544,80,80.6545926518841,36.2900037635833
4545,80,80.6545926518841,36.2900037635833
4546,80,80.6545926518841,36.2900037635833
4547,80,80.6545926518841,36.2900037635833
4548,80,80.6545926518841,36.2900037635833
4549,80,80.6545926518841,36.2900037635833
4550,80,80.6545926518841,36.2900037635833
4551,80,80.6545926518841,36.2900037635833
4552,80,80.6545926518841,36.2900037635833
4553,80,80.6545926518841,36.2900037635833
4554,80,80.6545926518841,36.2900037635833
4555,80,80.6545926518841,36.2900037635833
4556,80,80.6545926518841,36.2900037635833
4557,80,80.6545926518841,36.2900037635833
4558,80,80.6545926518841,36.2900037635833
4559,80,80.6545926518841,36.2900037635833
4560,80,80.6545926518841,36.2900037635833
4561,80,80.6545926518841,36.2900037635833
4562,80,80.6545926518841,36.2900037635833
4563,80,80.6545926518841,36.2900037635833
4564,80,80.6545926518841,36.2900037635833
4565,80,80.6545926518841,36.2900037635833
4566,80,80.6545926518841,36.2900037635833
4567,80,80.6545926518841,36.2900037635833
4568,80,80.6545926518841,36.2900037635833
4569,80,80.6545926518841,36.2900037635833
4570,80,80.6545926518841,36.2900037635833
4571,80,80.6545926518841,36.2900037635833
4572,80,80.6545926518841,36.2900037635833
4573,80,80.6545926518841,36.2900037635833
4574,80,80.6545926518841,36.2900037635833
4575,80,80.6545926518841,36.2900037635833
4576,80,80.6545926518841,36.2900037635833
4577,80,80.6545926518841,36.2900037635833
4578,80,80.6545926518841,36.2900037635833
4579,80,80.6545926518841,36.2900037635833
4580,80,80.6545926518841,36.2900037635833
4581,80,80.6545926518841,36.2900037635833
4582,80,80.6545926518841,36.2900037635833
4583,80,80.6545926518841,36.2900037635833
4584,80,80.6545926518841,36.2900037635833
4585,80,80.6545926518841,36.2900037635833
4586,80,80.6545926518841,36.2900037635833
4587,80,80.6545926518841,36.2900037635833
4588,80,80.6545926518841,36.2900037635833
4589,80,80.6545926518841,36.2900037635833
4590,80,80.6545926518841,36.2900037635833
4591,80,80.6545926518841,36.2900037635833
4592,80,80.6545926518841,36.2900037635833
4593,80,80.6545926518841,36.2900037635833
4594,80,80.6545926518841,36.2900037635833
4595,80,80.6545926518841,36.2900037635833
4596,80,80.6545926518841,36.2900037635833
4597,80,80.6545926518841,36.2900037635833
4598,80,80.6545926518841,36.2900037635833
4599,80,80.6545926518841,36.2900037635833
4600,80,80.6545926518841,36.2900037635833
4601,80,80.6545926518841,36.2900037635833
4602,80,80.6545926518841,36.2900037635833
4603,80,80.6545926518841,36.2900037635833
4604,80,80.6545926518841,36.2900037635833
4605,80,80.6545926518841,36.2900037635833
4606,80,80.6545926518841,36.2900037635833
4607,80,80.6545926518841,36.2900037635833
4608,80,80.6545926518841,36.2900037635833
4609,80,80.6545926518841,36.2900037635833
4610,80,80.6545926518841,36.2900037635833
4611,80,80.6545926518841,36.2900037635833
4612,80,80.6545926518841,36.2900037635833
4613,80,80.6545926518841,36.2900037635833
4614,80,80.6545926518841,36.2900037635833
4615,80,80.6545926518841,36.2900037635833
4616,80,80.6545926518841,36.2900037635833
4617,80,80.6545926518841,36.2900037635833
4618,80,80.6545926518841,36.2900037635833
4619,80,80.6545926518841,36.2900037635833
4620,80,80.6545926518841,36.2900037635833
4621,80,80.6545926518841,36.2900037635833
4622,80,80.6545926518841,36.2900037635833
4623,80,80.6545926518841,36.2900037635833
4624,80,80.6545926518841,36.2900037635833
4625,80,80.6545926518841,36.2900037635833
4626,80,80.6545926518841,36.2900037635833
4627,80,80.6545926518841,36.2900037635833
4628,80,80.6545926518841,36.2900037635833
4629,80,80.6545926518841,36.2900037635833
4630,80,80.6545926518841,36.2900037635833
4631,80,80.6545926518841,36.2900037635833
4632,80,80.6545926518841,36.2900037635833
4633,80,80.6545926518841,36.2900037635833
4634,80,80.6545926518841,36.2900037635833
4635,80,80.6545926518841,36.2900037635833
4636,80,80.6545926518841,36.2900037635833
4637,80,80.6545926518841,36.2900037635833
4638,80,80.6545926518841,36.2900037635833
4639,80,80.6545926518841,36.2900037635833
4640,80,80.6545926518841,36.2900037635833
4641,80,80.6545926518841,36.2900037635833
4642,80,80.6545926518841,36.2900037635833
4643,80,80.6545926518841,36.2900037635833
4644,80,80.6545926518841,36.2900037635833
4645,80,80.6545926518841,36.2900037635833
4646,80,80.6545926518841,36.2900037635833
4647,80,80.6545926518841,36.2900037635833
4648,80,80.6545926518841,36.2900037635833
4649,80,80.6545926518841,36.2900037635833
4650,80,80.6545926518841,36.2900037635833
4651,80,80.6545926518841,36.2900037635833
4652,80,80.6545926518841,36.2900037635833
4653,80,80.6545926518841,36.2900037635833
4654,80,80.6545926518841,36.2900037635833
4655,80,80.6545926518841,36.2900037635833
4656,80,80.6545926518841,36.2900037635833
4657,80,80.6545926518841,36.2900037635833
4658,80,80.6545926518841,36.2900037635833
4659,80,80.6545926518841,36.2900037635833
4660,80,80.6545926518841,36.2900037635833
4661,80,80.6545926518841,36.2900037635833
4662,80,80.6545926518841,36.2900037635833
4663,80,80.6545926518841,36.2900037635833
4664,80,80.6545926518841,36.2900037635833
4665,80,80.6545926518841,36.2900037635833
4666,80,80.6545926518841,36.2900037635833
4667,80,80.6545926518841,36.2900037635833
4668,80,80.6545926518841,36.2900037635833
4669,80,80.6545926518841,36.2900037635833
4670,80,80.6545926518841,36.2900037635833
4671,80,80.6545926518841,36.2900037635833
4672,80,80.6545926518841,36.2900037635833
4673,80,80.6545926518841,36.2900037635833
4674,80,80.6545926518841,36.2900037635833
4675,80,80.6545926518841,36.2900037635833
4676,80,80.6545926518841,36.2900037635833
4677,80,80.6545926518841,36.2900037635833
4678,80,80.6545926518841,36.2900037635833
4679,80,80.6545926518841,36.2900037635833
4680,80,80.6545926518841,36.2900037635833
4681,80,80.6545926518841,36.2900037635833
4682,80,80.6545926518841,36.2900037635833
4683,80,80.6545926518841,36.2900037635833
4684,80,80.6545926518841,36.2900037635833
4685,80,80.6545926518841,36.2900037635833
4686,80,80.6545926518841,36.2900037635833
4687,80,80.6545926518841,36.2900037635833
4688,80,80.6545926518841,36.2900037635833
4689,80,80.6545926518841,36.2900037635833
4690,80,80.6545926518841,36.2900037635833
4691,80,80.6545926518841,36.2900037635833
4692,80,80.6545926518841,36.2900037635833
4693,80,80.6545926518841,36.2900037635833
4694,80,80.6545926518841,36.2900037635833
4695,80,80.6545926518841,36.2900037635833
4696,80,80.6545926518841,36.2900037635833
4697,80,80.6545926518841,36.2900037635833
4698,80,80.6545926518841,36.2900037635833
4699,80,80.6545926518841,36.2900037635833
4700,80,80.6545926518841,36.2900037635833
4701,80,80.6545926518841,36.2900037635833
4702,80,80.6545926518841,36.2900037635833
4703,80,80.6545926518841,36.2900037635833
4704,80,80.6545926518841,36.2900037635833
4705,80,80.6545926518841,36.2900037635833
4706,80,80.6545926518841,36.2900037635833
4707,80,80.6545926518841,36.2900037635833
4708,80,80.6545926518841,36.2900037635833
4709,80,80.6545926518841,36.2900037635833
4710,80,80.6545926518841,36.2900037635833
4711,80,80.6545926518841,36.2900037635833
4712,80,80.6545926518841,36.2900037635833
4713,80,80.6545926518841,36.2900037635833
4714,80,80.6545926518841,36.2900037635833
4715,80,80.6545926518841,36.2900037635833
4716,80,80.6545926518841,36.2900037635833
4717,80,80.6545926518841,36.2900037635833
4718,80,80.6545926518841,36.2900037635833
4719,80,80.6545926518841,36.2900037635833
4720,80,80.6545926518841,36.2900037635833
4721,80,80.6545926518841,36.2900037635833
4722,80,80.6545926518841,36.2900037635833
4723,80,80.6545926518841,36.2900037635833
4724,80,80.6545926518841,36.2900037635833
4725,80,80.6545926518841,36.2900037635833
4726,80,80.6545926518841,36.2900037635833
4727,80,80.6545926518841,36.2900037635833
4728,80,80.6545926518841,36.2900037635833
4729,80,80.6545926518841,36.2900037635833
4730,80,80.6545926518841,36.2900037635833
4731,80,80.5811492457829,36.4283180793126
4732,80,80.5811492457829,36.4283180793126
4733,80,80.5811492457829,36.4283180793126
4734,80,80.5811492457829,36.4283180793126
4735,80,80.5811492457829,36.4283180793126
4736,80,80.5811492457829,36.4283180793126
4737,80,80.5811492457829,36.4283180793126
4738,80,80.5811492457829,36.4283180793126
4739,80,80.5811492457829,36.4283180793126
4740,80,80.5811492457829,36.4283180793126
4741,80,80.5811492457829,36.4283180793126
4742,80,80.5811492457829,36.4283180793126
4743,80,80.5811492457829,36.4283180793126
4744,80,80.5811492457829,36.4283180793126
4745,80,80.5811492457829,36.4283180793126
4746,80,80.5811492457829,36.4283180793126
4747,80,80.5811492457829,36.4283180793126
4748,80,80.5811492457829,36.4283180793126
4749,80,80.5811492457829,36.4283180793126
4750,80,80.5811492457829,36.4283180793126
4751,80,80.5811492457829,36.4283180793126
4752,80,80.5811492457829,36.4283180793126
4753,80,80.5811492457829,36.4283180793126
4754,80,80.5811492457829,36.4283180793126
4755,80,80.5811492457829,36.4283180793126
4756,80,80.5811492457829,36.4283180793126
4757,80,80.5811492457829,36.4283180793126
4758,80,80.5811492457829,36.4283180793126
4759,80,80.5811492457829,36.4283180793126
4760,80,80.5811492457829,36.4283180793126
4761,80,80.5811492457829,36.4283180793126
4762,80,80.5811492457829,36.4283180793126
4763,80,80.5811492457829,36.4283180793126
4764,80,80.5811492457829,36.4283180793126
4765,80,80.5811492457829,36.4283180793126
4766,80,80.5811492457829,36.4283180793126
4767,80,80.5811492457829,36.4283180793126
4768,80,80.5811492457829,36.4283180793126
4769,80,80.5811492457829,36.4283180793126
4770,80,80.5811492457829,36.4283180793126
4771,80,80.5811492457829,36.4283180793126
4772,80,80.5811492457829,36.4283180793126
4773,80,80.5811492457829,36.4283180793126
4774,80,80.5811492457829,36.4283180793126
4775,80,80.5811492457829,36.4283180793126
4776,80,80.5811492457829,36.4283180793126
4777,80,80.5811492457829,36.4283180793126
4778,80,80.5811492457829,36.4283180793126
4779,80,80.5811492457829,36.4283180793126
4780,80,80.5811492457829,36.4283180793126
4781,80,80.5811492457829,36.4283180793126
4782,80,80.5811492457829,36.4283180793126
4783,80,80.5811492457829,36.4283180793126
4784,80,80.5811492457829,36.4283180793126
4785,80,80.5811492457829,36.4283180793126
4786,80,80.5811492457829,36.4283180793126
4787,80,80.5811492457829,36.4283180793126
4788,80,80.5811492457829,36.4283180793126
4789,80,80.5811492457829,36.4283180793126
4790,80,80.5811492457829,36.4283180793126
4791,80,80.5811492457829,36.4283180793126
4792,80,80.5811492457829,36.4283180793126
4793,80,80.5811492457829,36.4283180793126
4794,80,80.5811492457829,36.4283180793126
4795,80,80.5811492457829,36.4283180793126
4796,80,80.5811492457829,36.4283180793126
4797,80,80.5811492457829,36.4283180793126
4798,80,80.5811492457829,36.4283180793126
4799,80,80.5811492457829,36.4283180793126
4800,80,80.5811492457829,36.4283180793126
4801,80,80.5811492457829,36.4283180793126
4802,80,80.5811492457829,36.4283180793126
4803,80,80.5811492457829,36.4283180793126
4804,80,80.5811492457829,36.4283180793126
4805,80,80.5811492457829,36.4283180793126
4806,80,80.5811492457829,36.4283180793126
4807,80,80.5811492457829,36.4283180793126
4808,80,80.5811492457829,36.4283180793126
4809,80,80.5811492457829,36.4283180793126
4810,80,80.5811492457829,36.4283180793126
4811,80,80.5811492457829,36.4283180793126
4812,80,80.5811492457829,36.4283180793126
4813,80,80.5811492457829,36.4283180793126
4814,80,80.5811492457829,36.4283180793126
4815,80,80.5811492457829,36.4283180793126
4816,80,80.5811492457829,36.4283180793126
4817,80,80.5811492457829,36.4283180793126
4818,80,80.5811492457829,36.4283180793126
4819,80,80.5811492457829,36.4283180793126
4820,80,80.5811492457829,36.4283180793126
4821,80,80.5811492457829,36.4283180793126
4822,80,80.5811492457829,36.4283180793126
4823,80,80.5811492457829,36.4283180793126
4824,80,80.5811492457829,36.4283180793126
4825,80,80.5811492457829,36.4283180793126
4826,80,80.5811492457829,36.4283180793126
4827,80,80.5811492457829,36.4283180793126
4828,80,80.5811492457829,36.4283180793126
4829,80,80.5811492457829,36.4283180793126
4830,80,80.5811492457829,36.4283180793126
4831,80,80.5811492457829,36.4283180793126
4832,80,80.5811492457829,36.4283180793126
4833,80,80.5811492457829,36.4283180793126
4834,80,80.5811492457829,36.4283180793126
4835,80,80.5811492457829,36.4283180793126
4836,80,80.5811492457829,36.4283180793126
4837,80,80.5811492457829,36.4283180793126
4838,80,80.5811492457829,36.4283180793126
4839,80,80.5811492457829,36.4283180793126
4840,80,80.5811492457829,36.4283180793126
4841,80,80.5811492457829,36.4283180793126
4842,80,80.5811492457829,36.4283180793126
4843,80,80.5811492457829,36.4283180793126
4844,80,80.5811492457829,36.4283180793126
4845,80,80.5811492457829,36.4283180793126
4846,80,80.5811492457829,36.4283180793126
4847,80,80.5811492457829,36.4283180793126
4848,80,80.5811492457829,36.4283180793126
4849,80,80.5811492457829,36.4283180793126
4850,80,80.5811492457829,36.4283180793126
4851,80,80.5811492457829,36.4283180793126
4852,80,80.5811492457829,36.4283180793126
4853,80,80.5811492457829,36.4283180793126
4854,80,80.5811492457829,36.4283180793126
4855,80,80.5811492457829,36.4283180793126
4856,80,80.5811492457829,36.4283180793126
4857,80,80.5811492457829,36.4283180793126
4858,80,80.5811492457829,36.4283180793126
4859,80,80.5811492457829,36.4283180793126
4860,80,80.5811492457829,36.4283180793126
4861,80,80.5811492457829,36.4283180793126
4862,80,80.5811492457829,36.4283180793126
4863,80,80.5811492457829,36.4283180793126
4864,80,80.5811492457829,36.4283180793126
4865,80,80.5811492457829,36.4283180793126
4866,80,80.5811492457829,36.4283180793126
4867,80,80.5811492457829,36.4283180793126
4868,80,80.5811492457829,36.4283180793126
4869,80,80.5811492457829,36.4283180793126
4870,80,80.5811492457829,36.4283180793126
4871,80,80.5811492457829,36.4283180793126
4872,80,80.5811492457829,36.4283180793126
4873,80,80.5811492457829,36.4283180793126
4874,80,80.5811492457829,36.4283180793126
4875,80,80.5811492457829,36.4283180793126
4876,80,80.5811492457829,36.4283180793126
4877,80,80.5811492457829,36.4283180793126
4878,80,80.5811492457829,36.4283180793126
4879,80,80.5811492457829,36.4283180793126
4880,80,80.5811492457829,36.4283180793126
4881,80,80.5811492457829,36.4283180793126
4882,80,80.5811492457829,36.4283180793126
4883,80,80.5811492457829,36.4283180793126
4884,80,80.5811492457829,36.4283180793126
4885,80,80.5811492457829,36.4283180793126
4886,80,80.5811492457829,36.4283180793126
4887,80,80.5811492457829,36.4283180793126
4888,80,80.5811492457829,36.4283180793126
4889,80,80.5811492457829,36.4283180793126
4890,80,80.5811492457829,36.4283180793126
4891,80,80.5811492457829,36.4283180793126
4892,80,80.5811492457829,36.4283180793126
4893,80,80.5811492457829,36.4283180793126
4894,80,80.5811492457829,36.4283180793126
4895,80,80.5811492457829,36.4283180793126
4896,80,80.5811492457829,36.4283180793126
4897,80,80.5811492457829,36.4283180793126
4898,80,80.5811492457829,36.4283180793126
4899,80,80.5811492457829,36.4283180793126
4900,80,80.5811492457829,36.4283180793126
4901,80,80.5811492457829,36.4283180793126
4902,80,80.5811492457829,36.4283180793126
4903,80,80.5811492457829,36.4283180793126
4904,80,80.5811492457829,36.4283180793126
4905,80,80.5811492457829,36.4283180793126
4906,80,80.5811492457829,36.4283180793126
4907,80,80.5811492457829,36.4283180793126
4908,80,80.5811492457829,36.4283180793126
4909,80,80.5811492457829,36.4283180793126
4910,80,80.5811492457829,36.4283180793126
4911,80,80.5811492457829,36.4283180793126
4912,80,80.5811492457829,36.4283180793126
4913,80,80.5811492457829,36.4283180793126
4914,80,80.5811492457829,36.4283180793126
4915,80,80.5811492457829,36.4283180793126
4916,80,80.5811492457829,36.4283180793126
4917,80,80.5811492457829,36.4283180793126
4918,80,80.5811492457829,36.4283180793126
4919,80,80.5811492457829,36.4283180793126
4920,80,80.5811492457829,36.4283180793126
4921,80,80.5811492457829,36.4283180793126
4922,80,80.5811492457829,36.4283180793126
4923,80,80.5811492457829,36.4283180793126
4924,80,80.5811492457829,36.4283180793126
4925,80,80.5811492457829,36.4283180793126
4926,80,80.5811492457829,36.4283180793126
4927,80,80.5811492457829,36.4283180793126
4928,80,80.5811492457829,36.4283180793126
4929,80,80.5811492457829,36.4283180793126
4930,80,80.5811492457829,36.4283180793126
4931,80,80.5811492457829,36.4283180793126
4932,80,80.5811492457829,36.4283180793126
4933,80,80.5811492457829,36.4283180793126
4934,80,80.5811492457829,36.4283180793126
4935,80,80.5811492457829,36.4283180793126
4936,80,80.5811492457829,36.4283180793126
4937,80,80.5811492457829,36.4283180793126
4938,80,80.5811492457829,36.4283180793126
4939,80,80.5811492457829,36.4283180793126
4940,80,80.5811492457829,36.4283180793126
4941,80,80.5811492457829,36.4283180793126
4942,80,80.5811492457829,36.4283180793126
4943,80,80.5811492457829,36.4283180793126
4944,80,80.5811492457829,36.4283180793126
4945,80,80.5811492457829,36.4283180793126
4946,80,80.5811492457829,36.4283180793126
4947,80,80.5811492457829,36.4283180793126
4948,80,80.5811492457829,36.4283180793126
4949,80,80.5811492457829,36.4283180793126
4950,80,80.5811492457829,36.4283180793126
4951,80,80.5811492457829,36.4283180793126
4952,80,80.5811492457829,36.4283180793126
4953,80,80.5811492457829,36.4283180793126
4954,80,80.5811492457829,36.4283180793126
4955,80,80.5811492457829,36.4283180793126
4956,80,80.5811492457829,36.4283180793126
4957,80,80.5811492457829,36.4283180793126
4958,80,80.5811492457829,36.4283180793126
4959,80,80.5811492457829,36.4283180793126
4960,80,80.5811492457829,36.4283180793126
4961,80,80.5811492457829,36.4283180793126
4962,80,80.5811492457829,36.4283180793126
4963,80,80.5811492457829,36.4283180793126
4964,80,80.5811492457829,36.4283180793126
4965,80,80.5811492457829,36.4283180793126
4966,80,80.5811492457829,36.4283180793126
4967,80,80.5811492457829,36.4283180793126
4968,80,80.5811492457829,36.4283180793126
4969,80,80.5811492457829,36.4283180793126
4970,80,80.5811492457829,36.4283180793126
4971,80,80.5811492457829,36.4283180793126
4972,80,80.5811492457829,36.4283180793126
4973,80,80.5811492457829,36.4283180793126
4974,80,80.5811492457829,36.4283180793126
4975,80,80.5811492457829,36.4283180793126
4976,80,80.5811492457829,36.4283180793126
4977,80,80.5811492457829,36.4283180793126
4978,80,80.5811492457829,36.4283180793126
4979,80,80.5811492457829,36.4283180793126
4980,80,80.6362849711806,36.2621254601651
4981,80,80.6362849711806,36.2621254601651
4982,80,80.6362849711806,36.2621254601651
4983,80,80.6362849711806,36.2621254601651
4984,80,80.6362849711806,36.2621254601651
4985,80,80.6362849711806,36.2621254601651
4986,80,80.6362849711806,36.2621254601651
4987,80,80.6362849711806,36.2621254601651
4988,80,80.6362849711806,36.2621254601651
4989,80,80.6362849711806,36.2621254601651
4990,80,80.6362849711806,36.2621254601651
4991,80,80.6362849711806,36.2621254601651
4992,80,80.6362849711806,36.2621254601651
4993,80,80.6362849711806,36.2621254601651
4994,80,80.6362849711806,36.2621254601651
4995,80,80.6362849711806,36.2621254601651
4996,80,80.6362849711806,36.2621254601651
4997,80,80.6362849711806,36.2621254601651
4998,80,80.6362849711806,36.2621254601651
4999,80,80.6362849711806,36.2621254601651
5000,80,80.6362849711806,36.2621254601651
5001,80,80.6362849711806,36.2621254601651
5002,80,80.6362849711806,36.2621254601651
5003,80,80.6362849711806,36.2621254601651
5004,80,80.6362849711806,36.2621254601651
5005,80,80.6362849711806,36.2621254601651
5006,80,80.6362849711806,36.2621254601651
5007,80,80.6362849711806,36.2621254601651
5008,80,80.6362849711806,36.2621254601651
5009,80,80.6362849711806,36.2621254601651
5010,80,80.6362849711806,36.2621254601651
5011,80,80.6362849711806,36.2621254601651
5012,80,80.6362849711806,36.2621254601651
5013,80,80.6362849711806,36.2621254601651
5014,80,80.6362849711806,36.2621254601651
5015,80,80.6362849711806,36.2621254601651
5016,80,80.6362849711806,36.2621254601651
5017,80,80.6362849711806,36.2621254601651
5018,80,80.6362849711806,36.2621254601651
5019,80,80.6362849711806,36.2621254601651
5020,80,80.6362849711806,36.2621254601651
5021,80,80.6362849711806,36.2621254601651
5022,80,80.6362849711806,36.2621254601651
5023,80,80.6362849711806,36.2621254601651
5024,80,80.6362849711806,36.2621254601651
5025,80,80.6362849711806,36.2621254601651
5026,80,80.6362849711806,36.2621254601651
5027,80,80.6362849711806,36.2621254601651
5028,80,80.6362849711806,36.2621254601651
5029,80,80.6362849711806,36.2621254601651
5030,80,80.6362849711806,36.2621254601651
5031,80,80.6362849711806,36.2621254601651
5032,80,80.6362849711806,36.2621254601651
5033,80,80.6362849711806,36.2621254601651
5034,80,80.6362849711806,36.2621254601651
5035,80,80.6362849711806,36.2621254601651
5036,80,80.6362849711806,36.2621254601651
5037,80,80.6362849711806,36.2621254601651
5038,80,80.6362849711806,36.2621254601651
5039,80,80.6362849711806,36.2621254601651
5040,80,80.6362849711806,36.2621254601651
5041,80,80.6362849711806,36.2621254601651
5042,80,80.6362849711806,36.2621254601651
5043,80,80.6362849711806,36.2621254601651
5044,80,80.6362849711806,36.2621254601651
5045,80,80.6362849711806,36.2621254601651
5046,80,80.6362849711806,36.2621254601651
5047,80,80.6362849711806,36.2621254601651
5048,80,80.6362849711806,36.2621254601651
5049,80,80.6362849711806,36.2621254601651
5050,80,80.6362849711806,36.2621254601651
5051,80,80.6362849711806,36.2621254601651
5052,80,80.6362849711806,36.2621254601651
5053,80,80.6362849711806,36.2621254601651
5054,80,80.6362849711806,36.2621254601651
5055,80,80.6362849711806,36.2621254601651
5056,80,80.6362849711806,36.2621254601651
5057,80,80.6362849711806,36.2621254601651
5058,80,80.6362849711806,36.2621254601651
5059,80,80.6362849711806,36.2621254601651
5060,80,80.6362849711806,36.2621254601651
5061,80,80.6362849711806,36.2621254601651
5062,80,80.6362849711806,36.2621254601651
5063,80,80.6362849711806,36.2621254601651
5064,80,80.6362849711806,36.2621254601651
5065,80,80.6362849711806,36.2621254601651
5066,80,80.6362849711806,36.2621254601651
5067,80,80.6362849711806,36.2621254601651
5068,80,80.6362849711806,36.2621254601651
5069,80,80.6362849711806,36.2621254601651
5070,80,80.6362849711806,36.2621254601651
5071,80,80.6362849711806,36.2621254601651
5072,80,80.6362849711806,36.2621254601651
5073,80,80.6362849711806,36.2621254601651
5074,80,80.6362849711806,36.2621254601651
5075,80,80.6362849711806,36.2621254601651
5076,80,80.6362849711806,36.2621254601651
5077,80,80.6362849711806,36.2621254601651
5078,80,80.6362849711806,36.2621254601651
5079,80,80.6362849711806,36.2621254601651
5080,80,80.6362849711806,36.2621254601651
5081,80,80.6362849711806,36.2621254601651
5082,80,80.6362849711806,36.2621254601651
5083,80,80.6362849711806,36.2621254601651
5084,80,80.6362849711806,36.2621254601651
5085,80,80.6362849711806,36.2621254601651
5086,80,80.6362849711806,36.2621254601651
5087,80,80.6362849711806,36.2621254601651
5088,80,80.6362849711806,36.2621254601651
5089,80,80.6362849711806,36.2621254601651
5090,80,80.6362849711806,36.2621254601651
5091,80,80.6362849711806,36.2621254601651
5092,80,80.6362849711806,36.2621254601651
5093,80,80.6362849711806,36.2621254601651
5094,80,80.6362849711806,36.2621254601651
5095,80,80.6362849711806,36.2621254601651
5096,80,80.6362849711806,36.2621254601651
5097,80,80.6362849711806,36.2621254601651
5098,80,80.6362849711806,36.2621254601651
5099,80,80.6362849711806,36.2621254601651
5100,80,80.6362849711806,36.2621254601651
5101,80,80.6362849711806,36.2621254601651
5102,80,80.6362849711806,36.2621254601651
5103,80,80.6362849711806,36.2621254601651
5104,80,80.6362849711806,36.2621254601651
5105,80,80.6362849711806,36.2621254601651
5106,80,80.6362849711806,36.2621254601651
5107,80,80.6362849711806,36.2621254601651
5108,80,80.6362849711806,36.2621254601651
5109,80,80.6362849711806,36.2621254601651
5110,80,80.6362849711806,36.2621254601651
5111,80,80.6362849711806,36.2621254601651
5112,80,80.6362849711806,36.2621254601651
5113,80,80.6362849711806,36.2621254601651
5114,80,80.6362849711806,36.2621254601651
5115,80,80.6362849711806,36.2621254601651
5116,80,80.6362849711806,36.2621254601651
5117,80,80.6362849711806,36.2621254601651
5118,80,80.6362849711806,36.2621254601651
5119,80,80.6362849711806,36.2621254601651
5120,80,80.6362849711806,36.2621254601651
5121,80,80.6362849711806,36.2621254601651
5122,80,80.6362849711806,36.2621254601651
5123,80,80.6362849711806,36.2621254601651
5124,80,80.6362849711806,36.2621254601651
5125,80,80.6362849711806,36.2621254601651
5126,80,80.6362849711806,36.2621254601651
5127,80,80.6362849711806,36.2621254601651
5128,80,80.6362849711806,36.2621254601651
5129,80,80.6362849711806,36.2621254601651
5130,80,80.6362849711806,36.2621254601651
5131,80,80.6362849711806,36.2621254601651
5132,80,80.6362849711806,36.2621254601651
5133,80,80.6362849711806,36.2621254601651
5134,80,80.6362849711806,36.2621254601651
5135,80,80.6362849711806,36.2621254601651
5136,80,80.6362849711806,36.2621254601651
5137,80,80.6362849711806,36.2621254601651
5138,80,80.6362849711806,36.2621254601651
5139,80,80.6362849711806,36.2621254601651
5140,80,80.6362849711806,36.2621254601651
5141,80,80.6362849711806,36.2621254601651
5142,80,80.6362849711806,36.2621254601651
5143,80,80.6362849711806,36.2621254601651
5144,80,80.6362849711806,36.2621254601651
5145,80,80.6362849711806,36.2621254601651
5146,80,80.6362849711806,36.2621254601651
5147,80,80.6362849711806,36.2621254601651
5148,80,80.6362849711806,36.2621254601651
5149,80,80.6362849711806,36.2621254601651
5150,80,80.6362849711806,36.2621254601651
5151,80,80.6362849711806,36.2621254601651
5152,80,80.6362849711806,36.2621254601651
5153,80,80.6362849711806,36.2621254601651
5154,80,80.6362849711806,36.2621254601651
5155,80,80.6362849711806,36.2621254601651
5156,80,80.6362849711806,36.2621254601651
5157,80,80.6362849711806,36.2621254601651
5158,80,80.6362849711806,36.2621254601651
5159,80,80.6362849711806,36.2621254601651
5160,80,80.6362849711806,36.2621254601651
5161,80,80.6362849711806,36.2621254601651
5162,80,80.6362849711806,36.2621254601651
5163,80,80.6362849711806,36.2621254601651
5164,80,80.6362849711806,36.2621254601651
5165,80,80.6362849711806,36.2621254601651
5166,80,80.6362849711806,36.2621254601651
5167,80,80.6362849711806,36.2621254601651
5168,80,80.6362849711806,36.2621254601651
5169,80,80.6362849711806,36.2621254601651
5170,80,80.6362849711806,36.2621254601651
5171,80,80.6362849711806,36.2621254601651
5172,80,80.6362849711806,36.2621254601651
5173,80,80.6362849711806,36.2621254601651
5174,80,80.6362849711806,36.2621254601651
5175,80,80.6362849711806,36.2621254601651
5176,80,80.6362849711806,36.2621254601651
5177,80,80.6362849711806,36.2621254601651
5178,80,80.6362849711806,36.2621254601651
5179,80,80.6362849711806,36.2621254601651
5180,80,80.6362849711806,36.2621254601651
5181,80,80.6362849711806,36.2621254601651
5182,80,80.6362849711806,36.2621254601651
5183,80,80.6362849711806,36.2621254601651
5184,80,80.6362849711806,36.2621254601651
5185,80,80.6362849711806,36.2621254601651
5186,80,80.6362849711806,36.2621254601651
5187,80,80.6362849711806,36.2621254601651
5188,80,80.6362849711806,36.2621254601651
5189,80,80.6362849711806,36.2621254601651
5190,80,80.6362849711806,36.2621254601651
5191,80,80.6362849711806,36.2621254601651
5192,80,80.6362849711806,36.2621254601651
5193,80,80.6362849711806,36.2621254601651
5194,80,80.6362849711806,36.2621254601651
5195,80,80.6362849711806,36.2621254601651
5196,80,80.6362849711806,36.2621254601651
5197,80,80.6362849711806,36.2621254601651
5198,80,80.6362849711806,36.2621254601651
5199,80,80.6362849711806,36.2621254601651
5200,80,80.6362849711806,36.2621254601651
5201,80,80.6362849711806,36.2621254601651
5202,80,80.6362849711806,36.2621254601651
5203,80,80.6362849711806,36.2621254601651
5204,80,80.6362849711806,36.2621254601651
5205,80,80.6362849711806,36.2621254601651
5206,80,80.6362849711806,36.2621254601651
5207,80,80.6362849711806,36.2621254601651
5208,80,80.6362849711806,36.2621254601651
5209,80,80.6362849711806,36.2621254601651
5210,80,80.6362849711806,36.2621254601651
5211,80,80.6362849711806,36.2621254601651
5212,80,80.6362849711806,36.2621254601651
5213,80,80.6362849711806,36.2621254601651
5214,80,80.6362849711806,36.2621254601651
5215,80,80.6362849711806,36.2621254601651
5216,80,80.6362849711806,36.2621254601651
5217,80,80.6362849711806,36.2621254601651
5218,80,80.6362849711806,36.2621254601651
5219,80,80.6362849711806,36.2621254601651
5220,80,80.6362849711806,36.2621254601651
5221,80,80.6362849711806,36.2621254601651
5222,80,80.6362849711806,36.2621254601651
5223,80,80.6362849711806,36.2621254601651
5224,80,80.6362849711806,36.2621254601651
5225,80,80.6362849711806,36.2621254601651
5226,80,80.6362849711806,36.2621254601651
5227,80,80.6362849711806,36.2621254601651
5228,80,80.6362849711806,36.2621254601651
5229,80,80.6270536412121,36.4125870437555
5230,80,80.6270536412121,36.4125870437555
5231,80,80.6270536412121,36.4125870437555
5232,80,80.6270536412121,36.4125870437555
5233,80,80.6270536412121,36.4125870437555
5234,80,80.6270536412121,36.4125870437555
5235,80,80.6270536412121,36.4125870437555
5236,80,80.6270536412121,36.4125870437555
5237,80,80.6270536412121,36.4125870437555
5238,80,80.6270536412121,36.4125870437555
5239,80,80.6270536412121,36.4125870437555
5240,80,80.6270536412121,36.4125870437555
5241,80,80.6270536412121,36.4125870437555
5242,80,80.6270536412121,36.4125870437555
5243,80,80.6270536412121,36.4125870437555
5244,80,80.6270536412121,36.4125870437555
5245,80,80.6270536412121,36.4125870437555
5246,80,80.6270536412121,36.4125870437555
5247,80,80.6270536412121,36.4125870437555
5248,80,80.6270536412121,36.4125870437555
5249,80,80.6270536412121,36.4125870437555
5250,80,80.6270536412121,36.4125870437555
5251,80,80.6270536412121,36.4125870437555
5252,80,80.6270536412121,36.4125870437555
5253,80,80.6270536412121,36.4125870437555
5254,80,80.6270536412121,36.4125870437555
5255,80,80.6270536412121,36.4125870437555
5256,80,80.6270536412121,36.4125870437555
5257,80,80.6270536412121,36.4125870437555
5258,80,80.6270536412121,36.4125870437555
5259,80,80.6270536412121,36.4125870437555
5260,80,80.6270536412121,36.4125870437555
5261,80,80.6270536412121,36.4125870437555
5262,80,80.6270536412121,36.4125870437555
5263,80,80.6270536412121,36.4125870437555
5264,80,80.6270536412121,36.4125870437555
5265,80,80.6270536412121,36.4125870437555
5266,80,80.6270536412121,36.4125870437555
5267,80,80.6270536412121,36.4125870437555
5268,80,80.6270536412121,36.4125870437555
5269,80,80.6270536412121,36.4125870437555
5270,80,80.6270536412121,36.4125870437555
5271,80,80.6270536412121,36.4125870437555
5272,80,80.6270536412121,36.4125870437555
5273,80,80.6270536412121,36.4125870437555
5274,80,80.6270536412121,36.4125870437555
5275,80,80.6270536412121,36.4125870437555
5276,80,80.6270536412121,36.4125870437555
5277,80,80.6270536412121,36.4125870437555
5278,80,80.6270536412121,36.4125870437555
5279,80,80.6270536412121,36.4125870437555
5280,80,80.6270536412121,36.4125870437555
5281,80,80.6270536412121,36.4125870437555
5282,80,80.6270536412121,36.4125870437555
5283,80,80.6270536412121,36.4125870437555
5284,80,80.6270536412121,36.4125870437555
5285,80,80.6270536412121,36.4125870437555
5286,80,80.6270536412121,36.4125870437555
5287,80,80.6270536412121,36.4125870437555
5288,80,80.6270536412121,36.4125870437555
5289,80,80.6270536412121,36.4125870437555
5290,80,80.6270536412121,36.4125870437555
5291,80,80.6270536412121,36.4125870437555
5292,80,80.6270536412121,36.4125870437555
5293,80,80.6270536412121,36.4125870437555
5294,80,80.6270536412121,36.4125870437555
5295,80,80.6270536412121,36.4125870437555
5296,80,80.6270536412121,36.4125870437555
5297,80,80.6270536412121,36.4125870437555
5298,80,80.6270536412121,36.4125870437555
5299,80,80.6270536412121,36.4125870437555
5300,80,80.6270536412121,36.4125870437555
5301,80,80.6270536412121,36.4125870437555
5302,80,80.6270536412121,36.4125870437555
5303,80,80.6270536412121,36.4125870437555
5304,80,80.6270536412121,36.4125870437555
5305,80,80.6270536412121,36.4125870437555
5306,80,80.6270536412121,36.4125870437555
5307,80,80.6270536412121,36.4125870437555
5308,80,80.6270536412121,36.4125870437555
5309,80,80.6270536412121,36.4125870437555
5310,80,80.6270536412121,36.4125870437555
5311,80,80.6270536412121,36.4125870437555
5312,80,80.6270536412121,36.4125870437555
5313,80,80.6270536412121,36.4125870437555
5314,80,80.6270536412121,36.4125870437555
5315,80,80.6270536412121,36.4125870437555
5316,80,80.6270536412121,36.4125870437555
5317,80,80.6270536412121,36.4125870437555
5318,80,80.6270536412121,36.4125870437555
5319,80,80.6270536412121,36.4125870437555
5320,80,80.6270536412121,36.4125870437555
5321,80,80.6270536412121,36.4125870437555
5322,80,80.6270536412121,36.4125870437555
5323,80,80.6270536412121,36.4125870437555
5324,80,80.6270536412121,36.4125870437555
5325,80,80.6270536412121,36.4125870437555
5326,80,80.6270536412121,36.4125870437555
5327,80,80.6270536412121,36.4125870437555
5328,80,80.6270536412121,36.4125870437555
5329,80,80.6270536412121,36.4125870437555
5330,80,80.6270536412121,36.4125870437555
5331,80,80.6270536412121,36.4125870437555
5332,80,80.6270536412121,36.4125870437555
5333,80,80.6270536412121,36.4125870437555
5334,80,80.6270536412121,36.4125870437555
5335,80,80.6270536412121,36.4125870437555
5336,80,80.6270536412121,36.4125870437555
5337,80,80.6270536412121,36.4125870437555
5338,80,80.6270536412121,36.4125870437555
5339,80,80.6270536412121,36.4125870437555
5340,80,80.6270536412121,36.4125870437555
5341,80,80.6270536412121,36.4125870437555
5342,80,80.6270536412121,36.4125870437555
5343,80,80.6270536412121,36.4125870437555
5344,80,80.6270536412121,36.4125870437555
5345,80,80.6270536412121,36.4125870437555
5346,80,80.6270536412121,36.4125870437555
5347,80,80.6270536412121,36.4125870437555
5348,80,80.6270536412121,36.4125870437555
5349,80,80.6270536412121,36.4125870437555
5350,80,80.6270536412121,36.4125870437555
5351,80,80.6270536412121,36.4125870437555
5352,80,80.6270536412121,36.4125870437555
5353,80,80.6270536412121,36.4125870437555
5354,80,80.6270536412121,36.4125870437555
5355,80,80.6270536412121,36.4125870437555
5356,80,80.6270536412121,36.4125870437555
5357,80,80.6270536412121,36.4125870437555
5358,80,80.6270536412121,36.4125870437555
5359,80,80.6270536412121,36.4125870437555
5360,80,80.6270536412121,36.4125870437555
5361,80,80.6270536412121,36.4125870437555
5362,80,80.6270536412121,36.4125870437555
5363,80,80.6270536412121,36.4125870437555
5364,80,80.6270536412121,36.4125870437555
5365,80,80.6270536412121,36.4125870437555
5366,80,80.6270536412121,36.4125870437555
5367,80,80.6270536412121,36.4125870437555
5368,80,80.6270536412121,36.4125870437555
5369,80,80.6270536412121,36.4125870437555
5370,80,80.6270536412121,36.4125870437555
5371,80,80.6270536412121,36.4125870437555
5372,80,80.6270536412121,36.4125870437555
5373,80,80.6270536412121,36.4125870437555
5374,80,80.6270536412121,36.4125870437555
5375,80,80.6270536412121,36.4125870437555
5376,80,80.6270536412121,36.4125870437555
5377,80,80.6270536412121,36.4125870437555
5378,80,80.6270536412121,36.4125870437555
5379,80,80.6270536412121,36.4125870437555
5380,80,80.6270536412121,36.4125870437555
5381,80,80.6270536412121,36.4125870437555
5382,80,80.6270536412121,36.4125870437555
5383,80,80.6270536412121,36.4125870437555
5384,80,80.6270536412121,36.4125870437555
5385,80,80.6270536412121,36.4125870437555
5386,80,80.6270536412121,36.4125870437555
5387,80,80.6270536412121,36.4125870437555
5388,80,80.6270536412121,36.4125870437555
5389,80,80.6270536412121,36.4125870437555
5390,80,80.6270536412121,36.4125870437555
5391,80,80.6270536412121,36.4125870437555
5392,80,80.6270536412121,36.4125870437555
5393,80,80.6270536412121,36.4125870437555
5394,80,80.6270536412121,36.4125870437555
5395,80,80.6270536412121,36.4125870437555
5396,80,80.6270536412121,36.4125870437555
5397,80,80.6270536412121,36.4125870437555
5398,80,80.6270536412121,36.4125870437555
5399,80,80.6270536412121,36.4125870437555
5400,80,80.6270536412121,36.4125870437555
5401,80,80.6270536412121,36.4125870437555
5402,80,80.6270536412121,36.4125870437555
5403,80,80.6270536412121,36.4125870437555
5404,80,80.6270536412121,36.4125870437555
5405,80,80.6270536412121,36.4125870437555
5406,80,80.6270536412121,36.4125870437555
5407,80,80.6270536412121,36.4125870437555
5408,80,80.6270536412121,36.4125870437555
5409,80,80.6270536412121,36.4125870437555
5410,80,80.6270536412121,36.4125870437555
5411,80,80.6270536412121,36.4125870437555
5412,80,80.6270536412121,36.4125870437555
5413,80,80.6270536412121,36.4125870437555
5414,80,80.6270536412121,36.4125870437555
5415,80,80.6270536412121,36.4125870437555
5416,80,80.6270536412121,36.4125870437555
5417,80,80.6270536412121,36.4125870437555
5418,80,80.6270536412121,36.4125870437555
5419,80,80.6270536412121,36.4125870437555
5420,80,80.6270536412121,36.4125870437555
5421,80,80.6270536412121,36.4125870437555
5422,80,80.6270536412121,36.4125870437555
5423,80,80.6270536412121,36.4125870437555
5424,80,80.6270536412121,36.4125870437555
5425,80,80.6270536412121,36.4125870437555
5426,80,80.6270536412121,36.4125870437555
5427,80,80.6270536412121,36.4125870437555
5428,80,80.6270536412121,36.4125870437555
5429,80,80.6270536412121,36.4125870437555
5430,80,80.6270536412121,36.4125870437555
5431,80,80.6270536412121,36.4125870437555
5432,80,80.6270536412121,36.4125870437555
5433,80,80.6270536412121,36.4125870437555
5434,80,80.6270536412121,36.4125870437555
5435,80,80.6270536412121,36.4125870437555
5436,80,80.6270536412121,36.4125870437555
5437,80,80.6270536412121,36.4125870437555
5438,80,80.6270536412121,36.4125870437555
5439,80,80.6270536412121,36.4125870437555
5440,80,80.6270536412121,36.4125870437555
5441,80,80.6270536412121,36.4125870437555
5442,80,80.6270536412121,36.4125870437555
5443,80,80.6270536412121,36.4125870437555
5444,80,80.6270536412121,36.4125870437555
5445,80,80.6270536412121,36.4125870437555
5446,80,80.6270536412121,36.4125870437555
5447,80,80.6270536412121,36.4125870437555
5448,80,80.6270536412121,36.4125870437555
5449,80,80.6270536412121,36.4125870437555
5450,80,80.6270536412121,36.4125870437555
5451,80,80.6270536412121,36.4125870437555
5452,80,80.6270536412121,36.4125870437555
5453,80,80.6270536412121,36.4125870437555
5454,80,80.6270536412121,36.4125870437555
5455,80,80.6270536412121,36.4125870437555
5456,80,80.6270536412121,36.4125870437555
5457,80,80.6270536412121,36.4125870437555
5458,80,80.6270536412121,36.4125870437555
5459,80,80.6270536412121,36.4125870437555
5460,80,80.6270536412121,36.4125870437555
5461,80,80.6270536412121,36.4125870437555
5462,80,80.6270536412121,36.4125870437555
5463,80,80.6270536412121,36.4125870437555
5464,80,80.6270536412121,36.4125870437555
5465,80,80.6270536412121,36.4125870437555
5466,80,80.6270536412121,36.4125870437555
5467,80,80.6270536412121,36.4125870437555
5468,80,80.6270536412121,36.4125870437555
5469,80,80.6270536412121,36.4125870437555
5470,80,80.6270536412121,36.4125870437555
5471,80,80.6270536412121,36.4125870437555
5472,80,80.6270536412121,36.4125870437555
5473,80,80.6270536412121,36.4125870437555
5474,80,80.6270536412121,36.4125870437555
5475,80,80.6270536412121,36.4125870437555
5476,80,80.6270536412121,36.4125870437555
5477,80,80.6270536412121,36.4125870437555
5478,80,80.7676425463717,35.9829123616116
5479,80,80.7676425463717,35.9829123616116
5480,80,80.7676425463717,35.9829123616116
5481,80,80.7676425463717,35.9829123616116
5482,80,80.7676425463717,35.9829123616116
5483,80,80.7676425463717,35.9829123616116
5484,80,80.7676425463717,35.9829123616116
5485,80,80.7676425463717,35.9829123616116
5486,80,80.7676425463717,35.9829123616116
5487,80,80.7676425463717,35.9829123616116
5488,80,80.7676425463717,35.9829123616116
5489,80,80.7676425463717,35.9829123616116
5490,80,80.7676425463717,35.9829123616116
5491,80,80.7676425463717,35.9829123616116
5492,80,80.7676425463717,35.9829123616116
5493,80,80.7676425463717,35.9829123616116
5494,80,80.7676425463717,35.9829123616116
5495,80,80.7676425463717,35.9829123616116
5496,80,80.7676425463717,35.9829123616116
5497,80,80.7676425463717,35.9829123616116
5498,80,80.7676425463717,35.9829123616116
5499,80,80.7676425463717,35.9829123616116
5500,80,80.7676425463717,35.9829123616116
5501,80,80.7676425463717,35.9829123616116
5502,80,80.7676425463717,35.9829123616116
5503,80,80.7676425463717,35.9829123616116
5504,80,80.7676425463717,35.9829123616116
5505,80,80.7676425463717,35.9829123616116
5506,80,80.7676425463717,35.9829123616116
5507,80,80.7676425463717,35.9829123616116
5508,80,80.7676425463717,35.9829123616116
5509,80,80.7676425463717,35.9829123616116
5510,80,80.7676425463717,35.9829123616116
5511,80,80.7676425463717,35.9829123616116
5512,80,80.7676425463717,35.9829123616116
5513,80,80.7676425463717,35.9829123616116
5514,80,80.7676425463717,35.9829123616116
5515,80,80.7676425463717,35.9829123616116
5516,80,80.7676425463717,35.9829123616116
5517,80,80.7676425463717,35.9829123616116
5518,80,80.7676425463717,35.9829123616116
5519,80,80.7676425463717,35.9829123616116
5520,80,80.7676425463717,35.9829123616116
5521,80,80.7676425463717,35.9829123616116
5522,80,80.7676425463717,35.9829123616116
5523,80,80.7676425463717,35.9829123616116
5524,80,80.7676425463717,35.9829123616116
5525,80,80.7676425463717,35.9829123616116
5526,80,80.7676425463717,35.9829123616116
5527,80,80.7676425463717,35.9829123616116
5528,80,80.7676425463717,35.9829123616116
5529,80,80.7676425463717,35.9829123616116
5530,80,80.7676425463717,35.9829123616116
5531,80,80.7676425463717,35.9829123616116
5532,80,80.7676425463717,35.9829123616116
5533,80,80.7676425463717,35.9829123616116
5534,80,80.7676425463717,35.9829123616116
5535,80,80.7676425463717,35.9829123616116
5536,80,80.7676425463717,35.9829123616116
5537,80,80.7676425463717,35.9829123616116
5538,80,80.7676425463717,35.9829123616116
5539,80,80.7676425463717,35.9829123616116
5540,80,80.7676425463717,35.9829123616116
5541,80,80.7676425463717,35.9829123616116
5542,80,80.7676425463717,35.9829123616116
5543,80,80.7676425463717,35.9829123616116
5544,80,80.7676425463717,35.9829123616116
5545,80,80.7676425463717,35.9829123616116
5546,80,80.7676425463717,35.9829123616116
5547,80,80.7676425463717,35.9829123616116
5548,80,80.7676425463717,35.9829123616116
5549,80,80.7676425463717,35.9829123616116
5550,80,80.7676425463717,35.9829123616116
5551,80,80.7676425463717,35.9829123616116
5552,80,80.7676425463717,35.9829123616116
5553,80,80.7676425463717,35.9829123616116
5554,80,80.7676425463717,35.9829123616116
5555,80,80.7676425463717,35.9829123616116
5556,80,80.7676425463717,35.9829123616116
5557,80,80.7676425463717,35.9829123616116
5558,80,80.7676425463717,35.9829123616116
5559,80,80.7676425463717,35.9829123616116
5560,80,80.7676425463717,35.9829123616116
5561,80,80.7676425463717,35.9829123616116
5562,80,80.7676425463717,35.9829123616116
5563,80,80.7676425463717,35.9829123616116
5564,80,80.7676425463717,35.9829123616116
5565,80,80.7676425463717,35.9829123616116
5566,80,80.7676425463717,35.9829123616116
5567,80,80.7676425463717,35.9829123616116
5568,80,80.7676425463717,35.9829123616116
5569,80,80.7676425463717,35.9829123616116
5570,80,80.7676425463717,35.9829123616116
5571,80,80.7676425463717,35.9829123616116
5572,80,80.7676425463717,35.9829123616116
5573,80,80.7676425463717,35.9829123616116
5574,80,80.7676425463717,35.9829123616116
5575,80,80.7676425463717,35.9829123616116
5576,80,80.7676425463717,35.9829123616116
5577,80,80.7676425463717,35.9829123616116
5578,80,80.7676425463717,35.9829123616116
5579,80,80.7676425463717,35.9829123616116
5580,80,80.7676425463717,35.9829123616116
5581,80,80.7676425463717,35.9829123616116
5582,80,80.7676425463717,35.9829123616116
5583,80,80.7676425463717,35.9829123616116
5584,80,80.7676425463717,35.9829123616116
5585,80,80.7676425463717,35.9829123616116
5586,80,80.7676425463717,35.9829123616116
5587,80,80.7676425463717,35.9829123616116
5588,80,80.7676425463717,35.9829123616116
5589,80,80.7676425463717,35.9829123616116
5590,80,80.7676425463717,35.9829123616116
5591,80,80.7676425463717,35.9829123616116
5592,80,80.7676425463717,35.9829123616116
5593,80,80.7676425463717,35.9829123616116
5594,80,80.7676425463717,35.9829123616116
5595,80,80.7676425463717,35.9829123616116
5596,80,80.7676425463717,35.9829123616116
5597,80,80.7676425463717,35.9829123616116
5598,80,80.7676425463717,35.9829123616116
5599,80,80.7676425463717,35.9829123616116
5600,80,80.7676425463717,35.9829123616116
5601,80,80.7676425463717,35.9829123616116
5602,80,80.7676425463717,35.9829123616116
5603,80,80.7676425463717,35.9829123616116
5604,80,80.7676425463717,35.9829123616116
5605,80,80.7676425463717,35.9829123616116
5606,80,80.7676425463717,35.9829123616116
5607,80,80.7676425463717,35.9829123616116
5608,80,80.7676425463717,35.9829123616116
5609,80,80.7676425463717,35.9829123616116
5610,80,80.7676425463717,35.9829123616116
5611,80,80.7676425463717,35.9829123616116
5612,80,80.7676425463717,35.9829123616116
5613,80,80.7676425463717,35.9829123616116
5614,80,80.7676425463717,35.9829123616116
5615,80,80.7676425463717,35.9829123616116
5616,80,80.7676425463717,35.9829123616116
5617,80,80.7676425463717,35.9829123616116
5618,80,80.7676425463717,35.9829123616116
5619,80,80.7676425463717,35.9829123616116
5620,80,80.7676425463717,35.9829123616116
5621,80,80.7676425463717,35.9829123616116
5622,80,80.7676425463717,35.9829123616116
5623,80,80.7676425463717,35.9829123616116
5624,80,80.7676425463717,35.9829123616116
5625,80,80.7676425463717,35.9829123616116
5626,80,80.7676425463717,35.9829123616116
5627,80,80.7676425463717,35.9829123616116
5628,80,80.7676425463717,35.9829123616116
5629,80,80.7676425463717,35.9829123616116
5630,80,80.7676425463717,35.9829123616116
5631,80,80.7676425463717,35.9829123616116
5632,80,80.7676425463717,35.9829123616116
5633,80,80.7676425463717,35.9829123616116
5634,80,80.7676425463717,35.9829123616116
5635,80,80.7676425463717,35.9829123616116
5636,80,80.7676425463717,35.9829123616116
5637,80,80.7676425463717,35.9829123616116
5638,80,80.7676425463717,35.9829123616116
5639,80,80.7676425463717,35.9829123616116
5640,80,80.7676425463717,35.9829123616116
5641,80,80.7676425463717,35.9829123616116
5642,80,80.7676425463717,35.9829123616116
5643,80,80.7676425463717,35.9829123616116
5644,80,80.7676425463717,35.9829123616116
5645,80,80.7676425463717,35.9829123616116
5646,80,80.7676425463717,35.9829123616116
5647,80,80.7676425463717,35.9829123616116
5648,80,80.7676425463717,35.9829123616116
5649,80,80.7676425463717,35.9829123616116
5650,80,80.7676425463717,35.9829123616116
5651,80,80.7676425463717,35.9829123616116
5652,80,80.7676425463717,35.9829123616116
5653,80,80.7676425463717,35.9829123616116
5654,80,80.7676425463717,35.9829123616116
5655,80,80.7676425463717,35.9829123616116
5656,80,80.7676425463717,35.9829123616116
5657,80,80.7676425463717,35.9829123616116
5658,80,80.7676425463717,35.9829123616116
5659,80,80.7676425463717,35.9829123616116
5660,80,80.7676425463717,35.9829123616116
5661,80,80.7676425463717,35.9829123616116
5662,80,80.7676425463717,35.9829123616116
5663,80,80.7676425463717,35.9829123616116
5664,80,80.7676425463717,35.9829123616116
5665,80,80.7676425463717,35.9829123616116
5666,80,80.7676425463717,35.9829123616116
5667,80,80.7676425463717,35.9829123616116
5668,80,80.7676425463717,35.9829123616116
5669,80,80.7676425463717,35.9829123616116
5670,80,80.7676425463717,35.9829123616116
5671,80,80.7676425463717,35.9829123616116
5672,80,80.7676425463717,35.9829123616116
5673,80,80.7676425463717,35.9829123616116
5674,80,80.7676425463717,35.9829123616116
5675,80,80.7676425463717,35.9829123616116
5676,80,80.7676425463717,35.9829123616116
5677,80,80.7676425463717,35.9829123616116
5678,80,80.7676425463717,35.9829123616116
5679,80,80.7676425463717,35.9829123616116
5680,80,80.7676425463717,35.9829123616116
5681,80,80.7676425463717,35.9829123616116
5682,80,80.7676425463717,35.9829123616116
5683,80,80.7676425463717,35.9829123616116
5684,80,80.7676425463717,35.9829123616116
5685,80,80.7676425463717,35.9829123616116
5686,80,80.7676425463717,35.9829123616116
5687,80,80.7676425463717,35.9829123616116
5688,80,80.7676425463717,35.9829123616116
5689,80,80.7676425463717,35.9829123616116
5690,80,80.7676425463717,35.9829123616116
5691,80,80.7676425463717,35.9829123616116
5692,80,80.7676425463717,35.9829123616116
5693,80,80.7676425463717,35.9829123616116
5694,80,80.7676425463717,35.9829123616116
5695,80,80.7676425463717,35.9829123616116
5696,80,80.7676425463717,35.9829123616116
5697,80,80.7676425463717,35.9829123616116
5698,80,80.7676425463717,35.9829123616116
5699,80,80.7676425463717,35.9829123616116
5700,80,80.7676425463717,35.9829123616116
5701,80,80.7676425463717,35.9829123616116
5702,80,80.7676425463717,35.9829123616116
5703,80,80.7676425463717,35.9829123616116
5704,80,80.7676425463717,35.9829123616116
5705,80,80.7676425463717,35.9829123616116
5706,80,80.7676425463717,35.9829123616116
5707,80,80.7676425463717,35.9829123616116
5708,80,80.7676425463717,35.9829123616116
5709,80,80.7676425463717,35.9829123616116
5710,80,80.7676425463717,35.9829123616116
5711,80,80.7676425463717,35.9829123616116
5712,80,80.7676425463717,35.9829123616116
5713,80,80.7676425463717,35.9829123616116
5714,80,80.7676425463717,35.9829123616116
5715,80,80.7676425463717,35.9829123616116
5716,80,80.7676425463717,35.9829123616116
5717,80,80.7676425463717,35.9829123616116
5718,80,80.7676425463717,35.9829123616116
5719,80,80.7676425463717,35.9829123616116
5720,80,80.7676425463717,35.9829123616116
5721,80,80.7676425463717,35.9829123616116
5722,80,80.7676425463717,35.9829123616116
5723,80,80.7676425463717,35.9829123616116
5724,80,80.7676425463717,35.9829123616116
5725,80,80.7676425463717,35.9829123616116
5726,80,80.7676425463717,35.9829123616116
5727,80,80.6783224795389,35.8956859787508
5728,80,80.6783224795389,35.8956859787508
5729,80,80.6783224795389,35.8956859787508
5730,80,80.6783224795389,35.8956859787508
5731,80,80.6783224795389,35.8956859787508
5732,80,80.6783224795389,35.8956859787508
5733,80,80.6783224795389,35.8956859787508
5734,80,80.6783224795389,35.8956859787508
5735,80,80.6783224795389,35.8956859787508
5736,80,80.6783224795389,35.8956859787508
5737,80,80.6783224795389,35.8956859787508
5738,80,80.6783224795389,35.8956859787508
5739,80,80.6783224795389,35.8956859787508
5740,80,80.6783224795389,35.8956859787508
5741,80,80.6783224795389,35.8956859787508
5742,80,80.6783224795389,35.8956859787508
5743,80,80.6783224795389,35.8956859787508
5744,80,80.6783224795389,35.8956859787508
5745,80,80.6783224795389,35.8956859787508
5746,80,80.6783224795389,35.8956859787508
5747,80,80.6783224795389,35.8956859787508
5748,80,80.6783224795389,35.8956859787508
5749,80,80.6783224795389,35.8956859787508
5750,80,80.6783224795389,35.8956859787508
5751,80,80.6783224795389,35.8956859787508
5752,80,80.6783224795389,35.8956859787508
5753,80,80.6783224795389,35.8956859787508
5754,80,80.6783224795389,35.8956859787508
5755,80,80.6783224795389,35.8956859787508
5756,80,80.6783224795389,35.8956859787508
5757,80,80.6783224795389,35.8956859787508
5758,80,80.6783224795389,35.8956859787508
5759,80,80.6783224795389,35.8956859787508
5760,80,80.6783224795389,35.8956859787508
5761,80,80.6783224795389,35.8956859787508
5762,80,80.6783224795389,35.8956859787508
5763,80,80.6783224795389,35.8956859787508
5764,80,80.6783224795389,35.8956859787508
5765,80,80.6783224795389,35.8956859787508
5766,80,80.6783224795389,35.8956859787508
5767,80,80.6783224795389,35.8956859787508
5768,80,80.6783224795389,35.8956859787508
5769,80,80.6783224795389,35.8956859787508
5770,80,80.6783224795389,35.8956859787508
5771,80,80.6783224795389,35.8956859787508
5772,80,80.6783224795389,35.8956859787508
5773,80,80.6783224795389,35.8956859787508
5774,80,80.6783224795389,35.8956859787508
5775,80,80.6783224795389,35.8956859787508
5776,80,80.6783224795389,35.8956859787508
5777,80,80.6783224795389,35.8956859787508
5778,80,80.6783224795389,35.8956859787508
5779,80,80.6783224795389,35.8956859787508
5780,80,80.6783224795389,35.8956859787508
5781,80,80.6783224795389,35.8956859787508
5782,80,80.6783224795389,35.8956859787508
5783,80,80.6783224795389,35.8956859787508
5784,80,80.6783224795389,35.8956859787508
5785,80,80.6783224795389,35.8956859787508
5786,80,80.6783224795389,35.8956859787508
5787,80,80.6783224795389,35.8956859787508
5788,80,80.6783224795389,35.8956859787508
5789,80,80.6783224795389,35.8956859787508
5790,80,80.6783224795389,35.8956859787508
5791,80,80.6783224795389,35.8956859787508
5792,80,80.6783224795389,35.8956859787508
5793,80,80.6783224795389,35.8956859787508
5794,80,80.6783224795389,35.8956859787508
5795,80,80.6783224795389,35.8956859787508
5796,80,80.6783224795389,35.8956859787508
5797,80,80.6783224795389,35.8956859787508
5798,80,80.6783224795389,35.8956859787508
5799,80,80.6783224795389,35.8956859787508
5800,80,80.6783224795389,35.8956859787508
5801,80,80.6783224795389,35.8956859787508
5802,80,80.6783224795389,35.8956859787508
5803,80,80.6783224795389,35.8956859787508
5804,80,80.6783224795389,35.8956859787508
5805,80,80.6783224795389,35.8956859787508
5806,80,80.6783224795389,35.8956859787508
5807,80,80.6783224795389,35.8956859787508
5808,80,80.6783224795389,35.8956859787508
5809,80,80.6783224795389,35.8956859787508
5810,80,80.6783224795389,35.8956859787508
5811,80,80.6783224795389,35.8956859787508
5812,80,80.6783224795389,35.8956859787508
5813,80,80.6783224795389,35.8956859787508
5814,80,80.6783224795389,35.8956859787508
5815,80,80.6783224795389,35.8956859787508
5816,80,80.6783224795389,35.8956859787508
5817,80,80.6783224795389,35.8956859787508
5818,80,80.6783224795389,35.8956859787508
5819,80,80.6783224795389,35.8956859787508
5820,80,80.6783224795389,35.8956859787508
5821,80,80.6783224795389,35.8956859787508
5822,80,80.6783224795389,35.8956859787508
5823,80,80.6783224795389,35.8956859787508
5824,80,80.6783224795389,35.8956859787508
5825,80,80.6783224795389,35.8956859787508
5826,80,80.6783224795389,35.8956859787508
5827,80,80.6783224795389,35.8956859787508
5828,80,80.6783224795389,35.8956859787508
5829,80,80.6783224795389,35.8956859787508
5830,80,80.6783224795389,35.8956859787508
5831,80,80.6783224795389,35.8956859787508
5832,80,80.6783224795389,35.8956859787508
5833,80,80.6783224795389,35.8956859787508
5834,80,80.6783224795389,35.8956859787508
5835,80,80.6783224795389,35.8956859787508
5836,80,80.6783224795389,35.8956859787508
5837,80,80.6783224795389,35.8956859787508
5838,80,80.6783224795389,35.8956859787508
5839,80,80.6783224795389,35.8956859787508
5840,80,80.6783224795389,35.8956859787508
5841,80,80.6783224795389,35.8956859787508
5842,80,80.6783224795389,35.8956859787508
5843,80,80.6783224795389,35.8956859787508
5844,80,80.6783224795389,35.8956859787508
5845,80,80.6783224795389,35.8956859787508
5846,80,80.6783224795389,35.8956859787508
5847,80,80.6783224795389,35.8956859787508
5848,80,80.6783224795389,35.8956859787508
5849,80,80.6783224795389,35.8956859787508
5850,80,80.6783224795389,35.8956859787508
5851,80,80.6783224795389,35.8956859787508
5852,80,80.6783224795389,35.8956859787508
5853,80,80.6783224795389,35.8956859787508
5854,80,80.6783224795389,35.8956859787508
5855,80,80.6783224795389,35.8956859787508
5856,80,80.6783224795389,35.8956859787508
5857,80,80.6783224795389,35.8956859787508
5858,80,80.6783224795389,35.8956859787508
5859,80,80.6783224795389,35.8956859787508
5860,80,80.6783224795389,35.8956859787508
5861,80,80.6783224795389,35.8956859787508
5862,80,80.6783224795389,35.8956859787508
5863,80,80.6783224795389,35.8956859787508
5864,80,80.6783224795389,35.8956859787508
5865,80,80.6783224795389,35.8956859787508
5866,80,80.6783224795389,35.8956859787508
5867,80,80.6783224795389,35.8956859787508
5868,80,80.6783224795389,35.8956859787508
5869,80,80.6783224795389,35.8956859787508
5870,80,80.6783224795389,35.8956859787508
5871,80,80.6783224795389,35.8956859787508
5872,80,80.6783224795389,35.8956859787508
5873,80,80.6783224795389,35.8956859787508
5874,80,80.6783224795389,35.8956859787508
5875,80,80.6783224795389,35.8956859787508
5876,80,80.6783224795389,35.8956859787508
5877,80,80.6783224795389,35.8956859787508
5878,80,80.6783224795389,35.8956859787508
5879,80,80.6783224795389,35.8956859787508
5880,80,80.6783224795389,35.8956859787508
5881,80,80.6783224795389,35.8956859787508
5882,80,80.6783224795389,35.8956859787508
5883,80,80.6783224795389,35.8956859787508
5884,80,80.6783224795389,35.8956859787508
5885,80,80.6783224795389,35.8956859787508
5886,80,80.6783224795389,35.8956859787508
5887,80,80.6783224795389,35.8956859787508
5888,80,80.6783224795389,35.8956859787508
5889,80,80.6783224795389,35.8956859787508
5890,80,80.6783224795389,35.8956859787508
5891,80,80.6783224795389,35.8956859787508
5892,80,80.6783224795389,35.8956859787508
5893,80,80.6783224795389,35.8956859787508
5894,80,80.6783224795389,35.8956859787508
5895,80,80.6783224795389,35.8956859787508
5896,80,80.6783224795389,35.8956859787508
5897,80,80.6783224795389,35.8956859787508
5898,80,80.6783224795389,35.8956859787508
5899,80,80.6783224795389,35.8956859787508
5900,80,80.6783224795389,35.8956859787508
5901,80,80.6783224795389,35.8956859787508
5902,80,80.6783224795389,35.8956859787508
5903,80,80.6783224795389,35.8956859787508
5904,80,80.6783224795389,35.8956859787508
5905,80,80.6783224795389,35.8956859787508
5906,80,80.6783224795389,35.8956859787508
5907,80,80.6783224795389,35.8956859787508
5908,80,80.6783224795389,35.8956859787508
5909,80,80.6783224795389,35.8956859787508
5910,80,80.6783224795389,35.8956859787508
5911,80,80.6783224795389,35.8956859787508
5912,80,80.6783224795389,35.8956859787508
5913,80,80.6783224795389,35.8956859787508
5914,80,80.6783224795389,35.8956859787508
5915,80,80.6783224795389,35.8956859787508
5916,80,80.6783224795389,35.8956859787508
5917,80,80.6783224795389,35.8956859787508
5918,80,80.6783224795389,35.8956859787508
5919,80,80.6783224795389,35.8956859787508
5920,80,80.6783224795389,35.8956859787508
5921,80,80.6783224795389,35.8956859787508
5922,80,80.6783224795389,35.8956859787508
5923,80,80.6783224795389,35.8956859787508
5924,80,80.6783224795389,35.8956859787508
5925,80,80.6783224795389,35.8956859787508
5926,80,80.6783224795389,35.8956859787508
5927,80,80.6783224795389,35.8956859787508
5928,80,80.6783224795389,35.8956859787508
5929,80,80.6783224795389,35.8956859787508
5930,80,80.6783224795389,35.8956859787508
5931,80,80.6783224795389,35.8956859787508
5932,80,80.6783224795389,35.8956859787508
5933,80,80.6783224795389,35.8956859787508
5934,80,80.6783224795389,35.8956859787508
5935,80,80.6783224795389,35.8956859787508
5936,80,80.6783224795389,35.8956859787508
5937,80,80.6783224795389,35.8956859787508
5938,80,80.6783224795389,35.8956859787508
5939,80,80.6783224795389,35.8956859787508
5940,80,80.6783224795389,35.8956859787508
5941,80,80.6783224795389,35.8956859787508
5942,80,80.6783224795389,35.8956859787508
5943,80,80.6783224795389,35.8956859787508
5944,80,80.6783224795389,35.8956859787508
5945,80,80.6783224795389,35.8956859787508
5946,80,80.6783224795389,35.8956859787508
5947,80,80.6783224795389,35.8956859787508
5948,80,80.6783224795389,35.8956859787508
5949,80,80.6783224795389,35.8956859787508
5950,80,80.6783224795389,35.8956859787508
5951,80,80.6783224795389,35.8956859787508
5952,80,80.6783224795389,35.8956859787508
5953,80,80.6783224795389,35.8956859787508
5954,80,80.6783224795389,35.8956859787508
5955,80,80.6783224795389,35.8956859787508
5956,80,80.6783224795389,35.8956859787508
5957,80,80.6783224795389,35.8956859787508
5958,80,80.6783224795389,35.8956859787508
5959,80,80.6783224795389,35.8956859787508
5960,80,80.6783224795389,35.8956859787508
5961,80,80.6783224795389,35.8956859787508
5962,80,80.6783224795389,35.8956859787508
5963,80,80.6783224795389,35.8956859787508
5964,80,80.6783224795389,35.8956859787508
5965,80,80.6783224795389,35.8956859787508
5966,80,80.6783224795389,35.8956859787508
5967,80,80.6783224795389,35.8956859787508
5968,80,80.6783224795389,35.8956859787508
5969,80,80.6783224795389,35.8956859787508
5970,80,80.6783224795389,35.8956859787508
5971,80,80.6783224795389,35.8956859787508
5972,80,80.6783224795389,35.8956859787508
5973,80,80.6783224795389,35.8956859787508
5974,80,80.6783224795389,35.8956859787508
5975,80,80.6783224795389,35.8956859787508
5976,80,80.7740316711973,36.3616321316922
5977,80,80.7740316711973,36.3616321316922
5978,80,80.7740316711973,36.3616321316922
5979,80,80.7740316711973,36.3616321316922
5980,80,80.7740316711973,36.3616321316922
5981,80,80.7740316711973,36.3616321316922
5982,80,80.7740316711973,36.3616321316922
5983,80,80.7740316711973,36.3616321316922
5984,80,80.7740316711973,36.3616321316922
5985,80,80.7740316711973,36.3616321316922
5986,80,80.7740316711973,36.3616321316922
5987,80,80.7740316711973,36.3616321316922
5988,80,80.7740316711973,36.3616321316922
5989,80,80.7740316711973,36.3616321316922
5990,80,80.7740316711973,36.3616321316922
5991,80,80.7740316711973,36.3616321316922
5992,80,80.7740316711973,36.3616321316922
5993,80,80.7740316711973,36.3616321316922
5994,80,80.7740316711973,36.3616321316922
5995,80,80.7740316711973,36.3616321316922
5996,80,80.7740316711973,36.3616321316922
5997,80,80.7740316711973,36.3616321316922
5998,80,80.7740316711973,36.3616321316922
5999,80,80.7740316711973,36.3616321316922
6000,80,80.7740316711973,36.3616321316922
6001,80,80.7740316711973,36.3616321316922
6002,80,80.7740316711973,36.3616321316922
6003,80,80.7740316711973,36.3616321316922
6004,80,80.7740316711973,36.3616321316922
6005,80,80.7740316711973,36.3616321316922
6006,80,80.7740316711973,36.3616321316922
6007,80,80.7740316711973,36.3616321316922
6008,80,80.7740316711973,36.3616321316922
6009,80,80.7740316711973,36.3616321316922
6010,80,80.7740316711973,36.3616321316922
6011,80,80.7740316711973,36.3616321316922
6012,80,80.7740316711973,36.3616321316922
6013,80,80.7740316711973,36.3616321316922
6014,80,80.7740316711973,36.3616321316922
6015,80,80.7740316711973,36.3616321316922
6016,80,80.7740316711973,36.3616321316922
6017,80,80.7740316711973,36.3616321316922
6018,80,80.7740316711973,36.3616321316922
6019,80,80.7740316711973,36.3616321316922
6020,80,80.7740316711973,36.3616321316922
6021,80,80.7740316711973,36.3616321316922
6022,80,80.7740316711973,36.3616321316922
6023,80,80.7740316711973,36.3616321316922
6024,80,80.7740316711973,36.3616321316922
6025,80,80.7740316711973,36.3616321316922
6026,80,80.7740316711973,36.3616321316922
6027,80,80.7740316711973,36.3616321316922
6028,80,80.7740316711973,36.3616321316922
6029,80,80.7740316711973,36.3616321316922
6030,80,80.7740316711973,36.3616321316922
6031,80,80.7740316711973,36.3616321316922
6032,80,80.7740316711973,36.3616321316922
6033,80,80.7740316711973,36.3616321316922
6034,80,80.7740316711973,36.3616321316922
6035,80,80.7740316711973,36.3616321316922
6036,80,80.7740316711973,36.3616321316922
6037,80,80.7740316711973,36.3616321316922
6038,80,80.7740316711973,36.3616321316922
6039,80,80.7740316711973,36.3616321316922
6040,80,80.7740316711973,36.3616321316922
6041,80,80.7740316711973,36.3616321316922
6042,80,80.7740316711973,36.3616321316922
6043,80,80.7740316711973,36.3616321316922
6044,80,80.7740316711973,36.3616321316922
6045,80,80.7740316711973,36.3616321316922
6046,80,80.7740316711973,36.3616321316922
6047,80,80.7740316711973,36.3616321316922
6048,80,80.7740316711973,36.3616321316922
6049,80,80.7740316711973,36.3616321316922
6050,80,80.7740316711973,36.3616321316922
6051,80,80.7740316711973,36.3616321316922
6052,80,80.7740316711973,36.3616321316922
6053,80,80.7740316711973,36.3616321316922
6054,80,80.7740316711973,36.3616321316922
6055,80,80.7740316711973,36.3616321316922
6056,80,80.7740316711973,36.3616321316922
6057,80,80.7740316711973,36.3616321316922
6058,80,80.7740316711973,36.3616321316922
6059,80,80.7740316711973,36.3616321316922
6060,80,80.7740316711973,36.3616321316922
6061,80,80.7740316711973,36.3616321316922
6062,80,80.7740316711973,36.3616321316922
6063,80,80.7740316711973,36.3616321316922
6064,80,80.7740316711973,36.3616321316922
6065,80,80.7740316711973,36.3616321316922
6066,80,80.7740316711973,36.3616321316922
6067,80,80.7740316711973,36.3616321316922
6068,80,80.7740316711973,36.3616321316922
6069,80,80.7740316711973,36.3616321316922
6070,80,80.7740316711973,36.3616321316922
6071,80,80.7740316711973,36.3616321316922
6072,80,80.7740316711973,36.3616321316922
6073,80,80.7740316711973,36.3616321316922
6074,80,80.7740316711973,36.3616321316922
6075,80,80.7740316711973,36.3616321316922
6076,80,80.7740316711973,36.3616321316922
6077,80,80.7740316711973,36.3616321316922
6078,80,80.7740316711973,36.3616321316922
6079,80,80.7740316711973,36.3616321316922
6080,80,80.7740316711973,36.3616321316922
6081,80,80.7740316711973,36.3616321316922
6082,80,80.7740316711973,36.3616321316922
6083,80,80.7740316711973,36.3616321316922
6084,80,80.7740316711973,36.3616321316922
6085,80,80.7740316711973,36.3616321316922
6086,80,80.7740316711973,36.3616321316922
6087,80,80.7740316711973,36.3616321316922
6088,80,80.7740316711973,36.3616321316922
6089,80,80.7740316711973,36.3616321316922
6090,80,80.7740316711973,36.3616321316922
6091,80,80.7740316711973,36.3616321316922
6092,80,80.7740316711973,36.3616321316922
6093,80,80.7740316711973,36.3616321316922
6094,80,80.7740316711973,36.3616321316922
6095,80,80.7740316711973,36.3616321316922
6096,80,80.7740316711973,36.3616321316922
6097,80,80.7740316711973,36.3616321316922
6098,80,80.7740316711973,36.3616321316922
6099,80,80.7740316711973,36.3616321316922
6100,80,80.7740316711973,36.3616321316922
6101,80,80.7740316711973,36.3616321316922
6102,80,80.7740316711973,36.3616321316922
6103,80,80.7740316711973,36.3616321316922
6104,80,80.7740316711973,36.3616321316922
6105,80,80.7740316711973,36.3616321316922
6106,80,80.7740316711973,36.3616321316922
6107,80,80.7740316711973,36.3616321316922
6108,80,80.7740316711973,36.3616321316922
6109,80,80.7740316711973,36.3616321316922
6110,80,80.7740316711973,36.3616321316922
6111,80,80.7740316711973,36.3616321316922
6112,80,80.7740316711973,36.3616321316922
6113,80,80.7740316711973,36.3616321316922
6114,80,80.7740316711973,36.3616321316922
6115,80,80.7740316711973,36.3616321316922
6116,80,80.7740316711973,36.3616321316922
6117,80,80.7740316711973,36.3616321316922
6118,80,80.7740316711973,36.3616321316922
6119,80,80.7740316711973,36.3616321316922
6120,80,80.7740316711973,36.3616321316922
6121,80,80.7740316711973,36.3616321316922
6122,80,80.7740316711973,36.3616321316922
6123,80,80.7740316711973,36.3616321316922
6124,80,80.7740316711973,36.3616321316922
6125,80,80.7740316711973,36.3616321316922
6126,80,80.7740316711973,36.3616321316922
6127,80,80.7740316711973,36.3616321316922
6128,80,80.7740316711973,36.3616321316922
6129,80,80.7740316711973,36.3616321316922
6130,80,80.7740316711973,36.3616321316922
6131,80,80.7740316711973,36.3616321316922
6132,80,80.7740316711973,36.3616321316922
6133,80,80.7740316711973,36.3616321316922
6134,80,80.7740316711973,36.3616321316922
6135,80,80.7740316711973,36.3616321316922
6136,80,80.7740316711973,36.3616321316922
6137,80,80.7740316711973,36.3616321316922
6138,80,80.7740316711973,36.3616321316922
6139,80,80.7740316711973,36.3616321316922
6140,80,80.7740316711973,36.3616321316922
6141,80,80.7740316711973,36.3616321316922
6142,80,80.7740316711973,36.3616321316922
6143,80,80.7740316711973,36.3616321316922
6144,80,80.7740316711973,36.3616321316922
6145,80,80.7740316711973,36.3616321316922
6146,80,80.7740316711973,36.3616321316922
6147,80,80.7740316711973,36.3616321316922
6148,80,80.7740316711973,36.3616321316922
6149,80,80.7740316711973,36.3616321316922
6150,80,80.7740316711973,36.3616321316922
6151,80,80.7740316711973,36.3616321316922
6152,80,80.7740316711973,36.3616321316922
6153,80,80.7740316711973,36.3616321316922
6154,80,80.7740316711973,36.3616321316922
6155,80,80.7740316711973,36.3616321316922
6156,80,80.7740316711973,36.3616321316922
6157,80,80.7740316711973,36.3616321316922
6158,80,80.7740316711973,36.3616321316922
6159,80,80.7740316711973,36.3616321316922
6160,80,80.7740316711973,36.3616321316922
6161,80,80.7740316711973,36.3616321316922
6162,80,80.7740316711973,36.3616321316922
6163,80,80.7740316711973,36.3616321316922
6164,80,80.7740316711973,36.3616321316922
6165,80,80.7740316711973,36.3616321316922
6166,80,80.7740316711973,36.3616321316922
6167,80,80.7740316711973,36.3616321316922
6168,80,80.7740316711973,36.3616321316922
6169,80,80.7740316711973,36.3616321316922
6170,80,80.7740316711973,36.3616321316922
6171,80,80.7740316711973,36.3616321316922
6172,80,80.7740316711973,36.3616321316922
6173,80,80.7740316711973,36.3616321316922
6174,80,80.7740316711973,36.3616321316922
6175,80,80.7740316711973,36.3616321316922
6176,80,80.7740316711973,36.3616321316922
6177,80,80.7740316711973,36.3616321316922
6178,80,80.7740316711973,36.3616321316922
6179,80,80.7740316711973,36.3616321316922
6180,80,80.7740316711973,36.3616321316922
6181,80,80.7740316711973,36.3616321316922
6182,80,80.7740316711973,36.3616321316922
6183,80,80.7740316711973,36.3616321316922
6184,80,80.7740316711973,36.3616321316922
6185,80,80.7740316711973,36.3616321316922
6186,80,80.7740316711973,36.3616321316922
6187,80,80.7740316711973,36.3616321316922
6188,80,80.7740316711973,36.3616321316922
6189,80,80.7740316711973,36.3616321316922
6190,80,80.7740316711973,36.3616321316922
6191,80,80.7740316711973,36.3616321316922
6192,80,80.7740316711973,36.3616321316922
6193,80,80.7740316711973,36.3616321316922
6194,80,80.7740316711973,36.3616321316922
6195,80,80.7740316711973,36.3616321316922
6196,80,80.7740316711973,36.3616321316922
6197,80,80.7740316711973,36.3616321316922
6198,80,80.7740316711973,36.3616321316922
6199,80,80.7740316711973,36.3616321316922
6200,80,80.7740316711973,36.3616321316922
6201,80,80.7740316711973,36.3616321316922
6202,80,80.7740316711973,36.3616321316922
6203,80,80.7740316711973,36.3616321316922
6204,80,80.7740316711973,36.3616321316922
6205,80,80.7740316711973,36.3616321316922
6206,80,80.7740316711973,36.3616321316922
6207,80,80.7740316711973,36.3616321316922
6208,80,80.7740316711973,36.3616321316922
6209,80,80.7740316711973,36.3616321316922
6210,80,80.7740316711973,36.3616321316922
6211,80,80.7740316711973,36.3616321316922
6212,80,80.7740316711973,36.3616321316922
6213,80,80.7740316711973,36.3616321316922
6214,80,80.7740316711973,36.3616321316922
6215,80,80.7740316711973,36.3616321316922
6216,80,80.7740316711973,36.3616321316922
6217,80,80.7740316711973,36.3616321316922
6218,80,80.7740316711973,36.3616321316922
6219,80,80.7740316711973,36.3616321316922
6220,80,80.7740316711973,36.3616321316922
6221,80,80.7740316711973,36.3616321316922
6222,80,80.7740316711973,36.3616321316922
6223,80,80.7740316711973,36.3616321316922
6224,80,80.7740316711973,36.3616321316922
6225,80,80.5498540279383,36.124462436384
6226,80,80.5498540279383,36.124462436384
6227,80,80.5498540279383,36.124462436384
6228,80,80.5498540279383,36.124462436384
6229,80,80.5498540279383,36.124462436384
6230,80,80.5498540279383,36.124462436384
6231,80,80.5498540279383,36.124462436384
6232,80,80.5498540279383,36.124462436384
6233,80,80.5498540279383,36.124462436384
6234,80,80.5498540279383,36.124462436384
6235,80,80.5498540279383,36.124462436384
6236,80,80.5498540279383,36.124462436384
6237,80,80.5498540279383,36.124462436384
6238,80,80.5498540279383,36.124462436384
6239,80,80.5498540279383,36.124462436384
6240,80,80.5498540279383,36.124462436384
6241,80,80.5498540279383,36.124462436384
6242,80,80.5498540279383,36.124462436384
6243,80,80.5498540279383,36.124462436384
6244,80,80.5498540279383,36.124462436384
6245,80,80.5498540279383,36.124462436384
6246,80,80.5498540279383,36.124462436384
6247,80,80.5498540279383,36.124462436384
6248,80,80.5498540279383,36.124462436384
6249,80,80.5498540279383,36.124462436384
6250,80,80.5498540279383,36.124462436384
6251,80,80.5498540279383,36.124462436384
6252,80,80.5498540279383,36.124462436384
6253,80,80.5498540279383,36.124462436384
6254,80,80.5498540279383,36.124462436384
6255,80,80.5498540279383,36.124462436384
6256,80,80.5498540279383,36.124462436384
6257,80,80.5498540279383,36.124462436384
6258,80,80.5498540279383,36.124462436384
6259,80,80.5498540279383,36.124462436384
6260,80,80.5498540279383,36.124462436384
6261,80,80.5498540279383,36.124462436384
6262,80,80.5498540279383,36.124462436384
6263,80,80.5498540279383,36.124462436384
6264,80,80.5498540279383,36.124462436384
6265,80,80.5498540279383,36.124462436384
6266,80,80.5498540279383,36.124462436384
6267,80,80.5498540279383,36.124462436384
6268,80,80.5498540279383,36.124462436384
6269,80,80.5498540279383,36.124462436384
6270,80,80.5498540279383,36.124462436384
6271,80,80.5498540279383,36.124462436384
6272,80,80.5498540279383,36.124462436384
6273,80,80.5498540279383,36.124462436384
6274,80,80.5498540279383,36.124462436384
6275,80,80.5498540279383,36.124462436384
6276,80,80.5498540279383,36.124462436384
6277,80,80.5498540279383,36.124462436384
6278,80,80.5498540279383,36.124462436384
6279,80,80.5498540279383,36.124462436384
6280,80,80.5498540279383,36.124462436384
6281,80,80.5498540279383,36.124462436384
6282,80,80.5498540279383,36.124462436384
6283,80,80.5498540279383,36.124462436384
6284,80,80.5498540279383,36.124462436384
6285,80,80.5498540279383,36.124462436384
6286,80,80.5498540279383,36.124462436384
6287,80,80.5498540279383,36.124462436384
6288,80,80.5498540279383,36.124462436384
6289,80,80.5498540279383,36.124462436384
6290,80,80.5498540279383,36.124462436384
6291,80,80.5498540279383,36.124462436384
6292,80,80.5498540279383,36.124462436384
6293,80,80.5498540279383,36.124462436384
6294,80,80.5498540279383,36.124462436384
6295,80,80.5498540279383,36.124462436384
6296,80,80.5498540279383,36.124462436384
6297,80,80.5498540279383,36.124462436384
6298,80,80.5498540279383,36.124462436384
6299,80,80.5498540279383,36.124462436384
6300,80,80.5498540279383,36.124462436384
6301,80,80.5498540279383,36.124462436384
6302,80,80.5498540279383,36.124462436384
6303,80,80.5498540279383,36.124462436384
6304,80,80.5498540279383,36.124462436384
6305,80,80.5498540279383,36.124462436384
6306,80,80.5498540279383,36.124462436384
6307,80,80.5498540279383,36.124462436384
6308,80,80.5498540279383,36.124462436384
6309,80,80.5498540279383,36.124462436384
6310,80,80.5498540279383,36.124462436384
6311,80,80.5498540279383,36.124462436384
6312,80,80.5498540279383,36.124462436384
6313,80,80.5498540279383,36.124462436384
6314,80,80.5498540279383,36.124462436384
6315,80,80.5498540279383,36.124462436384
6316,80,80.5498540279383,36.124462436384
6317,80,80.5498540279383,36.124462436384
6318,80,80.5498540279383,36.124462436384
6319,80,80.5498540279383,36.124462436384
6320,80,80.5498540279383,36.124462436384
6321,80,80.5498540279383,36.124462436384
6322,80,80.5498540279383,36.124462436384
6323,80,80.5498540279383,36.124462436384
6324,80,80.5498540279383,36.124462436384
6325,80,80.5498540279383,36.124462436384
6326,80,80.5498540279383,36.124462436384
6327,80,80.5498540279383,36.124462436384
6328,80,80.5498540279383,36.124462436384
6329,80,80.5498540279383,36.124462436384
6330,80,80.5498540279383,36.124462436384
6331,80,80.5498540279383,36.124462436384
6332,80,80.5498540279383,36.124462436384
6333,80,80.5498540279383,36.124462436384
6334,80,80.5498540279383,36.124462436384
6335,80,80.5498540279383,36.124462436384
6336,80,80.5498540279383,36.124462436384
6337,80,80.5498540279383,36.124462436384
6338,80,80.5498540279383,36.124462436384
6339,80,80.5498540279383,36.124462436384
6340,80,80.5498540279383,36.124462436384
6341,80,80.5498540279383,36.124462436384
6342,80,80.5498540279383,36.124462436384
6343,80,80.5498540279383,36.124462436384
6344,80,80.5498540279383,36.124462436384
6345,80,80.5498540279383,36.124462436384
6346,80,80.5498540279383,36.124462436384
6347,80,80.5498540279383,36.124462436384
6348,80,80.5498540279383,36.124462436384
6349,80,80.5498540279383,36.124462436384
6350,80,80.5498540279383,36.124462436384
6351,80,80.5498540279383,36.124462436384
6352,80,80.5498540279383,36.124462436384
6353,80,80.5498540279383,36.124462436384
6354,80,80.5498540279383,36.124462436384
6355,80,80.5498540279383,36.124462436384
6356,80,80.5498540279383,36.124462436384
6357,80,80.5498540279383,36.124462436384
6358,80,80.5498540279383,36.124462436384
6359,80,80.5498540279383,36.124462436384
6360,80,80.5498540279383,36.124462436384
6361,80,80.5498540279383,36.124462436384
6362,80,80.5498540279383,36.124462436384
6363,80,80.5498540279383,36.124462436384
6364,80,80.5498540279383,36.124462436384
6365,80,80.5498540279383,36.124462436384
6366,80,80.5498540279383,36.124462436384
6367,80,80.5498540279383,36.124462436384
6368,80,80.5498540279383,36.124462436384
6369,80,80.5498540279383,36.124462436384
6370,80,80.5498540279383,36.124462436384
6371,80,80.5498540279383,36.124462436384
6372,80,80.5498540279383,36.124462436384
6373,80,80.5498540279383,36.124462436384
6374,80,80.5498540279383,36.124462436384
6375,80,80.5498540279383,36.124462436384
6376,80,80.5498540279383,36.124462436384
6377,80,80.5498540279383,36.124462436384
6378,80,80.5498540279383,36.124462436384
6379,80,80.5498540279383,36.124462436384
6380,80,80.5498540279383,36.124462436384
6381,80,80.5498540279383,36.124462436384
6382,80,80.5498540279383,36.124462436384
6383,80,80.5498540279383,36.124462436384
6384,80,80.5498540279383,36.124462436384
6385,80,80.5498540279383,36.124462436384
6386,80,80.5498540279383,36.124462436384
6387,80,80.5498540279383,36.124462436384
6388,80,80.5498540279383,36.124462436384
6389,80,80.5498540279383,36.124462436384
6390,80,80.5498540279383,36.124462436384
6391,80,80.5498540279383,36.124462436384
6392,80,80.5498540279383,36.124462436384
6393,80,80.5498540279383,36.124462436384
6394,80,80.5498540279383,36.124462436384
6395,80,80.5498540279383,36.124462436384
6396,80,80.5498540279383,36.124462436384
6397,80,80.5498540279383,36.124462436384
6398,80,80.5498540279383,36.124462436384
6399,80,80.5498540279383,36.124462436384
6400,80,80.5498540279383,36.124462436384
6401,80,80.5498540279383,36.124462436384
6402,80,80.5498540279383,36.124462436384
6403,80,80.5498540279383,36.124462436384
6404,80,80.5498540279383,36.124462436384
6405,80,80.5498540279383,36.124462436384
6406,80,80.5498540279383,36.124462436384
6407,80,80.5498540279383,36.124462436384
6408,80,80.5498540279383,36.124462436384
6409,80,80.5498540279383,36.124462436384
6410,80,80.5498540279383,36.124462436384
6411,80,80.5498540279383,36.124462436384
6412,80,80.5498540279383,36.124462436384
6413,80,80.5498540279383,36.124462436384
6414,80,80.5498540279383,36.124462436384
6415,80,80.5498540279383,36.124462436384
6416,80,80.5498540279383,36.124462436384
6417,80,80.5498540279383,36.124462436384
6418,80,80.5498540279383,36.124462436384
6419,80,80.5498540279383,36.124462436384
6420,80,80.5498540279383,36.124462436384
6421,80,80.5498540279383,36.124462436384
6422,80,80.5498540279383,36.124462436384
6423,80,80.5498540279383,36.124462436384
6424,80,80.5498540279383,36.124462436384
6425,80,80.5498540279383,36.124462436384
6426,80,80.5498540279383,36.124462436384
6427,80,80.5498540279383,36.124462436384
6428,80,80.5498540279383,36.124462436384
6429,80,80.5498540279383,36.124462436384
6430,80,80.5498540279383,36.124462436384
6431,80,80.5498540279383,36.124462436384
6432,80,80.5498540279383,36.124462436384
6433,80,80.5498540279383,36.124462436384
6434,80,80.5498540279383,36.124462436384
6435,80,80.5498540279383,36.124462436384
6436,80,80.5498540279383,36.124462436384
6437,80,80.5498540279383,36.124462436384
6438,80,80.5498540279383,36.124462436384
6439,80,80.5498540279383,36.124462436384
6440,80,80.5498540279383,36.124462436384
6441,80,80.5498540279383,36.124462436384
6442,80,80.5498540279383,36.124462436384
6443,80,80.5498540279383,36.124462436384
6444,80,80.5498540279383,36.124462436384
6445,80,80.5498540279383,36.124462436384
6446,80,80.5498540279383,36.124462436384
6447,80,80.5498540279383,36.124462436384
6448,80,80.5498540279383,36.124462436384
6449,80,80.5498540279383,36.124462436384
6450,80,80.5498540279383,36.124462436384
6451,80,80.5498540279383,36.124462436384
6452,80,80.5498540279383,36.124462436384
6453,80,80.5498540279383,36.124462436384
6454,80,80.5498540279383,36.124462436384
6455,80,80.5498540279383,36.124462436384
6456,80,80.5498540279383,36.124462436384
6457,80,80.5498540279383,36.124462436384
6458,80,80.5498540279383,36.124462436384
6459,80,80.5498540279383,36.124462436384
6460,80,80.5498540279383,36.124462436384
6461,80,80.5498540279383,36.124462436384
6462,80,80.5498540279383,36.124462436384
6463,80,80.5498540279383,36.124462436384
6464,80,80.5498540279383,36.124462436384
6465,80,80.5498540279383,36.124462436384
6466,80,80.5498540279383,36.124462436384
6467,80,80.5498540279383,36.124462436384
6468,80,80.5498540279383,36.124462436384
6469,80,80.5498540279383,36.124462436384
6470,80,80.5498540279383,36.124462436384
6471,80,80.5498540279383,36.124462436384
6472,80,80.5498540279383,36.124462436384
6473,80,80.5498540279383,36.124462436384
6474,80,80.663019344811,36.0130183714081
6475,80,80.663019344811,36.0130183714081
6476,80,80.663019344811,36.0130183714081
6477,80,80.663019344811,36.0130183714081
6478,80,80.663019344811,36.0130183714081
6479,80,80.663019344811,36.0130183714081
6480,80,80.663019344811,36.0130183714081
6481,80,80.663019344811,36.0130183714081
6482,80,80.663019344811,36.0130183714081
6483,80,80.663019344811,36.0130183714081
6484,80,80.663019344811,36.0130183714081
6485,80,80.663019344811,36.0130183714081
6486,80,80.663019344811,36.0130183714081
6487,80,80.663019344811,36.0130183714081
6488,80,80.663019344811,36.0130183714081
6489,80,80.663019344811,36.0130183714081
6490,80,80.663019344811,36.0130183714081
6491,80,80.663019344811,36.0130183714081
6492,80,80.663019344811,36.0130183714081
6493,80,80.663019344811,36.0130183714081
6494,80,80.663019344811,36.0130183714081
6495,80,80.663019344811,36.0130183714081
6496,80,80.663019344811,36.0130183714081
6497,80,80.663019344811,36.0130183714081
6498,80,80.663019344811,36.0130183714081
6499,80,80.663019344811,36.0130183714081
6500,80,80.663019344811,36.0130183714081
6501,80,80.663019344811,36.0130183714081
6502,80,80.663019344811,36.0130183714081
6503,80,80.663019344811,36.0130183714081
6504,80,80.663019344811,36.0130183714081
6505,80,80.663019344811,36.0130183714081
6506,80,80.663019344811,36.0130183714081
6507,80,80.663019344811,36.0130183714081
6508,80,80.663019344811,36.0130183714081
6509,80,80.663019344811,36.0130183714081
6510,80,80.663019344811,36.0130183714081
6511,80,80.663019344811,36.0130183714081
6512,80,80.663019344811,36.0130183714081
6513,80,80.663019344811,36.0130183714081
6514,80,80.663019344811,36.0130183714081
6515,80,80.663019344811,36.0130183714081
6516,80,80.663019344811,36.0130183714081
6517,80,80.663019344811,36.0130183714081
6518,80,80.663019344811,36.0130183714081
6519,80,80.663019344811,36.0130183714081
6520,80,80.663019344811,36.0130183714081
6521,80,80.663019344811,36.0130183714081
6522,80,80.663019344811,36.0130183714081
6523,80,80.663019344811,36.0130183714081
6524,80,80.663019344811,36.0130183714081
6525,80,80.663019344811,36.0130183714081
6526,80,80.663019344811,36.0130183714081
6527,80,80.663019344811,36.0130183714081
6528,80,80.663019344811,36.0130183714081
6529,80,80.663019344811,36.0130183714081
6530,80,80.663019344811,36.0130183714081
6531,80,80.663019344811,36.0130183714081
6532,80,80.663019344811,36.0130183714081
6533,80,80.663019344811,36.0130183714081
6534,80,80.663019344811,36.0130183714081
6535,80,80.663019344811,36.0130183714081
6536,80,80.663019344811,36.0130183714081
6537,80,80.663019344811,36.0130183714081
6538,80,80.663019344811,36.0130183714081
6539,80,80.663019344811,36.0130183714081
6540,80,80.663019344811,36.0130183714081
6541,80,80.663019344811,36.0130183714081
6542,80,80.663019344811,36.0130183714081
6543,80,80.663019344811,36.0130183714081
6544,80,80.663019344811,36.0130183714081
6545,80,80.663019344811,36.0130183714081
6546,80,80.663019344811,36.0130183714081
6547,80,80.663019344811,36.0130183714081
6548,80,80.663019344811,36.0130183714081
6549,80,80.663019344811,36.0130183714081
6550,80,80.663019344811,36.0130183714081
6551,80,80.663019344811,36.0130183714081
6552,80,80.663019344811,36.0130183714081
6553,80,80.663019344811,36.0130183714081
6554,80,80.663019344811,36.0130183714081
6555,80,80.663019344811,36.0130183714081
6556,80,80.663019344811,36.0130183714081
6557,80,80.663019344811,36.0130183714081
6558,80,80.663019344811,36.0130183714081
6559,80,80.663019344811,36.0130183714081
6560,80,80.663019344811,36.0130183714081
6561,80,80.663019344811,36.0130183714081
6562,80,80.663019344811,36.0130183714081
6563,80,80.663019344811,36.0130183714081
6564,80,80.663019344811,36.0130183714081
6565,80,80.663019344811,36.0130183714081
6566,80,80.663019344811,36.0130183714081
6567,80,80.663019344811,36.0130183714081
6568,80,80.663019344811,36.0130183714081
6569,80,80.663019344811,36.0130183714081
6570,80,80.663019344811,36.0130183714081
6571,80,80.663019344811,36.0130183714081
6572,80,80.663019344811,36.0130183714081
6573,80,80.663019344811,36.0130183714081
6574,80,80.663019344811,36.0130183714081
6575,80,80.663019344811,36.0130183714081
6576,80,80.663019344811,36.0130183714081
6577,80,80.663019344811,36.0130183714081
6578,80,80.663019344811,36.0130183714081
6579,80,80.663019344811,36.0130183714081
6580,80,80.663019344811,36.0130183714081
6581,80,80.663019344811,36.0130183714081
6582,80,80.663019344811,36.0130183714081
6583,80,80.663019344811,36.0130183714081
6584,80,80.663019344811,36.0130183714081
6585,80,80.663019344811,36.0130183714081
6586,80,80.663019344811,36.0130183714081
6587,80,80.663019344811,36.0130183714081
6588,80,80.663019344811,36.0130183714081
6589,80,80.663019344811,36.0130183714081
6590,80,80.663019344811,36.0130183714081
6591,80,80.663019344811,36.0130183714081
6592,80,80.663019344811,36.0130183714081
6593,80,80.663019344811,36.0130183714081
6594,80,80.663019344811,36.0130183714081
6595,80,80.663019344811,36.0130183714081
6596,80,80.663019344811,36.0130183714081
6597,80,80.663019344811,36.0130183714081
6598,80,80.663019344811,36.0130183714081
6599,80,80.663019344811,36.0130183714081
6600,80,80.663019344811,36.0130183714081
6601,80,80.663019344811,36.0130183714081
6602,80,80.663019344811,36.0130183714081
6603,80,80.663019344811,36.0130183714081
6604,80,80.663019344811,36.0130183714081
6605,80,80.663019344811,36.0130183714081
6606,80,80.663019344811,36.0130183714081
6607,80,80.663019344811,36.0130183714081
6608,80,80.663019344811,36.0130183714081
6609,80,80.663019344811,36.0130183714081
6610,80,80.663019344811,36.0130183714081
6611,80,80.663019344811,36.0130183714081
6612,80,80.663019344811,36.0130183714081
6613,80,80.663019344811,36.0130183714081
6614,80,80.663019344811,36.0130183714081
6615,80,80.663019344811,36.0130183714081
6616,80,80.663019344811,36.0130183714081
6617,80,80.663019344811,36.0130183714081
6618,80,80.663019344811,36.0130183714081
6619,80,80.663019344811,36.0130183714081
6620,80,80.663019344811,36.0130183714081
6621,80,80.663019344811,36.0130183714081
6622,80,80.663019344811,36.0130183714081
6623,80,80.663019344811,36.0130183714081
6624,80,80.663019344811,36.0130183714081
6625,80,80.663019344811,36.0130183714081
6626,80,80.663019344811,36.0130183714081
6627,80,80.663019344811,36.0130183714081
6628,80,80.663019344811,36.0130183714081
6629,80,80.663019344811,36.0130183714081
6630,80,80.663019344811,36.0130183714081
6631,80,80.663019344811,36.0130183714081
6632,80,80.663019344811,36.0130183714081
6633,80,80.663019344811,36.0130183714081
6634,80,80.663019344811,36.0130183714081
6635,80,80.663019344811,36.0130183714081
6636,80,80.663019344811,36.0130183714081
6637,80,80.663019344811,36.0130183714081
6638,80,80.663019344811,36.0130183714081
6639,80,80.663019344811,36.0130183714081
6640,80,80.663019344811,36.0130183714081
6641,80,80.663019344811,36.0130183714081
6642,80,80.663019344811,36.0130183714081
6643,80,80.663019344811,36.0130183714081
6644,80,80.663019344811,36.0130183714081
6645,80,80.663019344811,36.0130183714081
6646,80,80.663019344811,36.0130183714081
6647,80,80.663019344811,36.0130183714081
6648,80,80.663019344811,36.0130183714081
6649,80,80.663019344811,36.0130183714081
6650,80,80.663019344811,36.0130183714081
6651,80,80.663019344811,36.0130183714081
6652,80,80.663019344811,36.0130183714081
6653,80,80.663019344811,36.0130183714081
6654,80,80.663019344811,36.0130183714081
6655,80,80.663019344811,36.0130183714081
6656,80,80.663019344811,36.0130183714081
6657,80,80.663019344811,36.0130183714081
6658,80,80.663019344811,36.0130183714081
6659,80,80.663019344811,36.0130183714081
6660,80,80.663019344811,36.0130183714081
6661,80,80.663019344811,36.0130183714081
6662,80,80.663019344811,36.0130183714081
6663,80,80.663019344811,36.0130183714081
6664,80,80.663019344811,36.0130183714081
6665,80,80.663019344811,36.0130183714081
6666,80,80.663019344811,36.0130183714081
6667,80,80.663019344811,36.0130183714081
6668,80,80.663019344811,36.0130183714081
6669,80,80.663019344811,36.0130183714081
6670,80,80.663019344811,36.0130183714081
6671,80,80.663019344811,36.0130183714081
6672,80,80.663019344811,36.0130183714081
6673,80,80.663019344811,36.0130183714081
6674,80,80.663019344811,36.0130183714081
6675,80,80.663019344811,36.0130183714081
6676,80,80.663019344811,36.0130183714081
6677,80,80.663019344811,36.0130183714081
6678,80,80.663019344811,36.0130183714081
6679,80,80.663019344811,36.0130183714081
6680,80,80.663019344811,36.0130183714081
6681,80,80.663019344811,36.0130183714081
6682,80,80.663019344811,36.0130183714081
6683,80,80.663019344811,36.0130183714081
6684,80,80.663019344811,36.0130183714081
6685,80,80.663019344811,36.0130183714081
6686,80,80.663019344811,36.0130183714081
6687,80,80.663019344811,36.0130183714081
6688,80,80.663019344811,36.0130183714081
6689,80,80.663019344811,36.0130183714081
6690,80,80.663019344811,36.0130183714081
6691,80,80.663019344811,36.0130183714081
6692,80,80.663019344811,36.0130183714081
6693,80,80.663019344811,36.0130183714081
6694,80,80.663019344811,36.0130183714081
6695,80,80.663019344811,36.0130183714081
6696,80,80.663019344811,36.0130183714081
6697,80,80.663019344811,36.0130183714081
6698,80,80.663019344811,36.0130183714081
6699,80,80.663019344811,36.0130183714081
6700,80,80.663019344811,36.0130183714081
6701,80,80.663019344811,36.0130183714081
6702,80,80.663019344811,36.0130183714081
6703,80,80.663019344811,36.0130183714081
6704,80,80.663019344811,36.0130183714081
6705,80,80.663019344811,36.0130183714081
6706,80,80.663019344811,36.0130183714081
6707,80,80.663019344811,36.0130183714081
6708,80,80.663019344811,36.0130183714081
6709,80,80.663019344811,36.0130183714081
6710,80,80.663019344811,36.0130183714081
6711,80,80.663019344811,36.0130183714081
6712,80,80.663019344811,36.0130183714081
6713,80,80.663019344811,36.0130183714081
6714,80,80.663019344811,36.0130183714081
6715,80,80.663019344811,36.0130183714081
6716,80,80.663019344811,36.0130183714081
6717,80,80.663019344811,36.0130183714081
6718,80,80.663019344811,36.0130183714081
6719,80,80.663019344811,36.0130183714081
6720,80,80.663019344811,36.0130183714081
6721,80,80.663019344811,36.0130183714081
6722,80,80.663019344811,36.0130183714081
6723,80,80.7809344648488,36.0521102072321
6724,80,80.7809344648488,36.0521102072321
6725,80,80.7809344648488,36.0521102072321
6726,80,80.7809344648488,36.0521102072321
6727,80,80.7809344648488,36.0521102072321
6728,80,80.7809344648488,36.0521102072321
6729,80,80.7809344648488,36.0521102072321
6730,80,80.7809344648488,36.0521102072321
6731,80,80.7809344648488,36.0521102072321
6732,80,80.7809344648488,36.0521102072321
6733,80,80.7809344648488,36.0521102072321
6734,80,80.7809344648488,36.0521102072321
6735,80,80.7809344648488,36.0521102072321
6736,80,80.7809344648488,36.0521102072321
6737,80,80.7809344648488,36.0521102072321
6738,80,80.7809344648488,36.0521102072321
6739,80,80.7809344648488,36.0521102072321
6740,80,80.7809344648488,36.0521102072321
6741,80,80.7809344648488,36.0521102072321
6742,80,80.7809344648488,36.0521102072321
6743,80,80.7809344648488,36.0521102072321
6744,80,80.7809344648488,36.0521102072321
6745,80,80.7809344648488,36.0521102072321
6746,80,80.7809344648488,36.0521102072321
6747,80,80.7809344648488,36.0521102072321
6748,80,80.7809344648488,36.0521102072321
6749,80,80.7809344648488,36.0521102072321
6750,80,80.7809344648488,36.0521102072321
6751,80,80.7809344648488,36.0521102072321
6752,80,80.7809344648488,36.0521102072321
6753,80,80.7809344648488,36.0521102072321
6754,80,80.7809344648488,36.0521102072321
6755,80,80.7809344648488,36.0521102072321
6756,80,80.7809344648488,36.0521102072321
6757,80,80.7809344648488,36.0521102072321
6758,80,80.7809344648488,36.0521102072321
6759,80,80.7809344648488,36.0521102072321
6760,80,80.7809344648488,36.0521102072321
6761,80,80.7809344648488,36.0521102072321
6762,80,80.7809344648488,36.0521102072321
6763,80,80.7809344648488,36.0521102072321
6764,80,80.7809344648488,36.0521102072321
6765,80,80.7809344648488,36.0521102072321
6766,80,80.7809344648488,36.0521102072321
6767,80,80.7809344648488,36.0521102072321
6768,80,80.7809344648488,36.0521102072321
6769,80,80.7809344648488,36.0521102072321
6770,80,80.7809344648488,36.0521102072321
6771,80,80.7809344648488,36.0521102072321
6772,80,80.7809344648488,36.0521102072321
6773,80,80.7809344648488,36.0521102072321
6774,80,80.7809344648488,36.0521102072321
6775,80,80.7809344648488,36.0521102072321
6776,80,80.7809344648488,36.0521102072321
6777,80,80.7809344648488,36.0521102072321
6778,80,80.7809344648488,36.0521102072321
6779,80,80.7809344648488,36.0521102072321
6780,80,80.7809344648488,36.0521102072321
6781,80,80.7809344648488,36.0521102072321
6782,80,80.7809344648488,36.0521102072321
6783,80,80.7809344648488,36.0521102072321
6784,80,80.7809344648488,36.0521102072321
6785,80,80.7809344648488,36.0521102072321
6786,80,80.7809344648488,36.0521102072321
6787,80,80.7809344648488,36.0521102072321
6788,80,80.7809344648488,36.0521102072321
6789,80,80.7809344648488,36.0521102072321
6790,80,80.7809344648488,36.0521102072321
6791,80,80.7809344648488,36.0521102072321
6792,80,80.7809344648488,36.0521102072321
6793,80,80.7809344648488,36.0521102072321
6794,80,80.7809344648488,36.0521102072321
6795,80,80.7809344648488,36.0521102072321
6796,80,80.7809344648488,36.0521102072321
6797,80,80.7809344648488,36.0521102072321
6798,80,80.7809344648488,36.0521102072321
6799,80,80.7809344648488,36.0521102072321
6800,80,80.7809344648488,36.0521102072321
6801,80,80.7809344648488,36.0521102072321
6802,80,80.7809344648488,36.0521102072321
6803,80,80.7809344648488,36.0521102072321
6804,80,80.7809344648488,36.0521102072321
6805,80,80.7809344648488,36.0521102072321
6806,80,80.7809344648488,36.0521102072321
6807,80,80.7809344648488,36.0521102072321
6808,80,80.7809344648488,36.0521102072321
6809,80,80.7809344648488,36.0521102072321
6810,80,80.7809344648488,36.0521102072321
6811,80,80.7809344648488,36.0521102072321
6812,80,80.7809344648488,36.0521102072321
6813,80,80.7809344648488,36.0521102072321
6814,80,80.7809344648488,36.0521102072321
6815,80,80.7809344648488,36.0521102072321
6816,80,80.7809344648488,36.0521102072321
6817,80,80.7809344648488,36.0521102072321
6818,80,80.7809344648488,36.0521102072321
6819,80,80.7809344648488,36.0521102072321
6820,80,80.7809344648488,36.0521102072321
6821,80,80.7809344648488,36.0521102072321
6822,80,80.7809344648488,36.0521102072321
6823,80,80.7809344648488,36.0521102072321
6824,80,80.7809344648488,36.0521102072321
6825,80,80.7809344648488,36.0521102072321
6826,80,80.7809344648488,36.0521102072321
6827,80,80.7809344648488,36.0521102072321
6828,80,80.7809344648488,36.0521102072321
6829,80,80.7809344648488,36.0521102072321
6830,80,80.7809344648488,36.0521102072321
6831,80,80.7809344648488,36.0521102072321
6832,80,80.7809344648488,36.0521102072321
6833,80,80.7809344648488,36.0521102072321
6834,80,80.7809344648488,36.0521102072321
6835,80,80.7809344648488,36.0521102072321
6836,80,80.7809344648488,36.0521102072321
6837,80,80.7809344648488,36.0521102072321
6838,80,80.7809344648488,36.0521102072321
6839,80,80.7809344648488,36.0521102072321
6840,80,80.7809344648488,36.0521102072321
6841,80,80.7809344648488,36.0521102072321
6842,80,80.7809344648488,36.0521102072321
6843,80,80.7809344648488,36.0521102072321
6844,80,80.7809344648488,36.0521102072321
6845,80,80.7809344648488,36.0521102072321
6846,80,80.7809344648488,36.0521102072321
6847,80,80.7809344648488,36.0521102072321
6848,80,80.7809344648488,36.0521102072321
6849,80,80.7809344648488,36.0521102072321
6850,80,80.7809344648488,36.0521102072321
6851,80,80.7809344648488,36.0521102072321
6852,80,80.7809344648488,36.0521102072321
6853,80,80.7809344648488,36.0521102072321
6854,80,80.7809344648488,36.0521102072321
6855,80,80.7809344648488,36.0521102072321
6856,80,80.7809344648488,36.0521102072321
6857,80,80.7809344648488,36.0521102072321
6858,80,80.7809344648488,36.0521102072321
6859,80,80.7809344648488,36.0521102072321
6860,80,80.7809344648488,36.0521102072321
6861,80,80.7809344648488,36.0521102072321
6862,80,80.7809344648488,36.0521102072321
6863,80,80.7809344648488,36.0521102072321
6864,80,80.7809344648488,36.0521102072321
6865,80,80.7809344648488,36.0521102072321
6866,80,80.7809344648488,36.0521102072321
6867,80,80.7809344648488,36.0521102072321
6868,80,80.7809344648488,36.0521102072321
6869,80,80.7809344648488,36.0521102072321
6870,80,80.7809344648488,36.0521102072321
6871,80,80.7809344648488,36.0521102072321
6872,80,80.7809344648488,36.0521102072321
6873,80,80.7809344648488,36.0521102072321
6874,80,80.7809344648488,36.0521102072321
6875,80,80.7809344648488,36.0521102072321
6876,80,80.7809344648488,36.0521102072321
6877,80,80.7809344648488,36.0521102072321
6878,80,80.7809344648488,36.0521102072321
6879,80,80.7809344648488,36.0521102072321
6880,80,80.7809344648488,36.0521102072321
6881,80,80.7809344648488,36.0521102072321
6882,80,80.7809344648488,36.0521102072321
6883,80,80.7809344648488,36.0521102072321
6884,80,80.7809344648488,36.0521102072321
6885,80,80.7809344648488,36.0521102072321
6886,80,80.7809344648488,36.0521102072321
6887,80,80.7809344648488,36.0521102072321
6888,80,80.7809344648488,36.0521102072321
6889,80,80.7809344648488,36.0521102072321
6890,80,80.7809344648488,36.0521102072321
6891,80,80.7809344648488,36.0521102072321
6892,80,80.7809344648488,36.0521102072321
6893,80,80.7809344648488,36.0521102072321
6894,80,80.7809344648488,36.0521102072321
6895,80,80.7809344648488,36.0521102072321
6896,80,80.7809344648488,36.0521102072321
6897,80,80.7809344648488,36.0521102072321
6898,80,80.7809344648488,36.0521102072321
6899,80,80.7809344648488,36.0521102072321
6900,80,80.7809344648488,36.0521102072321
6901,80,80.7809344648488,36.0521102072321
6902,80,80.7809344648488,36.0521102072321
6903,80,80.7809344648488,36.0521102072321
6904,80,80.7809344648488,36.0521102072321
6905,80,80.7809344648488,36.0521102072321
6906,80,80.7809344648488,36.0521102072321
6907,80,80.7809344648488,36.0521102072321
6908,80,80.7809344648488,36.0521102072321
6909,80,80.7809344648488,36.0521102072321
6910,80,80.7809344648488,36.0521102072321
6911,80,80.7809344648488,36.0521102072321
6912,80,80.7809344648488,36.0521102072321
6913,80,80.7809344648488,36.0521102072321
6914,80,80.7809344648488,36.0521102072321
6915,80,80.7809344648488,36.0521102072321
6916,80,80.7809344648488,36.0521102072321
6917,80,80.7809344648488,36.0521102072321
6918,80,80.7809344648488,36.0521102072321
6919,80,80.7809344648488,36.0521102072321
6920,80,80.7809344648488,36.0521102072321
6921,80,80.7809344648488,36.0521102072321
6922,80,80.7809344648488,36.0521102072321
6923,80,80.7809344648488,36.0521102072321
6924,80,80.7809344648488,36.0521102072321
6925,80,80.7809344648488,36.0521102072321
6926,80,80.7809344648488,36.0521102072321
6927,80,80.7809344648488,36.0521102072321
6928,80,80.7809344648488,36.0521102072321
6929,80,80.7809344648488,36.0521102072321
6930,80,80.7809344648488,36.0521102072321
6931,80,80.7809344648488,36.0521102072321
6932,80,80.7809344648488,36.0521102072321
6933,80,80.7809344648488,36.0521102072321
6934,80,80.7809344648488,36.0521102072321
6935,80,80.7809344648488,36.0521102072321
6936,80,80.7809344648488,36.0521102072321
6937,80,80.7809344648488,36.0521102072321
6938,80,80.7809344648488,36.0521102072321
6939,80,80.7809344648488,36.0521102072321
6940,80,80.7809344648488,36.0521102072321
6941,80,80.7809344648488,36.0521102072321
6942,80,80.7809344648488,36.0521102072321
6943,80,80.7809344648488,36.0521102072321
6944,80,80.7809344648488,36.0521102072321
6945,80,80.7809344648488,36.0521102072321
6946,80,80.7809344648488,36.0521102072321
6947,80,80.7809344648488,36.0521102072321
6948,80,80.7809344648488,36.0521102072321
6949,80,80.7809344648488,36.0521102072321
6950,80,80.7809344648488,36.0521102072321
6951,80,80.7809344648488,36.0521102072321
6952,80,80.7809344648488,36.0521102072321
6953,80,80.7809344648488,36.0521102072321
6954,80,80.7809344648488,36.0521102072321
6955,80,80.7809344648488,36.0521102072321
6956,80,80.7809344648488,36.0521102072321
6957,80,80.7809344648488,36.0521102072321
6958,80,80.7809344648488,36.0521102072321
6959,80,80.7809344648488,36.0521102072321
6960,80,80.7809344648488,36.0521102072321
6961,80,80.7809344648488,36.0521102072321
6962,80,80.7809344648488,36.0521102072321
6963,80,80.7809344648488,36.0521102072321
6964,80,80.7809344648488,36.0521102072321
6965,80,80.7809344648488,36.0521102072321
6966,80,80.7809344648488,36.0521102072321
6967,80,80.7809344648488,36.0521102072321
6968,80,80.7809344648488,36.0521102072321
6969,80,80.7809344648488,36.0521102072321
6970,80,80.7809344648488,36.0521102072321
6971,80,80.7809344648488,36.0521102072321
6972,80,80.647099053021,35.7047122853067
6973,80,80.647099053021,35.7047122853067
6974,80,80.647099053021,35.7047122853067
6975,80,80.647099053021,35.7047122853067
6976,80,80.647099053021,35.7047122853067
6977,80,80.647099053021,35.7047122853067
6978,80,80.647099053021,35.7047122853067
6979,80,80.647099053021,35.7047122853067
6980,80,80.647099053021,35.7047122853067
6981,80,80.647099053021,35.7047122853067
6982,80,80.647099053021,35.7047122853067
6983,80,80.647099053021,35.7047122853067
6984,80,80.647099053021,35.7047122853067
6985,80,80.647099053021,35.7047122853067
6986,80,80.647099053021,35.7047122853067
6987,80,80.647099053021,35.7047122853067
6988,80,80.647099053021,35.7047122853067
6989,80,80.647099053021,35.7047122853067
6990,80,80.647099053021,35.7047122853067
6991,80,80.647099053021,35.7047122853067
6992,80,80.647099053021,35.7047122853067
6993,80,80.647099053021,35.7047122853067
6994,80,80.647099053021,35.7047122853067
6995,80,80.647099053021,35.7047122853067
6996,80,80.647099053021,35.7047122853067
6997,80,80.647099053021,35.7047122853067
6998,80,80.647099053021,35.7047122853067
6999,80,80.647099053021,35.7047122853067
7000,80,80.647099053021,35.7047122853067
7001,80,80.647099053021,35.7047122853067
7002,80,80.647099053021,35.7047122853067
7003,80,80.647099053021,35.7047122853067
7004,80,80.647099053021,35.7047122853067
7005,80,80.647099053021,35.7047122853067
7006,80,80.647099053021,35.7047122853067
7007,80,80.647099053021,35.7047122853067
7008,80,80.647099053021,35.7047122853067
7009,80,80.647099053021,35.7047122853067
7010,80,80.647099053021,35.7047122853067
7011,80,80.647099053021,35.7047122853067
7012,80,80.647099053021,35.7047122853067
7013,80,80.647099053021,35.7047122853067
7014,80,80.647099053021,35.7047122853067
7015,80,80.647099053021,35.7047122853067
7016,80,80.647099053021,35.7047122853067
7017,80,80.647099053021,35.7047122853067
7018,80,80.647099053021,35.7047122853067
7019,80,80.647099053021,35.7047122853067
7020,80,80.647099053021,35.7047122853067
7021,80,80.647099053021,35.7047122853067
7022,80,80.647099053021,35.7047122853067
7023,80,80.647099053021,35.7047122853067
7024,80,80.647099053021,35.7047122853067
7025,80,80.647099053021,35.7047122853067
7026,80,80.647099053021,35.7047122853067
7027,80,80.647099053021,35.7047122853067
7028,80,80.647099053021,35.7047122853067
7029,80,80.647099053021,35.7047122853067
7030,80,80.647099053021,35.7047122853067
7031,80,80.647099053021,35.7047122853067
7032,80,80.647099053021,35.7047122853067
7033,80,80.647099053021,35.7047122853067
7034,80,80.647099053021,35.7047122853067
7035,80,80.647099053021,35.7047122853067
7036,80,80.647099053021,35.7047122853067
7037,80,80.647099053021,35.7047122853067
7038,80,80.647099053021,35.7047122853067
7039,80,80.647099053021,35.7047122853067
7040,80,80.647099053021,35.7047122853067
7041,80,80.647099053021,35.7047122853067
7042,80,80.647099053021,35.7047122853067
7043,80,80.647099053021,35.7047122853067
7044,80,80.647099053021,35.7047122853067
7045,80,80.647099053021,35.7047122853067
7046,80,80.647099053021,35.7047122853067
7047,80,80.647099053021,35.7047122853067
7048,80,80.647099053021,35.7047122853067
7049,80,80.647099053021,35.7047122853067
7050,80,80.647099053021,35.7047122853067
7051,80,80.647099053021,35.7047122853067
7052,80,80.647099053021,35.7047122853067
7053,80,80.647099053021,35.7047122853067
7054,80,80.647099053021,35.7047122853067
7055,80,80.647099053021,35.7047122853067
7056,80,80.647099053021,35.7047122853067
7057,80,80.647099053021,35.7047122853067
7058,80,80.647099053021,35.7047122853067
7059,80,80.647099053021,35.7047122853067
7060,80,80.647099053021,35.7047122853067
7061,80,80.647099053021,35.7047122853067
7062,80,80.647099053021,35.7047122853067
7063,80,80.647099053021,35.7047122853067
7064,80,80.647099053021,35.7047122853067
7065,80,80.647099053021,35.7047122853067
7066,80,80.647099053021,35.7047122853067
7067,80,80.647099053021,35.7047122853067
7068,80,80.647099053021,35.7047122853067
7069,80,80.647099053021,35.7047122853067
7070,80,80.647099053021,35.7047122853067
7071,80,80.647099053021,35.7047122853067
7072,80,80.647099053021,35.7047122853067
7073,80,80.647099053021,35.7047122853067
7074,80,80.647099053021,35.7047122853067
7075,80,80.647099053021,35.7047122853067
7076,80,80.647099053021,35.7047122853067
7077,80,80.647099053021,35.7047122853067
7078,80,80.647099053021,35.7047122853067
7079,80,80.647099053021,35.7047122853067
7080,80,80.647099053021,35.7047122853067
7081,80,80.647099053021,35.7047122853067
7082,80,80.647099053021,35.7047122853067
7083,80,80.647099053021,35.7047122853067
7084,80,80.647099053021,35.7047122853067
7085,80,80.647099053021,35.7047122853067
7086,80,80.647099053021,35.7047122853067
7087,80,80.647099053021,35.7047122853067
7088,80,80.647099053021,35.7047122853067
7089,80,80.647099053021,35.7047122853067
7090,80,80.647099053021,35.7047122853067
7091,80,80.647099053021,35.7047122853067
7092,80,80.647099053021,35.7047122853067
7093,80,80.647099053021,35.7047122853067
7094,80,80.647099053021,35.7047122853067
7095,80,80.647099053021,35.7047122853067
7096,80,80.647099053021,35.7047122853067
7097,80,80.647099053021,35.7047122853067
7098,80,80.647099053021,35.7047122853067
7099,80,80.647099053021,35.7047122853067
7100,80,80.647099053021,35.7047122853067
7101,80,80.647099053021,35.7047122853067
7102,80,80.647099053021,35.7047122853067
7103,80,80.647099053021,35.7047122853067
7104,80,80.647099053021,35.7047122853067
7105,80,80.647099053021,35.7047122853067
7106,80,80.647099053021,35.7047122853067
7107,80,80.647099053021,35.7047122853067
7108,80,80.647099053021,35.7047122853067
7109,80,80.647099053021,35.7047122853067
7110,80,80.647099053021,35.7047122853067
7111,80,80.647099053021,35.7047122853067
7112,80,80.647099053021,35.7047122853067
7113,80,80.647099053021,35.7047122853067
7114,80,80.647099053021,35.7047122853067
7115,80,80.647099053021,35.7047122853067
7116,80,80.647099053021,35.7047122853067
7117,80,80.647099053021,35.7047122853067
7118,80,80.647099053021,35.7047122853067
7119,80,80.647099053021,35.7047122853067
7120,80,80.647099053021,35.7047122853067
7121,80,80.647099053021,35.7047122853067
7122,80,80.647099053021,35.7047122853067
7123,80,80.647099053021,35.7047122853067
7124,80,80.647099053021,35.7047122853067
7125,80,80.647099053021,35.7047122853067
7126,80,80.647099053021,35.7047122853067
7127,80,80.647099053021,35.7047122853067
7128,80,80.647099053021,35.7047122853067
7129,80,80.647099053021,35.7047122853067
7130,80,80.647099053021,35.7047122853067
7131,80,80.647099053021,35.7047122853067
7132,80,80.647099053021,35.7047122853067
7133,80,80.647099053021,35.7047122853067
7134,80,80.647099053021,35.7047122853067
7135,80,80.647099053021,35.7047122853067
7136,80,80.647099053021,35.7047122853067
7137,80,80.647099053021,35.7047122853067
7138,80,80.647099053021,35.7047122853067
7139,80,80.647099053021,35.7047122853067
7140,80,80.647099053021,35.7047122853067
7141,80,80.647099053021,35.7047122853067
7142,80,80.647099053021,35.7047122853067
7143,80,80.647099053021,35.7047122853067
7144,80,80.647099053021,35.7047122853067
7145,80,80.647099053021,35.7047122853067
7146,80,80.647099053021,35.7047122853067
7147,80,80.647099053021,35.7047122853067
7148,80,80.647099053021,35.7047122853067
7149,80,80.647099053021,35.7047122853067
7150,80,80.647099053021,35.7047122853067
7151,80,80.647099053021,35.7047122853067
7152,80,80.647099053021,35.7047122853067
7153,80,80.647099053021,35.7047122853067
7154,80,80.647099053021,35.7047122853067
7155,80,80.647099053021,35.7047122853067
7156,80,80.647099053021,35.7047122853067
7157,80,80.647099053021,35.7047122853067
7158,80,80.647099053021,35.7047122853067
7159,80,80.647099053021,35.7047122853067
7160,80,80.647099053021,35.7047122853067
7161,80,80.647099053021,35.7047122853067
7162,80,80.647099053021,35.7047122853067
7163,80,80.647099053021,35.7047122853067
7164,80,80.647099053021,35.7047122853067
7165,80,80.647099053021,35.7047122853067
7166,80,80.647099053021,35.7047122853067
7167,80,80.647099053021,35.7047122853067
7168,80,80.647099053021,35.7047122853067
7169,80,80.647099053021,35.7047122853067
7170,80,80.647099053021,35.7047122853067
7171,80,80.647099053021,35.7047122853067
7172,80,80.647099053021,35.7047122853067
7173,80,80.647099053021,35.7047122853067
7174,80,80.647099053021,35.7047122853067
7175,80,80.647099053021,35.7047122853067
7176,80,80.647099053021,35.7047122853067
7177,80,80.647099053021,35.7047122853067
7178,80,80.647099053021,35.7047122853067
7179,80,80.647099053021,35.7047122853067
7180,80,80.647099053021,35.7047122853067
7181,80,80.647099053021,35.7047122853067
7182,80,80.647099053021,35.7047122853067
7183,80,80.647099053021,35.7047122853067
7184,80,80.647099053021,35.7047122853067
7185,80,80.647099053021,35.7047122853067
7186,80,80.647099053021,35.7047122853067
7187,80,80.647099053021,35.7047122853067
7188,80,80.647099053021,35.7047122853067
7189,80,80.647099053021,35.7047122853067
7190,80,80.647099053021,35.7047122853067
7191,80,80.647099053021,35.7047122853067
7192,80,80.647099053021,35.7047122853067
7193,80,80.647099053021,35.7047122853067
7194,80,80.647099053021,35.7047122853067
7195,80,80.647099053021,35.7047122853067
7196,80,80.647099053021,35.7047122853067
7197,80,80.647099053021,35.7047122853067
7198,80,80.647099053021,35.7047122853067
7199,80,80.647099053021,35.7047122853067
7200,80,80.647099053021,35.7047122853067
7201,80,80.647099053021,35.7047122853067
7202,80,80.647099053021,35.7047122853067
7203,80,80.647099053021,35.7047122853067
7204,80,80.647099053021,35.7047122853067
7205,80,80.647099053021,35.7047122853067
7206,80,80.647099053021,35.7047122853067
7207,80,80.647099053021,35.7047122853067
7208,80,80.647099053021,35.7047122853067
7209,80,80.647099053021,35.7047122853067
7210,80,80.647099053021,35.7047122853067
7211,80,80.647099053021,35.7047122853067
7212,80,80.647099053021,35.7047122853067
7213,80,80.647099053021,35.7047122853067
7214,80,80.647099053021,35.7047122853067
7215,80,80.647099053021,35.7047122853067
7216,80,80.647099053021,35.7047122853067
7217,80,80.647099053021,35.7047122853067
7218,80,80.647099053021,35.7047122853067
7219,80,80.647099053021,35.7047122853067
7220,80,80.647099053021,35.7047122853067
7221,80,80.5460311239591,35.6149241387367
7222,80,80.5460311239591,35.6149241387367
7223,80,80.5460311239591,35.6149241387367
7224,80,80.5460311239591,35.6149241387367
7225,80,80.5460311239591,35.6149241387367
7226,80,80.5460311239591,35.6149241387367
7227,80,80.5460311239591,35.6149241387367
7228,80,80.5460311239591,35.6149241387367
7229,80,80.5460311239591,35.6149241387367
7230,80,80.5460311239591,35.6149241387367
7231,80,80.5460311239591,35.6149241387367
7232,80,80.5460311239591,35.6149241387367
7233,80,80.5460311239591,35.6149241387367
7234,80,80.5460311239591,35.6149241387367
7235,80,80.5460311239591,35.6149241387367
7236,80,80.5460311239591,35.6149241387367
7237,80,80.5460311239591,35.6149241387367
7238,80,80.5460311239591,35.6149241387367
7239,80,80.5460311239591,35.6149241387367
7240,80,80.5460311239591,35.6149241387367
7241,80,80.5460311239591,35.6149241387367
7242,80,80.5460311239591,35.6149241387367
7243,80,80.5460311239591,35.6149241387367
7244,80,80.5460311239591,35.6149241387367
7245,80,80.5460311239591,35.6149241387367
7246,80,80.5460311239591,35.6149241387367
7247,80,80.5460311239591,35.6149241387367
7248,80,80.5460311239591,35.6149241387367
7249,80,80.5460311239591,35.6149241387367
7250,80,80.5460311239591,35.6149241387367
7251,80,80.5460311239591,35.6149241387367
7252,80,80.5460311239591,35.6149241387367
7253,80,80.5460311239591,35.6149241387367
7254,80,80.5460311239591,35.6149241387367
7255,80,80.5460311239591,35.6149241387367
7256,80,80.5460311239591,35.6149241387367
7257,80,80.5460311239591,35.6149241387367
7258,80,80.5460311239591,35.6149241387367
7259,80,80.5460311239591,35.6149241387367
7260,80,80.5460311239591,35.6149241387367
7261,80,80.5460311239591,35.6149241387367
7262,80,80.5460311239591,35.6149241387367
7263,80,80.5460311239591,35.6149241387367
7264,80,80.5460311239591,35.6149241387367
7265,80,80.5460311239591,35.6149241387367
7266,80,80.5460311239591,35.6149241387367
7267,80,80.5460311239591,35.6149241387367
7268,80,80.5460311239591,35.6149241387367
7269,80,80.5460311239591,35.6149241387367
7270,80,80.5460311239591,35.6149241387367
7271,80,80.5460311239591,35.6149241387367
7272,80,80.5460311239591,35.6149241387367
7273,80,80.5460311239591,35.6149241387367
7274,80,80.5460311239591,35.6149241387367
7275,80,80.5460311239591,35.6149241387367
7276,80,80.5460311239591,35.6149241387367
7277,80,80.5460311239591,35.6149241387367
7278,80,80.5460311239591,35.6149241387367
7279,80,80.5460311239591,35.6149241387367
7280,80,80.5460311239591,35.6149241387367
7281,80,80.5460311239591,35.6149241387367
7282,80,80.5460311239591,35.6149241387367
7283,80,80.5460311239591,35.6149241387367
7284,80,80.5460311239591,35.6149241387367
7285,80,80.5460311239591,35.6149241387367
7286,80,80.5460311239591,35.6149241387367
7287,80,80.5460311239591,35.6149241387367
7288,80,80.5460311239591,35.6149241387367
7289,80,80.5460311239591,35.6149241387367
7290,80,80.5460311239591,35.6149241387367
7291,80,80.5460311239591,35.6149241387367
7292,80,80.5460311239591,35.6149241387367
7293,80,80.5460311239591,35.6149241387367
7294,80,80.5460311239591,35.6149241387367
7295,80,80.5460311239591,35.6149241387367
7296,80,80.5460311239591,35.6149241387367
7297,80,80.5460311239591,35.6149241387367
7298,80,80.5460311239591,35.6149241387367
7299,80,80.5460311239591,35.6149241387367
7300,80,80.5460311239591,35.6149241387367
7301,80,80.5460311239591,35.6149241387367
7302,80,80.5460311239591,35.6149241387367
7303,80,80.5460311239591,35.6149241387367
7304,80,80.5460311239591,35.6149241387367
7305,80,80.5460311239591,35.6149241387367
7306,80,80.5460311239591,35.6149241387367
7307,80,80.5460311239591,35.6149241387367
7308,80,80.5460311239591,35.6149241387367
7309,80,80.5460311239591,35.6149241387367
7310,80,80.5460311239591,35.6149241387367
7311,80,80.5460311239591,35.6149241387367
7312,80,80.5460311239591,35.6149241387367
7313,80,80.5460311239591,35.6149241387367
7314,80,80.5460311239591,35.6149241387367
7315,80,80.5460311239591,35.6149241387367
7316,80,80.5460311239591,35.6149241387367
7317,80,80.5460311239591,35.6149241387367
7318,80,80.5460311239591,35.6149241387367
7319,80,80.5460311239591,35.6149241387367
7320,80,80.5460311239591,35.6149241387367
7321,80,80.5460311239591,35.6149241387367
7322,80,80.5460311239591,35.6149241387367
7323,80,80.5460311239591,35.6149241387367
7324,80,80.5460311239591,35.6149241387367
7325,80,80.5460311239591,35.6149241387367
7326,80,80.5460311239591,35.6149241387367
7327,80,80.5460311239591,35.6149241387367
7328,80,80.5460311239591,35.6149241387367
7329,80,80.5460311239591,35.6149241387367
7330,80,80.5460311239591,35.6149241387367
7331,80,80.5460311239591,35.6149241387367
7332,80,80.5460311239591,35.6149241387367
7333,80,80.5460311239591,35.6149241387367
7334,80,80.5460311239591,35.6149241387367
7335,80,80.5460311239591,35.6149241387367
7336,80,80.5460311239591,35.6149241387367
7337,80,80.5460311239591,35.6149241387367
7338,80,80.5460311239591,35.6149241387367
7339,80,80.5460311239591,35.6149241387367
7340,80,80.5460311239591,35.6149241387367
7341,80,80.5460311239591,35.6149241387367
7342,80,80.5460311239591,35.6149241387367
7343,80,80.5460311239591,35.6149241387367
7344,80,80.5460311239591,35.6149241387367
7345,80,80.5460311239591,35.6149241387367
7346,80,80.5460311239591,35.6149241387367
7347,80,80.5460311239591,35.6149241387367
7348,80,80.5460311239591,35.6149241387367
7349,80,80.5460311239591,35.6149241387367
7350,80,80.5460311239591,35.6149241387367
7351,80,80.5460311239591,35.6149241387367
7352,80,80.5460311239591,35.6149241387367
7353,80,80.5460311239591,35.6149241387367
7354,80,80.5460311239591,35.6149241387367
7355,80,80.5460311239591,35.6149241387367
7356,80,80.5460311239591,35.6149241387367
7357,80,80.5460311239591,35.6149241387367
7358,80,80.5460311239591,35.6149241387367
7359,80,80.5460311239591,35.6149241387367
7360,80,80.5460311239591,35.6149241387367
7361,80,80.5460311239591,35.6149241387367
7362,80,80.5460311239591,35.6149241387367
7363,80,80.5460311239591,35.6149241387367
7364,80,80.5460311239591,35.6149241387367
7365,80,80.5460311239591,35.6149241387367
7366,80,80.5460311239591,35.6149241387367
7367,80,80.5460311239591,35.6149241387367
7368,80,80.5460311239591,35.6149241387367
7369,80,80.5460311239591,35.6149241387367
7370,80,80.5460311239591,35.6149241387367
7371,80,80.5460311239591,35.6149241387367
7372,80,80.5460311239591,35.6149241387367
7373,80,80.5460311239591,35.6149241387367
7374,80,80.5460311239591,35.6149241387367
7375,80,80.5460311239591,35.6149241387367
7376,80,80.5460311239591,35.6149241387367
7377,80,80.5460311239591,35.6149241387367
7378,80,80.5460311239591,35.6149241387367
7379,80,80.5460311239591,35.6149241387367
7380,80,80.5460311239591,35.6149241387367
7381,80,80.5460311239591,35.6149241387367
7382,80,80.5460311239591,35.6149241387367
7383,80,80.5460311239591,35.6149241387367
7384,80,80.5460311239591,35.6149241387367
7385,80,80.5460311239591,35.6149241387367
7386,80,80.5460311239591,35.6149241387367
7387,80,80.5460311239591,35.6149241387367
7388,80,80.5460311239591,35.6149241387367
7389,80,80.5460311239591,35.6149241387367
7390,80,80.5460311239591,35.6149241387367
7391,80,80.5460311239591,35.6149241387367
7392,80,80.5460311239591,35.6149241387367
7393,80,80.5460311239591,35.6149241387367
7394,80,80.5460311239591,35.6149241387367
7395,80,80.5460311239591,35.6149241387367
7396,80,80.5460311239591,35.6149241387367
7397,80,80.5460311239591,35.6149241387367
7398,80,80.5460311239591,35.6149241387367
7399,80,80.5460311239591,35.6149241387367
7400,80,80.5460311239591,35.6149241387367
7401,80,80.5460311239591,35.6149241387367
7402,80,80.5460311239591,35.6149241387367
7403,80,80.5460311239591,35.6149241387367
7404,80,80.5460311239591,35.6149241387367
7405,80,80.5460311239591,35.6149241387367
7406,80,80.5460311239591,35.6149241387367
7407,80,80.5460311239591,35.6149241387367
7408,80,80.5460311239591,35.6149241387367
7409,80,80.5460311239591,35.6149241387367
7410,80,80.5460311239591,35.6149241387367
7411,80,80.5460311239591,35.6149241387367
7412,80,80.5460311239591,35.6149241387367
7413,80,80.5460311239591,35.6149241387367
7414,80,80.5460311239591,35.6149241387367
7415,80,80.5460311239591,35.6149241387367
7416,80,80.5460311239591,35.6149241387367
7417,80,80.5460311239591,35.6149241387367
7418,80,80.5460311239591,35.6149241387367
7419,80,80.5460311239591,35.6149241387367
7420,80,80.5460311239591,35.6149241387367
7421,80,80.5460311239591,35.6149241387367
7422,80,80.5460311239591,35.6149241387367
7423,80,80.5460311239591,35.6149241387367
7424,80,80.5460311239591,35.6149241387367
7425,80,80.5460311239591,35.6149241387367
7426,80,80.5460311239591,35.6149241387367
7427,80,80.5460311239591,35.6149241387367
7428,80,80.5460311239591,35.6149241387367
7429,80,80.5460311239591,35.6149241387367
7430,80,80.5460311239591,35.6149241387367
7431,80,80.5460311239591,35.6149241387367
7432,80,80.5460311239591,35.6149241387367
7433,80,80.5460311239591,35.6149241387367
7434,80,80.5460311239591,35.6149241387367
7435,80,80.5460311239591,35.6149241387367
7436,80,80.5460311239591,35.6149241387367
7437,80,80.5460311239591,35.6149241387367
7438,80,80.5460311239591,35.6149241387367
7439,80,80.5460311239591,35.6149241387367
7440,80,80.5460311239591,35.6149241387367
7441,80,80.5460311239591,35.6149241387367
7442,80,80.5460311239591,35.6149241387367
7443,80,80.5460311239591,35.6149241387367
7444,80,80.5460311239591,35.6149241387367
7445,80,80.5460311239591,35.6149241387367
7446,80,80.5460311239591,35.6149241387367
7447,80,80.5460311239591,35.6149241387367
7448,80,80.5460311239591,35.6149241387367
7449,80,80.5460311239591,35.6149241387367
7450,80,80.5460311239591,35.6149241387367
7451,80,80.5460311239591,35.6149241387367
7452,80,80.5460311239591,35.6149241387367
7453,80,80.5460311239591,35.6149241387367
7454,80,80.5460311239591,35.6149241387367
7455,80,80.5460311239591,35.6149241387367
7456,80,80.5460311239591,35.6149241387367
7457,80,80.5460311239591,35.6149241387367
7458,80,80.5460311239591,35.6149241387367
7459,80,80.5460311239591,35.6149241387367
7460,80,80.5460311239591,35.6149241387367
7461,80,80.5460311239591,35.6149241387367
7462,80,80.5460311239591,35.6149241387367
7463,80,80.5460311239591,35.6149241387367
7464,80,80.5460311239591,35.6149241387367
7465,80,80.5460311239591,35.6149241387367
7466,80,80.5460311239591,35.6149241387367
7467,80,80.5460311239591,35.6149241387367
7468,80,80.5460311239591,35.6149241387367
7469,80,80.5460311239591,35.6149241387367
7470,80,80.6488292029349,35.6959562473667
7471,80,80.6488292029349,35.6959562473667
7472,80,80.6488292029349,35.6959562473667
7473,80,80.6488292029349,35.6959562473667
7474,80,80.6488292029349,35.6959562473667
7475,80,80.6488292029349,35.6959562473667
7476,80,80.6488292029349,35.6959562473667
7477,80,80.6488292029349,35.6959562473667
7478,80,80.6488292029349,35.6959562473667
7479,80,80.6488292029349,35.6959562473667
7480,80,80.6488292029349,35.6959562473667
7481,80,80.6488292029349,35.6959562473667
7482,80,80.6488292029349,35.6959562473667
7483,80,80.6488292029349,35.6959562473667
7484,80,80.6488292029349,35.6959562473667
7485,80,80.6488292029349,35.6959562473667
7486,80,80.6488292029349,35.6959562473667
7487,80,80.6488292029349,35.6959562473667
7488,80,80.6488292029349,35.6959562473667
7489,80,80.6488292029349,35.6959562473667
7490,80,80.6488292029349,35.6959562473667
7491,80,80.6488292029349,35.6959562473667
7492,80,80.6488292029349,35.6959562473667
7493,80,80.6488292029349,35.6959562473667
7494,80,80.6488292029349,35.6959562473667
7495,80,80.6488292029349,35.6959562473667
7496,80,80.6488292029349,35.6959562473667
7497,80,80.6488292029349,35.6959562473667
7498,80,80.6488292029349,35.6959562473667
7499,80,80.6488292029349,35.6959562473667
7500,80,80.6488292029349,35.6959562473667
7501,80,80.6488292029349,35.6959562473667
7502,80,80.6488292029349,35.6959562473667
7503,80,80.6488292029349,35.6959562473667
7504,80,80.6488292029349,35.6959562473667
7505,80,80.6488292029349,35.6959562473667
7506,80,80.6488292029349,35.6959562473667
7507,80,80.6488292029349,35.6959562473667
7508,80,80.6488292029349,35.6959562473667
7509,80,80.6488292029349,35.6959562473667
7510,80,80.6488292029349,35.6959562473667
7511,80,80.6488292029349,35.6959562473667
7512,80,80.6488292029349,35.6959562473667
7513,80,80.6488292029349,35.6959562473667
7514,80,80.6488292029349,35.6959562473667
7515,80,80.6488292029349,35.6959562473667
7516,80,80.6488292029349,35.6959562473667
7517,80,80.6488292029349,35.6959562473667
7518,80,80.6488292029349,35.6959562473667
7519,80,80.6488292029349,35.6959562473667
7520,80,80.6488292029349,35.6959562473667
7521,80,80.6488292029349,35.6959562473667
7522,80,80.6488292029349,35.6959562473667
7523,80,80.6488292029349,35.6959562473667
7524,80,80.6488292029349,35.6959562473667
7525,80,80.6488292029349,35.6959562473667
7526,80,80.6488292029349,35.6959562473667
7527,80,80.6488292029349,35.6959562473667
7528,80,80.6488292029349,35.6959562473667
7529,80,80.6488292029349,35.6959562473667
7530,80,80.6488292029349,35.6959562473667
7531,80,80.6488292029349,35.6959562473667
7532,80,80.6488292029349,35.6959562473667
7533,80,80.6488292029349,35.6959562473667
7534,80,80.6488292029349,35.6959562473667
7535,80,80.6488292029349,35.6959562473667
7536,80,80.6488292029349,35.6959562473667
7537,80,80.6488292029349,35.6959562473667
7538,80,80.6488292029349,35.6959562473667
7539,80,80.6488292029349,35.6959562473667
7540,80,80.6488292029349,35.6959562473667
7541,80,80.6488292029349,35.6959562473667
7542,80,80.6488292029349,35.6959562473667
7543,80,80.6488292029349,35.6959562473667
7544,80,80.6488292029349,35.6959562473667
7545,80,80.6488292029349,35.6959562473667
7546,80,80.6488292029349,35.6959562473667
7547,80,80.6488292029349,35.6959562473667
7548,80,80.6488292029349,35.6959562473667
7549,80,80.6488292029349,35.6959562473667
7550,80,80.6488292029349,35.6959562473667
7551,80,80.6488292029349,35.6959562473667
7552,80,80.6488292029349,35.6959562473667
7553,80,80.6488292029349,35.6959562473667
7554,80,80.6488292029349,35.6959562473667
7555,80,80.6488292029349,35.6959562473667
7556,80,80.6488292029349,35.6959562473667
7557,80,80.6488292029349,35.6959562473667
7558,80,80.6488292029349,35.6959562473667
7559,80,80.6488292029349,35.6959562473667
7560,80,80.6488292029349,35.6959562473667
7561,80,80.6488292029349,35.6959562473667
7562,80,80.6488292029349,35.6959562473667
7563,80,80.6488292029349,35.6959562473667
7564,80,80.6488292029349,35.6959562473667
7565,80,80.6488292029349,35.6959562473667
7566,80,80.6488292029349,35.6959562473667
7567,80,80.6488292029349,35.6959562473667
7568,80,80.6488292029349,35.6959562473667
7569,80,80.6488292029349,35.6959562473667
7570,80,80.6488292029349,35.6959562473667
7571,80,80.6488292029349,35.6959562473667
7572,80,80.6488292029349,35.6959562473667
7573,80,80.6488292029349,35.6959562473667
7574,80,80.6488292029349,35.6959562473667
7575,80,80.6488292029349,35.6959562473667
7576,80,80.6488292029349,35.6959562473667
7577,80,80.6488292029349,35.6959562473667
7578,80,80.6488292029349,35.6959562473667
7579,80,80.6488292029349,35.6959562473667
7580,80,80.6488292029349,35.6959562473667
7581,80,80.6488292029349,35.6959562473667
7582,80,80.6488292029349,35.6959562473667
7583,80,80.6488292029349,35.6959562473667
7584,80,80.6488292029349,35.6959562473667
7585,80,80.6488292029349,35.6959562473667
7586,80,80.6488292029349,35.6959562473667
7587,80,80.6488292029349,35.6959562473667
7588,80,80.6488292029349,35.6959562473667
7589,80,80.6488292029349,35.6959562473667
7590,80,80.6488292029349,35.6959562473667
7591,80,80.6488292029349,35.6959562473667
7592,80,80.6488292029349,35.6959562473667
7593,80,80.6488292029349,35.6959562473667
7594,80,80.6488292029349,35.6959562473667
7595,80,80.6488292029349,35.6959562473667
7596,80,80.6488292029349,35.6959562473667
7597,80,80.6488292029349,35.6959562473667
7598,80,80.6488292029349,35.6959562473667
7599,80,80.6488292029349,35.6959562473667
7600,80,80.6488292029349,35.6959562473667
7601,80,80.6488292029349,35.6959562473667
7602,80,80.6488292029349,35.6959562473667
7603,80,80.6488292029349,35.6959562473667
7604,80,80.6488292029349,35.6959562473667
7605,80,80.6488292029349,35.6959562473667
7606,80,80.6488292029349,35.6959562473667
7607,80,80.6488292029349,35.6959562473667
7608,80,80.6488292029349,35.6959562473667
7609,80,80.6488292029349,35.6959562473667
7610,80,80.6488292029349,35.6959562473667
7611,80,80.6488292029349,35.6959562473667
7612,80,80.6488292029349,35.6959562473667
7613,80,80.6488292029349,35.6959562473667
7614,80,80.6488292029349,35.6959562473667
7615,80,80.6488292029349,35.6959562473667
7616,80,80.6488292029349,35.6959562473667
7617,80,80.6488292029349,35.6959562473667
7618,80,80.6488292029349,35.6959562473667
7619,80,80.6488292029349,35.6959562473667
7620,80,80.6488292029349,35.6959562473667
7621,80,80.6488292029349,35.6959562473667
7622,80,80.6488292029349,35.6959562473667
7623,80,80.6488292029349,35.6959562473667
7624,80,80.6488292029349,35.6959562473667
7625,80,80.6488292029349,35.6959562473667
7626,80,80.6488292029349,35.6959562473667
7627,80,80.6488292029349,35.6959562473667
7628,80,80.6488292029349,35.6959562473667
7629,80,80.6488292029349,35.6959562473667
7630,80,80.6488292029349,35.6959562473667
7631,80,80.6488292029349,35.6959562473667
7632,80,80.6488292029349,35.6959562473667
7633,80,80.6488292029349,35.6959562473667
7634,80,80.6488292029349,35.6959562473667
7635,80,80.6488292029349,35.6959562473667
7636,80,80.6488292029349,35.6959562473667
7637,80,80.6488292029349,35.6959562473667
7638,80,80.6488292029349,35.6959562473667
7639,80,80.6488292029349,35.6959562473667
7640,80,80.6488292029349,35.6959562473667
7641,80,80.6488292029349,35.6959562473667
7642,80,80.6488292029349,35.6959562473667
7643,80,80.6488292029349,35.6959562473667
7644,80,80.6488292029349,35.6959562473667
7645,80,80.6488292029349,35.6959562473667
7646,80,80.6488292029349,35.6959562473667
7647,80,80.6488292029349,35.6959562473667
7648,80,80.6488292029349,35.6959562473667
7649,80,80.6488292029349,35.6959562473667
7650,80,80.6488292029349,35.6959562473667
7651,80,80.6488292029349,35.6959562473667
7652,80,80.6488292029349,35.6959562473667
7653,80,80.6488292029349,35.6959562473667
7654,80,80.6488292029349,35.6959562473667
7655,80,80.6488292029349,35.6959562473667
7656,80,80.6488292029349,35.6959562473667
7657,80,80.6488292029349,35.6959562473667
7658,80,80.6488292029349,35.6959562473667
7659,80,80.6488292029349,35.6959562473667
7660,80,80.6488292029349,35.6959562473667
7661,80,80.6488292029349,35.6959562473667
7662,80,80.6488292029349,35.6959562473667
7663,80,80.6488292029349,35.6959562473667
7664,80,80.6488292029349,35.6959562473667
7665,80,80.6488292029349,35.6959562473667
7666,80,80.6488292029349,35.6959562473667
7667,80,80.6488292029349,35.6959562473667
7668,80,80.6488292029349,35.6959562473667
7669,80,80.6488292029349,35.6959562473667
7670,80,80.6488292029349,35.6959562473667
7671,80,80.6488292029349,35.6959562473667
7672,80,80.6488292029349,35.6959562473667
7673,80,80.6488292029349,35.6959562473667
7674,80,80.6488292029349,35.6959562473667
7675,80,80.6488292029349,35.6959562473667
7676,80,80.6488292029349,35.6959562473667
7677,80,80.6488292029349,35.6959562473667
7678,80,80.6488292029349,35.6959562473667
7679,80,80.6488292029349,35.6959562473667
7680,80,80.6488292029349,35.6959562473667
7681,80,80.6488292029349,35.6959562473667
7682,80,80.6488292029349,35.6959562473667
7683,80,80.6488292029349,35.6959562473667
7684,80,80.6488292029349,35.6959562473667
7685,80,80.6488292029349,35.6959562473667
7686,80,80.6488292029349,35.6959562473667
7687,80,80.6488292029349,35.6959562473667
7688,80,80.6488292029349,35.6959562473667
7689,80,80.6488292029349,35.6959562473667
7690,80,80.6488292029349,35.6959562473667
7691,80,80.6488292029349,35.6959562473667
7692,80,80.6488292029349,35.6959562473667
7693,80,80.6488292029349,35.6959562473667
7694,80,80.6488292029349,35.6959562473667
7695,80,80.6488292029349,35.6959562473667
7696,80,80.6488292029349,35.6959562473667
7697,80,80.6488292029349,35.6959562473667
7698,80,80.6488292029349,35.6959562473667
7699,80,80.6488292029349,35.6959562473667
7700,80,80.6488292029349,35.6959562473667
7701,80,80.6488292029349,35.6959562473667
7702,80,80.6488292029349,35.6959562473667
7703,80,80.6488292029349,35.6959562473667
7704,80,80.6488292029349,35.6959562473667
7705,80,80.6488292029349,35.6959562473667
7706,80,80.6488292029349,35.6959562473667
7707,80,80.6488292029349,35.6959562473667
7708,80,80.6488292029349,35.6959562473667
7709,80,80.6488292029349,35.6959562473667
7710,80,80.6488292029349,35.6959562473667
7711,80,80.6488292029349,35.6959562473667
7712,80,80.6488292029349,35.6959562473667
7713,80,80.6488292029349,35.6959562473667
7714,80,80.6488292029349,35.6959562473667
7715,80,80.6488292029349,35.6959562473667
7716,80,80.6488292029349,35.6959562473667
7717,80,80.6488292029349,35.6959562473667
7718,80,80.6488292029349,35.6959562473667
7719,80,80.6392517881605,36.1600556596337
7720,80,80.6392517881605,36.1600556596337
7721,80,80.6392517881605,36.1600556596337
7722,80,80.6392517881605,36.1600556596337
7723,80,80.6392517881605,36.1600556596337
7724,80,80.6392517881605,36.1600556596337
7725,80,80.6392517881605,36.1600556596337
7726,80,80.6392517881605,36.1600556596337
7727,80,80.6392517881605,36.1600556596337
7728,80,80.6392517881605,36.1600556596337
7729,80,80.6392517881605,36.1600556596337
7730,80,80.6392517881605,36.1600556596337
7731,80,80.6392517881605,36.1600556596337
7732,80,80.6392517881605,36.1600556596337
7733,80,80.6392517881605,36.1600556596337
7734,80,80.6392517881605,36.1600556596337
7735,80,80.6392517881605,36.1600556596337
7736,80,80.6392517881605,36.1600556596337
7737,80,80.6392517881605,36.1600556596337
7738,80,80.6392517881605,36.1600556596337
7739,80,80.6392517881605,36.1600556596337
7740,80,80.6392517881605,36.1600556596337
7741,80,80.6392517881605,36.1600556596337
7742,80,80.6392517881605,36.1600556596337
7743,80,80.6392517881605,36.1600556596337
7744,80,80.6392517881605,36.1600556596337
7745,80,80.6392517881605,36.1600556596337
7746,80,80.6392517881605,36.1600556596337
7747,80,80.6392517881605,36.1600556596337
7748,80,80.6392517881605,36.1600556596337
7749,80,80.6392517881605,36.1600556596337
7750,80,80.6392517881605,36.1600556596337
7751,80,80.6392517881605,36.1600556596337
7752,80,80.6392517881605,36.1600556596337
7753,80,80.6392517881605,36.1600556596337
7754,80,80.6392517881605,36.1600556596337
7755,80,80.6392517881605,36.1600556596337
7756,80,80.6392517881605,36.1600556596337
7757,80,80.6392517881605,36.1600556596337
7758,80,80.6392517881605,36.1600556596337
7759,80,80.6392517881605,36.1600556596337
7760,80,80.6392517881605,36.1600556596337
7761,80,80.6392517881605,36.1600556596337
7762,80,80.6392517881605,36.1600556596337
7763,80,80.6392517881605,36.1600556596337
7764,80,80.6392517881605,36.1600556596337
7765,80,80.6392517881605,36.1600556596337
7766,80,80.6392517881605,36.1600556596337
7767,80,80.6392517881605,36.1600556596337
7768,80,80.6392517881605,36.1600556596337
7769,80,80.6392517881605,36.1600556596337
7770,80,80.6392517881605,36.1600556596337
7771,80,80.6392517881605,36.1600556596337
7772,80,80.6392517881605,36.1600556596337
7773,80,80.6392517881605,36.1600556596337
7774,80,80.6392517881605,36.1600556596337
7775,80,80.6392517881605,36.1600556596337
7776,80,80.6392517881605,36.1600556596337
7777,80,80.6392517881605,36.1600556596337
7778,80,80.6392517881605,36.1600556596337
7779,80,80.6392517881605,36.1600556596337
7780,80,80.6392517881605,36.1600556596337
7781,80,80.6392517881605,36.1600556596337
7782,80,80.6392517881605,36.1600556596337
7783,80,80.6392517881605,36.1600556596337
7784,80,80.6392517881605,36.1600556596337
7785,80,80.6392517881605,36.1600556596337
7786,80,80.6392517881605,36.1600556596337
7787,80,80.6392517881605,36.1600556596337
7788,80,80.6392517881605,36.1600556596337
7789,80,80.6392517881605,36.1600556596337
7790,80,80.6392517881605,36.1600556596337
7791,80,80.6392517881605,36.1600556596337
7792,80,80.6392517881605,36.1600556596337
7793,80,80.6392517881605,36.1600556596337
7794,80,80.6392517881605,36.1600556596337
7795,80,80.6392517881605,36.1600556596337
7796,80,80.6392517881605,36.1600556596337
7797,80,80.6392517881605,36.1600556596337
7798,80,80.6392517881605,36.1600556596337
7799,80,80.6392517881605,36.1600556596337
7800,80,80.6392517881605,36.1600556596337
7801,80,80.6392517881605,36.1600556596337
7802,80,80.6392517881605,36.1600556596337
7803,80,80.6392517881605,36.1600556596337
7804,80,80.6392517881605,36.1600556596337
7805,80,80.6392517881605,36.1600556596337
7806,80,80.6392517881605,36.1600556596337
7807,80,80.6392517881605,36.1600556596337
7808,80,80.6392517881605,36.1600556596337
7809,80,80.6392517881605,36.1600556596337
7810,80,80.6392517881605,36.1600556596337
7811,80,80.6392517881605,36.1600556596337
7812,80,80.6392517881605,36.1600556596337
7813,80,80.6392517881605,36.1600556596337
7814,80,80.6392517881605,36.1600556596337
7815,80,80.6392517881605,36.1600556596337
7816,80,80.6392517881605,36.1600556596337
7817,80,80.6392517881605,36.1600556596337
7818,80,80.6392517881605,36.1600556596337
7819,80,80.6392517881605,36.1600556596337
7820,80,80.6392517881605,36.1600556596337
7821,80,80.6392517881605,36.1600556596337
7822,80,80.6392517881605,36.1600556596337
7823,80,80.6392517881605,36.1600556596337
7824,80,80.6392517881605,36.1600556596337
7825,80,80.6392517881605,36.1600556596337
7826,80,80.6392517881605,36.1600556596337
7827,80,80.6392517881605,36.1600556596337
7828,80,80.6392517881605,36.1600556596337
7829,80,80.6392517881605,36.1600556596337
7830,80,80.6392517881605,36.1600556596337
7831,80,80.6392517881605,36.1600556596337
7832,80,80.6392517881605,36.1600556596337
7833,80,80.6392517881605,36.1600556596337
7834,80,80.6392517881605,36.1600556596337
7835,80,80.6392517881605,36.1600556596337
7836,80,80.6392517881605,36.1600556596337
7837,80,80.6392517881605,36.1600556596337
7838,80,80.6392517881605,36.1600556596337
7839,80,80.6392517881605,36.1600556596337
7840,80,80.6392517881605,36.1600556596337
7841,80,80.6392517881605,36.1600556596337
7842,80,80.6392517881605,36.1600556596337
7843,80,80.6392517881605,36.1600556596337
7844,80,80.6392517881605,36.1600556596337
7845,80,80.6392517881605,36.1600556596337
7846,80,80.6392517881605,36.1600556596337
7847,80,80.6392517881605,36.1600556596337
7848,80,80.6392517881605,36.1600556596337
7849,80,80.6392517881605,36.1600556596337
7850,80,80.6392517881605,36.1600556596337
7851,80,80.6392517881605,36.1600556596337
7852,80,80.6392517881605,36.1600556596337
7853,80,80.6392517881605,36.1600556596337
7854,80,80.6392517881605,36.1600556596337
7855,80,80.6392517881605,36.1600556596337
7856,80,80.6392517881605,36.1600556596337
7857,80,80.6392517881605,36.1600556596337
7858,80,80.6392517881605,36.1600556596337
7859,80,80.6392517881605,36.1600556596337
7860,80,80.6392517881605,36.1600556596337
7861,80,80.6392517881605,36.1600556596337
7862,80,80.6392517881605,36.1600556596337
7863,80,80.6392517881605,36.1600556596337
7864,80,80.6392517881605,36.1600556596337
7865,80,80.6392517881605,36.1600556596337
7866,80,80.6392517881605,36.1600556596337
7867,80,80.6392517881605,36.1600556596337
7868,80,80.6392517881605,36.1600556596337
7869,80,80.6392517881605,36.1600556596337
7870,80,80.6392517881605,36.1600556596337
7871,80,80.6392517881605,36.1600556596337
7872,80,80.6392517881605,36.1600556596337
7873,80,80.6392517881605,36.1600556596337
7874,80,80.6392517881605,36.1600556596337
7875,80,80.6392517881605,36.1600556596337
7876,80,80.6392517881605,36.1600556596337
7877,80,80.6392517881605,36.1600556596337
7878,80,80.6392517881605,36.1600556596337
7879,80,80.6392517881605,36.1600556596337
7880,80,80.6392517881605,36.1600556596337
7881,80,80.6392517881605,36.1600556596337
7882,80,80.6392517881605,36.1600556596337
7883,80,80.6392517881605,36.1600556596337
7884,80,80.6392517881605,36.1600556596337
7885,80,80.6392517881605,36.1600556596337
7886,80,80.6392517881605,36.1600556596337
7887,80,80.6392517881605,36.1600556596337
7888,80,80.6392517881605,36.1600556596337
7889,80,80.6392517881605,36.1600556596337
7890,80,80.6392517881605,36.1600556596337
7891,80,80.6392517881605,36.1600556596337
7892,80,80.6392517881605,36.1600556596337
7893,80,80.6392517881605,36.1600556596337
7894,80,80.6392517881605,36.1600556596337
7895,80,80.6392517881605,36.1600556596337
7896,80,80.6392517881605,36.1600556596337
7897,80,80.6392517881605,36.1600556596337
7898,80,80.6392517881605,36.1600556596337
7899,80,80.6392517881605,36.1600556596337
7900,80,80.6392517881605,36.1600556596337
7901,80,80.6392517881605,36.1600556596337
7902,80,80.6392517881605,36.1600556596337
7903,80,80.6392517881605,36.1600556596337
7904,80,80.6392517881605,36.1600556596337
7905,80,80.6392517881605,36.1600556596337
7906,80,80.6392517881605,36.1600556596337
7907,80,80.6392517881605,36.1600556596337
7908,80,80.6392517881605,36.1600556596337
7909,80,80.6392517881605,36.1600556596337
7910,80,80.6392517881605,36.1600556596337
7911,80,80.6392517881605,36.1600556596337
7912,80,80.6392517881605,36.1600556596337
7913,80,80.6392517881605,36.1600556596337
7914,80,80.6392517881605,36.1600556596337
7915,80,80.6392517881605,36.1600556596337
7916,80,80.6392517881605,36.1600556596337
7917,80,80.6392517881605,36.1600556596337
7918,80,80.6392517881605,36.1600556596337
7919,80,80.6392517881605,36.1600556596337
7920,80,80.6392517881605,36.1600556596337
7921,80,80.6392517881605,36.1600556596337
7922,80,80.6392517881605,36.1600556596337
7923,80,80.6392517881605,36.1600556596337
7924,80,80.6392517881605,36.1600556596337
7925,80,80.6392517881605,36.1600556596337
7926,80,80.6392517881605,36.1600556596337
7927,80,80.6392517881605,36.1600556596337
7928,80,80.6392517881605,36.1600556596337
7929,80,80.6392517881605,36.1600556596337
7930,80,80.6392517881605,36.1600556596337
7931,80,80.6392517881605,36.1600556596337
7932,80,80.6392517881605,36.1600556596337
7933,80,80.6392517881605,36.1600556596337
7934,80,80.6392517881605,36.1600556596337
7935,80,80.6392517881605,36.1600556596337
7936,80,80.6392517881605,36.1600556596337
7937,80,80.6392517881605,36.1600556596337
7938,80,80.6392517881605,36.1600556596337
7939,80,80.6392517881605,36.1600556596337
7940,80,80.6392517881605,36.1600556596337
7941,80,80.6392517881605,36.1600556596337
7942,80,80.6392517881605,36.1600556596337
7943,80,80.6392517881605,36.1600556596337
7944,80,80.6392517881605,36.1600556596337
7945,80,80.6392517881605,36.1600556596337
7946,80,80.6392517881605,36.1600556596337
7947,80,80.6392517881605,36.1600556596337
7948,80,80.6392517881605,36.1600556596337
7949,80,80.6392517881605,36.1600556596337
7950,80,80.6392517881605,36.1600556596337
7951,80,80.6392517881605,36.1600556596337
7952,80,80.6392517881605,36.1600556596337
7953,80,80.6392517881605,36.1600556596337
7954,80,80.6392517881605,36.1600556596337
7955,80,80.6392517881605,36.1600556596337
7956,80,80.6392517881605,36.1600556596337
7957,80,80.6392517881605,36.1600556596337
7958,80,80.6392517881605,36.1600556596337
7959,80,80.6392517881605,36.1600556596337
7960,80,80.6392517881605,36.1600556596337
7961,80,80.6392517881605,36.1600556596337
7962,80,80.6392517881605,36.1600556596337
7963,80,80.6392517881605,36.1600556596337
7964,80,80.6392517881605,36.1600556596337
7965,80,80.6392517881605,36.1600556596337
7966,80,80.6392517881605,36.1600556596337
7967,80,80.6392517881605,36.1600556596337
7968,80,80.582964880874,36.3505980800371
7969,80,80.582964880874,36.3505980800371
7970,80,80.582964880874,36.3505980800371
7971,80,80.582964880874,36.3505980800371
7972,80,80.582964880874,36.3505980800371
7973,80,80.582964880874,36.3505980800371
7974,80,80.582964880874,36.3505980800371
7975,80,80.582964880874,36.3505980800371
7976,80,80.582964880874,36.3505980800371
7977,80,80.582964880874,36.3505980800371
7978,80,80.582964880874,36.3505980800371
7979,80,80.582964880874,36.3505980800371
7980,80,80.582964880874,36.3505980800371
7981,80,80.582964880874,36.3505980800371
7982,80,80.582964880874,36.3505980800371
7983,80,80.582964880874,36.3505980800371
7984,80,80.582964880874,36.3505980800371
7985,80,80.582964880874,36.3505980800371
7986,80,80.582964880874,36.3505980800371
7987,80,80.582964880874,36.3505980800371
7988,80,80.582964880874,36.3505980800371
7989,80,80.582964880874,36.3505980800371
7990,80,80.582964880874,36.3505980800371
7991,80,80.582964880874,36.3505980800371
7992,80,80.582964880874,36.3505980800371
7993,80,80.582964880874,36.3505980800371
7994,80,80.582964880874,36.3505980800371
7995,80,80.582964880874,36.3505980800371
7996,80,80.582964880874,36.3505980800371
7997,80,80.582964880874,36.3505980800371
7998,80,80.582964880874,36.3505980800371
7999,80,80.582964880874,36.3505980800371
8000,80,80.582964880874,36.3505980800371
