tempo,SP,PV,MV
2000,80,70.793655,42.088314
2001,80,70.915752,42.088314
2002,80,71.037849,44.440798
2003,80,71.037849,46.793282
2004,80,71.037849,46.793282
2005,80,71.037849,46.793282
2006,80,71.135532,46.793282
2007,80,71.233215,46.793282
2008,80,71.233215,49.1965925
2009,80,71.233215,51.599903
2010,80,71.233215,51.599903
2011,80,71.709404,51.599903
2012,80,72.185593,51.599903
2013,80,72.185593,51.599903
2014,80,72.185593,53.080099
2015,80,72.185593,54.560295
2016,80,72.551895,54.560295
2017,80,72.551895,54.560295
2018,80,72.551895,54.560295
2019,80,73.113556,54.560295
2020,80,73.675217,56.0166395
2021,80,73.675217,57.472984
2022,80,73.675217,57.472984
2023,80,73.675217,57.472984
2024,80,74.1514055,57.472984
2025,80,74.627594,57.472984
2026,80,74.627594,58.614889
2027,80,74.627594,59.756794
2028,80,74.627594,59.756794
2029,80,75.286934,59.756794
2030,80,75.946274,59.756794
2031,80,75.946274,59.756794
2032,80,75.946274,60.369467
2033,80,76.4102555,60.98214
2034,80,76.874237,60.98214
2035,80,76.874237,60.98214
2036,80,76.874237,60.98214
2037,80,77.4603195,60.98214
2038,80,78.046402,61.1549875
2039,80,78.046402,61.327835
2040,80,78.046402,61.327835
2041,80,78.046402,61.327835
2042,80,78.68132,61.327835
2043,80,79.316238,61.327835
2044,80,79.316238,61.327835
2045,80,79.316238,61.327835
2046,80,79.316238,60.91795
2047,80,79.95116,60.91795
2048,80,80.586082,60.91795
2049,80,80.586082,60.91795
2050,80,80.586082,60.91795
2051,80,81.147743,60.238335
2052,80,81.709404,59.55872
2053,80,81.709404,59.55872
2054,80,81.709404,59.55872
2055,80,81.709404,59.55872
2056,80,82.2832755,59.55872
2057,80,82.857147,58.4720765
2058,80,82.857147,57.385433
2059,80,82.857147,57.385433
2060,80,83.431015,57.385433
2061,80,84.004883,57.385433
2062,80,84.004883,57.385433
2063,80,84.004883,57.385433
2064,80,84.004883,55.567854
2065,80,84.615383,53.750275
2066,80,85.225883,53.750275
2067,80,85.225883,53.750275
2068,80,85.225883,53.750275
2069,80,85.689865,53.750275
2070,80,86.153847,51.933283
2071,80,86.153847,50.116291
2072,80,86.153847,50.116291
2073,80,86.153847,50.116291
2074,80,86.6056175,50.116291
2075,80,87.057388,50.116291
2076,80,87.057388,46.097897
2077,80,87.057388,46.097897
2078,80,87.606838,46.097897
2079,80,88.156288,46.097897
2080,80,88.156288,46.097897
2081,80,88.156288,46.097897
2082,80,88.156288,43.444977
2083,80,88.4493295,40.792057
2084,80,88.742371,40.792057
2085,80,88.742371,40.792057
2086,80,88.742371,40.792057
2087,80,88.925522,40.792057
2088,80,89.108673,38.485796
2089,80,89.108673,36.179535
2090,80,89.108673,36.179535
2091,80,89.108673,36.179535
2092,80,89.3895035,36.179535
2093,80,89.670334,36.179535
2094,80,89.670334,33.587698
2095,80,89.670334,30.995861
2096,80,89.670334,30.995861
2097,80,89.780224,30.995861
2098,80,89.890114,30.995861
2099,80,89.890114,30.995861
2100,80,89.890114,30.995861
2101,80,89.890114,28.0178615
2102,80,89.975582,25.039862
2103,80,90.06105,25.039862
2104,80,90.06105,25.039862
2105,80,90.06105,25.039862
2106,80,90.06105,25.039862
2107,80,89.792435,22.746133
2108,80,89.792435,20.452404
2109,80,89.792435,20.452404
2110,80,89.792435,20.452404
2111,80,89.7313845,20.452404
2112,80,89.670334,18.0014255
2113,80,89.670334,15.550447
2114,80,89.670334,15.550447
2115,80,89.462761,15.550447
2116,80,89.255188,15.550447
2117,80,89.255188,15.550447
2118,80,89.255188,13.087452
2119,80,89.1086695,10.624457
2120,80,88.962151,10.624457
2121,80,88.962151,10.624457
2122,80,88.962151,10.624457
2123,80,88.742371,10.624457
2124,80,88.522591,8.639197
2125,80,88.522591,6.653937
2126,80,88.522591,6.653937
2127,80,88.522591,6.653937
2128,80,88.2417605,6.653937
2129,80,87.96093,6.653937
2130,80,87.96093,4.783781
2131,80,87.96093,2.913625
2132,80,87.96093,2.913625
2133,80,87.619049,2.913625
2134,80,87.277168,2.913625
2135,80,87.277168,2.913625
2136,80,87.277168,2.913625
2137,80,87.277168,1.4568125
2138,80,86.849819,0
2139,80,86.42247,0
2140,80,86.42247,0
2141,80,86.42247,0
2142,80,86.0561675,0
2143,80,85.689865,0
2144,80,85.689865,0
2145,80,85.689865,0
2146,80,85.286934,0
2147,80,84.884003,0
2148,80,84.884003,0
2149,80,84.884003,0
2150,80,84.884003,0
2151,80,84.4932825,0
2152,80,84.102562,0
2153,80,84.102562,0
2154,80,84.102562,0
2155,80,84.102562,0
2156,80,83.6141625,0
2157,80,83.125763,0
2158,80,83.125763,0
2159,80,83.125763,0
2160,80,82.7350425,0
2161,80,82.344322,0
2162,80,82.344322,0
2163,80,82.344322,0
2164,80,82.344322,0
2165,80,81.916973,0
2166,80,81.489624,0
2167,80,81.489624,0
2168,80,81.489624,0.029407
2169,80,81.147743,0.058814
2170,80,80.805862,0.058814
2171,80,80.805862,0.058814
2172,80,80.805862,0.058814
2173,80,80.805862,0.058814
2174,80,80.378513,0.058814
2175,80,79.951164,0.3679895
2176,80,79.951164,0.677165
2177,80,79.951164,0.677165
2178,80,79.572651,0.677165
2179,80,79.194138,0.677165
2180,80,79.194138,1.0734395
2181,80,79.194138,1.469714
2182,80,79.194138,1.469714
2183,80,78.7912105,1.469714
2184,80,78.388283,1.469714
2185,80,78.388283,1.469714
2186,80,78.388283,2.3201845
2187,80,77.936512,3.170655
2188,80,77.484741,3.170655
2189,80,77.484741,3.170655
2190,80,77.484741,3.170655
2191,80,77.484741,3.170655
2192,80,77.069599,3.170655
2193,80,76.654457,4.3316445
2194,80,76.654457,5.492634
2195,80,76.654457,5.492634
2196,80,76.654457,5.492634
2197,80,75.995117,5.492634
2198,80,75.995117,6.6733545
2199,80,75.995117,7.854075
2200,80,75.995117,7.854075
2201,80,75.555557,7.854075
2202,80,75.115997,7.854075
2203,80,75.115997,7.854075
2204,80,75.115997,7.854075
2205,80,74.7374875,9.6518135
2206,80,74.358978,11.449552
2207,80,74.358978,11.449552
2208,80,74.358978,11.449552
2209,80,74.358978,11.449552
2210,80,74.358978,11.449552
2211,80,74.0170975,13.1033335
2212,80,73.675217,14.757115
2213,80,73.675217,14.757115
2214,80,73.369965,14.757115
2215,80,73.064713,14.757115
2216,80,73.064713,14.757115
2217,80,73.064713,16.856875
2218,80,73.064713,18.956635
2219,80,72.7472535,18.956635
2220,80,72.429794,18.956635
2221,80,72.429794,18.956635
2222,80,72.429794,18.956635
2223,80,72.429794,18.956635
2224,80,72.2832755,21.3814985
2225,80,72.136757,23.806362
2226,80,72.136757,23.806362
2227,80,72.136757,23.806362
2228,80,72.136757,23.806362
2229,80,71.794876,25.9821845
2230,80,71.452995,28.158007
2231,80,71.452995,28.158007
2232,80,71.367523,28.158007
2233,80,71.282051,28.158007
2234,80,71.282051,28.158007
2235,80,71.282051,28.158007
2236,80,71.282051,30.598554
2237,80,71.172161,33.039101
2238,80,71.062271,33.039101
2239,80,71.062271,33.039101
2240,80,71.062271,33.039101
2241,80,71.062271,33.039101
2242,80,71.0012205,35.6547585
2243,80,70.94017,38.270416
2244,80,70.94017,38.270416
2245,80,70.94017,38.270416
2246,80,70.94017,38.270416
2247,80,71.0378495,38.270416
2248,80,71.135529,40.5469015
2249,80,71.135529,42.823387
2250,80,71.0989,42.823387
2251,80,71.062271,42.823387
2252,80,71.062271,42.823387
2253,80,71.062271,42.823387
2254,80,71.062271,45.058941
2255,80,71.1355325,47.294495
2256,80,71.208794,47.294495
2257,80,71.208794,47.294495
2258,80,71.208794,47.294495
2259,80,71.208794,47.294495
2260,80,71.4407845,47.294495
2261,80,71.672775,49.650782
2262,80,71.672775,52.007069
2263,80,71.672775,52.007069
2264,80,71.672775,52.007069
2265,80,72.124546,52.007069
2266,80,72.576317,52.007069
2267,80,72.576317,53.6902985
2268,80,72.576317,55.373528
2269,80,72.8327255,55.373528
2270,80,73.089134,55.373528
2271,80,73.089134,55.373528
2272,80,73.089134,55.373528
2273,80,73.626373,56.718979
2274,80,74.163612,58.06443
2275,80,74.163612,58.06443
2276,80,74.163612,58.06443
2277,80,74.163612,58.06443
2278,80,74.603176,58.06443
2279,80,75.04274,58.06443
2280,80,75.04274,59.1989495
2281,80,75.04274,60.333469
2282,80,75.04274,60.333469
2283,80,75.6166075,60.333469
2284,80,76.190475,60.333469
2285,80,76.190475,60.333469
2286,80,76.190475,60.333469
2287,80,76.7765575,61.269955
2288,80,77.36264,61.269955
2289,80,77.36264,61.269955
2290,80,77.36264,61.269955
2291,80,77.8022,61.269955
2292,80,78.24176,61.479788
2293,80,78.24176,61.689621
2294,80,78.24176,61.689621
2295,80,78.24176,61.689621
2296,80,78.913311,61.689621
2297,80,79.584862,61.689621
2298,80,79.584862,61.3521995
2299,80,79.584862,61.014778
2300,80,79.584862,61.014778
2301,80,80.1709405,61.014778
2302,80,80.757019,61.014778
2303,80,80.757019,61.014778
2304,80,80.757019,60.374443
2305,80,81.2576295,59.734108
2306,80,81.75824,59.734108
2307,80,81.75824,59.734108
2308,80,81.75824,59.734108
2309,80,82.3199005,59.734108
2310,80,82.881561,58.627548
2311,80,82.881561,57.520988
2312,80,82.881561,57.520988
2313,80,82.881561,57.520988
2314,80,83.5897445,57.520988
2315,80,84.297928,57.520988
2316,80,84.297928,57.520988
2317,80,84.297928,55.8792855
2318,80,84.297928,54.237583
2319,80,84.7985385,54.237583
2320,80,85.299149,54.237583
2321,80,85.299149,54.237583
2322,80,85.299149,52.5654085
2323,80,85.7387085,50.893234
2324,80,86.178268,50.893234
2325,80,86.178268,50.893234
2326,80,86.178268,50.893234
2327,80,86.178268,50.893234
2328,80,86.6788785,48.781065
2329,80,87.179489,46.668896
2330,80,87.179489,46.668896
2331,80,87.179489,46.668896
2332,80,87.6800995,46.668896
2333,80,88.18071,46.668896
2334,80,88.18071,46.668896
2335,80,88.18071,44.0413
2336,80,88.18071,41.413704
2337,80,88.4615405,41.413704
2338,80,88.742371,41.413704
2339,80,88.742371,41.413704
2340,80,88.742371,41.413704
2341,80,88.9743615,38.980648
2342,80,89.206352,36.547592
2343,80,89.206352,36.547592
2344,80,89.206352,36.547592
2345,80,89.206352,36.547592
2346,80,89.206352,36.547592
2347,80,89.474968,34.099657
2348,80,89.474968,31.651722
2349,80,89.474968,31.651722
2350,80,89.474968,31.651722
2351,80,89.694748,31.651722
2352,80,89.914528,31.651722
2353,80,89.914528,28.8945515
2354,80,89.914528,26.137381
2355,80,89.914528,26.137381
2356,80,89.8290595,26.137381
2357,80,89.743591,26.137381
2358,80,89.743591,26.137381
2359,80,89.743591,23.6826715
2360,80,89.7191695,21.227962
2361,80,89.694748,21.227962
2362,80,89.694748,21.227962
2363,80,89.694748,21.227962
2364,80,89.6214905,21.227962
2365,80,89.548233,18.7519825
2366,80,89.548233,16.276003
2367,80,89.548233,16.276003
2368,80,89.548233,16.276003
2369,80,89.2796135,16.276003
2370,80,89.010994,16.276003
2371,80,89.010994,16.276003
2372,80,89.010994,13.668726
2373,80,89.010994,11.061449
2374,80,88.888893,11.061449
2375,80,88.766792,11.061449
2376,80,88.766792,11.061449
2377,80,88.766792,11.061449
2378,80,88.5348015,9.144578
2379,80,88.302811,7.227707
2380,80,88.302811,7.227707
2381,80,88.302811,7.227707
2382,80,88.1074485,7.227707
2383,80,87.912086,7.227707
2384,80,87.912086,5.5485245
2385,80,87.912086,3.869342
2386,80,87.912086,3.869342
2387,80,87.4481085,3.869342
2388,80,86.984131,3.869342
2389,80,86.984131,3.869342
2390,80,86.984131,2.186865
2391,80,86.984131,0.504388
2392,80,86.568989,0.504388
2393,80,86.153847,0.504388
2394,80,86.153847,0.504388
2395,80,86.153847,0.504388
2396,80,85.726498,0.252194
2397,80,85.299149,0
2398,80,85.299149,0
2399,80,85.299149,0
2400,80,84.957268,0
2401,80,84.615387,0
2402,80,84.615387,0
2403,80,84.615387,0
2404,80,84.615387,0
2405,80,84.1514055,0
2406,80,83.687424,0
2407,80,83.687424,0
2408,80,83.687424,0
2409,80,83.687424,0.0198535
2410,80,83.235653,0.039707
2411,80,82.783882,0.039707
2412,80,82.783882,0.039707
2413,80,82.783882,0.039707
2414,80,82.4420015,0.0279895
2415,80,82.100121,0.016272
2416,80,82.100121,0.016272
2417,80,82.100121,0.016272
2418,80,81.660561,0.016272
2419,80,81.221001,0.016272
2420,80,81.221001,0.03059
2421,80,81.221001,0.044908
2422,80,81.221001,0.044908
2423,80,80.8180695,0.044908
2424,80,80.415138,0.044908
2425,80,80.415138,0.044908
2426,80,80.415138,0.044908
2427,80,80.415138,0.3324185
2428,80,80.0122105,0.619929
2429,80,79.609283,0.619929
2430,80,79.609283,0.619929
2431,80,79.609283,0.619929
2432,80,79.23077,0.619929
2433,80,78.852257,1.1318065
2434,80,78.852257,1.643684
2435,80,78.852257,1.643684
2436,80,78.852257,1.643684
2437,80,77.948723,1.643684
2438,80,77.948723,1.643684
2439,80,77.948723,2.494979
2440,80,77.948723,3.346274
2441,80,77.533581,3.346274
2442,80,77.118439,3.346274
2443,80,77.118439,3.346274
2444,80,77.118439,3.346274
2445,80,77.118439,4.5385035
2446,80,76.5812,5.730733
2447,80,76.043961,5.730733
2448,80,76.043961,5.730733
2449,80,76.043961,5.730733
2450,80,75.7631305,5.730733
2451,80,75.4823,7.130566
2452,80,75.4823,8.530399
2453,80,75.4823,8.530399
2454,80,75.054947,8.530399
2455,80,74.627594,8.530399
2456,80,74.627594,8.530399
2457,80,74.627594,10.2983025
2458,80,74.627594,12.066206
2459,80,74.188034,12.066206
2460,80,73.748474,12.066206
2461,80,73.748474,12.066206
2462,80,73.748474,12.066206
2463,80,73.748474,12.066206
2464,80,73.431015,14.317772
2465,80,73.113556,16.569338
2466,80,73.113556,16.569338
2467,80,73.113556,16.569338
2468,80,72.8449365,16.569338
2469,80,72.576317,16.569338
2470,80,72.576317,18.584777
2471,80,72.576317,20.600216
2472,80,72.576317,20.600216
2473,80,72.3321155,20.600216
2474,80,72.087914,20.600216
2475,80,72.087914,20.600216
2476,80,72.087914,22.7049465
2477,80,71.868134,24.809677
2478,80,71.648354,24.809677
2479,80,71.648354,24.809677
2480,80,71.648354,24.809677
2481,80,71.648354,24.809677
2482,80,71.4529915,24.809677
2483,80,71.257629,27.407178
2484,80,71.257629,30.004679
2485,80,71.257629,30.004679
2486,80,71.184372,30.004679
2487,80,71.111115,30.004679
2488,80,71.111115,32.249984
2489,80,71.111115,34.495289
2490,80,71.111115,34.495289
2491,80,70.9157525,34.495289
2492,80,70.72039,34.495289
2493,80,70.72039,34.495289
2494,80,70.72039,36.887966
2495,80,70.8058625,39.280643
2496,80,70.891335,39.280643
2497,80,70.891335,39.280643
2498,80,70.891335,39.280643
2499,80,70.891335,39.280643
2500,80,70.891335,39.280643
2501,80,70.866913,41.8834205
2502,80,70.842491,44.486198
2503,80,70.842491,44.486198
2504,80,70.842491,44.486198
2505,80,70.854702,44.486198
2506,80,70.866913,44.486198
2507,80,70.866913,46.6837595
2508,80,70.866913,48.881321
2509,80,70.866913,48.881321
2510,80,71.0378535,48.881321
2511,80,71.208794,48.881321
2512,80,71.208794,48.881321
2513,80,71.208794,48.881321
2514,80,71.648354,50.913727
2515,80,72.087914,52.946133
2516,80,72.087914,52.946133
2517,80,72.087914,52.946133
2518,80,72.087914,52.946133
2519,80,72.405373,52.946133
2520,80,72.722832,54.648249
2521,80,72.722832,56.350365
2522,80,73.1868135,56.350365
2523,80,73.650795,56.350365
2524,80,73.650795,56.350365
2525,80,73.650795,57.581509
2526,80,74.102566,58.812653
2527,80,74.554337,58.812653
2528,80,74.554337,58.812653
2529,80,74.554337,58.812653
2530,80,74.554337,58.812653
2531,80,75.177048,59.6984005
2532,80,75.799759,60.584148
2533,80,75.799759,60.584148
2534,80,75.799759,60.584148
2535,80,75.799759,60.584148
2536,80,76.3980485,60.584148
2537,80,76.996338,61.100494
2538,80,76.996338,61.61684
2539,80,76.996338,61.61684
2540,80,77.4847375,61.61684
2541,80,77.973137,61.61684
2542,80,77.973137,61.61684
2543,80,77.973137,61.6709115
2544,80,77.973137,61.724983
2545,80,78.5836375,61.724983
2546,80,79.194138,61.724983
2547,80,79.194138,61.724983
2548,80,79.194138,61.724983
2549,80,79.194138,61.724983
2550,80,79.816849,61.3270265
2551,80,80.43956,60.92907
2552,80,80.43956,60.92907
2553,80,80.43956,60.92907
2554,80,80.43956,60.92907
2555,80,81.086693,60.92907
2556,80,81.733826,60.92907
2557,80,81.733826,60.92907
2558,80,82.3076935,59.010319
2559,80,82.881561,59.010319
2560,80,82.881561,59.010319
2561,80,82.881561,59.010319
2562,80,82.881561,57.903765
2563,80,83.418804,56.797211
2564,80,83.956047,56.797211
2565,80,83.956047,56.797211
2566,80,83.956047,56.797211
2567,80,83.956047,56.797211
2568,80,84.590965,55.046345
2569,80,85.225883,53.295479
2570,80,85.225883,53.295479
2571,80,85.225883,53.295479
2572,80,85.225883,53.295479
2573,80,85.7264935,53.295479
2574,80,86.227104,51.4106275
2575,80,86.227104,49.525776
2576,80,86.227104,49.525776
2577,80,86.654457,49.525776
2578,80,87.08181,49.525776
2579,80,87.08181,49.525776
2580,80,87.08181,47.3688605
2581,80,87.509159,45.211945
2582,80,87.936508,45.211945
2583,80,87.936508,45.211945
2584,80,87.936508,45.211945
2585,80,87.936508,45.211945
2586,80,88.3272285,45.211945
2587,80,88.717949,45.211945
2588,80,88.717949,39.498692
2589,80,88.717949,39.498692
2590,80,88.717949,39.498692
2591,80,88.9743615,39.498692
2592,80,89.230774,39.498692
2593,80,89.230774,37.071671
2594,80,89.230774,34.64465
2595,80,89.450554,34.64465
2596,80,89.670334,34.64465
2597,80,89.670334,34.64465
2598,80,89.670334,34.64465
2599,80,89.682541,32.0818065
2600,80,89.694748,29.518963
2601,80,89.694748,29.518963
2602,80,89.694748,29.518963
2603,80,89.694748,29.518963
2604,80,89.804638,29.518963
2605,80,89.914528,29.518963
2606,80,89.914528,26.5594005
2607,80,89.914528,23.599838
2608,80,89.914528,23.599838
2609,80,89.8290595,23.599838
2610,80,89.743591,23.599838
2611,80,89.743591,21.30235
2612,80,89.743591,19.004862
2613,80,89.6947515,19.004862
2614,80,89.645912,19.004862
2615,80,89.645912,19.004862
2616,80,89.645912,19.004862
2617,80,89.645912,19.004862
2618,80,89.230774,16.5677795
2619,80,89.230774,14.130697
2620,80,89.230774,14.130697
2621,80,89.230774,14.130697
2622,80,89.133091,14.130697
2623,80,89.035408,14.130697
2624,80,89.035408,11.679618
2625,80,89.035408,9.228539
2626,80,89.035408,9.228539
2627,80,88.7667885,9.228539
2628,80,88.498169,9.228539
2629,80,88.498169,9.228539
2630,80,88.498169,7.367214
2631,80,88.2173385,5.505889
2632,80,87.936508,5.505889
2633,80,87.936508,5.505889
2634,80,87.936508,5.505889
2635,80,87.6556775,5.505889
2636,80,87.374847,3.7225225
2637,80,87.374847,1.939156
2638,80,87.374847,1.939156
2639,80,87.374847,1.939156
2640,80,86.959709,1.939156
2641,80,86.544571,1.939156
2642,80,86.544571,1.939156
2643,80,86.544571,0.986338
2644,80,86.544571,0.03352
2645,80,86.129429,0.03352
2646,80,85.714287,0.03352
2647,80,85.714287,0.03352
2648,80,85.714287,0.03352
2649,80,85.347988,0.01676
2650,80,84.981689,0
2651,80,84.981689,0
2652,80,84.981689,0
2653,80,84.590969,0
2654,80,84.200249,0
2655,80,84.200249,0
2656,80,84.200249,0
2657,80,84.200249,0
2658,80,83.736267,0
2659,80,83.272285,0
2660,80,83.272285,0
2661,80,83.272285,0
2662,80,83.272285,0.0034
2663,80,82.9181935,0.0068
2664,80,82.564102,0.0068
2665,80,82.564102,0.0068
2666,80,82.564102,0.0068
2667,80,82.161171,0.0068
2668,80,81.75824,0.036932
2669,80,81.75824,0.067064
2670,80,81.75824,0.067064
2671,80,81.3797305,0.067064
2672,80,81.001221,0.067064
2673,80,81.001221,0.067064
2674,80,81.001221,0.1462115
2675,80,81.001221,0.225359
2676,80,80.561661,0.225359
2677,80,80.122101,0.225359
2678,80,80.122101,0.225359
2679,80,80.122101,0.225359
2680,80,80.122101,0.225359
2681,80,79.682541,0.6113715
2682,80,79.242981,0.997384
2683,80,79.242981,0.997384
2684,80,79.242981,0.997384
2685,80,78.84005,0.997384
2686,80,78.437119,0.997384
2687,80,78.437119,1.634676
2688,80,78.437119,2.271968
2689,80,78.437119,2.271968
2690,80,78.07082,2.271968
2691,80,77.704521,2.271968
2692,80,77.704521,3.160848
2693,80,77.704521,4.049728
2694,80,77.277168,4.049728
2695,80,76.849815,4.049728
2696,80,76.849815,4.049728
2697,80,76.849815,4.049728
2698,80,76.849815,4.049728
2699,80,76.410255,5.3864145
2700,80,75.970695,6.723101
2701,80,75.970695,6.723101
2702,80,75.970695,6.723101
2703,80,75.555557,6.723101
2704,80,75.140419,6.723101
2705,80,75.140419,8.14035
2706,80,75.140419,9.557599
2707,80,75.140419,9.557599
2708,80,74.798538,9.557599
2709,80,74.456657,9.557599
2710,80,74.456657,9.557599
2711,80,74.456657,11.2555305
2712,80,74.0048865,12.953462
2713,80,73.553116,12.953462
2714,80,73.553116,12.953462
2715,80,73.553116,12.953462
2716,80,73.553116,12.953462
2717,80,73.321125,15.102245
2718,80,73.089134,17.251028
2719,80,73.089134,17.251028
2720,80,73.089134,17.251028
2721,80,72.759464,17.251028
2722,80,72.429794,17.251028
2723,80,72.429794,19.247548
2724,80,72.429794,21.244068
2725,80,72.429794,21.244068
2726,80,72.258854,21.244068
2727,80,72.087914,21.244068
2728,80,72.087914,21.244068
2729,80,72.087914,23.4616615
2730,80,71.868134,25.679255
2731,80,71.648354,25.679255
2732,80,71.648354,25.679255
2733,80,71.648354,25.679255
2734,80,71.648354,25.679255
2735,80,71.4529915,25.679255
2736,80,71.257629,28.273599
2737,80,71.257629,30.867943
2738,80,71.257629,30.867943
2739,80,71.2210005,30.867943
2740,80,71.184372,30.867943
2741,80,71.184372,30.867943
2742,80,71.184372,33.2169765
2743,80,71.184372,35.56601
2744,80,70.9890135,35.56601
2745,80,70.793655,35.56601
2746,80,70.793655,35.56601
2747,80,70.793655,37.8991625
2748,80,70.793655,40.232315
2749,80,70.8791235,40.232315
2750,80,70.964592,40.232315
2751,80,70.964592,40.232315
2752,80,70.964592,40.232315
2753,80,70.9035415,40.232315
2754,80,70.842491,42.7458975
2755,80,70.842491,45.25948
2756,80,70.842491,45.25948
2757,80,71.0256425,45.25948
2758,80,71.208794,45.25948
2759,80,71.208794,45.25948
2760,80,71.208794,47.481516
2761,80,71.208794,49.703552
2762,80,71.2454225,49.703552
2763,80,71.282051,49.703552
2764,80,71.282051,49.703552
2765,80,71.282051,49.703552
2766,80,71.282051,51.740883
2767,80,71.709404,53.778214
2768,80,72.136757,53.778214
2769,80,72.136757,53.778214
2770,80,72.136757,53.778214
2771,80,72.136757,53.778214
2772,80,72.5152665,53.778214
2773,80,72.893776,55.496237
2774,80,72.893776,57.21426
2775,80,73.211235,57.21426
2776,80,73.528694,57.21426
2777,80,73.528694,57.21426
2778,80,73.528694,57.21426
2779,80,73.528694,58.464447
2780,80,74.2490845,59.714634
2781,80,74.969475,59.714634
2782,80,74.969475,59.714634
2783,80,74.969475,59.714634
2784,80,74.969475,59.714634
2785,80,75.3601955,60.483681
2786,80,75.750916,61.252728
2787,80,75.750916,61.252728
2788,80,75.750916,61.252728
2789,80,75.750916,61.252728
2790,80,76.5201455,61.252728
2791,80,77.289375,61.64971
2792,80,77.289375,62.046692
2793,80,77.289375,62.046692
2794,80,77.838829,62.046692
2795,80,78.388283,62.046692
2796,80,78.388283,62.046692
2797,80,78.388283,61.972624
2798,80,78.388283,61.898556
2799,80,79.267403,61.898556
2800,80,79.267403,61.898556
2801,80,79.267403,61.898556
2802,80,79.267403,61.898556
2803,80,79.9755825,61.464878
2804,80,80.683762,61.0312
2805,80,80.683762,61.0312
2806,80,80.683762,61.0312
2807,80,80.683762,61.0312
2808,80,81.318684,61.0312
2809,80,81.953606,61.0312
2810,80,81.953606,60.01012
2811,80,82.4297945,58.98904
2812,80,82.905983,58.98904
2813,80,82.905983,58.98904
2814,80,82.905983,58.98904
2815,80,82.905983,57.845535
2816,80,83.5164835,56.70203
2817,80,84.126984,56.70203
2818,80,84.126984,56.70203
2819,80,84.126984,56.70203
2820,80,84.126984,56.70203
2821,80,84.725277,55.085415
2822,80,85.32357,53.4688
2823,80,85.32357,53.4688
2824,80,85.32357,53.4688
2825,80,85.32357,53.4688
2826,80,85.8485985,53.4688
2827,80,86.373627,53.4688
2828,80,86.373627,53.4688
2829,80,86.373627,48.958241
2830,80,86.923077,48.958241
2831,80,87.472527,48.958241
2832,80,87.472527,48.958241
2833,80,87.472527,48.958241
2834,80,87.7045175,46.772614
2835,80,87.936508,44.586987
2836,80,87.936508,44.586987
2837,80,87.936508,44.586987
2838,80,87.936508,44.586987
2839,80,88.376068,44.586987
2840,80,88.815628,42.1543315
2841,80,88.815628,39.721676
2842,80,88.815628,39.721676
2843,80,88.815628,39.721676
2844,80,89.12088,39.721676
2845,80,89.426132,39.721676
2846,80,89.426132,36.994541
2847,80,89.426132,34.267406
2848,80,89.645912,34.267406
2849,80,89.865692,34.267406
2850,80,89.865692,34.267406
2851,80,89.865692,34.267406
2852,80,89.902321,31.5905855
2853,80,89.93895,28.913765
2854,80,89.93895,28.913765
2855,80,89.93895,28.913765
2856,80,89.93895,28.913765
2857,80,90,28.913765
2858,80,90.06105,28.913765
2859,80,90.06105,23.631681
2860,80,90.06105,23.631681
2861,80,90.06105,23.631681
2862,80,89.963371,23.631681
2863,80,89.865692,23.631681
2864,80,89.865692,23.631681
2865,80,89.865692,20.694206
2866,80,89.768013,17.756731
2867,80,89.670334,17.756731
2868,80,89.670334,17.756731
2869,80,89.670334,17.756731
2870,80,89.572651,17.756731
2871,80,89.474968,15.452413
2872,80,89.474968,13.148095
2873,80,89.474968,13.148095
2874,80,89.474968,13.148095
2875,80,89.2063485,13.148095
2876,80,88.937729,13.148095
2877,80,88.937729,11.1245
2878,80,88.937729,9.100905
2879,80,88.937729,9.100905
2880,80,88.7423705,9.100905
2881,80,88.547012,9.100905
2882,80,88.547012,9.100905
2883,80,88.547012,6.898961
2884,80,88.229549,4.697017
2885,80,87.912086,4.697017
2886,80,87.912086,4.697017
2887,80,87.912086,4.697017
2888,80,87.912086,4.697017
2889,80,87.326012,3.1303725
2890,80,87.326012,1.563728
2891,80,87.326012,1.563728
2892,80,87.326012,1.563728
2893,80,86.8498195,1.563728
2894,80,86.373627,1.563728
2895,80,86.373627,0.781864
2896,80,86.373627,0
2897,80,86.373627,0
2898,80,86.019535,0
2899,80,85.665443,0
2900,80,85.665443,0
2901,80,85.665443,0
2902,80,85.2258835,0
2903,80,84.786324,0
2904,80,84.786324,0
2905,80,84.786324,0
2906,80,84.786324,0
2907,80,84.456654,0
2908,80,84.126984,0
2909,80,84.126984,0
2910,80,84.126984,0
2911,80,83.6141625,0
2912,80,83.101341,0
2913,80,83.101341,0.004622
2914,80,83.101341,0.009244
2915,80,83.101341,0.009244
2916,80,82.673992,0.009244
2917,80,82.246643,0.009244
2918,80,82.246643,0.009244
2919,80,82.246643,0.009244
2920,80,81.8803445,0.0156725
2921,80,81.514046,0.022101
2922,80,81.514046,0.022101
2923,80,81.514046,0.022101
2924,80,81.514046,0.022101
2925,80,81.074482,0.022101
2926,80,80.634918,0.0748295
2927,80,80.634918,0.127558
2928,80,80.634918,0.127558
2929,80,80.21978,0.127558
2930,80,79.804642,0.127558
2931,80,79.804642,0.127558
2932,80,79.804642,0.470195
2933,80,79.804642,0.812832
2934,80,79.4017105,0.812832
2935,80,78.998779,0.812832
2936,80,78.998779,0.812832
2937,80,78.998779,0.812832
2938,80,78.583641,1.523185
2939,80,78.168503,2.233538
2940,80,78.168503,2.233538
2941,80,78.168503,2.233538
2942,80,78.168503,2.233538
2943,80,77.7777825,2.233538
2944,80,77.387062,3.1272115
2945,80,77.387062,4.020885
2946,80,77.387062,4.020885
2947,80,77.0329705,4.020885
2948,80,76.678879,4.020885
2949,80,76.678879,4.020885
2950,80,76.678879,5.2545
2951,80,76.678879,6.488115
2952,80,76.1050075,6.488115
2953,80,75.531136,6.488115
2954,80,75.531136,6.488115
2955,80,75.531136,6.488115
2956,80,75.2503055,6.488115
2957,80,74.969475,8.232828
2958,80,74.969475,9.977541
2959,80,74.969475,9.977541
2960,80,74.969475,9.977541
2961,80,74.652016,9.977541
2962,80,74.334557,9.977541
2963,80,74.334557,11.674341
2964,80,74.334557,13.371141
2965,80,73.9438365,13.371141
2966,80,73.553116,13.371141
2967,80,73.553116,13.371141
2968,80,73.553116,13.371141
2969,80,73.553116,15.216994
2970,80,73.1990245,17.062847
2971,80,72.844933,17.062847
2972,80,72.844933,17.062847
2973,80,72.844933,17.062847
2974,80,72.600735,17.062847
2975,80,72.356537,17.062847
2976,80,72.356537,19.367006
2977,80,72.356537,21.671165
2978,80,72.356537,21.671165
2979,80,72.1978035,21.671165
2980,80,72.03907,21.671165
2981,80,72.03907,23.796145
2982,80,72.03907,25.921125
2983,80,72.03907,25.921125
2984,80,71.807083,25.921125
2985,80,71.575096,25.921125
2986,80,71.575096,25.921125
2987,80,71.575096,28.2389545
2988,80,71.575096,30.556784
2989,80,71.4163625,30.556784
2990,80,71.257629,30.556784
2991,80,71.257629,30.556784
2992,80,71.135532,30.556784
2993,80,71.013435,30.556784
2994,80,71.013435,33.228782
2995,80,71.013435,35.90078
2996,80,71.013435,35.90078
2997,80,70.903545,35.90078
2998,80,70.793655,35.90078
2999,80,70.793655,38.0963995
3000,80,70.793655,40.292019
3001,80,70.793655,40.292019
3002,80,70.903545,40.292019
3003,80,71.013435,40.292019
3004,80,71.013435,40.292019
3005,80,71.013435,42.626398
3006,80,71.013435,44.960777
3007,80,71.013435,44.960777
3008,80,71.013435,44.960777
3009,80,71.013435,44.960777
3010,80,71.013435,44.960777
3011,80,71.025642,44.960777
3012,80,71.037849,44.960777
3013,80,71.037849,47.4907895
3014,80,71.037849,50.020802
3015,80,71.037849,50.020802
3016,80,71.1843715,50.020802
3017,80,71.330894,50.020802
3018,80,71.330894,50.020802
3019,80,71.330894,51.8937855
3020,80,71.330894,53.766769
3021,80,71.8192935,53.766769
3022,80,72.307693,53.766769
3023,80,72.307693,53.766769
3024,80,72.307693,53.766769
3025,80,72.771675,55.2976015
3026,80,73.235657,56.828434
3027,80,73.235657,56.828434
3028,80,73.235657,56.828434
3029,80,73.235657,56.828434
3030,80,73.736267,56.828434
3031,80,74.236877,58.1224745
3032,80,74.236877,59.416515
3033,80,74.676437,59.416515
3034,80,75.115997,59.416515
3035,80,75.115997,59.416515
3036,80,75.115997,60.2274415
3037,80,75.677658,61.038368
3038,80,76.239319,61.038368
3039,80,76.239319,61.038368
3040,80,76.239319,61.038368
3041,80,76.239319,61.038368
3042,80,76.7399295,61.5096035
3043,80,77.24054,61.980839
3044,80,77.24054,61.980839
3045,80,77.24054,61.980839
3046,80,77.24054,61.980839
3047,80,77.887669,61.980839
3048,80,78.534798,61.980839
3049,80,78.534798,61.9626715
3050,80,78.534798,61.944504
3051,80,79.0720405,61.944504
3052,80,79.609283,61.944504
3053,80,79.609283,61.944504
3054,80,79.609283,61.5690025
3055,80,79.609283,61.193501
3056,80,80.2442015,61.193501
3057,80,80.87912,61.193501
3058,80,80.87912,61.193501
3059,80,80.87912,61.193501
3060,80,80.87912,61.193501
3061,80,81.477413,60.381794
3062,80,82.075706,59.570087
3063,80,82.075706,59.570087
3064,80,82.075706,59.570087
3065,80,82.771675,59.570087
3066,80,83.467644,59.570087
3067,80,83.467644,59.570087
3068,80,83.467644,58.043726
3069,80,83.467644,56.517365
3070,80,84.493286,56.517365
3071,80,84.493286,56.517365
3072,80,84.493286,56.517365
3073,80,84.493286,55.0292455
3074,80,84.9694745,53.541126
3075,80,85.445663,53.541126
3076,80,85.445663,53.541126
3077,80,85.445663,53.541126
3078,80,85.9218555,53.541126
3079,80,86.398048,53.541126
3080,80,86.398048,51.265123
3081,80,86.398048,48.98912
3082,80,86.398048,48.98912
3083,80,86.398048,48.98912
3084,80,87.0085485,48.98912
3085,80,87.619049,48.98912
3086,80,87.619049,47.159996
3087,80,87.619049,45.330872
3088,80,87.9731405,45.330872
3089,80,88.327232,45.330872
3090,80,88.327232,45.330872
3091,80,88.327232,45.330872
3092,80,88.327232,42.873772
3093,80,88.6324805,40.416672
3094,80,88.937729,40.416672
3095,80,88.937729,40.416672
3096,80,88.937729,40.416672
3097,80,89.1819305,40.416672
3098,80,89.426132,40.416672
3099,80,89.426132,37.4892635
3100,80,89.426132,34.561855
3101,80,89.426132,34.561855
3102,80,89.56044,34.561855
3103,80,89.694748,34.561855
3104,80,89.694748,32.1057145
3105,80,89.78022,29.649574
3106,80,89.865692,29.649574
3107,80,89.865692,29.649574
3108,80,89.865692,29.649574
3109,80,89.865692,27.039321
3110,80,89.8168525,24.429068
3111,80,89.768013,24.429068
3112,80,89.768013,24.429068
3113,80,89.768013,24.429068
3114,80,89.768013,24.429068
3115,80,89.8168525,24.429068
3116,80,89.865692,21.535601
3117,80,89.865692,18.642134
3118,80,89.865692,18.642134
3119,80,89.8168525,18.642134
3120,80,89.768013,18.642134
3121,80,89.768013,18.642134
3122,80,89.768013,16.6056525
3123,80,89.768013,14.569171
3124,80,89.56044,14.569171
3125,80,89.352867,14.569171
3126,80,89.352867,14.569171
3127,80,89.352867,14.569171
3128,80,89.352867,14.569171
3129,80,89.352867,14.569171
3130,80,88.815628,9.798482
3131,80,88.815628,9.798482
3132,80,88.815628,9.798482
3133,80,88.6691095,9.798482
3134,80,88.522591,7.9064045
3135,80,88.522591,6.014327
3136,80,88.522591,6.014327
3137,80,88.522591,6.014327
3138,80,88.192921,6.014327
3139,80,87.863251,6.014327
3140,80,87.863251,4.0957225
3141,80,87.4969485,2.177118
3142,80,87.130646,2.177118
3143,80,87.130646,2.177118
3144,80,87.130646,2.177118
3145,80,87.130646,2.177118
3146,80,86.764347,2.177118
3147,80,86.398048,1.088559
3148,80,86.398048,0
3149,80,86.398048,0
3150,80,86.398048,0
3151,80,85.995117,0
3152,80,85.592186,0.0200225
3153,80,85.592186,0.040045
3154,80,85.592186,0.040045
3155,80,85.140415,0.040045
3156,80,84.688644,0.040045
3157,80,84.688644,0.040045
3158,80,84.688644,0.040045
3159,80,84.688644,0.040045
3160,80,83.858368,0
3161,80,83.858368,0
3162,80,83.858368,0
3163,80,83.858368,0
3164,80,83.443226,0
3165,80,83.028084,0.0291185
3166,80,83.028084,0.058237
3167,80,83.028084,0.058237
3168,80,82.600735,0.058237
3169,80,82.173386,0.058237
3170,80,82.173386,0.058237
3171,80,82.173386,0.0291185
3172,80,82.173386,0
3173,80,82.173386,0
3174,80,81.746033,0
3175,80,81.31868,0
3176,80,81.31868,0
3177,80,81.31868,0
3178,80,81.001221,0.079893
3179,80,80.683762,0.159786
3180,80,80.683762,0.159786
3181,80,80.683762,0.159786
3182,80,80.1831515,0.159786
3183,80,79.682541,0.159786
3184,80,79.682541,0.494016
3185,80,79.682541,0.828246
3186,80,79.682541,0.828246
3187,80,79.3040315,0.828246
3188,80,78.925522,0.828246
3189,80,78.925522,0.828246
3190,80,78.925522,0.828246
3191,80,78.4615405,2.061359
3192,80,77.997559,2.061359
3193,80,77.997559,2.061359
3194,80,77.997559,2.061359
3195,80,77.63126,2.9808425
3196,80,77.264961,3.900326
3197,80,77.264961,3.900326
3198,80,77.264961,3.900326
3199,80,76.886448,3.900326
3200,80,76.507935,3.900326
3201,80,76.507935,3.900326
3202,80,76.507935,5.3395975
3203,80,76.507935,6.778869
3204,80,76.031746,6.778869
3205,80,75.555557,6.778869
3206,80,75.555557,6.778869
3207,80,75.555557,8.1284055
3208,80,75.555557,9.477942
3209,80,75.128208,9.477942
3210,80,74.700859,9.477942
3211,80,74.700859,9.477942
3212,80,74.700859,9.477942
3213,80,74.3467675,9.477942
3214,80,73.992676,11.335758
3215,80,73.992676,13.193574
3216,80,73.992676,13.193574
3217,80,73.650795,13.193574
3218,80,73.308914,13.193574
3219,80,73.308914,13.193574
3220,80,73.308914,13.193574
3221,80,73.308914,16.919085
3222,80,73.0402945,16.919085
3223,80,72.771675,16.919085
3224,80,72.771675,16.919085
3225,80,72.771675,16.919085
3226,80,72.771675,19.0561965
3227,80,72.539684,21.193308
3228,80,72.307693,21.193308
3229,80,72.307693,21.193308
3230,80,72.307693,21.193308
3231,80,72.014652,21.193308
3232,80,71.721611,21.193308
3233,80,71.721611,23.889889
3234,80,71.721611,26.58647
3235,80,71.721611,26.58647
3236,80,71.721611,26.58647
3237,80,71.514042,26.58647
3238,80,71.306473,26.58647
3239,80,71.306473,28.7899925
3240,80,71.306473,30.993515
3241,80,71.208794,30.993515
3242,80,71.111115,30.993515
3243,80,71.111115,30.993515
3244,80,71.111115,30.993515
3245,80,71.111115,33.4888915
3246,80,70.989014,35.984268
3247,80,70.866913,35.984268
3248,80,70.866913,35.984268
3249,80,70.866913,35.984268
3250,80,70.866913,35.984268
3251,80,71.013435,35.984268
3252,80,71.013435,38.528673
3253,80,71.013435,41.073078
3254,80,70.915752,41.073078
3255,80,70.818069,41.073078
3256,80,70.818069,41.073078
3257,80,70.818069,43.2288205
3258,80,70.818069,45.384563
3259,80,71.0134315,45.384563
3260,80,71.208794,45.384563
3261,80,71.208794,45.384563
3262,80,71.208794,45.384563
3263,80,71.208794,47.657072
3264,80,71.1355325,49.929581
3265,80,71.062271,49.929581
3266,80,71.062271,49.929581
3267,80,71.062271,49.929581
3268,80,71.514042,49.929581
3269,80,71.965813,49.929581
3270,80,71.965813,51.9580405
3271,80,71.965813,53.9865
3272,80,71.965813,53.9865
3273,80,72.271065,53.9865
3274,80,72.576317,53.9865
3275,80,72.576317,55.363394
3276,80,72.576317,56.740288
3277,80,73.113556,56.740288
3278,80,73.650795,56.740288
3279,80,73.650795,56.740288
3280,80,73.650795,56.740288
3281,80,73.650795,57.961365
3282,80,74.0415155,59.182442
3283,80,74.432236,59.182442
3284,80,74.432236,59.182442
3285,80,74.432236,59.182442
3286,80,74.981686,59.182442
3287,80,75.531136,59.182442
3288,80,75.531136,60.0423355
3289,80,75.531136,60.902229
3290,80,75.531136,60.902229
3291,80,76.251526,60.902229
3292,80,76.971916,60.902229
3293,80,76.971916,60.902229
3294,80,76.971916,61.263664
3295,80,76.971916,61.625099
3296,80,77.423687,61.625099
3297,80,77.875458,61.625099
3298,80,77.875458,61.625099
3299,80,77.875458,61.625099
3300,80,78.693531,61.566528
3301,80,79.511604,61.507957
3302,80,79.511604,61.507957
3303,80,79.511604,61.507957
3304,80,79.9145315,61.507957
3305,80,80.317459,61.507957
3306,80,80.317459,61.014097
3307,80,80.317459,60.520237
3308,80,80.317459,60.520237
3309,80,80.94017,60.520237
3310,80,81.562881,60.520237
3311,80,81.562881,60.520237
3312,80,81.562881,59.688183
3313,80,81.562881,58.856129
3314,80,82.1855925,58.856129
3315,80,82.808304,58.856129
3316,80,82.808304,58.856129
3317,80,82.808304,58.856129
3318,80,83.345543,57.5524655
3319,80,83.882782,56.248802
3320,80,83.882782,56.248802
3321,80,83.882782,56.248802
3322,80,83.882782,56.248802
3323,80,84.493286,56.248802
3324,80,85.10379,56.248802
3325,80,85.10379,54.220623
3326,80,85.10379,52.192444
3327,80,85.65324,52.192444
3328,80,86.20269,52.192444
3329,80,86.20269,52.192444
3330,80,86.20269,52.192444
3331,80,86.20269,50.409283
3332,80,86.630039,48.626122
3333,80,87.057388,48.626122
3334,80,87.057388,48.626122
3335,80,87.057388,48.626122
3336,80,87.594627,48.626122
3337,80,88.131866,46.070618
3338,80,88.131866,43.515114
3339,80,88.131866,43.515114
3340,80,88.131866,43.515114
3341,80,88.571426,43.515114
3342,80,88.571426,43.515114
3343,80,88.571426,41.2266235
3344,80,88.571426,38.938133
3345,80,88.803417,38.938133
3346,80,89.035408,38.938133
3347,80,89.035408,38.938133
3348,80,89.035408,38.938133
3349,80,89.035408,36.31324
3350,80,89.255188,33.688347
3351,80,89.474968,33.688347
3352,80,89.474968,33.688347
3353,80,89.474968,33.688347
3354,80,89.6092795,33.688347
3355,80,89.743591,33.688347
3356,80,89.743591,30.730382
3357,80,89.743591,27.772417
3358,80,89.8046415,27.772417
3359,80,89.865692,27.772417
3360,80,89.865692,27.772417
3361,80,89.865692,27.772417
3362,80,89.865692,25.2775555
3363,80,89.755802,22.782694
3364,80,89.645912,22.782694
3365,80,89.645912,22.782694
3366,80,89.645912,22.782694
3367,80,89.645912,22.782694
3368,80,89.7069625,20.2481845
3369,80,89.768013,17.713675
3370,80,89.768013,17.713675
3371,80,89.768013,17.713675
3372,80,89.768013,17.713675
3373,80,89.584862,17.713675
3374,80,89.401711,17.713675
3375,80,89.401711,15.215729
3376,80,89.401711,12.717783
3377,80,89.2063525,12.717783
3378,80,89.010994,12.717783
3379,80,89.010994,12.717783
3380,80,89.010994,12.717783
3381,80,88.68132,10.759575
3382,80,88.351646,8.801367
3383,80,88.351646,8.801367
3384,80,88.351646,8.801367
3385,80,88.351646,8.801367
3386,80,88.2051275,8.801367
3387,80,88.058609,6.753394
3388,80,88.058609,4.705421
3389,80,88.058609,4.705421
3390,80,88.058609,4.705421
3391,80,87.619049,4.705421
3392,80,87.179489,4.705421
3393,80,87.179489,4.705421
3394,80,87.179489,2.9845725
3395,80,86.874237,1.263724
3396,80,86.568985,1.263724
3397,80,86.568985,1.263724
3398,80,86.568985,1.263724
3399,80,86.568985,0.631862
3400,80,86.568985,0
3401,80,85.689865,0
3402,80,85.689865,0
3403,80,85.689865,0
3404,80,85.250305,0
3405,80,84.810745,0
3406,80,84.810745,0
3407,80,84.810745,0
3408,80,84.810745,0
3409,80,84.3223455,0
3410,80,83.833946,0
3411,80,83.833946,0
3412,80,83.833946,0.039069
3413,80,83.4554365,0.078138
3414,80,83.076927,0.078138
3415,80,83.076927,0.078138
3416,80,83.076927,0.078138
3417,80,82.7228355,0.078138
3418,80,82.368744,0.0541765
3419,80,82.368744,0.030215
3420,80,82.368744,0.030215
3421,80,82.368744,0.030215
3422,80,81.843712,0.030215
3423,80,81.31868,0.030215
3424,80,81.31868,0.053442
3425,80,81.31868,0.076669
3426,80,81.31868,0.076669
3427,80,81.001221,0.076669
3428,80,80.683762,0.076669
3429,80,80.683762,0.076669
3430,80,80.683762,0.076669
3431,80,80.1953625,0.3624645
3432,80,79.706963,0.64826
3433,80,79.706963,0.64826
3434,80,79.706963,0.64826
3435,80,79.706963,0.64826
3436,80,79.377293,0.64826
3437,80,79.047623,1.110299
3438,80,79.047623,1.572338
3439,80,79.047623,1.572338
3440,80,78.51038,1.572338
3441,80,77.973137,1.572338
3442,80,77.973137,1.572338
3443,80,77.973137,2.452238
3444,80,77.973137,3.332138
3445,80,77.5702095,3.332138
3446,80,77.167282,3.332138
3447,80,77.167282,3.332138
3448,80,77.167282,3.332138
3449,80,76.8009795,3.332138
3450,80,76.434677,4.7193805
3451,80,76.434677,6.106623
3452,80,76.434677,6.106623
3453,80,76.434677,6.106623
3454,80,76.019539,6.106623
3455,80,75.604401,6.106623
3456,80,75.604401,7.4419225
3457,80,75.604401,8.777222
3458,80,75.2258875,8.777222
3459,80,74.847374,8.777222
3460,80,74.847374,8.777222
3461,80,74.847374,8.777222
3462,80,74.847374,10.3253835
3463,80,74.420025,11.873545
3464,80,73.992676,11.873545
3465,80,73.992676,11.873545
3466,80,73.992676,11.873545
3467,80,73.687424,11.873545
3468,80,73.382172,13.9286605
3469,80,73.382172,15.983776
3470,80,73.382172,15.983776
3471,80,73.382172,15.983776
3472,80,73.1135525,15.983776
3473,80,72.844933,15.983776
3474,80,72.844933,17.884432
3475,80,72.844933,19.785088
3476,80,72.588524,19.785088
3477,80,72.332115,19.785088
3478,80,72.332115,19.785088
3479,80,72.332115,19.785088
3480,80,72.332115,22.051804
3481,80,72.112335,24.31852
3482,80,71.892555,24.31852
3483,80,71.892555,24.31852
3484,80,71.892555,24.31852
3485,80,71.599514,24.31852
3486,80,71.306473,24.31852
3487,80,71.306473,26.826831
3488,80,71.306473,29.335142
3489,80,71.306473,29.335142
3490,80,71.306473,29.335142
3491,80,71.306473,29.335142
3492,80,71.306473,31.575589
3493,80,71.306473,33.816036
3494,80,71.062271,33.816036
3495,80,70.818069,33.816036
3496,80,70.818069,33.816036
3497,80,70.818069,33.816036
3498,80,70.818069,36.191494
3499,80,70.927959,38.566952
3500,80,71.037849,38.566952
3501,80,71.037849,38.566952
3502,80,71.037849,38.566952
3503,80,70.976799,38.566952
3504,80,70.915749,38.566952
3505,80,70.915749,41.163624
3506,80,70.915749,43.760296
3507,80,70.915749,43.760296
3508,80,70.891331,43.760296
3509,80,70.866913,43.760296
3510,80,70.866913,43.760296
3511,80,70.866913,45.978037
3512,80,71.0989035,48.195778
3513,80,71.330894,48.195778
3514,80,71.330894,48.195778
3515,80,71.330894,48.195778
3516,80,71.330894,48.195778
3517,80,71.599514,50.146719
3518,80,71.868134,52.09766
3519,80,71.868134,52.09766
3520,80,71.868134,52.09766
3521,80,71.868134,52.09766
3522,80,72.747253,52.09766
3523,80,72.747253,53.8191145
3524,80,72.747253,55.540569
3525,80,72.747253,55.540569
3526,80,73.101345,55.540569
3527,80,73.455437,55.540569
3528,80,73.455437,55.540569
3529,80,73.455437,56.739418
3530,80,74.102566,57.938267
3531,80,74.749695,57.938267
3532,80,74.749695,57.938267
3533,80,74.749695,57.938267
3534,80,74.749695,57.938267
3535,80,75.152626,58.9106735
3536,80,75.555557,59.88308
3537,80,75.555557,59.88308
3538,80,75.555557,59.88308
3539,80,76.0439565,59.88308
3540,80,76.532356,59.88308
3541,80,76.532356,59.88308
3542,80,76.532356,60.4976715
3543,80,76.532356,61.112263
3544,80,77.167278,61.112263
3545,80,77.8022,61.112263
3546,80,77.8022,61.112263
3547,80,77.8022,61.112263
3548,80,77.8022,61.0551475
3549,80,78.4371185,60.998032
3550,80,79.072037,60.998032
3551,80,79.072037,60.998032
3552,80,79.072037,60.998032
3553,80,79.694748,60.998032
3554,80,80.317459,60.626446
3555,80,80.317459,60.25486
3556,80,80.317459,60.25486
3557,80,80.866913,60.25486
3558,80,81.416367,60.25486
3559,80,81.416367,60.25486
3560,80,81.416367,59.400938
3561,80,81.416367,58.547016
3562,80,81.8803445,58.547016
3563,80,82.344322,58.547016
3564,80,82.344322,58.547016
3565,80,82.344322,58.547016
3566,80,82.344322,57.413883
3567,80,83.0525055,56.28075
3568,80,83.760689,56.28075
3569,80,83.760689,56.28075
3570,80,83.760689,56.28075
3571,80,84.285717,56.28075
3572,80,84.810745,54.765314
3573,80,84.810745,53.249878
3574,80,84.810745,53.249878
3575,80,85.2991445,53.249878
3576,80,85.787544,53.249878
3577,80,85.787544,53.249878
3578,80,85.787544,53.249878
3579,80,85.787544,51.1706945
3580,80,86.2881545,49.091511
3581,80,86.788765,49.091511
3582,80,86.788765,49.091511
3583,80,86.788765,49.091511
3584,80,86.788765,47.0918065
3585,80,87.240536,45.092102
3586,80,87.692307,45.092102
3587,80,87.692307,45.092102
3588,80,87.692307,45.092102
3589,80,87.692307,45.092102
3590,80,88.1440775,42.6595935
3591,80,88.595848,40.227085
3592,80,88.595848,40.227085
3593,80,88.595848,40.227085
3594,80,88.6691095,40.227085
3595,80,88.742371,40.227085
3596,80,88.742371,40.227085
3597,80,88.742371,37.61401
3598,80,88.742371,35.000935
3599,80,88.962151,35.000935
3600,80,89.181931,35.000935
3601,80,89.181931,35.000935
3602,80,89.181931,35.000935
3603,80,89.377293,32.478672
3604,80,89.572655,29.956409
3605,80,89.572655,29.956409
3606,80,89.572655,29.956409
3607,80,89.572655,29.956409
3608,80,89.7191735,29.956409
3609,80,89.865692,29.956409
3610,80,89.865692,26.8964975
3611,80,89.865692,23.836586
3612,80,89.645912,23.836586
3613,80,89.426132,23.836586
3614,80,89.426132,23.836586
3615,80,89.426132,23.836586
3616,80,89.426132,23.836586
3617,80,89.4017105,21.168702
3618,80,89.377289,18.500818
3619,80,89.377289,18.500818
3620,80,89.377289,18.500818
3621,80,89.242981,18.500818
3622,80,89.108673,16.416464
3623,80,89.108673,14.33211
3624,80,89.108673,14.33211
3625,80,89.108673,14.33211
3626,80,88.9377325,14.33211
3627,80,88.766792,14.33211
3628,80,88.766792,12.222899
3629,80,88.766792,10.113688
3630,80,88.6446915,10.113688
3631,80,88.522591,10.113688
3632,80,88.522591,10.113688
3633,80,88.522591,10.113688
3634,80,88.522591,10.113688
3635,80,88.2173385,7.804948
3636,80,87.912086,5.496208
3637,80,87.912086,5.496208
3638,80,87.912086,5.496208
3639,80,87.912086,5.496208
3640,80,87.5579985,5.496208
3641,80,87.203911,5.496208
3642,80,87.203911,2.546684
3643,80,87.203911,2.546684
3644,80,86.776558,2.546684
3645,80,86.349205,2.546684
3646,80,86.349205,2.546684
3647,80,86.349205,1.273342
3648,80,86.349205,0
3649,80,85.885227,0
3650,80,85.421249,0
3651,80,85.421249,0
3652,80,85.421249,0
3653,80,85.018318,0
3654,80,84.615387,0
3655,80,84.615387,0
3656,80,84.615387,0
3657,80,84.615387,0
3658,80,84.285717,0
3659,80,83.956047,0
3660,80,83.956047,0
3661,80,83.956047,0
3662,80,83.4676475,0
3663,80,82.979248,0
3664,80,82.979248,0
3665,80,82.979248,0
3666,80,82.979248,0
3667,80,82.6129455,0
3668,80,82.246643,0
3669,80,82.246643,0
3670,80,82.246643,0
3671,80,82.246643,0
3672,80,81.416367,0.002109
3673,80,81.416367,0.004218
3674,80,81.416367,0.004218
3675,80,81.416367,0.004218
3676,80,81.0012245,0.004218
3677,80,80.586082,0.004218
3678,80,80.586082,0.225334
3679,80,80.586082,0.44645
3680,80,80.073261,0.44645
3681,80,79.56044,0.44645
3682,80,79.56044,0.44645
3683,80,79.56044,0.44645
3684,80,79.56044,0.979261
3685,80,79.1819305,1.512072
3686,80,78.803421,1.512072
3687,80,78.803421,1.512072
3688,80,78.803421,1.512072
3689,80,78.388279,1.512072
3690,80,77.973137,1.512072
3691,80,77.973137,2.4204865
3692,80,77.973137,3.328901
3693,80,77.973137,3.328901
3694,80,77.4847375,3.328901
3695,80,76.996338,3.328901
3696,80,76.996338,3.328901
3697,80,76.996338,4.3714445
3698,80,76.996338,5.413988
3699,80,76.6056175,5.413988
3700,80,76.214897,5.413988
3701,80,76.214897,5.413988
3702,80,76.214897,5.413988
3703,80,75.7509155,6.779187
3704,80,75.286934,8.144386
3705,80,75.286934,8.144386
3706,80,75.286934,8.144386
3707,80,75.054943,8.144386
3708,80,74.822952,8.144386
3709,80,74.822952,8.144386
3710,80,74.822952,9.997496
3711,80,74.822952,11.850606
3712,80,74.273502,11.850606
3713,80,73.724052,11.850606
3714,80,73.724052,11.850606
3715,80,73.724052,11.850606
3716,80,73.724052,13.6953105
3717,80,73.4676435,15.540015
3718,80,73.211235,15.540015
3719,80,73.211235,15.540015
3720,80,73.211235,15.540015
3721,80,72.8205145,15.540015
3722,80,72.429794,17.654142
3723,80,72.429794,19.768269
3724,80,72.429794,19.768269
3725,80,72.2710645,19.768269
3726,80,72.112335,19.768269
3727,80,72.112335,19.768269
3728,80,72.112335,19.768269
3729,80,72.112335,22.40485
3730,80,71.904762,25.041431
3731,80,71.697189,25.041431
3732,80,71.697189,25.041431
3733,80,71.697189,25.041431
3734,80,71.697189,25.041431
3735,80,71.477409,27.310495
3736,80,71.257629,29.579559
3737,80,71.257629,29.579559
3738,80,71.257629,29.579559
3739,80,71.15995,29.579559
3740,80,71.062271,31.835672
3741,80,71.062271,34.091785
3742,80,71.062271,34.091785
3743,80,71.062271,34.091785
3744,80,70.866913,34.091785
3745,80,70.671555,34.091785
3746,80,70.671555,34.091785
3747,80,70.671555,36.785263
3748,80,70.781445,39.478741
3749,80,70.891335,39.478741
3750,80,70.891335,39.478741
3751,80,70.891335,39.478741
3752,80,70.891335,39.478741
3753,80,70.757023,41.6539385
3754,80,70.622711,43.829136
3755,80,70.622711,43.829136
3756,80,70.622711,43.829136
3757,80,70.622711,43.829136
3758,80,70.866913,43.829136
3759,80,71.111115,46.1228525
3760,80,71.111115,48.416569
3761,80,71.111115,48.416569
3762,80,71.111115,48.416569
3763,80,71.1599545,48.416569
3764,80,71.208794,48.416569
3765,80,71.208794,50.7217465
3766,80,71.208794,53.026924
3767,80,71.5506745,53.026924
3768,80,71.892555,53.026924
3769,80,71.892555,53.026924
3770,80,71.892555,53.026924
3771,80,71.892555,54.585333
3772,80,72.344326,56.143742
3773,80,72.796097,56.143742
3774,80,72.796097,56.143742
3775,80,72.796097,56.143742
3776,80,73.223446,56.143742
3777,80,73.650795,57.579161
3778,80,73.650795,59.01458
3779,80,73.650795,59.01458
3780,80,73.650795,59.01458
3781,80,74.2368735,59.01458
3782,80,74.822952,59.01458
3783,80,74.822952,59.01458
3784,80,74.822952,60.1069125
3785,80,75.164833,61.199245
3786,80,75.506714,61.199245
3787,80,75.506714,61.199245
3788,80,75.506714,61.199245
3789,80,75.506714,61.706829
3790,80,76.251526,62.214413
3791,80,76.996338,62.214413
3792,80,76.996338,62.214413
3793,80,76.996338,62.214413
3794,80,77.4725305,62.214413
3795,80,77.948723,62.4424595
3796,80,77.948723,62.670506
3797,80,77.948723,62.670506
3798,80,77.948723,62.670506
3799,80,78.51038,62.670506
3800,80,79.072037,62.670506
3801,80,79.072037,62.670506
3802,80,79.072037,62.3778935
3803,80,79.60928,62.085281
3804,80,80.146523,62.085281
3805,80,80.146523,62.085281
3806,80,80.146523,62.085281
3807,80,80.146523,62.085281
3808,80,80.793652,61.45364
3809,80,81.440781,60.821999
3810,80,81.440781,60.821999
3811,80,81.440781,60.821999
3812,80,81.440781,60.821999
3813,80,82.1123315,60.821999
3814,80,82.783882,59.725483
3815,80,82.783882,58.628967
3816,80,82.783882,58.628967
3817,80,83.443222,58.628967
3818,80,84.102562,58.628967
3819,80,84.102562,58.628967
3820,80,84.102562,58.628967
3821,80,84.102562,56.7774315
3822,80,84.102562,54.925896
3823,80,85.299149,54.925896
3824,80,85.299149,54.925896
3825,80,85.299149,54.925896
3826,80,85.726498,54.925896
3827,80,86.153847,53.1799775
3828,80,86.153847,51.434059
3829,80,86.153847,51.434059
3830,80,86.153847,51.434059
3831,80,86.703297,51.434059
3832,80,87.252747,51.434059
3833,80,87.252747,49.3597735
3834,80,87.252747,47.285488
3835,80,87.7045175,47.285488
3836,80,88.156288,47.285488
3837,80,88.156288,47.285488
3838,80,88.156288,47.285488
3839,80,88.156288,44.6242525
3840,80,88.4371185,41.963017
3841,80,88.717949,41.963017
3842,80,88.717949,41.963017
3843,80,88.717949,41.963017
3844,80,88.9987795,41.963017
3845,80,89.27961,39.616299
3846,80,89.27961,37.269581
3847,80,89.27961,37.269581
3848,80,89.27961,37.269581
3849,80,89.487179,37.269581
3850,80,89.694748,37.269581
3851,80,89.694748,34.585296
3852,80,89.694748,31.901011
3853,80,89.804638,31.901011
3854,80,89.914528,31.901011
3855,80,89.914528,31.901011
3856,80,89.914528,31.901011
3857,80,89.914528,31.901011
3858,80,90.036629,28.9727145
3859,80,90.15873,26.044418
3860,80,90.15873,26.044418
3861,80,90.15873,26.044418
3862,80,90.10989,26.044418
3863,80,90.06105,23.7430735
3864,80,90.06105,21.441729
3865,80,90.06105,21.441729
3866,80,90.06105,21.441729
3867,80,89.975582,21.441729
3868,80,89.890114,21.441729
3869,80,89.890114,18.924554
3870,80,89.890114,16.407379
3871,80,89.890114,16.407379
3872,80,89.780224,16.407379
3873,80,89.670334,16.407379
3874,80,89.670334,16.407379
3875,80,89.670334,16.407379
3876,80,89.3772925,13.828788
3877,80,89.084251,11.250197
3878,80,89.084251,11.250197
3879,80,89.084251,11.250197
3880,80,88.9011,11.250197
3881,80,88.717949,11.250197
3882,80,88.717949,11.250197
3883,80,88.717949,7.189227
3884,80,88.717949,7.189227
3885,80,88.473751,7.189227
3886,80,88.229553,7.189227
3887,80,88.229553,7.189227
3888,80,88.229553,5.2916805
3889,80,88.229553,3.394134
3890,80,87.8876725,3.394134
3891,80,87.545792,3.394134
3892,80,87.545792,3.394134
3893,80,87.545792,3.394134
3894,80,87.0451815,1.7440665
3895,80,86.544571,0.093999
3896,80,86.544571,0.093999
3897,80,86.544571,0.093999
3898,80,86.214901,0.093999
3899,80,85.885231,0.093999
3900,80,85.885231,0.0469995
3901,80,85.885231,0
3902,80,85.885231,0
3903,80,85.470089,0
3904,80,85.054947,0
3905,80,85.054947,0
3906,80,85.054947,0
3907,80,85.054947,0
3908,80,84.615387,0
3909,80,84.175827,0
3910,80,84.175827,0
3911,80,84.175827,0
3912,80,84.175827,0
3913,80,83.748474,0
3914,80,83.321121,0
3915,80,83.321121,0
3916,80,83.321121,0
3917,80,82.9426115,0
3918,80,82.564102,0
3919,80,82.564102,0.0001585
3920,80,82.564102,0.000317
3921,80,82.1978035,0.000317
3922,80,81.831505,0.000317
3923,80,81.831505,0.000317
3924,80,81.831505,0.000317
3925,80,81.831505,0.0291645
3926,80,81.404152,0.058012
3927,80,80.976799,0.058012
3928,80,80.976799,0.058012
3929,80,80.976799,0.058012
3930,80,80.976799,0.058012
3931,80,80.525032,0.2283305
3932,80,80.073265,0.398649
3933,80,80.073265,0.398649
3934,80,80.073265,0.398649
3935,80,80.073265,0.398649
3936,80,79.6092835,0.398649
3937,80,79.145302,0.8070505
3938,80,79.145302,1.215452
3939,80,79.145302,1.215452
3940,80,78.8644715,1.215452
3941,80,78.583641,1.215452
3942,80,78.583641,1.215452
3943,80,78.583641,1.935488
3944,80,78.583641,2.655524
3945,80,78.1196595,2.655524
3946,80,77.655678,2.655524
3947,80,77.655678,2.655524
3948,80,77.655678,2.655524
3949,80,77.313797,2.655524
3950,80,76.971916,3.68072
3951,80,76.971916,4.705916
3952,80,76.971916,4.705916
3953,80,76.971916,4.705916
3954,80,76.459095,4.705916
3955,80,75.946274,5.974549
3956,80,75.946274,7.243182
3957,80,75.946274,7.243182
3958,80,75.689865,7.243182
3959,80,75.433456,7.243182
3960,80,75.433456,7.243182
3961,80,75.433456,8.7271515
3962,80,75.433456,10.211121
3963,80,75.006107,10.211121
3964,80,74.578758,10.211121
3965,80,74.578758,10.211121
3966,80,74.578758,10.211121
3967,80,74.175827,10.211121
3968,80,73.772896,12.1812755
3969,80,73.772896,14.15143
3970,80,73.772896,14.15143
3971,80,73.772896,14.15143
3972,80,73.772896,14.15143
3973,80,73.235657,14.15143
3974,80,73.235657,16.075286
3975,80,73.235657,17.999142
3976,80,72.930405,17.999142
3977,80,72.625153,17.999142
3978,80,72.625153,17.999142
3979,80,72.625153,17.999142
3980,80,72.625153,20.0937615
3981,80,72.405373,22.188381
3982,80,72.185593,22.188381
3983,80,72.185593,22.188381
3984,80,72.185593,22.188381
3985,80,72.185593,22.188381
3986,80,71.819294,24.607402
3987,80,71.452995,27.026423
3988,80,71.452995,27.026423
3989,80,71.452995,27.026423
3990,80,71.452995,27.026423
3991,80,71.355312,27.026423
3992,80,71.257629,29.369012
3993,80,71.257629,31.711601
3994,80,71.257629,31.711601
3995,80,71.257629,31.711601
3996,80,71.062271,31.711601
3997,80,70.866913,31.711601
3998,80,70.866913,34.163395
3999,80,70.854702,36.615189
4000,80,70.842491,36.615189
4001,80,70.842491,36.615189
4002,80,70.842491,36.615189
4003,80,70.842491,36.615189
4004,80,70.7936515,36.615189
4005,80,70.744812,39.413586
4006,80,70.744812,42.211983
4007,80,70.744812,42.211983
4008,80,70.744812,42.211983
4009,80,70.8180735,42.211983
4010,80,70.891335,42.211983
4011,80,70.891335,44.4310285
4012,80,70.891335,46.650074
4013,80,70.891335,46.650074
4014,80,70.976803,46.650074
4015,80,71.062271,46.650074
4016,80,71.062271,46.650074
4017,80,71.147743,48.7245845
4018,80,71.233215,50.799095
4019,80,71.233215,50.799095
4020,80,71.233215,50.799095
4021,80,71.233215,50.799095
4022,80,71.6605645,50.799095
4023,80,72.087914,50.799095
4024,80,72.087914,52.8466835
4025,80,72.087914,54.894272
4026,80,72.087914,54.894272
4027,80,72.5518955,54.894272
4028,80,73.015877,54.894272
4029,80,73.015877,56.302826
4030,80,73.015877,57.71138
4031,80,73.015877,57.71138
4032,80,73.4676475,57.71138
4033,80,73.919418,57.71138
4034,80,73.919418,57.71138
4035,80,74.3467675,58.828909
4036,80,74.774117,59.946438
4037,80,74.774117,59.946438
4038,80,74.774117,59.946438
4039,80,74.774117,59.946438
4040,80,75.384617,59.946438
4041,80,75.995117,59.946438
4042,80,75.995117,60.7085305
4043,80,75.995117,61.470623
4044,80,75.995117,61.470623
4045,80,76.5811995,61.470623
4046,80,77.167282,61.470623
4047,80,77.167282,61.7081625
4048,80,77.167282,61.945702
4049,80,77.167282,61.945702
4050,80,77.85104,61.945702
4051,80,78.534798,61.945702
4052,80,78.534798,61.945702
4053,80,78.534798,61.776257
4054,80,79.05983,61.606812
4055,80,79.584862,61.606812
4056,80,79.584862,61.606812
4057,80,79.584862,61.606812
4058,80,80.097683,61.606812
4059,80,80.610504,61.606812
4060,80,80.610504,61.008757
4061,80,80.610504,60.410702
4062,80,80.610504,60.410702
4063,80,80.610504,60.410702
4064,80,82.051285,60.410702
4065,80,82.051285,60.410702
4066,80,82.051285,59.5230335
4067,80,82.051285,58.635365
4068,80,82.6373635,58.635365
4069,80,83.223442,58.635365
4070,80,83.223442,58.635365
4071,80,83.223442,58.635365
4072,80,83.663002,57.32058
4073,80,84.102562,56.005795
4074,80,84.102562,56.005795
4075,80,84.102562,56.005795
4076,80,84.7619055,56.005795
4077,80,85.421249,56.005795
4078,80,85.421249,54.15901
4079,80,85.421249,52.312225
4080,80,85.421249,52.312225
4081,80,85.9096485,52.312225
4082,80,86.398048,52.312225
4083,80,86.398048,52.312225
4084,80,86.398048,50.255159
4085,80,86.398048,48.198093
4086,80,86.86203,48.198093
4087,80,87.326012,48.198093
4088,80,87.326012,48.198093
4089,80,87.326012,48.198093
4090,80,87.74115,45.8035885
4091,80,88.156288,43.409084
4092,80,88.156288,43.409084
4093,80,88.156288,43.409084
4094,80,88.498169,43.409084
4095,80,88.84005,43.409084
4096,80,88.84005,43.409084
4097,80,88.84005,43.409084
4098,80,88.84005,40.4664095
4099,80,89.05983,37.523735
4100,80,89.27961,37.523735
4101,80,89.27961,37.523735
4102,80,89.27961,37.523735
4103,80,89.27961,37.523735
4104,80,89.4261325,35.04912
4105,80,89.572655,32.574505
4106,80,89.572655,32.574505
4107,80,89.572655,32.574505
4108,80,89.572655,32.574505
4109,80,89.7191735,32.574505
4110,80,89.865692,29.958026
4111,80,89.865692,27.341547
4112,80,89.865692,27.341547
4113,80,89.865692,27.341547
4114,80,89.975582,27.341547
4115,80,90.085472,27.341547
4116,80,90.085472,27.341547
4117,80,90.085472,24.6027775
4118,80,89.987793,21.864008
4119,80,89.890114,21.864008
4120,80,89.890114,21.864008
4121,80,89.890114,21.864008
4122,80,89.8168525,19.6108895
4123,80,89.743591,17.357771
4124,80,89.743591,17.357771
4125,80,89.743591,17.357771
4126,80,89.645912,17.357771
4127,80,89.548233,14.9870165
4128,80,89.548233,12.616262
4129,80,89.548233,12.616262
4130,80,89.255192,12.616262
4131,80,88.962151,12.616262
4132,80,88.962151,12.616262
4133,80,88.962151,12.616262
4134,80,88.962151,10.253928
4135,80,88.7789995,7.891594
4136,80,88.595848,7.891594
4137,80,88.595848,7.891594
4138,80,88.595848,7.891594
4139,80,88.595848,6.0865545
4140,80,88.253967,4.281515
4141,80,87.912086,4.281515
4142,80,87.912086,4.281515
4143,80,87.912086,4.281515
4144,80,87.594627,4.281515
4145,80,87.277168,4.281515
4146,80,87.277168,2.5061355
4147,80,87.277168,0.730756
4148,80,87.277168,0.730756
4149,80,86.8131865,0.730756
4150,80,86.349205,0.730756
4151,80,86.349205,0.730756
4152,80,86.349205,0.365378
4153,80,86.349205,0
4154,80,86.019535,0
4155,80,85.689865,0
4156,80,85.689865,0
4157,80,85.689865,0
4158,80,85.689865,0
4159,80,85.1892545,0
4160,80,84.688644,0
4161,80,84.688644,0
4162,80,84.688644,0
4163,80,84.3467635,0
4164,80,84.004883,0
4165,80,84.004883,0
4166,80,84.004883,0
4167,80,83.6263735,0
4168,80,83.247864,0
4169,80,83.247864,0
4170,80,83.247864,0
4171,80,83.247864,0
4172,80,82.771675,0
4173,80,82.295486,0
4174,80,82.295486,0
4175,80,82.295486,0
4176,80,82.295486,0
4177,80,81.916973,0
4178,80,81.53846,0
4179,80,81.53846,0
4180,80,81.53846,0
4181,80,81.184372,0
4182,80,80.830284,0
4183,80,80.830284,0
4184,80,80.830284,0.158695
4185,80,80.830284,0.158695
4186,80,80.512821,0.158695
4187,80,80.195358,0.158695
4188,80,80.195358,0.158695
4189,80,80.195358,0.459518
4190,80,79.7069585,0.760341
4191,80,79.218559,0.760341
4192,80,79.218559,0.760341
4193,80,79.218559,0.760341
4194,80,79.218559,1.307137
4195,80,78.8522605,1.853933
4196,80,78.485962,1.853933
4197,80,78.485962,1.853933
4198,80,78.485962,1.853933
4199,80,78.485962,1.853933
4200,80,77.8998795,1.853933
4201,80,77.313797,2.833401
4202,80,77.313797,3.812869
4203,80,77.313797,3.812869
4204,80,77.0573885,3.812869
4205,80,76.80098,3.812869
4206,80,76.80098,3.812869
4207,80,76.80098,4.913195
4208,80,76.80098,6.013521
4209,80,76.36142,6.013521
4210,80,75.92186,6.013521
4211,80,75.92186,6.013521
4212,80,75.92186,6.013521
4213,80,75.92186,6.013521
4214,80,75.140419,8.866059
4215,80,75.140419,8.866059
4216,80,75.140419,8.866059
4217,80,75.140419,8.866059
4218,80,74.7619055,8.866059
4219,80,74.383392,8.866059
4220,80,74.383392,10.9048015
4221,80,74.383392,12.943544
4222,80,74.0170935,12.943544
4223,80,73.650795,12.943544
4224,80,73.650795,12.943544
4225,80,73.650795,12.943544
4226,80,73.650795,14.6592395
4227,80,73.455433,16.374935
4228,80,73.260071,16.374935
4229,80,73.260071,16.374935
4230,80,73.260071,16.374935
4231,80,73.260071,16.374935
4232,80,72.783882,18.6681565
4233,80,72.307693,20.961378
4234,80,72.307693,20.961378
4235,80,72.307693,20.961378
4236,80,72.1978035,20.961378
4237,80,72.087914,20.961378
4238,80,72.087914,23.106721
4239,80,72.087914,25.252064
4240,80,71.7948725,25.252064
4241,80,71.501831,25.252064
4242,80,71.501831,25.252064
4243,80,71.501831,25.252064
4244,80,71.501831,27.6255265
4245,80,71.391941,29.998989
4246,80,71.282051,29.998989
4247,80,71.282051,29.998989
4248,80,71.282051,29.998989
4249,80,71.2332115,29.998989
4250,80,71.184372,29.998989
4251,80,71.184372,32.794674
4252,80,71.184372,35.590359
4253,80,71.184372,35.590359
4254,80,71.0134315,35.590359
4255,80,70.842491,35.590359
4256,80,70.842491,35.590359
4257,80,70.842491,37.8696235
4258,80,70.9035415,40.148888
4259,80,70.964592,40.148888
4260,80,70.964592,40.148888
4261,80,70.964592,40.148888
4262,80,70.964592,40.148888
4263,80,70.9279635,42.5313015
4264,80,70.891335,44.913715
4265,80,70.891335,44.913715
4266,80,70.891335,44.913715
4267,80,71.074482,44.913715
4268,80,71.257629,44.913715
4269,80,71.257629,44.913715
4270,80,71.257629,47.388437
4271,80,71.257629,49.863159
4272,80,71.257629,49.863159
4273,80,71.257629,49.863159
4274,80,71.257629,49.863159
4275,80,71.257629,51.712341
4276,80,71.684982,53.561523
4277,80,72.112335,53.561523
4278,80,72.112335,53.561523
4279,80,72.112335,53.561523
4280,80,72.112335,53.561523
4281,80,72.661785,53.561523
4282,80,73.211235,55.189367
4283,80,73.211235,56.817211
4284,80,73.211235,56.817211
4285,80,73.211235,56.817211
4286,80,73.5897445,56.817211
4287,80,73.968254,56.817211
4288,80,73.968254,58.1687295
4289,80,73.968254,59.520248
4290,80,74.4688645,59.520248
4291,80,74.969475,59.520248
4292,80,74.969475,59.520248
4293,80,74.969475,59.520248
4294,80,75.3601955,60.252939
4295,80,75.750916,60.98563
4296,80,75.750916,60.98563
4297,80,75.750916,60.98563
4298,80,75.750916,60.98563
4299,80,76.5079385,60.98563
4300,80,77.264961,61.472868
4301,80,77.264961,61.960106
4302,80,77.264961,61.960106
4303,80,77.264961,61.960106
4304,80,77.264961,61.960106
4305,80,78.339439,61.960106
4306,80,78.339439,61.960106
4307,80,78.339439,61.9177095
4308,80,78.8400495,61.875313
4309,80,79.34066,61.875313
4310,80,79.34066,61.875313
4311,80,79.34066,61.875313
4312,80,79.89011,61.875313
4313,80,80.43956,61.437931
4314,80,80.43956,61.000549
4315,80,80.43956,61.000549
4316,80,80.43956,61.000549
4317,80,81.0989,61.000549
4318,80,81.75824,61.000549
4319,80,81.75824,60.0325355
4320,80,81.75824,59.064522
4321,80,82.4053725,59.064522
4322,80,83.052505,59.064522
4323,80,83.052505,59.064522
4324,80,83.052505,59.064522
4325,80,83.052505,59.064522
4326,80,83.601955,57.6953605
4327,80,84.151405,56.326199
4328,80,84.151405,56.326199
4329,80,84.151405,56.326199
4330,80,84.798534,56.326199
4331,80,85.445663,56.326199
4332,80,85.445663,54.66457
4333,80,85.445663,53.002941
4334,80,85.445663,53.002941
4335,80,85.8363835,53.002941
4336,80,86.227104,53.002941
4337,80,86.227104,53.002941
4338,80,86.227104,50.936321
4339,80,86.227104,48.869701
4340,80,86.8253975,48.869701
4341,80,87.423691,48.869701
4342,80,87.423691,48.869701
4343,80,87.423691,48.869701
4344,80,87.716732,48.869701
4345,80,88.009773,46.1098365
4346,80,88.009773,43.349972
4347,80,88.009773,43.349972
4348,80,88.009773,43.349972
4349,80,88.46154,43.349972
4350,80,88.913307,43.349972
4351,80,88.913307,40.9546205
4352,80,88.913307,38.559269
4353,80,89.0964585,38.559269
4354,80,89.27961,38.559269
4355,80,89.27961,38.559269
4356,80,89.27961,36.0917625
4357,80,89.27961,33.624256
4358,80,89.572651,33.624256
4359,80,89.865692,33.624256
4360,80,89.865692,33.624256
4361,80,89.865692,33.624256
4362,80,89.902321,33.624256
4363,80,89.93895,30.6978385
4364,80,89.93895,27.771421
4365,80,89.93895,27.771421
4366,80,90.036629,27.771421
4367,80,90.134308,27.771421
4368,80,90.134308,27.771421
4369,80,90.134308,25.378005
4370,80,90.134308,22.984589
4371,80,90.134308,22.984589
4372,80,90.134308,22.984589
4373,80,90.134308,22.984589
4374,80,90.134308,22.984589
4375,80,90.134308,20.320179
4376,80,90.012211,17.655769
4377,80,89.890114,17.655769
4378,80,89.890114,17.655769
4379,80,89.890114,17.655769
4380,80,89.792431,17.655769
4381,80,89.694748,15.1533535
4382,80,89.694748,12.650938
4383,80,89.694748,12.650938
4384,80,89.694748,12.650938
4385,80,89.4017105,12.650938
4386,80,89.108673,12.650938
4387,80,89.108673,10.518927
4388,80,89.108673,8.386916
4389,80,88.9621505,8.386916
4390,80,88.815628,8.386916
4391,80,88.815628,8.386916
4392,80,88.815628,8.386916
4393,80,88.815628,6.2964025
4394,80,88.815628,4.205889
4395,80,88.009773,4.205889
4396,80,88.009773,4.205889
4397,80,88.009773,4.205889
4398,80,88.009773,4.205889
4399,80,87.7655715,4.205889
4400,80,87.52137,2.3839125
4401,80,87.52137,0.561936
4402,80,87.52137,0.561936
4403,80,87.1306495,0.561936
4404,80,86.739929,0.561936
4405,80,86.739929,0.280968
4406,80,86.739929,0
4407,80,86.3492085,0
4408,80,85.958488,0
4409,80,85.958488,0
4410,80,85.958488,0
4411,80,85.958488,0
4412,80,85.4945065,0
4413,80,85.030525,0
4414,80,85.030525,0
4415,80,85.030525,0
4416,80,84.6764335,0
4417,80,84.322342,0
4418,80,84.322342,0
4419,80,84.322342,0
4420,80,83.9194145,0
4421,80,83.516487,0
4422,80,83.516487,0
4423,80,83.516487,0
4424,80,83.516487,0
4425,80,83.076927,0.003705
4426,80,82.637367,0.003705
4427,80,82.637367,0.003705
4428,80,82.637367,0.003705
4429,80,82.637367,0.003705
4430,80,82.2954865,0.0018525
4431,80,81.953606,0
4432,80,81.953606,0
4433,80,81.953606,0
4434,80,81.4652025,0
4435,80,80.976799,0
4436,80,80.976799,0
4437,80,80.976799,0.0736515
4438,80,80.976799,0.147303
4439,80,80.6105005,0.147303
4440,80,80.244202,0.147303
4441,80,80.244202,0.147303
4442,80,80.244202,0.147303
4443,80,79.78022,0.4709145
4444,80,79.316238,0.794526
4445,80,79.316238,0.794526
4446,80,79.316238,0.794526
4447,80,79.316238,0.794526
4448,80,78.9499395,1.3897645
4449,80,78.583641,1.985003
4450,80,78.583641,1.985003
4451,80,78.583641,1.985003
4452,80,78.583641,1.985003
4453,80,78.0830305,1.985003
4454,80,77.58242,1.985003
4455,80,77.58242,2.954807
4456,80,77.58242,3.924611
4457,80,77.2039105,3.924611
4458,80,76.825401,3.924611
4459,80,76.825401,3.924611
4460,80,76.825401,3.924611
4461,80,76.410259,5.0037405
4462,80,75.995117,6.08287
4463,80,75.995117,6.08287
4464,80,75.995117,6.08287
4465,80,75.995117,6.08287
4466,80,75.6043965,6.08287
4467,80,75.213676,7.5283255
4468,80,75.213676,8.973781
4469,80,75.213676,8.973781
4470,80,74.896217,8.973781
4471,80,74.578758,8.973781
4472,80,74.578758,8.973781
4473,80,74.578758,10.907132
4474,80,74.578758,12.840483
4475,80,74.2124555,12.840483
4476,80,73.846153,12.840483
4477,80,73.846153,12.840483
4478,80,73.846153,12.840483
4479,80,73.4798545,14.5932055
4480,80,73.113556,16.345928
4481,80,73.113556,16.345928
4482,80,73.113556,16.345928
4483,80,73.113556,16.345928
4484,80,73.113556,16.345928
4485,80,72.600731,18.5028545
4486,80,72.600731,20.659781
4487,80,72.600731,20.659781
4488,80,72.600731,20.659781
4489,80,72.246643,20.659781
4490,80,71.892555,20.659781
4491,80,71.892555,20.659781
4492,80,71.892555,23.153249
4493,80,71.8681335,25.646717
4494,80,71.843712,25.646717
4495,80,71.843712,25.646717
4496,80,71.843712,25.646717
4497,80,71.4774135,27.8872795
4498,80,71.111115,30.127842
4499,80,71.111115,30.127842
4500,80,71.111115,30.127842
4501,80,71.111115,30.127842
4502,80,71.172165,30.127842
4503,80,71.233215,32.4749335
4504,80,71.233215,34.822025
4505,80,71.233215,34.822025
4506,80,71.233215,34.822025
4507,80,70.9890135,34.822025
4508,80,70.744812,34.822025
4509,80,70.744812,34.822025
4510,80,70.744812,37.3953245
4511,80,70.7814405,39.968624
4512,80,70.818069,39.968624
4513,80,70.818069,39.968624
4514,80,70.818069,39.968624
4515,80,70.818069,39.968624
4516,80,70.805862,42.2411385
4517,80,70.793655,44.513653
4518,80,70.793655,44.513653
4519,80,70.793655,44.513653
4520,80,70.830284,44.513653
4521,80,70.866913,44.513653
4522,80,70.866913,46.8618585
4523,80,70.866913,49.210064
4524,80,70.866913,49.210064
4525,80,71.086693,49.210064
4526,80,71.306473,49.210064
4527,80,71.306473,49.210064
4528,80,71.306473,49.210064
4529,80,71.306473,49.210064
4530,80,71.6483535,51.568098
4531,80,71.990234,53.926132
4532,80,71.990234,53.926132
4533,80,71.990234,53.926132
4534,80,72.5274735,53.926132
4535,80,73.064713,53.926132
4536,80,73.064713,55.3804625
4537,80,73.064713,56.834793
4538,80,73.064713,56.834793
4539,80,73.455433,56.834793
4540,80,73.846153,56.834793
4541,80,73.846153,57.963152
4542,80,73.846153,59.091511
4543,80,74.4566535,59.091511
4544,80,75.067154,59.091511
4545,80,75.067154,59.091511
4546,80,75.067154,59.091511
4547,80,75.5189245,60.0064525
4548,80,75.970695,60.921394
4549,80,75.970695,60.921394
4550,80,75.970695,60.921394
4551,80,76.410255,60.921394
4552,80,76.849815,61.312389
4553,80,76.849815,61.703384
4554,80,76.849815,61.703384
4555,80,76.849815,61.703384
4556,80,77.5457875,61.703384
4557,80,78.24176,61.703384
4558,80,78.24176,61.7989235
4559,80,78.24176,61.894463
4560,80,78.24176,61.894463
4561,80,78.9255215,61.894463
4562,80,79.609283,61.894463
4563,80,79.609283,61.894463
4564,80,79.609283,61.564133
4565,80,80.085472,61.233803
4566,80,80.561661,61.233803
4567,80,80.561661,61.233803
4568,80,80.561661,61.233803
4569,80,80.561661,61.233803
4570,80,81.2454225,60.4662475
4571,80,81.929184,59.698692
4572,80,81.929184,59.698692
4573,80,81.929184,59.698692
4574,80,81.929184,59.698692
4575,80,81.929184,59.698692
4576,80,83.076927,59.698692
4577,80,83.076927,58.4442385
4578,80,83.076927,57.189785
4579,80,83.076927,57.189785
4580,80,83.6996345,57.189785
4581,80,84.322342,57.189785
4582,80,84.322342,57.189785
4583,80,84.322342,55.7414455
4584,80,84.322342,54.293106
4585,80,84.8840025,54.293106
4586,80,85.445663,54.293106
4587,80,85.445663,54.293106
4588,80,85.445663,54.293106
4589,80,85.8608055,52.3519765
4590,80,86.275948,50.410847
4591,80,86.275948,50.410847
4592,80,86.275948,50
4593,80,86.80098,50
4594,80,87.326012,50
4595,80,87.326012,50
4596,80,87.326012,47.5
4597,80,87.326012,45
4598,80,87.326012,45
4599,80,87.8144115,45
4600,80,88.302811,45
4601,80,88.302811,42.5
4602,80,88.302811,40
4603,80,88.632481,40
4604,80,88.962151,40
4605,80,88.962151,40
4606,80,88.962151,40.974918
4607,80,89.2185595,40.974918
4608,80,89.474968,38.2764375
4609,80,89.474968,35.577957
4610,80,89.474968,35.577957
4611,80,89.474968,35.577957
4612,80,89.6214905,35.577957
4613,80,89.768013,35.577957
4614,80,89.768013,32.66117
4615,80,89.768013,29.744383
4616,80,89.768013,29.744383
4617,80,89.9145315,29.744383
4618,80,90.06105,29.744383
4619,80,90.06105,29.744383
4620,80,90.06105,27.216506
4621,80,90.0488395,24.688629
4622,80,90.036629,24.688629
4623,80,90.036629,24.688629
4624,80,90.036629,24.688629
4625,80,89.9511605,24.688629
4626,80,89.865692,22.1224175
4627,80,89.865692,19.556206
4628,80,89.865692,19.556206
4629,80,89.865692,19.556206
4630,80,89.8046415,19.556206
4631,80,89.743591,19.556206
4632,80,89.743591,19.556206
4633,80,89.743591,16.9075255
4634,80,89.743591,14.258845
4635,80,89.743591,14.258845
4636,80,89.255188,14.258845
4637,80,89.255188,14.258845
4638,80,89.255188,14.258845
4639,80,89.255188,12.099815
4640,80,89.035408,9.940785
4641,80,88.815628,9.940785
4642,80,88.815628,9.940785
4643,80,88.6568985,9.940785
4644,80,88.498169,9.940785
4645,80,88.498169,7.8004295
4646,80,88.498169,5.660074
4647,80,88.498169,5.660074
4648,80,88.2173385,5.660074
4649,80,87.936508,5.660074
4650,80,87.936508,5.660074
4651,80,87.936508,5.660074
4652,80,87.936508,3.6118965
4653,80,87.4847375,1.563719
4654,80,87.032967,1.563719
4655,80,87.032967,1.563719
4656,80,87.032967,1.563719
4657,80,87.032967,1.563719
4658,80,86.6178285,0.7818595
4659,80,86.20269,0
4660,80,86.20269,0
4661,80,85.8363875,0
4662,80,85.470085,0
4663,80,85.470085,0
4664,80,85.470085,0
4665,80,85.470085,0
4666,80,85.042736,0
4667,80,84.615387,0
4668,80,84.615387,0
4669,80,84.615387,0
4670,80,84.615387,0
4671,80,84.175827,0
4672,80,83.736267,0
4673,80,83.736267,0
4674,80,83.736267,0
4675,80,83.736267,0
4676,80,83.736267,0
4677,80,83.2722855,0
4678,80,82.808304,0
4679,80,82.808304,0
4680,80,82.808304,0
4681,80,82.490845,0
4682,80,82.173386,0
4683,80,82.173386,0
4684,80,82.173386,0
4685,80,81.636143,0
4686,80,81.0989,0
4687,80,81.0989,0
4688,80,81.0989,0
4689,80,81.0989,0.101133
4690,80,80.732601,0.202266
4691,80,80.366302,0.202266
4692,80,80.366302,0.202266
4693,80,80.366302,0.202266
4694,80,79.865692,0.5440855
4695,80,79.365082,0.885905
4696,80,79.365082,0.885905
4697,80,79.365082,0.885905
4698,80,78.9987795,0.885905
4699,80,78.632477,0.885905
4700,80,78.632477,1.5361235
4701,80,78.632477,2.186342
4702,80,78.2173385,2.186342
4703,80,77.8022,2.186342
4704,80,77.8022,2.186342
4705,80,77.8022,2.186342
4706,80,77.8022,3.1936465
4707,80,77.3382185,4.200951
4708,80,76.874237,4.200951
4709,80,76.874237,4.200951
4710,80,76.874237,4.200951
4711,80,76.874237,4.200951
4712,80,76.4835165,5.3683245
4713,80,76.092796,6.535698
4714,80,76.092796,6.535698
4715,80,76.092796,6.535698
4716,80,75.689865,6.535698
4717,80,75.286934,6.535698
4718,80,75.286934,6.535698
4719,80,75.286934,8.061837
4720,80,75.286934,9.587976
4721,80,74.957264,9.587976
4722,80,74.627594,9.587976
4723,80,74.627594,9.587976
4724,80,74.627594,9.587976
4725,80,74.627594,11.4085485
4726,80,74.627594,13.229121
4727,80,73.699638,13.229121
4728,80,73.699638,13.229121
4729,80,73.699638,13.229121
4730,80,73.3821755,13.229121
4731,80,73.064713,15.1411805
4732,80,73.064713,17.05324
4733,80,73.064713,17.05324
4734,80,72.832722,17.05324
4735,80,72.600731,17.05324
4736,80,72.600731,17.05324
4737,80,72.600731,19.2010785
4738,80,72.600731,21.348917
4739,80,72.283272,21.348917
4740,80,71.965813,21.348917
4741,80,71.965813,21.348917
4742,80,71.965813,21.348917
4743,80,71.965813,21.348917
4744,80,71.733822,24.046918
4745,80,71.501831,26.744919
4746,80,71.501831,26.744919
4747,80,71.501831,26.744919
4748,80,71.501831,26.744919
4749,80,71.501831,26.744919
4750,80,71.37973,26.744919
4751,80,71.257629,28.9695675
4752,80,71.257629,31.194216
4753,80,71.257629,31.194216
4754,80,71.062271,31.194216
4755,80,70.866913,31.194216
4756,80,70.866913,31.194216
4757,80,70.866913,33.721475
4758,80,70.8180735,36.248734
4759,80,70.769234,36.248734
4760,80,70.769234,36.248734
4761,80,70.769234,36.248734
4762,80,70.769234,36.248734
4763,80,70.8058625,38.783684
4764,80,70.842491,41.318634
4765,80,70.842491,41.318634
4766,80,70.842491,41.318634
4767,80,70.842491,41.318634
4768,80,70.842491,43.5244825
4769,80,70.842491,45.730331
4770,80,70.842491,45.730331
4771,80,70.818073,45.730331
4772,80,70.793655,45.730331
4773,80,70.793655,45.730331
4774,80,70.793655,48.1087395
4775,80,71.013435,50.487148
4776,80,71.233215,50.487148
4777,80,71.233215,50.487148
4778,80,71.233215,50.487148
4779,80,71.233215,50.487148
4780,80,71.7582435,52.4342725
4781,80,72.283272,54.381397
4782,80,72.283272,54.381397
4783,80,72.283272,54.381397
4784,80,72.283272,54.381397
4785,80,72.7350425,54.381397
4786,80,73.186813,54.381397
4787,80,73.186813,57.063293
4788,80,73.186813,57.063293
4789,80,73.186813,57.063293
4790,80,73.186813,57.063293
4791,80,73.6874235,57.063293
4792,80,74.188034,57.063293
4793,80,74.188034,58.3946875
4794,80,74.615387,59.726082
4795,80,75.04274,59.726082
4796,80,75.04274,59.726082
4797,80,75.04274,59.726082
4798,80,75.04274,60.4615135
4799,80,75.6288185,61.196945
4800,80,76.214897,61.196945
4801,80,76.214897,61.196945
4802,80,76.214897,61.196945
4803,80,76.214897,61.196945
4804,80,76.764347,61.196945
4805,80,77.313797,61.5756665
4806,80,77.313797,61.954388
4807,80,77.313797,61.954388
4808,80,77.313797,61.954388
4809,80,77.973137,61.954388
4810,80,78.632477,61.954388
4811,80,78.632477,61.954388
4812,80,78.632477,61.8834765
4813,80,79.16972,61.812565
4814,80,79.706963,61.812565
4815,80,79.706963,61.812565
4816,80,79.706963,61.812565
4817,80,80.317463,61.3280105
4818,80,80.927963,60.843456
4819,80,80.927963,60.843456
4820,80,80.927963,60.843456
4821,80,80.927963,60.843456
4822,80,81.5384635,60.843456
4823,80,82.148964,60.843456
4824,80,82.148964,59.9587535
4825,80,82.148964,59.074051
4826,80,82.148964,59.074051
4827,80,82.7228355,59.074051
4828,80,83.296707,59.074051
4829,80,83.296707,59.074051
4830,80,83.296707,57.6035615
4831,80,83.296707,56.133072
4832,80,83.980465,56.133072
4833,80,84.664223,56.133072
4834,80,84.664223,56.133072
4835,80,84.664223,56.133072
4836,80,85.1159935,54.479948
4837,80,85.567764,52.826824
4838,80,85.567764,52.826824
4839,80,85.567764,52.826824
4840,80,86.031746,52.826824
4841,80,86.495728,52.826824
4842,80,86.495728,50.7464655
4843,80,86.495728,48.666107
4844,80,86.495728,48.666107
4845,80,87.008549,48.666107
4846,80,87.52137,48.666107
4847,80,87.52137,48.666107
4848,80,87.52137,48.666107
4849,80,87.52137,46.123026
4850,80,87.9120905,43.579945
4851,80,88.302811,43.579945
4852,80,88.302811,43.579945
4853,80,88.302811,43.579945
4854,80,88.583641,43.579945
4855,80,88.864471,41.1368525
4856,80,88.864471,38.69376
4857,80,88.864471,38.69376
4858,80,88.864471,38.69376
4859,80,89.1453015,38.69376
4860,80,89.426132,38.69376
4861,80,89.426132,36.069813
4862,80,89.426132,33.445866
4863,80,89.572651,33.445866
4864,80,89.71917,33.445866
4865,80,89.71917,33.445866
4866,80,89.71917,33.445866
4867,80,89.71917,33.445866
4868,80,89.71917,30.372744
4869,80,89.71917,27.299622
4870,80,89.71917,27.299622
4871,80,89.71917,27.299622
4872,80,89.816849,27.299622
4873,80,89.914528,27.299622
4874,80,89.914528,24.8448925
4875,80,89.914528,22.390163
4876,80,89.914528,22.390163
4877,80,89.89011,22.390163
4878,80,89.865692,22.390163
4879,80,89.865692,22.390163
4880,80,89.865692,20.141813
4881,80,89.67033,17.893463
4882,80,89.474968,17.893463
4883,80,89.474968,17.893463
4884,80,89.474968,17.893463
4885,80,89.474968,17.893463
4886,80,89.2796095,15.267081
4887,80,89.084251,12.640699
4888,80,89.084251,12.640699
4889,80,89.084251,12.640699
4890,80,88.9255215,12.640699
4891,80,88.766792,12.640699
4892,80,88.766792,10.736379
4893,80,88.766792,8.832059
4894,80,88.766792,8.832059
4895,80,88.57143,8.832059
4896,80,88.376068,8.832059
4897,80,88.376068,8.832059
4898,80,88.376068,6.8512045
4899,80,88.376068,4.87035
4900,80,87.96093,4.87035
4901,80,87.545792,4.87035
4902,80,87.545792,4.87035
4903,80,87.545792,4.87035
4904,80,87.545792,3.123217
4905,80,87.1428605,1.376084
4906,80,86.739929,1.376084
4907,80,86.739929,1.376084
4908,80,86.42247,1.376084
4909,80,86.105011,1.376084
4910,80,86.105011,0.688042
4911,80,86.105011,0
4912,80,86.105011,0
4913,80,85.7142905,0
4914,80,85.32357,0
4915,80,85.32357,0
4916,80,85.32357,0
4917,80,85.32357,0
4918,80,84.8717995,0
4919,80,84.420029,0
4920,80,84.420029,0
4921,80,84.420029,0
4922,80,84.420029,0
4923,80,83.9072075,0
4924,80,83.394386,0
4925,80,83.394386,0
4926,80,83.0402945,0
4927,80,82.686203,0
4928,80,82.686203,0
4929,80,82.686203,0.0177595
4930,80,82.686203,0.035519
4931,80,82.2954825,0.035519
4932,80,81.904762,0.035519
4933,80,81.904762,0.035519
4934,80,81.904762,0.035519
4935,80,81.904762,0.0177595
4936,80,81.4285735,0
4937,80,80.952385,0
4938,80,80.952385,0
4939,80,80.952385,0
4940,80,80.952385,0
4941,80,80.537243,0.171093
4942,80,80.122101,0.342186
4943,80,80.122101,0.342186
4944,80,80.122101,0.342186
4945,80,80.122101,0.342186
4946,80,79.6337015,0.342186
4947,80,79.145302,0.8469745
4948,80,79.145302,1.351763
4949,80,78.8644715,1.351763
4950,80,78.583641,1.351763
4951,80,78.583641,1.351763
4952,80,78.583641,1.351763
4953,80,78.583641,2.117774
4954,80,78.0219805,2.883785
4955,80,77.46032,2.883785
4956,80,77.46032,2.883785
4957,80,77.46032,2.883785
4958,80,77.46032,2.883785
4959,80,77.08181,2.883785
4960,80,76.7033,4.191406
4961,80,76.7033,5.499027
4962,80,76.7033,5.499027
4963,80,76.7033,5.499027
4964,80,76.2515295,5.499027
4965,80,75.799759,5.499027
4966,80,75.799759,6.8192915
4967,80,75.799759,8.139556
4968,80,75.140419,8.139556
4969,80,75.140419,8.139556
4970,80,75.140419,8.139556
4971,80,75.140419,8.139556
4972,80,74.7741165,9.66328
4973,80,74.407814,11.187004
4974,80,74.407814,11.187004
4975,80,74.407814,11.187004
4976,80,74.407814,11.187004
4977,80,74.053726,11.187004
4978,80,73.699638,13.1860525
4979,80,73.699638,15.185101
4980,80,73.699638,15.185101
4981,80,73.699638,15.185101
4982,80,73.3577575,15.185101
4983,80,73.015877,15.185101
4984,80,73.015877,17.0463325
4985,80,72.783886,18.907564
4986,80,72.551895,18.907564
4987,80,72.551895,18.907564
4988,80,72.551895,18.907564
4989,80,72.551895,18.907564
4990,80,72.332115,21.071725
4991,80,72.112335,23.235886
4992,80,72.112335,23.235886
4993,80,72.112335,23.235886
4994,80,72.112335,23.235886
4995,80,71.819294,23.235886
4996,80,71.526253,23.235886
4997,80,71.526253,23.235886
4998,80,71.526253,28.350849
4999,80,71.526253,28.350849
5000,80,71.4285735,28.350849
5001,80,71.330894,28.350849
5002,80,71.330894,30.5144445
5003,80,71.330894,32.67804
5004,80,71.269844,32.67804
5005,80,71.208794,32.67804
5006,80,71.208794,32.67804
5007,80,71.208794,32.67804
5008,80,71.086693,35.0286145
5009,80,70.964592,37.379189
5010,80,70.964592,37.379189
5011,80,70.964592,37.379189
5012,80,70.964592,37.379189
5013,80,70.964592,37.379189
5014,80,70.9401705,37.379189
5015,80,70.915749,39.976212
5016,80,70.915749,42.573235
5017,80,70.915749,42.573235
5018,80,70.98901,42.573235
5019,80,71.062271,42.573235
5020,80,71.062271,42.573235
5021,80,71.062271,44.7523235
5022,80,71.147743,46.931412
5023,80,71.233215,46.931412
5024,80,71.233215,46.931412
5025,80,71.233215,46.931412
5026,80,71.233215,46.931412
5027,80,71.233215,46.931412
5028,80,71.306473,51.209732
5029,80,71.306473,51.209732
5030,80,71.306473,51.209732
5031,80,71.306473,51.209732
5032,80,71.8681335,51.209732
5033,80,72.429794,53.134533
5034,80,72.429794,55.059334
5035,80,72.429794,55.059334
5036,80,72.759464,55.059334
5037,80,73.089134,55.059334
5038,80,73.089134,55.059334
5039,80,73.089134,56.3562395
5040,80,73.418804,57.653145
5041,80,73.748474,57.653145
5042,80,73.748474,57.653145
5043,80,73.748474,57.653145
5044,80,73.748474,57.653145
5045,80,74.383396,58.8236735
5046,80,75.018318,59.994202
5047,80,75.018318,59.994202
5048,80,75.018318,59.994202
5049,80,75.018318,59.994202
5050,80,75.482296,59.994202
5051,80,75.946274,59.994202
5052,80,75.946274,60.768267
5053,80,75.946274,61.542332
5054,80,75.946274,61.542332
5055,80,76.593407,61.542332
5056,80,77.24054,61.542332
5057,80,77.24054,61.542332
5058,80,77.24054,61.6796095
5059,80,77.9120905,61.816887
5060,80,78.583641,61.816887
5061,80,78.583641,61.816887
5062,80,78.583641,61.816887
5063,80,79.0720405,61.816887
5064,80,79.56044,61.69948
5065,80,79.56044,61.582073
5066,80,79.56044,61.582073
5067,80,79.56044,61.582073
5068,80,80.183151,61.582073
5069,80,80.805862,61.582073
5070,80,80.805862,60.873804
5071,80,80.805862,60.165535
5072,80,80.805862,60.165535
5073,80,81.391941,60.165535
5074,80,81.97802,60.165535
5075,80,81.97802,60.165535
5076,80,81.97802,59.205332
5077,80,82.686203,58.245129
5078,80,83.394386,58.245129
5079,80,83.394386,58.245129
5080,80,83.394386,58.245129
5081,80,83.8949965,58.245129
5082,80,84.395607,56.790823
5083,80,84.395607,55.336517
5084,80,84.395607,55.336517
5085,80,84.395607,55.336517
5086,80,84.932846,55.336517
5087,80,85.470085,55.336517
5088,80,85.470085,55.336517
5089,80,85.470085,53.33477
5090,80,85.470085,51.333023
5091,80,86.031746,51.333023
5092,80,86.593407,51.333023
5093,80,86.593407,51.333023
5094,80,86.593407,49.371771
5095,80,86.593407,47.410519
5096,80,87.0573885,47.410519
5097,80,87.52137,47.410519
5098,80,87.52137,47.410519
5099,80,87.7777785,47.410519
5100,80,88.034187,45.058407
5101,80,88.034187,42.706295
5102,80,88.034187,42.706295
5103,80,88.034187,42.706295
5104,80,88.4127005,42.706295
5105,80,88.791214,42.706295
5106,80,88.791214,42.706295
5107,80,88.791214,39.958748
5108,80,88.791214,37.211201
5109,80,89.0964625,37.211201
5110,80,89.401711,37.211201
5111,80,89.401711,37.211201
5112,80,89.401711,37.211201
5113,80,89.401711,34.72069
5114,80,89.5604405,32.230179
5115,80,89.71917,32.230179
5116,80,89.71917,32.230179
5117,80,89.71917,32.230179
5118,80,89.792431,32.230179
5119,80,89.865692,29.676946
5120,80,89.865692,27.123713
5121,80,89.865692,27.123713
5122,80,89.89011,27.123713
5123,80,89.914528,27.123713
5124,80,89.914528,27.123713
5125,80,89.914528,24.4286635
5126,80,89.914528,21.733614
5127,80,89.89011,21.733614
5128,80,89.865692,21.733614
5129,80,89.865692,21.733614
5130,80,89.865692,21.733614
5131,80,89.865692,19.288908
5132,80,89.7191735,16.844202
5133,80,89.572655,16.844202
5134,80,89.572655,16.844202
5135,80,89.572655,16.844202
5136,80,89.4261325,16.844202
5137,80,89.27961,14.579305
5138,80,89.27961,12.314408
5139,80,89.27961,12.314408
5140,80,89.27961,12.314408
5141,80,89.05983,12.314408
5142,80,88.84005,12.314408
5143,80,88.84005,12.314408
5144,80,88.84005,9.7539435
5145,80,88.51038,7.193479
5146,80,88.18071,7.193479
5147,80,88.18071,7.193479
5148,80,88.18071,7.193479
5149,80,88.18071,7.193479
5150,80,87.948719,5.4282865
5151,80,87.716728,3.663094
5152,80,87.716728,3.663094
5153,80,87.716728,3.663094
5154,80,87.399269,3.663094
5155,80,87.08181,3.663094
5156,80,87.08181,2.172753
5157,80,87.08181,0.682412
5158,80,87.08181,0.682412
5159,80,86.630039,0.682412
5160,80,86.178268,0.682412
5161,80,86.178268,0.682412
5162,80,86.178268,0.682412
5163,80,86.178268,0.341206
5164,80,85.7997585,0
5165,80,85.421249,0
5166,80,85.421249,0
5167,80,85.421249,0
5168,80,84.8840065,0
5169,80,84.346764,0
5170,80,84.346764,0
5171,80,84.346764,0
5172,80,84.346764,0
5173,80,84.004883,0
5174,80,83.663002,0
5175,80,83.663002,0
5176,80,83.663002,0
5177,80,83.663002,0
5178,80,82.832726,0
5179,80,82.832726,0
5180,80,82.832726,0
5181,80,82.832726,0.007657
5182,80,82.4664235,0.015314
5183,80,82.100121,0.015314
5184,80,82.100121,0.015314
5185,80,82.100121,0.015314
5186,80,81.623932,0.064142
5187,80,81.147743,0.11297
5188,80,81.147743,0.11297
5189,80,81.147743,0.11297
5190,80,81.147743,0.11297
5191,80,80.6837615,0.11297
5192,80,80.21978,0.11297
5193,80,80.21978,0.2915765
5194,80,80.21978,0.470183
5195,80,79.902321,0.470183
5196,80,79.584862,0.470183
5197,80,79.584862,0.470183
5198,80,79.584862,0.470183
5199,80,79.584862,1.0318275
5200,80,79.1086695,1.593472
5201,80,78.632477,1.593472
5202,80,78.632477,1.593472
5203,80,78.632477,1.593472
5204,80,78.2906,1.593472
5205,80,77.948723,2.287598
5206,80,77.948723,2.981724
5207,80,77.948723,2.981724
5208,80,77.948723,2.981724
5209,80,77.4359015,2.981724
5210,80,76.92308,2.981724
5211,80,76.92308,3.988142
5212,80,76.92308,4.99456
5213,80,76.6544605,4.99456
5214,80,76.385841,4.99456
5215,80,76.385841,4.99456
5216,80,76.385841,4.99456
5217,80,76.385841,6.423012
5218,80,75.860809,7.851464
5219,80,75.335777,7.851464
5220,80,75.335777,7.851464
5221,80,75.335777,7.851464
5222,80,75.335777,7.851464
5223,80,74.945057,9.449645
5224,80,74.554337,11.047826
5225,80,74.554337,11.047826
5226,80,74.554337,11.047826
5227,80,74.554337,11.047826
5228,80,74.1514055,11.047826
5229,80,73.748474,12.9104465
5230,80,73.748474,14.773067
5231,80,73.748474,14.773067
5232,80,73.4798545,14.773067
5233,80,73.211235,14.773067
5234,80,73.211235,14.773067
5235,80,73.211235,14.773067
5236,80,72.918194,14.773067
5237,80,72.625153,17.157888
5238,80,72.625153,19.542709
5239,80,72.625153,19.542709
5240,80,72.625153,19.542709
5241,80,72.271065,19.542709
5242,80,71.916977,21.706106
5243,80,71.916977,23.869503
5244,80,71.916977,23.869503
5245,80,71.916977,23.869503
5246,80,71.709404,23.869503
5247,80,71.501831,23.869503
5248,80,71.501831,26.067917
5249,80,71.501831,28.266331
5250,80,71.3553125,28.266331
5251,80,71.208794,28.266331
5252,80,71.208794,28.266331
5253,80,71.208794,28.266331
5254,80,71.1233215,28.266331
5255,80,71.037849,30.912409
5256,80,71.037849,33.558487
5257,80,71.037849,33.558487
5258,80,71.037849,33.558487
5259,80,70.915752,33.558487
5260,80,70.793655,35.776163
5261,80,70.793655,37.993839
5262,80,70.793655,37.993839
5263,80,70.793655,37.993839
5264,80,70.818073,37.993839
5265,80,70.842491,37.993839
5266,80,70.842491,40.369188
5267,80,70.842491,42.744537
5268,80,70.842491,42.744537
5269,80,70.915749,42.744537
5270,80,70.915749,42.744537
5271,80,70.915749,42.744537
5272,80,70.915749,42.744537
5273,80,71.013432,45.2856615
5274,80,71.111115,47.826786
5275,80,71.111115,47.826786
5276,80,71.111115,47.826786
5277,80,71.1599545,47.826786
5278,80,71.208794,47.826786
5279,80,71.208794,49.878399
5280,80,71.208794,51.930012
5281,80,71.208794,51.930012
5282,80,71.636143,51.930012
5283,80,72.063492,51.930012
5284,80,72.063492,51.930012
5285,80,72.063492,53.6690105
5286,80,72.063492,55.408009
5287,80,72.5641025,55.408009
5288,80,73.064713,55.408009
5289,80,73.064713,55.408009
5290,80,73.064713,55.408009
5291,80,73.3821755,56.923462
5292,80,73.699638,58.438915
5293,80,73.699638,58.438915
5294,80,73.699638,58.438915
5295,80,73.699638,58.438915
5296,80,74.261295,58
5297,80,74.822952,59
5298,80,74.822952,60
5299,80,74.822952,60
5300,80,75.347984,60
5301,80,75.873016,60
5302,80,75.873016,60
5303,80,75.873016,60.5
5304,80,75.873016,61
5305,80,76.4590985,61
5306,80,77.045181,61
5307,80,77.045181,61.664108
5308,80,77.045181,61.664108
5309,80,77.5579985,61.871599
5310,80,78.070816,62.07909
5311,80,78.070816,62.07909
5312,80,78.070816,62.07909
5313,80,78.6691095,62.07909
5314,80,79.267403,62.07909
5315,80,79.267403,61.8672735
5316,80,79.267403,61.655457
5317,80,79.267403,61.655457
5318,80,79.9267425,61.655457
5319,80,80.586082,61.655457
5320,80,80.586082,61.655457
5321,80,80.586082,61.655457
5322,80,80.586082,61.010172
5323,80,81.2210045,60.364887
5324,80,81.855927,60.364887
5325,80,81.855927,60.364887
5326,80,81.855927,60.364887
5327,80,82.3443265,60.364887
5328,80,82.832726,60.364887
5329,80,82.832726,59.0719395
5330,80,82.832726,57.778992
5331,80,82.832726,57.778992
5332,80,83.5164875,57.778992
5333,80,84.200249,57.778992
5334,80,84.200249,57.778992
5335,80,84.200249,56.3161145
5336,80,84.200249,54.853237
5337,80,84.810749,54.853237
5338,80,85.421249,54.853237
5339,80,85.421249,54.853237
5340,80,85.421249,53.1451585
5341,80,85.897438,51.43708
5342,80,86.373627,51.43708
5343,80,86.373627,51.43708
5344,80,86.373627,51.43708
5345,80,86.8498195,51.43708
5346,80,87.326012,51.43708
5347,80,87.326012,49.116621
5348,80,87.326012,46.796162
5349,80,87.326012,46.796162
5350,80,87.6678925,46.796162
5351,80,88.009773,46.796162
5352,80,88.009773,44.5410235
5353,80,88.009773,42.285885
5354,80,88.009773,42.285885
5355,80,88.4127005,42.285885
5356,80,88.815628,42.285885
5357,80,88.815628,42.285885
5358,80,88.815628,42.285885
5359,80,88.815628,39.7599165
5360,80,89.047619,37.233948
5361,80,89.27961,37.233948
5362,80,89.27961,37.233948
5363,80,89.27961,37.233948
5364,80,89.45055,37.233948
5365,80,89.62149,34.441374
5366,80,89.62149,31.6488
5367,80,89.62149,31.6488
5368,80,89.67033,31.6488
5369,80,89.71917,31.6488
5370,80,89.71917,31.6488
5371,80,89.71917,29.2208415
5372,80,89.71917,26.792883
5373,80,89.8534815,26.792883
5374,80,89.987793,26.792883
5375,80,89.987793,26.792883
5376,80,89.987793,26.792883
5377,80,89.987793,24.2024315
5378,80,89.8534815,21.61198
5379,80,89.71917,21.61198
5380,80,89.71917,21.61198
5381,80,89.71917,21.61198
5382,80,89.67033,21.61198
5383,80,89.62149,18.9404665
5384,80,89.62149,16.268953
5385,80,89.62149,16.268953
5386,80,89.45055,16.268953
5387,80,89.27961,16.268953
5388,80,89.27961,16.268953
5389,80,89.27961,14.1144575
5390,80,89.27961,11.959962
5391,80,89.1208805,11.959962
5392,80,88.962151,11.959962
5393,80,88.962151,11.959962
5394,80,88.962151,11.959962
5395,80,88.962151,9.935373
5396,80,88.6568985,7.910784
5397,80,88.351646,7.910784
5398,80,88.351646,7.910784
5399,80,88.351646,7.910784
5400,80,88.351646,7.910784
5401,80,88.0830265,7.910784
5402,80,87.814407,5.8388485
5403,80,87.814407,3.766913
5404,80,87.5457875,3.766913
5405,80,87.277168,3.766913
5406,80,87.277168,3.766913
5407,80,87.277168,3.766913
5408,80,87.277168,2.262225
5409,80,86.8131865,0.757537
5410,80,86.349205,0.757537
5411,80,86.349205,0.757537
5412,80,86.349205,0.757537
5413,80,86.349205,0.757537
5414,80,85.9706955,0.3787685
5415,80,85.592186,0
5416,80,85.592186,0
5417,80,85.592186,0
5418,80,85.592186,0
5419,80,85.0915755,0
5420,80,84.590965,0
5421,80,84.590965,0
5422,80,84.590965,0
5423,80,84.2490845,0
5424,80,83.907204,0
5425,80,83.907204,0
5426,80,83.907204,0
5427,80,83.4798545,0
5428,80,83.052505,0
5429,80,83.052505,0
5430,80,83.052505,0
5431,80,83.052505,0
5432,80,82.625156,0
5433,80,82.197807,0
5434,80,82.197807,0
5435,80,82.197807,0
5436,80,82.197807,0
5437,80,81.7582435,0
5438,80,81.31868,0
5439,80,81.31868,0.029354
5440,80,81.31868,0.058708
5441,80,81.001221,0.058708
5442,80,80.683762,0.058708
5443,80,80.683762,0.058708
5444,80,80.683762,0.058708
5445,80,80.244202,0.2736025
5446,80,79.804642,0.488497
5447,80,79.804642,0.488497
5448,80,79.804642,0.488497
5449,80,79.804642,0.488497
5450,80,79.3162425,0.488497
5451,80,78.827843,1.016625
5452,80,78.827843,1.544753
5453,80,78.827843,1.544753
5454,80,78.827843,1.544753
5455,80,78.40049,1.544753
5456,80,77.973137,1.544753
5457,80,77.973137,2.388168
5458,80,77.973137,3.231583
5459,80,77.619049,3.231583
5460,80,77.264961,3.231583
5461,80,77.264961,3.231583
5462,80,77.264961,3.231583
5463,80,77.264961,4.2259985
5464,80,76.849819,5.220414
5465,80,76.434677,5.220414
5466,80,76.434677,5.220414
5467,80,76.434677,5.220414
5468,80,76.434677,5.220414
5469,80,76.019539,6.5782515
5470,80,75.604401,7.936089
5471,80,75.604401,7.936089
5472,80,75.604401,7.936089
5473,80,75.604401,7.936089
5474,80,75.2014695,7.936089
5475,80,74.798538,7.936089
5476,80,74.798538,9.7051745
5477,80,74.4566575,11.47426
5478,80,74.114777,11.47426
5479,80,74.114777,11.47426
5480,80,74.114777,11.47426
5481,80,74.114777,13.2520415
5482,80,73.7973175,15.029823
5483,80,73.479858,15.029823
5484,80,73.479858,15.029823
5485,80,73.479858,15.029823
5486,80,73.479858,15.029823
5487,80,73.186817,17.0048235
5488,80,72.893776,18.979824
5489,80,72.893776,18.979824
5490,80,72.893776,18.979824
5491,80,72.893776,18.979824
5492,80,72.6373635,18.979824
5493,80,72.380951,18.979824
5494,80,72.380951,21.2463215
5495,80,72.136753,23.512819
5496,80,71.892555,23.512819
5497,80,71.892555,23.512819
5498,80,71.892555,23.512819
5499,80,71.892555,23.512819
5500,80,71.7216145,25.7829235
5501,80,71.550674,28.053028
5502,80,71.550674,28.053028
5503,80,71.550674,28.053028
5504,80,71.550674,28.053028
5505,80,71.367523,28.053028
5506,80,71.184372,30.4618455
5507,80,71.184372,32.870663
5508,80,71.184372,32.870663
5509,80,71.184372,32.870663
5510,80,71.1111105,32.870663
5511,80,71.037849,32.870663
5512,80,71.037849,32.870663
5513,80,71.037849,35.729206
5514,80,71.037849,38.587749
5515,80,71.074482,38.587749
5516,80,71.111115,38.587749
5517,80,71.111115,38.587749
5518,80,71.001225,38.587749
5519,80,70.891335,40.8028945
5520,80,70.891335,43.01804
5521,80,70.891335,43.01804
5522,80,70.891335,43.01804
5523,80,70.8180735,43.01804
5524,80,70.744812,43.01804
5525,80,70.744812,45.276972
5526,80,70.744812,47.535904
5527,80,70.744812,47.535904
5528,80,71.0256425,47.535904
5529,80,71.306473,47.535904
5530,80,71.306473,47.535904
5531,80,71.306473,49.7399445
5532,80,71.306473,51.943985
5533,80,71.709404,51.943985
5534,80,72.112335,51.943985
5535,80,72.112335,51.943985
5536,80,72.466423,51.943985
5537,80,72.820511,53.474945
5538,80,72.820511,55.005905
5539,80,72.820511,55.005905
5540,80,72.820511,55.005905
5541,80,73.1501845,55.005905
5542,80,73.479858,55.005905
5543,80,73.479858,56.4082585
5544,80,73.479858,57.810612
5545,80,73.479858,57.810612
5546,80,74.053726,57.810612
5547,80,74.627594,57.810612
5548,80,74.627594,57.810612
5549,80,74.627594,58.8500805
5550,80,74.627594,59.889549
5551,80,75.152626,59.889549
5552,80,75.677658,59.889549
5553,80,75.677658,59.889549
5554,80,76.129429,59.889549
5555,80,76.5812,60.436571
5556,80,76.5812,60.983593
5557,80,76.5812,60.983593
5558,80,76.5812,60.983593
5559,80,77.1672785,60.983593
5560,80,77.753357,60.983593
5561,80,77.753357,61.2016085
5562,80,77.753357,61.419624
5563,80,77.753357,61.419624
5564,80,78.412697,61.419624
5565,80,79.072037,61.419624
5566,80,79.072037,61.419624
5567,80,79.072037,61.419624
5568,80,79.072037,61.188789
5569,80,79.072037,60.957954
5570,80,80.293045,60.957954
5571,80,80.293045,60.957954
5572,80,80.293045,60.957954
5573,80,80.866913,60.957954
5574,80,81.440781,60.2964875
5575,80,81.440781,59.635021
5576,80,81.440781,59.635021
5577,80,81.941391,59.635021
5578,80,82.442001,59.635021
5579,80,82.442001,58.6054915
5580,80,82.442001,57.575962
5581,80,82.442001,57.575962
5582,80,82.442001,57.575962
5583,80,83.186813,57.575962
5584,80,83.931625,57.575962
5585,80,83.931625,57.575962
5586,80,83.931625,55.960066
5587,80,84.5177075,54.34417
5588,80,85.10379,54.34417
5589,80,85.10379,54.34417
5590,80,85.10379,54.34417
5591,80,85.579979,54.34417
5592,80,86.056168,52.583271
5593,80,86.056168,50.822372
5594,80,86.056168,50.822372
5595,80,86.056168,50.822372
5596,80,86.5323565,50.822372
5597,80,87.008545,50.822372
5598,80,87.008545,48.59955
5599,80,87.008545,46.376728
5600,80,87.008545,46.376728
5601,80,87.435898,46.376728
5602,80,87.863251,46.376728
5603,80,87.863251,46.376728
5604,80,87.863251,46.376728
5605,80,88.302811,43.567934
5606,80,88.742371,40.75914
5607,80,88.742371,40.75914
5608,80,88.742371,40.75914
5609,80,88.962151,40.75914
5610,80,89.181931,40.75914
5611,80,89.181931,38.272171
5612,80,89.181931,35.785202
5613,80,89.181931,35.785202
5614,80,89.3895,35.785202
5615,80,89.597069,35.785202
5616,80,89.597069,35.785202
5617,80,89.597069,33.3647975
5618,80,89.597069,30.944393
5619,80,89.7313805,30.944393
5620,80,89.865692,30.944393
5621,80,89.865692,30.944393
5622,80,89.865692,30.944393
5623,80,89.975582,28.0087405
5624,80,90.085472,25.073088
5625,80,90.085472,25.073088
5626,80,90.085472,25.073088
5627,80,90.085472,25.073088
5628,80,89.975582,25.073088
5629,80,89.865692,25.073088
5630,80,89.865692,20.446301
5631,80,89.865692,20.446301
5632,80,89.792431,20.446301
5633,80,89.71917,20.446301
5634,80,89.71917,20.446301
5635,80,89.71917,17.9921195
5636,80,89.71917,15.537938
5637,80,89.572651,15.537938
5638,80,89.426132,15.537938
5639,80,89.426132,15.537938
5640,80,89.426132,15.537938
5641,80,89.426132,15.537938
5642,80,89.3040315,12.986274
5643,80,89.181931,10.43461
5644,80,89.181931,10.43461
5645,80,89.181931,10.43461
5646,80,88.913311,10.43461
5647,80,88.644691,8.500329
5648,80,88.644691,6.566048
5649,80,88.644691,6.566048
5650,80,88.4249115,6.566048
5651,80,88.205132,6.566048
5652,80,88.205132,6.566048
5653,80,88.205132,4.689013
5654,80,88.205132,2.811978
5655,80,87.8998795,2.811978
5656,80,87.594627,2.811978
5657,80,87.594627,2.811978
5658,80,87.594627,2.811978
5659,80,87.594627,2.811978
5660,80,87.1428565,1.405989
5661,80,86.691086,0
5662,80,86.691086,0
5663,80,86.691086,0
5664,80,86.324787,0
5665,80,85.958488,0
5666,80,85.958488,0
5667,80,85.958488,0
5668,80,85.6288185,0
5669,80,85.299149,0
5670,80,85.299149,0
5671,80,85.299149,0
5672,80,85.299149,0
5673,80,84.847378,0
5674,80,84.395607,0
5675,80,84.395607,0
5676,80,84.395607,0
5677,80,84.395607,0
5678,80,83.9316255,0
5679,80,83.467644,0
5680,80,83.467644,0
5681,80,83.467644,0
5682,80,83.467644,0
5683,80,83.101345,0
5684,80,82.735046,0
5685,80,82.735046,0
5686,80,82.735046,0
5687,80,82.405376,0
5688,80,82.075706,0
5689,80,82.075706,0
5690,80,82.075706,0.0637195
5691,80,81.672775,0.127439
5692,80,81.269844,0.127439
5693,80,81.269844,0.127439
5694,80,81.269844,0.127439
5695,80,81.269844,0.127439
5696,80,80.7936515,0.127439
5697,80,80.317459,0.241399
5698,80,80.317459,0.355359
5699,80,80.317459,0.355359
5700,80,80.317459,0.355359
5701,80,79.8412705,0.355359
5702,80,79.365082,0.355359
5703,80,79.365082,0.8043425
5704,80,79.365082,1.253326
5705,80,79.365082,1.253326
5706,80,78.9011005,1.253326
5707,80,78.437119,1.253326
5708,80,78.437119,1.253326
5709,80,78.437119,1.886602
5710,80,78.1196595,2.519878
5711,80,77.8022,2.519878
5712,80,77.8022,2.519878
5713,80,77.8022,2.519878
5714,80,77.8022,2.519878
5715,80,77.4236905,3.6476445
5716,80,77.045181,4.775411
5717,80,77.045181,4.775411
5718,80,77.045181,4.775411
5719,80,77.045181,4.775411
5720,80,76.14164,4.775411
5721,80,76.14164,5.9091745
5722,80,76.14164,7.042938
5723,80,76.14164,7.042938
5724,80,75.714287,7.042938
5725,80,75.286934,7.042938
5726,80,75.286934,7.042938
5727,80,75.286934,8.5815655
5728,80,74.932846,10.120193
5729,80,74.578758,10.120193
5730,80,74.578758,10.120193
5731,80,74.578758,10.120193
5732,80,74.578758,10.120193
5733,80,74.249088,10.120193
5734,80,73.919418,12.104444
5735,80,73.919418,14.088695
5736,80,73.919418,14.088695
5737,80,73.919418,14.088695
5738,80,73.5653265,14.088695
5739,80,73.211235,15.909868
5740,80,73.211235,17.731041
5741,80,73.211235,17.731041
5742,80,72.869354,17.731041
5743,80,72.527473,17.731041
5744,80,72.527473,17.731041
5745,80,72.527473,19.846842
5746,80,72.356533,21.962643
5747,80,72.185593,21.962643
5748,80,72.185593,21.962643
5749,80,72.185593,21.962643
5750,80,72.185593,21.962643
5751,80,71.953602,21.962643
5752,80,71.721611,24.509392
5753,80,71.721611,27.056141
5754,80,71.721611,27.056141
5755,80,71.721611,27.056141
5756,80,71.5262525,27.056141
5757,80,71.330894,27.056141
5758,80,71.330894,29.2925855
5759,80,71.330894,31.52903
5760,80,71.159954,31.52903
5761,80,70.989014,31.52903
5762,80,70.989014,31.52903
5763,80,70.989014,31.52903
5764,80,70.9157525,33.911478
5765,80,70.842491,36.293926
5766,80,70.842491,36.293926
5767,80,70.842491,36.293926
5768,80,70.842491,36.293926
5769,80,70.9157525,36.293926
5770,80,70.989014,38.742071
5771,80,70.989014,41.190216
5772,80,70.989014,41.190216
5773,80,70.989014,41.190216
5774,80,71.0012245,41.190216
5775,80,71.013435,41.190216
5776,80,71.013435,43.45072
5777,80,71.013435,45.711224
5778,80,71.013435,45.711224
5779,80,71.013435,45.711224
5780,80,71.233215,45.711224
5781,80,71.233215,45.711224
5782,80,71.367523,47.9268475
5783,80,71.501831,50.142471
5784,80,71.501831,50.142471
5785,80,71.501831,50.142471
5786,80,71.501831,50.142471
5787,80,71.807083,50.142471
5788,80,72.112335,50.142471
5789,80,72.112335,52.2691
5790,80,72.112335,54.395729
5791,80,72.112335,54.395729
5792,80,72.588524,54.395729
5793,80,73.064713,54.395729
5794,80,73.064713,54.395729
5795,80,73.064713,55.752239
5796,80,73.064713,57.108749
5797,80,73.5286945,57.108749
5798,80,73.992676,57.108749
5799,80,73.992676,57.108749
5800,80,74.3833965,57.108749
5801,80,74.774117,58.17906
5802,80,74.774117,59.249371
5803,80,74.774117,59.249371
5804,80,74.774117,59.249371
5805,80,75.311356,59.249371
5806,80,75.848595,59.249371
5807,80,75.848595,59.249371
5808,80,75.848595,60.0335125
5809,80,75.848595,60.817654
5810,80,76.556778,60.817654
5811,80,77.264961,60.817654
5812,80,77.264961,60.817654
5813,80,77.264961,61.039965
5814,80,77.264961,61.262276
5815,80,77.7777785,61.262276
5816,80,78.290596,61.262276
5817,80,78.290596,61.262276
5818,80,78.290596,61.262276
5819,80,78.290596,61.0802805
5820,80,78.9743575,60.898285
5821,80,79.658119,60.898285
5822,80,79.658119,60.898285
5823,80,80.085472,60.898285
5824,80,80.512825,60.898285
5825,80,80.512825,60.898285
5826,80,80.512825,60.288111
5827,80,80.512825,59.677937
5828,80,81.2332155,59.677937
5829,80,81.953606,59.677937
5830,80,81.953606,59.677937
5831,80,81.953606,58.790514
5832,80,81.953606,57.903091
5833,80,82.5518955,57.903091
5834,80,83.150185,57.903091
5835,80,83.150185,57.903091
5836,80,83.150185,57.903091
5837,80,83.150185,56.524435
5838,80,83.772896,55.145779
5839,80,84.395607,55.145779
5840,80,84.395607,55.145779
5841,80,84.7741165,55.145779
5842,80,85.152626,55.145779
5843,80,85.152626,55.145779
5844,80,85.152626,53.233305
5845,80,85.152626,51.320831
5846,80,85.6532365,51.320831
5847,80,86.153847,51.320831
5848,80,86.153847,51.320831
5849,80,86.153847,51.320831
5850,80,86.153847,49.4164865
5851,80,86.7277185,47.512142
5852,80,87.30159,47.512142
5853,80,87.30159,47.512142
5854,80,87.30159,47.512142
5855,80,87.30159,47.512142
5856,80,87.63126,45.263134
5857,80,87.96093,43.014126
5858,80,87.96093,43.014126
5859,80,88.3272285,43.014126
5860,80,88.693527,43.014126
5861,80,88.693527,43.014126
5862,80,88.693527,40.367714
5863,80,88.693527,37.721302
5864,80,88.888889,37.721302
5865,80,89.084251,37.721302
5866,80,89.084251,37.721302
5867,80,89.084251,37.721302
5868,80,89.084251,35.2493345
5869,80,89.3894995,32.777367
5870,80,89.694748,32.777367
5871,80,89.694748,32.777367
5872,80,89.694748,32.777367
5873,80,89.694748,32.777367
5874,80,89.694748,30.12997
5875,80,89.694748,27.482573
5876,80,89.694748,27.482573
5877,80,89.694748,27.482573
5878,80,89.7313805,27.482573
5879,80,89.768013,27.482573
5880,80,89.768013,27.482573
5881,80,89.768013,27.482573
5882,80,89.8168525,24.485429
5883,80,89.865692,21.488285
5884,80,89.865692,21.488285
5885,80,89.865692,21.488285
5886,80,89.865692,21.488285
5887,80,89.865692,19.167237
5888,80,89.67033,16.846189
5889,80,89.474968,16.846189
5890,80,89.474968,16.846189
5891,80,89.474968,16.846189
5892,80,89.3040275,16.846189
5893,80,89.133087,14.6767195
5894,80,89.133087,12.50725
5895,80,89.133087,12.50725
5896,80,88.937729,12.50725
5897,80,88.742371,12.50725
5898,80,88.742371,12.50725
5899,80,88.742371,12.50725
5900,80,88.742371,12.50725
5901,80,88.5714305,7.859864
5902,80,88.40049,7.859864
5903,80,88.40049,7.859864
5904,80,88.40049,7.859864
5905,80,88.40049,6.08868
5906,80,88.07082,4.317496
5907,80,87.74115,4.317496
5908,80,87.74115,4.317496
5909,80,87.74115,4.317496
5910,80,87.74115,4.317496
5911,80,87.41148,2.722292
5912,80,87.08181,1.127088
5913,80,87.08181,1.127088
5914,80,87.08181,1.127088
5915,80,86.7277185,1.127088
5916,80,86.373627,1.127088
5917,80,86.373627,1.127088
5918,80,86.373627,1.127088
5919,80,86.373627,0.563544
5920,80,85.9951175,0
5921,80,85.616608,0
5922,80,85.616608,0
5923,80,85.616608,0
5924,80,85.616608,0
5925,80,85.201466,0
5926,80,84.786324,0
5927,80,84.786324,0
5928,80,84.786324,0
5929,80,84.3956035,0
5930,80,84.004883,0
5931,80,84.004883,0
5932,80,84.004883,0
5933,80,84.004883,0
5934,80,83.443222,0
5935,80,82.881561,0
5936,80,82.881561,0
5937,80,82.6373635,0
5938,80,82.393166,0
5939,80,82.393166,0
5940,80,82.393166,0
5941,80,82.393166,0
5942,80,81.953606,0.0062285
5943,80,81.514046,0.012457
5944,80,81.514046,0.012457
5945,80,81.514046,0.012457
5946,80,81.050064,0.012457
5947,80,80.586082,0.012457
5948,80,80.586082,0.1099775
5949,80,80.586082,0.207498
5950,80,80.586082,0.207498
5951,80,80.183151,0.207498
5952,80,79.78022,0.207498
5953,80,79.78022,0.525952
5954,80,79.78022,0.844406
5955,80,79.4261285,0.844406
5956,80,79.072037,0.844406
5957,80,79.072037,0.844406
5958,80,79.072037,0.844406
5959,80,79.072037,0.844406
5960,80,79.072037,0.844406
5961,80,78.24176,2.006342
5962,80,78.24176,2.006342
5963,80,78.24176,2.006342
5964,80,78.24176,2.006342
5965,80,77.8022,2.006342
5966,80,77.36264,2.006342
5967,80,77.36264,3.0750095
5968,80,77.36264,4.143677
5969,80,77.36264,4.143677
5970,80,76.9963375,4.143677
5971,80,76.630035,4.143677
5972,80,76.630035,4.143677
5973,80,76.227108,5.363064
5974,80,75.824181,6.582451
5975,80,75.824181,6.582451
5976,80,75.824181,6.582451
5977,80,75.824181,6.582451
5978,80,75.4334605,6.582451
5979,80,75.04274,8.064029
5980,80,75.04274,9.545607
5981,80,75.04274,9.545607
5982,80,75.04274,9.545607
5983,80,74.6398085,9.545607
5984,80,74.236877,9.545607
5985,80,74.236877,11.451402
5986,80,74.236877,13.357197
5987,80,74.236877,13.357197
5988,80,73.846157,13.357197
5989,80,73.455437,13.357197
5990,80,73.455437,13.357197
5991,80,73.455437,15.232828
5992,80,73.1868175,17.108459
5993,80,72.918198,17.108459
5994,80,72.918198,17.108459
5995,80,72.918198,17.108459
5996,80,72.918198,17.108459
5997,80,72.6373675,19.239595
5998,80,72.356537,21.370731
5999,80,72.356537,21.370731
6000,80,72.356537,21.370731
6001,80,72.124546,21.370731
6002,80,71.892555,21.370731
6003,80,71.892555,21.370731
6004,80,71.892555,23.9992225
6005,80,71.892555,26.627714
6006,80,71.6117245,26.627714
6007,80,71.330894,26.627714
6008,80,71.330894,26.627714
6009,80,71.330894,26.627714
6010,80,71.269844,28.8556135
6011,80,71.208794,31.083513
6012,80,71.208794,31.083513
6013,80,71.208794,31.083513
6014,80,71.208794,31.083513
6015,80,71.098904,31.083513
6016,80,70.989014,33.4897185
6017,80,70.989014,35.895924
6018,80,70.989014,35.895924
6019,80,70.989014,35.895924
6020,80,70.989014,35.895924
6021,80,70.915749,35.895924
6022,80,70.915749,35.895924
6023,80,70.915749,38.475075
6024,80,70.903542,41.054226
6025,80,70.891335,41.054226
6026,80,70.891335,41.054226
6027,80,70.891335,41.054226
6028,80,70.891335,43.29805
6029,80,70.891335,45.541874
6030,80,70.976803,45.541874
6031,80,71.062271,45.541874
6032,80,71.062271,45.541874
6033,80,71.05006,45.541874
6034,80,71.037849,45.541874
6035,80,71.037849,47.8846075
6036,80,71.037849,50.227341
6037,80,71.037849,50.227341
6038,80,71.367519,50.227341
6039,80,71.697189,50.227341
6040,80,71.697189,50.227341
6041,80,71.697189,52.27668
6042,80,71.697189,54.326019
6043,80,72.14896,54.326019
6044,80,72.600731,54.326019
6045,80,72.600731,54.326019
6046,80,72.600731,54.326019
6047,80,72.600731,55.7178115
6048,80,73.028084,57.109604
6049,80,73.455437,57.109604
6050,80,73.455437,57.109604
6051,80,73.882786,57.109604
6052,80,74.310135,57.109604
6053,80,74.310135,58.3668845
6054,80,74.310135,59.624165
6055,80,74.310135,59.624165
6056,80,74.8840065,59.624165
6057,80,75.457878,59.624165
6058,80,75.457878,59.624165
6059,80,75.457878,59.624165
6060,80,75.457878,60.373602
6061,80,75.9829065,61.123039
6062,80,76.507935,61.123039
6063,80,76.507935,61.123039
6064,80,76.507935,61.123039
6065,80,76.507935,61.123039
6066,80,77.203907,61.4101315
6067,80,77.899879,61.697224
6068,80,77.899879,61.697224
6069,80,77.899879,61.697224
6070,80,78.3150215,61.697224
6071,80,78.730164,61.697224
6072,80,78.730164,61.665001
6073,80,78.730164,61.632778
6074,80,79.462761,61.632778
6075,80,80.195358,61.632778
6076,80,80.195358,61.632778
6077,80,80.195358,61.632778
6078,80,80.195358,61.0457515
6079,80,80.732601,60.458725
6080,80,81.269844,60.458725
6081,80,81.269844,60.458725
6082,80,81.269844,60.458725
6083,80,81.269844,60.458725
6084,80,81.9536055,59.515566
6085,80,82.637367,58.572407
6086,80,82.637367,58.572407
6087,80,82.637367,58.572407
6088,80,83.089134,58.572407
6089,80,83.540901,58.572407
6090,80,83.540901,58.572407
6091,80,83.540901,57.205309
6092,80,83.540901,55.838211
6093,80,84.2735025,55.838211
6094,80,85.006104,55.838211
6095,80,85.006104,55.838211
6096,80,85.006104,55.838211
6097,80,85.006104,55.838211
6098,80,85.4334565,53.80052
6099,80,85.860809,51.762829
6100,80,85.860809,51.762829
6101,80,85.860809,51.762829
6102,80,85.860809,51.762829
6103,80,86.42247,51.762829
6104,80,86.984131,49.7757875
6105,80,86.984131,47.788746
6106,80,86.984131,47.788746
6107,80,87.228329,47.788746
6108,80,87.472527,47.788746
6109,80,87.472527,45.605894
6110,80,87.472527,43.423042
6111,80,87.472527,43.423042
6112,80,88.547012,43.423042
6113,80,88.547012,43.423042
6114,80,88.547012,43.423042
6115,80,88.547012,43.423042
6116,80,88.7423705,40.7239835
6117,80,88.937729,38.024925
6118,80,88.937729,38.024925
6119,80,88.937729,38.024925
6120,80,88.937729,38.024925
6121,80,89.3040315,38.024925
6122,80,89.670334,35.601339
6123,80,89.670334,33.177753
6124,80,89.670334,33.177753
6125,80,89.670334,33.177753
6126,80,89.694752,33.177753
6127,80,89.71917,33.177753
6128,80,89.71917,30.485501
6129,80,89.71917,27.793249
6130,80,89.8412705,27.793249
6131,80,89.963371,27.793249
6132,80,89.963371,27.793249
6133,80,89.963371,27.793249
6134,80,89.963371,27.793249
6135,80,89.975582,24.9433595
6136,80,89.987793,22.09347
6137,80,89.987793,22.09347
6138,80,89.987793,22.09347
6139,80,89.987793,22.09347
6140,80,89.902321,22.09347
6141,80,89.816849,22.09347
6142,80,89.816849,17.585358
6143,80,89.816849,17.585358
6144,80,89.6459085,17.585358
6145,80,89.474968,17.585358
6146,80,89.474968,15.115456
6147,80,89.474968,12.645554
6148,80,89.352871,12.645554
6149,80,89.230774,12.645554
6150,80,89.230774,12.645554
6151,80,89.230774,12.645554
6152,80,89.0598335,10.3017845
6153,80,88.888893,7.958015
6154,80,88.888893,7.958015
6155,80,88.888893,7.958015
6156,80,88.888893,7.958015
6157,80,88.595852,7.958015
6158,80,88.302811,5.9925775
6159,80,88.302811,4.02714
6160,80,88.302811,4.02714
6161,80,88.302811,4.02714
6162,80,87.9243015,4.02714
6163,80,87.545792,4.02714
6164,80,87.545792,2.3328795
6165,80,87.545792,0.638619
6166,80,87.2649615,0.638619
6167,80,86.984131,0.638619
6168,80,86.984131,0.638619
6169,80,86.984131,0.638619
6170,80,86.984131,0.638619
6171,80,86.984131,0.638619
6172,80,86.349205,0
6173,80,86.349205,0
6174,80,86.349205,0
6175,80,86.349205,0
6176,80,85.8608055,0
6177,80,85.372406,0
6178,80,85.372406,0
6179,80,85.372406,0
6180,80,85.030525,0
6181,80,84.688644,0
6182,80,84.688644,0
6183,80,84.688644,0
6184,80,84.297924,0
6185,80,83.907204,0
6186,80,83.907204,0
6187,80,83.907204,0
6188,80,83.4920655,0
6189,80,83.076927,0
6190,80,83.076927,0.021331
6191,80,83.076927,0.042662
6192,80,83.076927,0.042662
6193,80,83.076927,0.042662
6194,80,82.6251565,0.042662
6195,80,82.173386,0.042662
6196,80,82.173386,0.021331
6197,80,82.173386,0
6198,80,82.173386,0
6199,80,81.7704545,0
6200,80,81.367523,0
6201,80,81.367523,0
6202,80,81.367523,0
6203,80,81.0256425,0.066379
6204,80,80.683762,0.132758
6205,80,80.683762,0.132758
6206,80,80.683762,0.132758
6207,80,80.683762,0.132758
6208,80,80.122101,0.132758
6209,80,79.56044,0.4999165
6210,80,79.56044,0.867075
6211,80,79.56044,0.867075
6212,80,79.2063485,0.867075
6213,80,78.852257,0.867075
6214,80,78.852257,1.4415315
6215,80,78.852257,2.015988
6216,80,78.852257,2.015988
6217,80,78.315018,2.015988
6218,80,77.777779,2.015988
6219,80,77.777779,2.015988
6220,80,77.5091595,2.992848
6221,80,77.24054,3.969708
6222,80,77.24054,3.969708
6223,80,77.24054,3.969708
6224,80,77.24054,3.969708
6225,80,76.7277185,3.969708
6226,80,76.214897,5.260129
6227,80,76.214897,6.55055
6228,80,76.214897,6.55055
6229,80,76.214897,6.55055
6230,80,75.775337,6.55055
6231,80,75.335777,6.55055
6232,80,75.335777,7.8871045
6233,80,75.335777,9.223659
6234,80,75.335777,9.223659
6235,80,74.8840065,9.223659
6236,80,74.432236,9.223659
6237,80,74.432236,9.223659
6238,80,74.432236,9.223659
6239,80,74.432236,11.170828
6240,80,74.114777,13.117997
6241,80,73.797318,13.117997
6242,80,73.797318,13.117997
6243,80,73.797318,13.117997
6244,80,73.5042765,13.117997
6245,80,73.211235,14.9494535
6246,80,73.211235,16.78091
6247,80,73.211235,16.78091
6248,80,72.8449325,16.78091
6249,80,72.47863,16.78091
6250,80,72.47863,16.78091
6251,80,72.47863,19.025772
6252,80,72.47863,21.270634
6253,80,72.2222215,21.270634
6254,80,71.965813,21.270634
6255,80,71.965813,21.270634
6256,80,71.965813,21.270634
6257,80,71.965813,21.270634
6258,80,71.733822,23.814668
6259,80,71.501831,26.358702
6260,80,71.501831,26.358702
6261,80,71.501831,26.358702
6262,80,71.501831,26.358702
6263,80,71.233215,26.358702
6264,80,71.233215,28.604867
6265,80,71.233215,30.851032
6266,80,71.233215,30.851032
6267,80,71.013435,30.851032
6268,80,70.793655,30.851032
6269,80,70.793655,30.851032
6270,80,70.793655,33.3768425
6271,80,70.830284,35.902653
6272,80,70.866913,35.902653
6273,80,70.866913,35.902653
6274,80,70.866913,35.902653
6275,80,70.866913,35.902653
6276,80,70.7936515,38.5593815
6277,80,70.72039,41.21611
6278,80,70.72039,41.21611
6279,80,70.72039,41.21611
6280,80,70.7692295,41.21611
6281,80,70.818069,41.21611
6282,80,70.818069,43.571207
6283,80,70.818069,45.926304
6284,80,70.818069,45.926304
6285,80,70.72039,45.926304
6286,80,70.622711,45.926304
6287,80,70.622711,45.926304
6288,80,70.622711,48.197361
6289,80,70.622711,50.468418
6290,80,71.037853,50.468418
6291,80,71.452995,50.468418
6292,80,71.452995,50.468418
6293,80,71.452995,50.468418
6294,80,71.452995,50.468418
6295,80,71.819294,52.467798
6296,80,72.185593,54.467178
6297,80,72.185593,54.467178
6298,80,72.185593,54.467178
6299,80,72.600735,54.467178
6300,80,73.015877,54.467178
6301,80,73.015877,55.929586
6302,80,73.015877,57.391994
6303,80,73.4798545,57.391994
6304,80,73.943832,57.391994
6305,80,73.943832,57.391994
6306,80,73.943832,57.391994
6307,80,73.943832,58.540285
6308,80,74.5299145,59.688576
6309,80,75.115997,59.688576
6310,80,75.115997,59.688576
6311,80,75.115997,59.688576
6312,80,75.115997,59.688576
6313,80,75.6166075,59.688576
6314,80,76.117218,60.4674705
6315,80,76.117218,61.246365
6316,80,76.64225,61.246365
6317,80,77.167282,61.246365
6318,80,77.167282,61.246365
6319,80,77.167282,61.246365
6320,80,77.167282,61.4640675
6321,80,77.8754615,61.68177
6322,80,78.583641,61.68177
6323,80,78.583641,61.68177
6324,80,78.583641,61.68177
6325,80,78.583641,61.68177
6326,80,79.133091,61.488714
6327,80,79.682541,61.295658
6328,80,79.682541,61.295658
6329,80,79.682541,61.295658
6330,80,79.682541,61.295658
6331,80,80.2564125,61.295658
6332,80,80.830284,60.5825365
6333,80,80.830284,59.869415
6334,80,80.830284,59.869415
6335,80,80.830284,59.869415
6336,80,81.599514,59.869415
6337,80,82.368744,59.869415
6338,80,82.368744,59.0637665
6339,80,82.7594645,58.258118
6340,80,83.150185,58.258118
6341,80,83.150185,58.258118
6342,80,83.150185,58.258118
6343,80,83.150185,58.258118
6344,80,83.7240565,56.803944
6345,80,84.297928,55.34977
6346,80,84.297928,55.34977
6347,80,84.297928,55.34977
6348,80,84.297928,55.34977
6349,80,84.9084285,55.34977
6350,80,85.518929,55.34977
6351,80,85.518929,53.453236
6352,80,85.518929,51.556702
6353,80,85.518929,51.556702
6354,80,85.934067,51.556702
6355,80,86.349205,51.556702
6356,80,86.349205,49.715561
6357,80,86.788765,47.87442
6358,80,87.228325,47.87442
6359,80,87.228325,47.87442
6360,80,87.228325,47.87442
6361,80,87.228325,47.87442
6362,80,87.7167285,45.489832
6363,80,88.205132,43.105244
6364,80,88.205132,43.105244
6365,80,88.205132,43.105244
6366,80,88.205132,43.105244
6367,80,88.498173,43.105244
6368,80,88.791214,43.105244
6369,80,88.791214,40.4005435
6370,80,88.791214,37.695843
6371,80,88.791214,37.695843
6372,80,88.998783,37.695843
6373,80,89.206352,37.695843
6374,80,89.206352,37.695843
6375,80,89.316242,35.2365035
6376,80,89.426132,32.777164
6377,80,89.426132,32.777164
6378,80,89.426132,32.777164
6379,80,89.426132,32.777164
6380,80,89.658123,32.777164
6381,80,89.890114,30.2037295
6382,80,89.890114,27.630295
6383,80,89.890114,27.630295
6384,80,89.890114,27.630295
6385,80,89.877903,27.630295
6386,80,89.865692,27.630295
6387,80,89.865692,24.8968515
6388,80,89.865692,22.163408
6389,80,89.865692,22.163408
6390,80,89.8046415,22.163408
6391,80,89.743591,22.163408
6392,80,89.743591,22.163408
6393,80,89.743591,19.7420225
6394,80,89.6092795,17.320637
6395,80,89.474968,17.320637
6396,80,89.474968,17.320637
6397,80,89.474968,17.320637
6398,80,89.474968,17.320637
6399,80,89.352871,17.320637
6400,80,89.230774,14.9625435
6401,80,89.230774,12.60445
6402,80,89.230774,12.60445
6403,80,89.230774,12.60445
6404,80,88.9011,12.60445
6405,80,88.571426,12.60445
6406,80,88.571426,12.60445
6407,80,88.571426,10.1530745
6408,80,88.571426,7.701699
6409,80,88.4371185,7.701699
6410,80,88.302811,7.701699
6411,80,88.302811,7.701699
6412,80,88.302811,7.701699
6413,80,88.302811,7.701699
6414,80,87.9365085,4.027402
6415,80,87.570206,4.027402
6416,80,87.570206,4.027402
6417,80,87.3015865,4.027402
6418,80,87.032967,2.4427175
6419,80,87.032967,0.858033
6420,80,87.032967,0.858033
6421,80,86.593407,0.858033
6422,80,86.153847,0.858033
6423,80,86.153847,0.858033
6424,80,86.153847,0.42992
6425,80,86.153847,0.001807
6426,80,85.7631265,0.001807
6427,80,85.372406,0.001807
6428,80,85.372406,0.001807
6429,80,85.372406,0.001807
6430,80,85.372406,0.001251
6431,80,84.859585,0.000695
6432,80,84.346764,0.000695
6433,80,84.346764,0.000695
6434,80,84.346764,0.000695
6435,80,83.9316255,0.000695
6436,80,83.516487,0.010747
6437,80,83.516487,0.020799
6438,80,83.516487,0.020799
6439,80,83.516487,0.020799
6440,80,83.1746065,0.020799
6441,80,82.832726,0.020799
6442,80,82.832726,0.020799
6443,80,82.832726,0.020799
6444,80,82.832726,0.052485
6445,80,82.3565335,0.052485
6446,80,81.880341,0.052485
6447,80,81.880341,0.052485
6448,80,81.880341,0.052485
6449,80,81.42857,0.038926
6450,80,80.976799,0.025367
6451,80,80.976799,0.025367
6452,80,80.976799,0.025367
6453,80,80.5860785,0.025367
6454,80,80.195358,0.025367
6455,80,80.195358,0.24365
6456,80,80.195358,0.461933
6457,80,80.195358,0.461933
6458,80,79.7313805,0.461933
6459,80,79.267403,0.461933
6460,80,79.267403,0.461933
6461,80,79.267403,1.042634
6462,80,79.267403,1.623335
6463,80,78.815632,1.623335
6464,80,78.363861,1.623335
6465,80,78.363861,1.623335
6466,80,78.363861,1.623335
6467,80,78.363861,2.3691765
6468,80,77.96093,3.115018
6469,80,77.557999,3.115018
6470,80,77.557999,3.115018
6471,80,77.557999,3.115018
6472,80,77.1794895,3.115018
6473,80,76.80098,4.1854535
6474,80,76.80098,5.255889
6475,80,76.80098,5.255889
6476,80,76.36142,5.255889
6477,80,75.92186,5.255889
6478,80,75.92186,5.255889
6479,80,75.92186,5.255889
6480,80,75.92186,6.8586625
6481,80,75.470089,8.461436
6482,80,75.018318,8.461436
6483,80,75.018318,8.461436
6484,80,75.018318,8.461436
6485,80,75.018318,9.9223975
6486,80,74.713066,11.383359
6487,80,74.407814,11.383359
6488,80,74.407814,11.383359
6489,80,74.407814,11.383359
6490,80,74.078144,11.383359
6491,80,73.748474,11.383359
6492,80,73.748474,13.371854
6493,80,73.748474,15.360349
6494,80,73.418804,15.360349
6495,80,73.089134,15.360349
6496,80,73.089134,15.360349
6497,80,73.089134,15.360349
6498,80,73.089134,17.314927
6499,80,72.8205145,19.269505
6500,80,72.551895,19.269505
6501,80,72.551895,19.269505
6502,80,72.551895,19.269505
6503,80,72.551895,19.269505
6504,80,72.2832755,21.494324
6505,80,72.014656,23.719143
6506,80,72.014656,23.719143
6507,80,72.014656,23.719143
6508,80,72.014656,23.719143
6509,80,71.721615,23.719143
6510,80,71.428574,23.719143
6511,80,71.428574,26.4010685
6512,80,71.428574,29.082994
6513,80,71.294262,29.082994
6514,80,71.15995,29.082994
6515,80,71.15995,29.082994
6516,80,71.15995,29.082994
6517,80,71.15995,31.353381
6518,80,71.1355325,33.623768
6519,80,71.111115,33.623768
6520,80,71.111115,33.623768
6521,80,71.111115,33.623768
6522,80,70.9157525,33.623768
6523,80,70.72039,36.148794
6524,80,70.72039,38.67382
6525,80,70.72039,38.67382
6526,80,70.72039,38.67382
6527,80,70.9157525,38.67382
6528,80,71.111115,38.67382
6529,80,71.111115,38.67382
6530,80,71.111115,41.1765785
6531,80,71.086693,43.679337
6532,80,71.062271,43.679337
6533,80,71.062271,43.679337
6534,80,71.062271,43.679337
6535,80,71.037853,45.9226975
6536,80,71.013435,48.166058
6537,80,71.013435,48.166058
6538,80,71.013435,48.166058
6539,80,71.013435,48.166058
6540,80,71.3186835,48.166058
6541,80,71.623932,48.166058
6542,80,71.623932,50.266087
6543,80,71.623932,52.366116
6544,80,71.623932,52.366116
6545,80,71.9902345,52.366116
6546,80,72.356537,52.366116
6547,80,72.356537,52.366116
6548,80,72.356537,54.104479
6549,80,72.808304,55.842842
6550,80,73.260071,55.842842
6551,80,73.260071,55.842842
6552,80,73.260071,55.842842
6553,80,73.687424,55.842842
6554,80,74.114777,57.0752565
6555,80,74.114777,58.307671
6556,80,74.114777,58.307671
6557,80,74.114777,58.307671
6558,80,74.615387,58.307671
6559,80,75.115997,58.307671
6560,80,75.115997,59.2767585
6561,80,75.115997,60.245846
6562,80,75.115997,60.245846
6563,80,75.115997,60.245846
6564,80,76.483521,60.245846
6565,80,76.483521,60.245846
6566,80,76.483521,60.245846
6567,80,76.898659,60.7204665
6568,80,77.313797,61.195087
6569,80,77.313797,61.195087
6570,80,77.313797,61.195087
6571,80,77.313797,61.195087
6572,80,77.9853475,61.195087
6573,80,78.656898,61.238588
6574,80,78.656898,61.282089
6575,80,78.656898,61.282089
6576,80,78.656898,61.282089
6577,80,79.2796095,61.282089
6578,80,79.902321,61.282089
6579,80,79.902321,60.9156665
6580,80,79.902321,60.549244
6581,80,79.902321,60.549244
6582,80,80.5128215,60.549244
6583,80,81.123322,60.549244
6584,80,81.123322,60.549244
6585,80,81.123322,60.549244
6586,80,81.623932,59.6877155
6587,80,82.124542,58.826187
6588,80,82.124542,58.826187
6589,80,82.124542,58.826187
6590,80,82.7350425,58.826187
6591,80,83.345543,57.5895845
6592,80,83.345543,56.352982
6593,80,83.345543,56.352982
6594,80,83.345543,56.352982
6595,80,83.992676,56.352982
6596,80,84.639809,56.352982
6597,80,84.639809,56.352982
6598,80,84.639809,54.793505
6599,80,84.639809,53.234028
6600,80,85.0915795,53.234028
6601,80,85.54335,53.234028
6602,80,85.54335,53.234028
6603,80,85.54335,53.234028
6604,80,85.54335,53.234028
6605,80,86.1660575,50.86899
6606,80,86.788765,48.503952
6607,80,86.788765,48.503952
6608,80,87.0573885,48.503952
6609,80,87.326012,48.503952
6610,80,87.326012,48.503952
6611,80,87.326012,46.354553
6612,80,87.326012,44.205154
6613,80,87.8876725,44.205154
6614,80,88.449333,44.205154
6615,80,88.449333,44.205154
6616,80,88.449333,41.9135625
6617,80,88.449333,39.621971
6618,80,88.6202735,39.621971
6619,80,88.791214,39.621971
6620,80,88.791214,39.621971
6621,80,88.791214,39.621971
6622,80,88.791214,39.621971
6623,80,88.791214,39.621971
6624,80,89.474968,34.064907
6625,80,89.474968,34.064907
6626,80,89.474968,34.064907
6627,80,89.584858,34.064907
6628,80,89.694748,34.064907
6629,80,89.694748,31.7126495
6630,80,89.694748,29.360392
6631,80,89.78022,29.360392
6632,80,89.865692,29.360392
6633,80,89.865692,29.360392
6634,80,89.865692,29.360392
6635,80,89.865692,26.746667
6636,80,89.865692,24.132942
6637,80,89.865692,24.132942
6638,80,89.865692,24.132942
6639,80,89.865692,24.132942
6640,80,89.865692,24.132942
6641,80,89.8168525,21.375353
6642,80,89.768013,18.617764
6643,80,89.768013,18.617764
6644,80,89.645912,18.617764
6645,80,89.523811,18.617764
6646,80,89.523811,18.617764
6647,80,89.523811,16.4095375
6648,80,89.523811,14.201311
6649,80,89.3772925,14.201311
6650,80,89.230774,14.201311
6651,80,89.230774,14.201311
6652,80,89.230774,14.201311
6653,80,89.230774,14.201311
6654,80,89.023201,9.740095
6655,80,88.815628,9.740095
6656,80,88.815628,9.740095
6657,80,88.815628,9.740095
6658,80,88.815628,9.740095
6659,80,88.5592195,9.740095
6660,80,88.302811,7.471448
6661,80,88.302811,5.202801
6662,80,88.302811,5.202801
6663,80,88.0097695,5.202801
6664,80,87.716728,5.202801
6665,80,87.716728,3.5572405
6666,80,87.716728,1.91168
6667,80,87.716728,1.91168
6668,80,87.3382185,1.91168
6669,80,86.959709,1.91168
6670,80,86.959709,1.91168
6671,80,86.959709,0.95584
6672,80,86.959709,0
6673,80,86.53236,0
6674,80,86.105011,0
6675,80,86.105011,0
6676,80,86.105011,0
6677,80,85.665447,0
6678,80,85.225883,0
6679,80,85.225883,0
6680,80,85.225883,0
6681,80,84.920635,0
6682,80,84.615387,0
6683,80,84.615387,0
6684,80,84.615387,0
6685,80,84.615387,0
6686,80,84.175827,0
6687,80,83.736267,0
6688,80,83.736267,0
6689,80,83.736267,0
6690,80,83.736267,0
6691,80,83.308914,0
6692,80,82.881561,0
6693,80,82.881561,0
6694,80,82.881561,0
6695,80,82.442001,0
6696,80,82.002441,0
6697,80,82.002441,0
6698,80,82.002441,0
6699,80,81.721611,0
6700,80,81.440781,0
6701,80,81.440781,0
6702,80,81.440781,0
6703,80,81.440781,0.0493905
6704,80,81.0134315,0.098781
6705,80,80.586082,0.098781
6706,80,80.586082,0.098781
6707,80,80.586082,0.098781
6708,80,80.586082,0.3362405
6709,80,80.1465225,0.5737
6710,80,79.706963,0.5737
6711,80,79.706963,0.5737
6712,80,79.706963,0.5737
6713,80,79.706963,0.5737
6714,80,78.925522,0.5737
6715,80,78.925522,1.193337
6716,80,78.925522,1.812974
6717,80,78.925522,1.812974
6718,80,78.925522,1.812974
6719,80,78.40049,1.812974
6720,80,77.875458,1.812974
6721,80,77.875458,2.5527225
6722,80,77.619049,3.292471
6723,80,77.36264,3.292471
6724,80,77.36264,3.292471
6725,80,77.36264,3.292471
6726,80,77.36264,3.292471
6727,80,76.8986585,4.3869925
6728,80,76.434677,5.481514
6729,80,76.434677,5.481514
6730,80,76.434677,5.481514
6731,80,76.0561675,5.481514
6732,80,75.677658,5.481514
6733,80,75.677658,6.994846
6734,80,75.677658,8.508178
6735,80,75.677658,8.508178
6736,80,75.238098,8.508178
6737,80,74.798538,8.508178
6738,80,74.798538,8.508178
6739,80,74.798538,10.016346
6740,80,74.493286,11.524514
6741,80,74.188034,11.524514
6742,80,74.188034,11.524514
6743,80,74.188034,11.524514
6744,80,74.188034,11.524514
6745,80,73.7973135,13.3870355
6746,80,73.406593,15.249557
6747,80,73.406593,15.249557
6748,80,73.406593,15.249557
6749,80,73.406593,15.249557
6750,80,73.089134,15.249557
6751,80,72.771675,15.249557
6752,80,72.771675,17.501291
6753,80,72.771675,19.753025
6754,80,72.771675,19.753025
6755,80,72.466423,19.753025
6756,80,72.161171,19.753025
6757,80,72.161171,21.8231475
6758,80,72.161171,23.89327
6759,80,71.941391,23.89327
6760,80,71.721611,23.89327
6761,80,71.721611,23.89327
6762,80,71.721611,23.89327
6763,80,71.5750925,26.217283
6764,80,71.428574,28.541296
6765,80,71.428574,28.541296
6766,80,71.428574,28.541296
6767,80,71.428574,28.541296
6768,80,71.306473,28.541296
6769,80,71.184372,28.541296
6770,80,71.184372,31.0461815
6771,80,71.184372,33.551067
6772,80,71.184372,33.551067
6773,80,71.074482,33.551067
6774,80,70.964592,33.551067
6775,80,70.964592,33.551067
6776,80,70.964592,35.92951
6777,80,70.964592,38.307953
6778,80,70.9157525,38.307953
6779,80,70.866913,38.307953
6780,80,70.866913,38.307953
6781,80,70.866913,38.307953
6782,80,70.866913,40.7151415
6783,80,70.866913,43.12233
6784,80,70.866913,43.12233
6785,80,70.866913,43.12233
6786,80,70.964592,43.12233
6787,80,71.062271,43.12233
6788,80,71.062271,43.12233
6789,80,71.062271,45.7610475
6790,80,71.062271,48.399765
6791,80,71.1355325,48.399765
6792,80,71.208794,48.399765
6793,80,71.208794,48.399765
6794,80,71.208794,48.399765
6795,80,71.208794,50.4174405
6796,80,71.514042,52.435116
6797,80,71.81929,52.435116
6798,80,71.81929,52.435116
6799,80,71.81929,52.435116
6800,80,72.1123315,52.435116
6801,80,72.405373,54.036011
6802,80,72.405373,55.636906
6803,80,72.405373,55.636906
6804,80,72.405373,55.636906
6805,80,73.479858,55.636906
6806,80,73.479858,55.636906
6807,80,73.479858,57.101454
6808,80,73.479858,58.566002
6809,80,74.0048865,58.566002
6810,80,74.529915,58.566002
6811,80,74.529915,58.566002
6812,80,74.529915,58.566002
6813,80,74.529915,59.442297
6814,80,75.177048,60.318592
6815,80,75.824181,60.318592
6816,80,75.824181,60.318592
6817,80,76.153851,60.318592
6818,80,76.483521,60.318592
6819,80,76.483521,60.873253
6820,80,76.483521,61.427914
6821,80,76.483521,61.427914
6822,80,77.118439,61.427914
6823,80,77.753357,61.427914
6824,80,77.753357,61.427914
6825,80,77.753357,61.534134
6826,80,77.753357,61.640354
6827,80,78.412697,61.640354
6828,80,79.072037,61.640354
6829,80,79.072037,61.640354
6830,80,79.072037,61.640354
6831,80,79.072037,61.3223075
6832,80,79.7313805,61.004261
6833,80,80.390724,61.004261
6834,80,80.390724,61.004261
6835,80,80.390724,61.004261
6836,80,80.927963,61.004261
6837,80,81.465202,61.004261
6838,80,81.465202,60.3146725
6839,80,81.465202,59.625084
6840,80,81.465202,59.625084
6841,80,81.465202,59.625084
6842,80,82.0634915,59.625084
6843,80,82.661781,59.625084
6844,80,82.661781,59.625084
6845,80,82.661781,58.339983
6846,80,83.296703,57.054882
6847,80,83.931625,57.054882
6848,80,83.931625,57.054882
6849,80,83.931625,57.054882
6850,80,83.931625,55.5545235
6851,80,84.5177075,54.054165
6852,80,85.10379,54.054165
6853,80,85.10379,54.054165
6854,80,85.10379,54.054165
6855,80,85.5921895,54.054165
6856,80,86.080589,52.2581025
6857,80,86.080589,50.46204
6858,80,86.080589,50.46204
6859,80,86.5689885,50.46204
6860,80,87.057388,50.46204
6861,80,87.057388,50.46204
6862,80,87.057388,48.0033095
6863,80,87.057388,45.544579
6864,80,87.057388,45.544579
6865,80,88.229553,45.544579
6866,80,88.229553,45.544579
6867,80,88.229553,43.2359295
6868,80,88.5225905,40.92728
6869,80,88.815628,40.92728
6870,80,88.815628,40.92728
6871,80,88.815628,40.92728
6872,80,89.1086695,40.92728
6873,80,89.401711,40.92728
6874,80,89.401711,38.2621955
6875,80,89.401711,35.597111
6876,80,89.401711,35.597111
6877,80,89.572651,35.597111
6878,80,89.743591,35.597111
6879,80,89.743591,35.597111
6880,80,89.743591,35.597111
6881,80,89.743591,35.597111
6882,80,89.9511605,32.3378745
6883,80,90.15873,29.078638
6884,80,90.15873,29.078638
6885,80,90.15873,29.078638
6886,80,90.15873,29.078638
6887,80,90.2564125,26.6902865
6888,80,90.354095,24.301935
6889,80,90.354095,24.301935
6890,80,90.354095,24.301935
6891,80,90.2442015,24.301935
6892,80,90.134308,24.301935
6893,80,90.134308,21.5400645
6894,80,90.134308,18.778194
6895,80,90.097679,18.778194
6896,80,90.06105,18.778194
6897,80,90.06105,18.778194
6898,80,90.06105,18.778194
6899,80,90.06105,16.392456
6900,80,89.7924305,14.006718
6901,80,89.523811,14.006718
6902,80,89.523811,14.006718
6903,80,89.523811,14.006718
6904,80,89.523811,14.006718
6905,80,89.462761,11.653988
6906,80,89.401711,9.301258
6907,80,89.401711,9.301258
6908,80,89.401711,9.301258
6909,80,89.0842515,9.301258
6910,80,88.766792,9.301258
6911,80,88.766792,9.301258
6912,80,88.766792,6.8562275
6913,80,88.547012,4.411197
6914,80,88.327232,4.411197
6915,80,88.327232,4.411197
6916,80,88.327232,4.411197
6917,80,88.327232,4.411197
6918,80,87.948719,2.700652
6919,80,87.570206,0.990107
6920,80,87.570206,0.990107
6921,80,87.570206,0.990107
6922,80,87.570206,0.990107
6923,80,87.203907,0.990107
6924,80,86.837608,0.990107
6925,80,86.837608,0
6926,80,86.837608,0
6927,80,86.837608,0
6928,80,86.398048,0
6929,80,85.958488,0
6930,80,85.958488,0
6931,80,85.6166075,7.25e-05
6932,80,85.274727,0.000145
6933,80,85.274727,0.000145
6934,80,85.274727,0.000145
6935,80,85.274727,0.000145
6936,80,84.969475,0.003633
6937,80,84.664223,0.007121
6938,80,84.664223,0.007121
6939,80,84.664223,0.007121
6940,80,84.664223,0.007121
6941,80,84.200245,0.007121
6942,80,83.736267,0.007121
6943,80,83.736267,0.0035605
6944,80,83.736267,0
6945,80,83.3821755,0
6946,80,83.028084,0
6947,80,83.028084,0
6948,80,83.028084,0
6949,80,82.686203,0
6950,80,82.344322,0
6951,80,82.344322,0
6952,80,82.344322,0
6953,80,82.344322,0
6954,80,82.344322,0
6955,80,81.709404,0.0358755
6956,80,81.709404,0.071751
6957,80,81.709404,0.071751
6958,80,81.709404,0.071751
6959,80,81.269844,0.071751
6960,80,80.830284,0.071751
6961,80,80.830284,0.136818
6962,80,80.830284,0.201885
6963,80,80.830284,0.201885
6964,80,80.390724,0.201885
6965,80,79.951164,0.201885
6966,80,79.951164,0.201885
6967,80,79.951164,0.201885
6968,80,79.658123,0.603016
6969,80,79.365082,1.004147
6970,80,79.365082,1.004147
6971,80,79.365082,1.004147
6972,80,78.9743615,1.004147
6973,80,78.583641,1.004147
6974,80,78.583641,1.616327
6975,80,78.583641,2.228507
6976,80,78.583641,2.228507
6977,80,78.07082,2.228507
6978,80,77.557999,2.228507
6979,80,77.557999,2.228507
6980,80,77.557999,3.114751
6981,80,77.557999,4.000995
6982,80,77.1672785,4.000995
6983,80,76.776558,4.000995
6984,80,76.776558,4.000995
6985,80,76.776558,4.000995
6986,80,76.4835165,5.3826195
6987,80,76.190475,6.764244
6988,80,76.190475,6.764244
6989,80,76.190475,6.764244
6990,80,75.7509155,6.764244
6991,80,75.311356,6.764244
6992,80,75.311356,8.1563205
6993,80,75.311356,9.548397
6994,80,75.311356,9.548397
6995,80,74.981686,9.548397
6996,80,74.652016,9.548397
6997,80,74.652016,9.548397
6998,80,74.652016,9.548397
6999,80,74.652016,11.2324305
7000,80,74.297924,12.916464
7001,80,73.943832,12.916464
7002,80,73.943832,12.916464
7003,80,73.943832,12.916464
7004,80,73.724052,12.916464
7005,80,73.504272,12.916464
7006,80,73.504272,15.1418895
7007,80,73.504272,17.367315
7008,80,73.199024,17.367315
7009,80,72.893776,17.367315
7010,80,72.893776,17.367315
7011,80,72.893776,17.367315
7012,80,72.893776,19.345499
7013,80,72.6373635,21.323683
7014,80,72.380951,21.323683
7015,80,72.380951,21.323683
7016,80,72.380951,21.323683
7017,80,72.380951,23.3778345
7018,80,72.136753,25.431986
7019,80,71.892555,25.431986
7020,80,71.892555,25.431986
7021,80,71.892555,25.431986
7022,80,71.709404,25.431986
7023,80,71.526253,25.431986
7024,80,71.526253,27.938862
7025,80,71.526253,30.445738
7026,80,71.514042,30.445738
7027,80,71.501831,30.445738
7028,80,71.501831,30.445738
7029,80,71.501831,32.5642825
7030,80,71.501831,34.682827
7031,80,71.404152,34.682827
7032,80,71.306473,34.682827
7033,80,71.306473,34.682827
7034,80,71.306473,34.682827
7035,80,71.306473,34.682827
7036,80,71.3186835,36.9708655
7037,80,71.330894,39.258904
7038,80,71.330894,39.258904
7039,80,71.330894,39.258904
7040,80,71.2942615,39.258904
7041,80,71.257629,39.258904
7042,80,71.257629,41.7583335
7043,80,71.257629,44.257763
7044,80,71.257629,44.257763
7045,80,71.257629,44.257763
7046,80,71.501831,44.257763
7047,80,71.501831,44.257763
7048,80,71.501831,46.2469615
7049,80,71.59951,48.23616
7050,80,71.697189,48.23616
7051,80,71.697189,48.23616
7052,80,71.697189,48.23616
7053,80,71.697189,48.23616
7054,80,71.941391,50.229208
7055,80,72.185593,52.222256
7056,80,72.185593,52.222256
7057,80,72.185593,52.222256
7058,80,72.503052,52.222256
7059,80,72.820511,52.222256
7060,80,72.820511,53.9082985
7061,80,72.820511,55.594341
7062,80,72.820511,55.594341
7063,80,73.2600745,55.594341
7064,80,73.699638,55.594341
7065,80,73.699638,55.594341
7066,80,73.699638,56.840065
7067,80,73.699638,58.085789
7068,80,74.285717,58.085789
7069,80,74.871796,58.085789
7070,80,74.871796,58.085789
7071,80,74.871796,58.085789
7072,80,74.871796,58.910965
7073,80,75.372406,59.736141
7074,80,75.873016,59.736141
7075,80,75.873016,59.736141
7076,80,76.3858375,59.736141
7077,80,76.898659,59.736141
7078,80,76.898659,59.736141
7079,80,76.898659,60.23448
7080,80,76.898659,60.732819
7081,80,77.423691,60.732819
7082,80,77.948723,60.732819
7083,80,77.948723,60.732819
7084,80,77.948723,60.732819
7085,80,77.948723,60.7598
7086,80,78.595852,60.786781
7087,80,79.242981,60.786781
7088,80,79.242981,60.786781
7089,80,79.242981,60.786781
7090,80,79.242981,60.786781
7091,80,79.8412705,60.4046745
7092,80,80.43956,60.022568
7093,80,80.43956,60.022568
7094,80,80.43956,60.022568
7095,80,80.976803,60.022568
7096,80,81.514046,60.022568
7097,80,81.514046,60.022568
7098,80,81.514046,59.0490665
7099,80,82.026863,58.075565
7100,80,82.53968,58.075565
7101,80,82.53968,58.075565
7102,80,82.53968,58.075565
7103,80,82.53968,58.075565
7104,80,83.223442,56.819521
7105,80,83.907204,55.563477
7106,80,83.907204,55.563477
7107,80,83.907204,55.563477
7108,80,83.907204,55.563477
7109,80,84.456654,54.100016
7110,80,85.006104,52.636555
7111,80,85.006104,52.636555
7112,80,85.4578745,52.636555
7113,80,85.909645,52.636555
7114,80,85.909645,52.636555
7115,80,85.909645,52.636555
7116,80,85.909645,50.4421005
7117,80,86.4835165,48.247646
7118,80,87.057388,48.247646
7119,80,87.057388,48.247646
7120,80,87.057388,48.247646
7121,80,87.057388,48.247646
7122,80,87.484737,46.1457615
7123,80,87.912086,44.043877
7124,80,87.912086,44.043877
7125,80,87.912086,44.043877
7126,80,87.912086,44.043877
7127,80,88.2783885,44.043877
7128,80,88.644691,41.6634885
7129,80,88.644691,39.2831
7130,80,88.803421,39.2831
7131,80,88.962151,39.2831
7132,80,88.962151,39.2831
7133,80,88.962151,39.2831
7134,80,88.962151,36.456957
7135,80,88.962151,33.630814
7136,80,89.62149,33.630814
7137,80,89.62149,33.630814
7138,80,89.62149,33.630814
7139,80,89.62149,33.630814
7140,80,89.67033,31.2289795
7141,80,89.71917,28.827145
7142,80,89.71917,28.827145
7143,80,89.71917,28.827145
7144,80,89.71917,28.827145
7145,80,89.816849,28.827145
7146,80,89.914528,26.225234
7147,80,89.914528,23.623323
7148,80,89.914528,23.623323
7149,80,89.9633715,23.623323
7150,80,90.012215,23.623323
7151,80,90.012215,23.623323
7152,80,90.012215,23.623323
7153,80,89.890114,20.8087775
7154,80,89.768013,17.994232
7155,80,89.768013,17.994232
7156,80,89.768013,17.994232
7157,80,89.768013,17.994232
7158,80,89.56044,15.7576035
7159,80,89.352867,13.520975
7160,80,89.352867,13.520975
7161,80,89.352867,13.520975
7162,80,89.352867,13.520975
7163,80,89.1697195,13.520975
7164,80,88.986572,11.321202
7165,80,88.986572,9.121429
7166,80,88.986572,9.121429
7167,80,88.7545815,9.121429
7168,80,88.522591,9.121429
7169,80,88.522591,9.121429
7170,80,88.522591,9.121429
7171,80,88.278389,7.0322515
7172,80,88.034187,4.943074
7173,80,88.034187,4.943074
7174,80,88.034187,4.943074
7175,80,88.034187,4.943074
7176,80,87.753357,4.943074
7177,80,87.472527,3.2050355
7178,80,87.472527,1.466997
7179,80,87.472527,1.466997
7180,80,87.472527,1.466997
7181,80,87.008549,1.466997
7182,80,86.544571,1.466997
7183,80,86.544571,0.7334985
7184,80,86.544571,0
7185,80,86.2515295,0
7186,80,85.958488,0
7187,80,85.958488,0
7188,80,85.958488,0
7189,80,85.958488,0
7190,80,85.4700885,0.022286
7191,80,84.981689,0.044572
7192,80,84.981689,0.044572
7193,80,84.981689,0.044572
7194,80,84.981689,0.044572
7195,80,84.981689,0.044572
7196,80,84.126984,0.038091
7197,80,84.126984,0.03161
7198,80,84.126984,0.03161
7199,80,83.675213,0.03161
7200,80,83.223442,0.03161
7201,80,83.223442,0.03161
7202,80,83.223442,0.015805
7203,80,82.9304045,0
7204,80,82.637367,0
7205,80,82.637367,0
7206,80,82.637367,0
7207,80,82.637367,0
7208,80,82.2710645,0
7209,80,81.904762,0.0296335
7210,80,81.904762,0.059267
7211,80,81.904762,0.059267
7212,80,81.904762,0.059267
7213,80,81.4407805,0.059267
7214,80,80.976799,0.0780495
7215,80,80.976799,0.096832
7216,80,80.976799,0.096832
7217,80,80.976799,0.096832
7218,80,80.5738715,0.096832
7219,80,80.170944,0.096832
7220,80,80.170944,0.096832
7221,80,79.7802235,0.376366
7222,80,79.389503,0.6559
7223,80,79.389503,0.6559
7224,80,79.389503,0.6559
7225,80,79.389503,0.6559
7226,80,79.0598335,0.6559
7227,80,78.730164,1.368649
7228,80,78.730164,2.081398
7229,80,78.730164,2.081398
7230,80,78.730164,2.081398
7231,80,78.18071,2.081398
7232,80,77.631256,2.081398
7233,80,77.631256,2.909509
7234,80,77.631256,3.73762
7235,80,77.631256,3.73762
7236,80,77.2527465,3.73762
7237,80,76.874237,3.73762
7238,80,76.874237,3.73762
7239,80,76.556778,4.8748395
7240,80,76.239319,6.012059
7241,80,76.239319,6.012059
7242,80,76.239319,6.012059
7243,80,76.239319,6.012059
7244,80,75.8485985,6.012059
7245,80,75.457878,6.012059
7246,80,75.457878,7.4965005
7247,80,75.457878,8.980942
7248,80,75.457878,8.980942
7249,80,75.0671575,8.980942
7250,80,74.676437,8.980942
7251,80,74.676437,10.612976
7252,80,74.676437,12.24501
7253,80,74.676437,12.24501
7254,80,74.261295,12.24501
7255,80,73.846153,12.24501
7256,80,73.846153,12.24501
7257,80,73.846153,14.0672705
7258,80,73.5897445,15.889531
7259,80,73.333336,15.889531
7260,80,73.333336,15.889531
7261,80,73.333336,15.889531
7262,80,73.0769235,15.889531
7263,80,72.820511,15.889531
7264,80,72.820511,18.1144965
7265,80,72.820511,20.339462
7266,80,72.820511,20.339462
7267,80,72.820511,20.339462
7268,80,72.5518915,20.339462
7269,80,72.283272,20.339462
7270,80,72.283272,20.339462
7271,80,72.283272,22.427353
7272,80,72.283272,24.515244
7273,80,72.063492,24.515244
7274,80,71.843712,24.515244
7275,80,71.843712,24.515244
7276,80,71.843712,24.515244
7277,80,71.6727715,26.8308525
7278,80,71.501831,29.146461
7279,80,71.501831,29.146461
7280,80,71.501831,29.146461
7281,80,71.4163625,29.146461
7282,80,71.330894,29.146461
7283,80,71.330894,29.146461
7284,80,71.330894,31.840366
7285,80,71.245422,34.534271
7286,80,71.15995,34.534271
7287,80,71.15995,34.534271
7288,80,71.15995,36.6539955
7289,80,71.15995,38.77372
7290,80,71.1355325,38.77372
7291,80,71.111115,38.77372
7292,80,71.111115,38.77372
7293,80,71.1599545,38.77372
7294,80,71.208794,38.77372
7295,80,71.208794,41.38159
7296,80,71.208794,43.98946
7297,80,71.2454225,43.98946
7298,80,71.282051,43.98946
7299,80,71.282051,43.98946
7300,80,71.282051,45.7627755
7301,80,71.282051,47.536091
7302,80,71.282051,47.536091
7303,80,71.391941,47.536091
7304,80,71.501831,47.536091
7305,80,71.501831,47.536091
7306,80,71.501831,49.614168
7307,80,71.501831,51.692245
7308,80,71.819294,51.692245
7309,80,72.136757,51.692245
7310,80,72.136757,51.692245
7311,80,72.136757,51.692245
7312,80,72.5274775,51.692245
7313,80,72.918198,51.692245
7314,80,72.918198,53.55504
7315,80,72.918198,55.417835
7316,80,72.918198,55.417835
7317,80,73.577538,55.417835
7318,80,73.577538,55.417835
7319,80,73.577538,56.5449025
7320,80,73.577538,57.67197
7321,80,74.224667,57.67197
7322,80,74.871796,57.67197
7323,80,74.871796,57.67197
7324,80,74.871796,57.67197
7325,80,74.871796,58.59383
7326,80,75.311356,59.51569
7327,80,75.750916,59.51569
7328,80,75.750916,59.51569
7329,80,75.750916,59.51569
7330,80,76.227108,59.51569
7331,80,76.7033,59.51569
7332,80,76.7033,59.984602
7333,80,76.7033,60.453514
7334,80,77.25275,60.453514
7335,80,77.8022,60.453514
7336,80,77.8022,60.453514
7337,80,77.8022,60.453514
7338,80,77.8022,60.548517
7339,80,78.449329,60.64352
7340,80,79.096458,60.64352
7341,80,79.096458,60.64352
7342,80,79.096458,60.64352
7343,80,79.096458,60.64352
7344,80,79.8046415,60.257183
7345,80,80.512825,59.870846
7346,80,80.512825,59.870846
7347,80,80.512825,59.870846
7348,80,80.9890135,59.870846
7349,80,81.465202,59.870846
7350,80,81.465202,59.0183165
7351,80,81.465202,58.165787
7352,80,81.9658125,58.165787
7353,80,82.466423,58.165787
7354,80,82.466423,58.165787
7355,80,82.466423,58.165787
7356,80,82.466423,57.058447
7357,80,83.1623955,55.951107
7358,80,83.858368,55.951107
7359,80,83.858368,55.951107
7360,80,83.858368,55.951107
7361,80,83.858368,55.951107
7362,80,84.4566575,54.4176655
7363,80,85.054947,52.884224
7364,80,85.054947,52.884224
7365,80,85.054947,52.884224
7366,80,85.482296,52.884224
7367,80,85.909645,52.884224
7368,80,85.909645,52.884224
7369,80,85.909645,50.771904
7370,80,86.3980485,48.659584
7371,80,86.886452,48.659584
7372,80,86.886452,48.659584
7373,80,86.886452,48.659584
7374,80,86.886452,46.630089
7375,80,87.326012,44.600594
7376,80,87.765572,44.600594
7377,80,87.765572,44.600594
7378,80,87.765572,44.600594
7379,80,87.765572,44.600594
7380,80,88.156292,44.600594
7381,80,88.547012,42.155951
7382,80,88.547012,39.711308
7383,80,88.547012,39.711308
7384,80,88.693531,39.711308
7385,80,88.84005,39.711308
7386,80,88.84005,39.711308
7387,80,88.84005,39.711308
7388,80,89.1086695,36.6517605
7389,80,89.377289,33.592213
7390,80,89.377289,33.592213
7391,80,89.377289,33.592213
7392,80,89.377289,33.592213
7393,80,89.5238115,31.3933725
7394,80,89.670334,29.194532
7395,80,89.670334,29.194532
7396,80,89.670334,29.194532
7397,80,89.670334,29.194532
7398,80,89.670334,29.194532
7399,80,89.670334,29.194532
7400,80,89.670334,26.49256
7401,80,89.670334,23.790588
7402,80,89.670334,23.790588
7403,80,89.670334,23.790588
7404,80,89.670334,23.790588
7405,80,89.670334,21.4596575
7406,80,89.670334,19.128727
7407,80,89.670334,19.128727
7408,80,89.670334,19.128727
7409,80,89.670334,19.128727
7410,80,89.670334,19.128727
7411,80,89.670334,19.128727
7412,80,89.474972,16.715364
7413,80,89.27961,14.302001
7414,80,89.27961,14.302001
7415,80,89.27961,14.302001
7416,80,89.157509,14.302001
7417,80,89.035408,14.302001
7418,80,89.035408,14.302001
7419,80,89.035408,11.7251375
7420,80,88.705738,9.148274
7421,80,88.376068,9.148274
7422,80,88.376068,9.148274
7423,80,88.376068,9.148274
7424,80,88.376068,7.376037
7425,80,88.046398,5.6038
7426,80,87.716728,5.6038
7427,80,87.716728,5.6038
7428,80,87.716728,5.6038
7429,80,87.716728,5.6038
7430,80,87.3748475,5.6038
7431,80,87.032967,3.953958
7432,80,87.032967,2.304116
7433,80,87.032967,2.304116
7434,80,87.032967,2.304116
7435,80,86.568989,2.304116
7436,80,86.105011,2.304116
7437,80,86.105011,1.152058
7438,80,86.105011,0
7439,80,85.799759,0
7440,80,85.494507,0
7441,80,85.494507,0
7442,80,85.494507,0
7443,80,85.042736,0
7444,80,84.590965,0
7445,80,84.590965,0
7446,80,84.590965,0
7447,80,84.590965,0
7448,80,84.297924,0
7449,80,84.004883,0
7450,80,84.004883,0
7451,80,84.004883,0
7452,80,84.004883,0
7453,80,83.443222,0
7454,80,82.881561,0
7455,80,82.881561,0
7456,80,82.881561,0
7457,80,82.661781,0
7458,80,82.442001,0
7459,80,82.442001,0
7460,80,82.442001,0
7461,80,81.9780235,0
7462,80,81.514046,0.0810335
7463,80,81.514046,0.162067
7464,80,81.514046,0.162067
7465,80,81.514046,0.162067
7466,80,81.514046,0.162067
7467,80,80.781441,0.162067
7468,80,80.781441,0.220109
7469,80,80.781441,0.278151
7470,80,80.781441,0.278151
7471,80,80.2564125,0.278151
7472,80,79.731384,0.278151
7473,80,79.731384,0.278151
7474,80,79.731384,0.278151
7475,80,79.4871825,0.6794905
7476,80,79.242981,1.08083
7477,80,79.242981,1.08083
7478,80,79.242981,1.08083
7479,80,78.815632,1.08083
7480,80,78.388283,1.7204485
7481,80,78.388283,2.360067
7482,80,78.388283,2.360067
7483,80,78.388283,2.360067
7484,80,77.936512,2.360067
7485,80,77.484741,2.360067
7486,80,77.484741,2.360067
7487,80,77.484741,3.305927
7488,80,77.484741,4.251787
7489,80,77.045181,4.251787
7490,80,76.605621,4.251787
7491,80,76.605621,4.251787
7492,80,76.605621,4.251787
7493,80,76.2759475,5.6298065
7494,80,75.946274,7.007826
7495,80,75.946274,7.007826
7496,80,75.946274,7.007826
7497,80,75.592186,7.007826
7498,80,75.238098,7.007826
7499,80,75.238098,8.4817265
7500,80,75.238098,9.955627
7501,80,75.238098,9.955627
7502,80,74.7863275,9.955627
7503,80,74.334557,9.955627
7504,80,74.334557,9.955627
7505,80,74.334557,11.6965045
7506,80,74.334557,13.437382
7507,80,74.0170975,13.437382
7508,80,73.699638,13.437382
7509,80,73.699638,13.437382
7510,80,73.699638,13.437382
7511,80,73.4676475,13.437382
7512,80,73.235657,15.7810565
7513,80,73.235657,18.124731
7514,80,73.235657,18.124731
7515,80,72.8327255,18.124731
7516,80,72.429794,18.124731
7517,80,72.429794,18.124731
7518,80,72.429794,20.1767995
7519,80,72.429794,22.228868
7520,80,72.210014,22.228868
7521,80,71.990234,22.228868
7522,80,71.990234,22.228868
7523,80,71.990234,22.228868
7524,80,71.990234,24.3174665
7525,80,71.990234,26.406065
7526,80,71.8437115,26.406065
7527,80,71.697189,26.406065
7528,80,71.697189,26.406065
7529,80,71.697189,26.406065
7530,80,71.477409,26.406065
7531,80,71.257629,26.406065
7532,80,71.257629,28.991148
7533,80,71.257629,31.576231
7534,80,71.257629,31.576231
7535,80,71.15995,31.576231
7536,80,71.062271,31.576231
7537,80,71.062271,33.733073
7538,80,71.062271,35.889915
7539,80,71.062271,35.889915
7540,80,71.05006,35.889915
7541,80,71.037849,35.889915
7542,80,71.037849,35.889915
7543,80,71.037849,38.3635025
7544,80,71.0012205,40.83709
7545,80,70.964592,40.83709
7546,80,70.964592,40.83709
7547,80,71.0012205,40.83709
7548,80,71.037849,40.83709
7549,80,71.037849,43.24465
7550,80,71.037849,45.65221
7551,80,71.037849,45.65221
7552,80,71.1111105,45.65221
7553,80,71.184372,45.65221
7554,80,71.184372,47.6624295
7555,80,71.184372,49.672649
7556,80,71.184372,49.672649
7557,80,71.416363,49.672649
7558,80,71.648354,49.672649
7559,80,71.648354,49.672649
7560,80,71.648354,51.596605
7561,80,71.648354,53.520561
7562,80,71.965813,53.520561
7563,80,72.283272,53.520561
7564,80,72.283272,53.520561
7565,80,72.698414,53.520561
7566,80,73.113556,54.9145375
7567,80,73.113556,56.308514
7568,80,73.113556,56.308514
7569,80,73.113556,56.308514
7570,80,73.113556,56.308514
7571,80,73.7240565,56.308514
7572,80,74.334557,56.308514
7573,80,74.334557,57.5050795
7574,80,74.334557,58.701645
7575,80,74.871796,58.701645
7576,80,75.409035,58.701645
7577,80,75.409035,58.701645
7578,80,75.409035,58.701645
7579,80,75.409035,59.5294915
7580,80,76.019535,60.357338
7581,80,76.630035,60.357338
7582,80,76.630035,60.357338
7583,80,76.630035,60.357338
7584,80,77.057388,60.357338
7585,80,77.484741,60.6511975
7586,80,77.484741,60.945057
7587,80,77.484741,60.945057
7588,80,77.484741,60.945057
7589,80,78.0708195,60.945057
7590,80,78.656898,60.945057
7591,80,78.656898,60.851961
7592,80,78.656898,60.758865
7593,80,79.34066,60.758865
7594,80,80.024422,60.758865
7595,80,80.024422,60.758865
7596,80,80.024422,60.758865
7597,80,80.024422,60.758865
7598,80,80.549454,60.155178
7599,80,81.074486,59.551491
7600,80,81.074486,59.551491
7601,80,81.074486,59.551491
7602,80,81.5873035,59.551491
7603,80,82.100121,59.551491
7604,80,82.100121,58.5167045
7605,80,82.100121,57.481918
7606,80,82.100121,57.481918
7607,80,82.808304,57.481918
7608,80,83.516487,57.481918
7609,80,83.516487,57.481918
7610,80,83.516487,56.118166
7611,80,84.053726,54.754414
7612,80,84.590965,54.754414
7613,80,84.590965,54.754414
7614,80,84.590965,54.754414
7615,80,84.590965,54.754414
7616,80,85.1648365,54.754414
7617,80,85.738708,54.754414
7618,80,85.738708,50.9146
7619,80,85.738708,50.9146
7620,80,86.1538465,50.9146
7621,80,86.568985,50.9146
7622,80,86.568985,50.9146
7623,80,86.568985,48.9375015
7624,80,87.0085485,46.960403
7625,80,87.448112,46.960403
7626,80,87.448112,46.960403
7627,80,87.448112,46.960403
7628,80,87.448112,46.960403
7629,80,87.887672,44.538805
7630,80,88.327232,42.117207
7631,80,88.327232,42.117207
7632,80,88.327232,42.117207
7633,80,88.327232,42.117207
7634,80,88.656902,42.117207
7635,80,88.986572,42.117207
7636,80,88.986572,39.1644575
7637,80,88.986572,36.211708
7638,80,89.1819305,36.211708
7639,80,89.377289,36.211708
7640,80,89.377289,36.211708
7641,80,89.377289,36.211708
7642,80,89.377289,33.79827
7643,80,89.462761,31.384832
7644,80,89.548233,31.384832
7645,80,89.548233,31.384832
7646,80,89.548233,31.384832
7647,80,89.548233,31.384832
7648,80,89.7069625,26.398428
7649,80,89.865692,26.398428
7650,80,89.865692,26.398428
7651,80,89.865692,26.398428
7652,80,89.877903,26.398428
7653,80,89.890114,26.398428
7654,80,89.890114,23.540016
7655,80,89.890114,20.681604
7656,80,89.902321,20.681604
7657,80,89.914528,20.681604
7658,80,89.914528,20.681604
7659,80,89.914528,20.681604
7660,80,89.914528,18.4188585
7661,80,89.694748,16.156113
7662,80,89.474968,16.156113
7663,80,89.474968,16.156113
7664,80,89.474968,16.156113
7665,80,89.474968,16.156113
7666,80,89.377289,13.862054
7667,80,89.27961,11.567995
7668,80,89.27961,11.567995
7669,80,89.27961,11.567995
7670,80,89.27961,11.567995
7671,80,89.047619,11.567995
7672,80,88.815628,9.1631685
7673,80,88.815628,6.758342
7674,80,88.6568985,6.758342
7675,80,88.498169,6.758342
7676,80,88.498169,6.758342
7677,80,88.498169,6.758342
7678,80,88.498169,5.0198955
7679,80,88.168499,3.281449
7680,80,87.838829,3.281449
7681,80,87.838829,3.281449
7682,80,87.838829,3.281449
7683,80,87.838829,3.281449
7684,80,87.4603195,1.6407245
7685,80,87.08181,0
7686,80,87.08181,0
7687,80,87.08181,0
7688,80,86.64225,0
7689,80,86.20269,0
7690,80,86.20269,0
7691,80,86.20269,0
7692,80,85.8241765,0
7693,80,85.445663,0
7694,80,85.445663,0
7695,80,85.445663,0
7696,80,85.445663,0
7697,80,85.445663,0
7698,80,85.054943,0
7699,80,84.664223,0
7700,80,84.664223,0
7701,80,84.664223,0
7702,80,84.664223,0
7703,80,84.212456,0
7704,80,83.760689,0
7705,80,83.760689,0
7706,80,83.760689,0
7707,80,83.455437,0
7708,80,83.150185,0
7709,80,83.150185,0
7710,80,83.150185,0
7711,80,83.150185,0
7712,80,82.6129455,0
7713,80,82.075706,0
7714,80,82.075706,0
7715,80,82.075706,0.00624
7716,80,81.770454,0.01248
7717,80,81.465202,0.01248
7718,80,81.465202,0.01248
7719,80,81.465202,0.01248
7720,80,81.037853,0.121279
7721,80,80.610504,0.230078
7722,80,80.610504,0.230078
7723,80,80.610504,0.230078
7724,80,80.1343115,0.230078
7725,80,79.658119,0.230078
7726,80,79.658119,0.230078
7727,80,79.658119,0.650572
7728,80,79.658119,1.071066
7729,80,79.242981,1.071066
7730,80,78.827843,1.071066
7731,80,78.827843,1.071066
7732,80,78.827843,1.071066
7733,80,78.40049,1.6759325
7734,80,77.973137,2.280799
7735,80,77.973137,2.280799
7736,80,77.973137,2.280799
7737,80,77.973137,2.280799
7738,80,77.619049,2.280799
7739,80,77.264961,2.280799
7740,80,77.264961,3.254001
7741,80,77.264961,4.227203
7742,80,77.264961,4.227203
7743,80,76.837608,4.227203
7744,80,76.410255,4.227203
7745,80,76.410255,4.227203
7746,80,76.410255,5.3898855
7747,80,76.410255,6.552568
7748,80,75.9584845,6.552568
7749,80,75.506714,6.552568
7750,80,75.506714,6.552568
7751,80,75.506714,6.552568
7752,80,75.189255,8.002161
7753,80,74.871796,9.451754
7754,80,74.871796,9.451754
7755,80,74.871796,9.451754
7756,80,74.871796,9.451754
7757,80,74.529915,9.451754
7758,80,74.188034,9.451754
7759,80,74.188034,11.5101265
7760,80,74.188034,13.568499
7761,80,74.188034,13.568499
7762,80,73.8095245,13.568499
7763,80,73.431015,13.568499
7764,80,73.431015,15.433176
7765,80,73.431015,17.297853
7766,80,73.1501845,17.297853
7767,80,72.869354,17.297853
7768,80,72.869354,17.297853
7769,80,72.869354,17.297853
7770,80,72.6129455,19.3581445
7771,80,72.356537,21.418436
7772,80,72.356537,21.418436
7773,80,72.356537,21.418436
7774,80,72.356537,21.418436
7775,80,72.1123355,21.418436
7776,80,71.868134,21.418436
7777,80,71.868134,23.976162
7778,80,71.868134,26.533888
7779,80,71.758244,26.533888
7780,80,71.648354,26.533888
7781,80,71.648354,26.533888
7782,80,71.648354,26.533888
7783,80,71.648354,28.68567
7784,80,71.4529915,30.837452
7785,80,71.257629,30.837452
7786,80,71.257629,30.837452
7787,80,71.257629,30.837452
7788,80,71.15995,30.837452
7789,80,71.062271,33.3062115
7790,80,71.062271,35.774971
7791,80,71.062271,35.774971
7792,80,71.062271,35.774971
7793,80,71.037853,35.774971
7794,80,71.013435,35.774971
7795,80,71.013435,35.774971
7796,80,71.013435,38.3570785
7797,80,71.0866925,40.939186
7798,80,71.15995,40.939186
7799,80,71.15995,40.939186
7800,80,71.15995,40.939186
7801,80,71.15995,40.939186
7802,80,71.1111105,43.161766
7803,80,71.062271,45.384346
7804,80,71.062271,45.384346
7805,80,71.062271,45.384346
7806,80,71.172161,45.384346
7807,80,71.282051,45.384346
7808,80,71.282051,47.6574935
7809,80,71.282051,49.930641
7810,80,71.282051,49.930641
7811,80,71.477413,49.930641
7812,80,71.672775,49.930641
7813,80,71.672775,49.930641
7814,80,71.672775,51.9734765
7815,80,71.672775,54.016312
7816,80,72.0634955,54.016312
7817,80,72.454216,54.016312
7818,80,72.454216,54.016312
7819,80,72.454216,54.016312
7820,80,72.454216,55.4849625
7821,80,72.9548265,56.953613
7822,80,73.455437,56.953613
7823,80,73.455437,56.953613
7824,80,73.894997,56.953613
7825,80,74.334557,56.953613
7826,80,74.334557,58.1545085
7827,80,74.334557,59.355404
7828,80,74.334557,59.355404
7829,80,74.7863275,59.355404
7830,80,75.238098,59.355404
7831,80,75.238098,59.355404
7832,80,75.238098,59.355404
7833,80,75.238098,60.176365
7834,80,75.8485985,60.997326
7835,80,76.459099,60.997326
7836,80,76.459099,60.997326
7837,80,76.459099,60.997326
7838,80,77.008549,60.997326
7839,80,77.557999,61.3343375
7840,80,77.557999,61.671349
7841,80,77.557999,61.671349
7842,80,78.1074485,61.671349
7843,80,78.656898,61.671349
7844,80,78.656898,61.671349
7845,80,78.656898,61.5638545
7846,80,78.656898,61.45636
7847,80,79.206348,61.45636
7848,80,79.755798,61.45636
7849,80,79.755798,61.45636
7850,80,79.755798,61.45636
7851,80,79.755798,61.45636
7852,80,80.415142,60.858328
7853,80,81.074486,60.260296
7854,80,81.074486,60.260296
7855,80,81.074486,60.260296
7856,80,81.074486,60.260296
7857,80,81.709404,60.260296
7858,80,82.344322,60.260296
7859,80,82.344322,58.373356
7860,80,82.8327215,58.373356
7861,80,83.321121,58.373356
7862,80,83.321121,58.373356
7863,80,83.321121,58.373356
7864,80,83.321121,57.014149
7865,80,83.968254,55.654942
7866,80,84.615387,55.654942
7867,80,84.615387,55.654942
7868,80,84.615387,55.654942
7869,80,84.615387,55.654942
7870,80,85.140415,53.772629
7871,80,85.665443,51.890316
7872,80,85.665443,51.890316
7873,80,85.665443,51.890316
7874,80,85.665443,51.890316
7875,80,86.2759475,51.890316
7876,80,86.886452,49.93005
7877,80,86.886452,47.969784
7878,80,86.886452,47.969784
7879,80,87.203911,47.969784
7880,80,87.52137,47.969784
7881,80,87.52137,47.969784
7882,80,87.52137,45.695265
7883,80,87.96093,43.420746
7884,80,88.40049,43.420746
7885,80,88.40049,43.420746
7886,80,88.40049,43.420746
7887,80,88.40049,43.420746
7888,80,88.40049,43.420746
7889,80,89.157509,40.580574
7890,80,89.157509,37.740402
7891,80,89.157509,37.740402
7892,80,89.157509,37.740402
7893,80,89.34066,37.740402
7894,80,89.523811,35.3438205
7895,80,89.523811,32.947239
7896,80,89.523811,32.947239
7897,80,89.7191695,32.947239
7898,80,89.914528,32.947239
7899,80,89.914528,32.947239
7900,80,89.914528,30.231119
7901,80,90.036629,27.514999
7902,80,90.15873,27.514999
7903,80,90.15873,27.514999
7904,80,90.15873,27.514999
7905,80,90.15873,27.514999
7906,80,90.0732615,27.514999
7907,80,89.987793,24.634079
7908,80,89.987793,21.753159
7909,80,89.987793,21.753159
7910,80,89.987793,21.753159
7911,80,89.987793,21.753159
7912,80,90.0366325,21.753159
7913,80,90.085472,21.753159
7914,80,90.085472,19.316622
7915,80,90.085472,16.880085
7916,80,89.987793,16.880085
7917,80,89.890114,16.880085
7918,80,89.890114,16.880085
7919,80,89.890114,16.880085
7920,80,89.6459125,14.493524
7921,80,89.401711,12.106963
7922,80,89.401711,12.106963
7923,80,89.401711,12.106963
7924,80,89.401711,12.106963
7925,80,89.16972,12.106963
7926,80,88.937729,9.7350355
7927,80,88.937729,7.363108
7928,80,88.937729,7.363108
7929,80,88.6446875,7.363108
7930,80,88.351646,7.363108
7931,80,88.351646,5.464481
7932,80,88.351646,3.565854
7933,80,88.131866,3.565854
7934,80,87.912086,3.565854
7935,80,87.912086,3.565854
7936,80,87.912086,3.565854
7937,80,87.5457875,1.782927
7938,80,87.179489,0
7939,80,87.179489,0
7940,80,87.179489,0
7941,80,87.179489,0
7942,80,86.6910895,0
7943,80,86.20269,0
7944,80,86.20269,0
7945,80,86.20269,0
7946,80,86.20269,0
7947,80,85.8485985,0
7948,80,85.494507,0
7949,80,85.494507,0
7950,80,85.494507,0
7951,80,85.494507,0
7952,80,85.1404155,0
7953,80,84.786324,0
7954,80,84.786324,0
7955,80,84.786324,0
7956,80,84.444443,0
7957,80,84.102562,0
7958,80,84.102562,0
7959,80,84.102562,0
7960,80,84.102562,0
7961,80,83.663002,0
7962,80,83.223442,0
7963,80,83.223442,0
7964,80,83.223442,0
7965,80,82.808304,0
7966,80,82.393166,0
7967,80,82.393166,0
7968,80,82.393166,0.013572
7969,80,82.063496,0.027144
7970,80,81.733826,0.027144
7971,80,81.733826,0.027144
7972,80,81.733826,0.027144
7973,80,81.733826,0.027144
7974,80,81.306473,0.027144
7975,80,80.87912,0.1017865
7976,80,80.87912,0.176429
7977,80,80.87912,0.176429
7978,80,80.87912,0.176429
7979,80,80.43956,0.176429
7980,80,80,0.4552195
7981,80,80,0.73401
7982,80,80,0.73401
7983,80,79.56044,0.73401
7984,80,79.12088,0.73401
7985,80,79.12088,0.73401
7986,80,79.12088,0.73401
7987,80,78.7545815,1.2340455
7988,80,78.388283,1.734081
7989,80,78.388283,1.734081
7990,80,78.388283,1.734081
7991,80,78.388283,1.734081
7992,80,77.948719,1.734081
7993,80,77.509155,2.683044
7994,80,77.509155,3.632007
7995,80,77.509155,3.632007
7996,80,77.509155,3.632007
7997,80,77.1550675,3.632007
7998,80,76.80098,3.632007
7999,80,76.80098,4.748748
8000,80,76.80098,5.865489
