tempo,SP,PV,MV
5001,80,80.195409625207,52.4398570310439
5002,80,80.195409625207,52.4398570310439
5003,80,80.195409625207,52.4398570310439
5004,80,80.195409625207,52.4398570310439
5005,80,80.195409625207,52.4398570310439
5006,80,80.195409625207,52.4398570310439
5007,80,80.195409625207,52.4398570310439
5008,80,80.195409625207,52.4398570310439
5009,80,80.195409625207,52.4398570310439
5010,80,80.195409625207,52.4398570310439
5011,80,80.195409625207,52.4398570310439
5012,80,80.195409625207,52.4398570310439
5013,80,80.195409625207,52.4398570310439
5014,80,80.195409625207,52.4398570310439
5015,80,80.195409625207,52.4398570310439
5016,80,80.195409625207,52.4398570310439
5017,80,80.195409625207,52.4398570310439
5018,80,80.195409625207,52.4398570310439
5019,80,80.195409625207,52.4398570310439
5020,80,80.195409625207,52.4398570310439
5021,80,80.195409625207,52.4398570310439
5022,80,80.195409625207,52.4398570310439
5023,80,80.195409625207,52.4398570310439
5024,80,80.195409625207,52.4398570310439
5025,80,80.195409625207,52.4398570310439
5026,80,80.195409625207,52.4398570310439
5027,80,80.195409625207,52.4398570310439
5028,80,80.195409625207,52.4398570310439
5029,80,80.195409625207,52.4398570310439
5030,80,80.195409625207,52.4398570310439
5032,80,80.195409625207,52.4398570310439
5033,80,80.195409625207,52.4398570310439
5034,80,80.195409625207,52.4398570310439
5035,80,80.195409625207,52.4398570310439
5036,80,80.195409625207,52.4398570310439
5037,80,80.195409625207,52.4398570310439
5038,80,80.195409625207,52.4398570310439
5039,80,80.195409625207,52.4398570310439
5040,80,80.195409625207,52.4398570310439
5041,80,80.195409625207,52.4398570310439
5042,80,80.195409625207,52.4398570310439
5043,80,80.195409625207,52.4398570310439
5044,80,80.195409625207,52.4398570310439
5045,80,80.195409625207,52.4398570310439
5046,80,80.195409625207,52.4398570310439
5047,80,80.195409625207,52.4398570310439
5048,80,80.195409625207,52.4398570310439
5049,80,80.195409625207,52.4398570310439
5050,80,80.195409625207,52.4398570310439
5051,80,80.195409625207,52.4398570310439
5052,80,80.195409625207,52.4398570310439
5053,80,80.195409625207,52.4398570310439
5054,80,80.195409625207,52.4398570310439
5055,80,80.195409625207,52.4398570310439
5056,80,80.195409625207,52.4398570310439
5057,80,80.195409625207,52.4398570310439
5058,80,80.195409625207,52.4398570310439
5059,80,80.195409625207,52.4398570310439
5060,80,80.195409625207,52.4398570310439
5061,80,80.195409625207,52.4398570310439
5062,80,80.195409625207,52.4398570310439
5063,80,80.195409625207,52.4398570310439
5064,80,80.195409625207,52.4398570310439
5065,80,80.195409625207,52.4398570310439
5066,80,80.195409625207,52.4398570310439
5067,80,80.195409625207,52.4398570310439
5068,80,80.195409625207,52.4398570310439
5069,80,80.195409625207,52.4398570310439
5070,80,80.195409625207,52.4398570310439
5071,80,80.195409625207,52.4398570310439
5072,80,80.195409625207,52.4398570310439
5073,80,80.195409625207,52.4398570310439
5074,80,80.195409625207,52.4398570310439
5075,80,80.195409625207,52.4398570310439
5076,80,80.195409625207,52.4398570310439
5077,80,80.195409625207,52.4398570310439
5078,80,80.195409625207,52.4398570310439
5079,80,80.195409625207,52.4398570310439
5080,80,80.195409625207,52.4398570310439
5081,80,80.195409625207,52.4398570310439
5082,80,80.195409625207,52.4398570310439
5083,80,80.195409625207,52.4398570310439
5084,80,80.195409625207,52.4398570310439
5085,80,80.195409625207,52.4398570310439
5086,80,80.195409625207,52.4398570310439
5087,80,80.195409625207,52.4398570310439
5088,80,80.195409625207,52.4398570310439
5089,80,80.195409625207,52.4398570310439
5090,80,80.195409625207,52.4398570310439
5092,80,80.195409625207,52.4398570310439
5093,80,80.195409625207,52.4398570310439
5094,80,80.195409625207,52.4398570310439
5095,80,80.195409625207,52.4398570310439
5096,80,80.195409625207,52.4398570310439
5097,80,80.195409625207,52.4398570310439
5098,80,80.195409625207,52.4398570310439
5099,80,80.195409625207,52.4398570310439
5100,80,80.195409625207,52.4398570310439
5101,80,80.195409625207,52.4398570310439
5102,80,80.195409625207,52.4398570310439
5103,80,80.195409625207,52.4398570310439
5104,80,80.195409625207,52.4398570310439
5105,80,80.195409625207,52.4398570310439
5106,80,80.195409625207,52.4398570310439
5107,80,80.195409625207,52.4398570310439
5108,80,80.195409625207,52.4398570310439
5109,80,80.195409625207,52.4398570310439
5110,80,80.195409625207,52.4398570310439
5111,80,80.195409625207,52.4398570310439
5112,80,80.195409625207,52.4398570310439
5113,80,80.195409625207,52.4398570310439
5114,80,80.195409625207,52.4398570310439
5115,80,80.195409625207,52.4398570310439
5116,80,80.195409625207,52.4398570310439
5117,80,80.195409625207,52.4398570310439
5118,80,80.195409625207,52.4398570310439
5119,80,80.195409625207,52.4398570310439
5120,80,80.195409625207,52.4398570310439
5122,80,80.195409625207,52.4398570310439
5123,80,80.195409625207,52.4398570310439
5124,80,80.195409625207,52.4398570310439
5125,80,80.195409625207,52.4398570310439
5126,80,80.195409625207,52.4398570310439
5127,80,80.195409625207,52.4398570310439
5128,80,80.195409625207,52.4398570310439
5129,80,80.195409625207,52.4398570310439
5130,80,80.195409625207,52.4398570310439
5131,80,80.195409625207,52.4398570310439
5132,80,80.195409625207,52.4398570310439
5133,80,80.195409625207,52.4398570310439
5134,80,80.195409625207,52.4398570310439
5135,80,80.195409625207,52.4398570310439
5136,80,80.195409625207,52.4398570310439
5137,80,80.195409625207,52.4398570310439
5138,80,80.195409625207,52.4398570310439
5139,80,80.195409625207,52.4398570310439
5140,80,80.195409625207,52.4398570310439
5141,80,80.195409625207,52.4398570310439
5142,80,80.195409625207,52.4398570310439
5143,80,80.195409625207,52.4398570310439
5144,80,80.195409625207,52.4398570310439
5145,80,80.195409625207,52.4398570310439
5146,80,80.195409625207,52.4398570310439
5147,80,80.195409625207,52.4398570310439
5148,80,80.195409625207,52.4398570310439
5149,80,80.195409625207,52.4398570310439
5150,80,80.195409625207,52.4398570310439
5151,80,80.195409625207,52.4398570310439
5152,80,80.195409625207,52.4398570310439
5153,80,80.195409625207,52.4398570310439
5154,80,80.195409625207,52.4398570310439
5155,80,80.195409625207,52.4398570310439
5156,80,80.195409625207,52.4398570310439
5157,80,80.195409625207,52.4398570310439
5158,80,80.195409625207,52.4398570310439
5159,80,80.195409625207,52.4398570310439
5160,80,80.195409625207,52.4398570310439
5161,80,80.195409625207,52.4398570310439
5162,80,80.195409625207,52.4398570310439
5163,80,80.195409625207,52.4398570310439
5164,80,80.195409625207,52.4398570310439
5165,80,80.195409625207,52.4398570310439
5166,80,80.195409625207,52.4398570310439
5167,80,80.195409625207,52.4398570310439
5168,80,80.195409625207,52.4398570310439
5169,80,80.195409625207,52.4398570310439
5170,80,80.195409625207,52.4398570310439
5171,80,80.195409625207,52.4398570310439
5172,80,80.195409625207,52.4398570310439
5173,80,80.195409625207,52.4398570310439
5174,80,80.195409625207,52.4398570310439
5175,80,80.195409625207,52.4398570310439
5176,80,80.195409625207,52.4398570310439
5177,80,80.195409625207,52.4398570310439
5178,80,80.195409625207,52.4398570310439
5179,80,80.195409625207,52.4398570310439
5180,80,80.195409625207,52.4398570310439
5181,80,80.195409625207,52.4398570310439
5183,80,80.195409625207,52.4398570310439
5184,80,80.195409625207,52.4398570310439
5185,80,80.195409625207,52.4398570310439
5186,80,80.195409625207,52.4398570310439
5187,80,80.195409625207,52.4398570310439
5188,80,80.195409625207,52.4398570310439
5189,80,80.195409625207,52.4398570310439
5190,80,80.195409625207,52.4398570310439
5191,80,80.195409625207,52.4398570310439
5192,80,80.195409625207,52.4398570310439
5193,80,80.195409625207,52.4398570310439
5194,80,80.195409625207,52.4398570310439
5195,80,80.195409625207,52.4398570310439
5196,80,80.195409625207,52.4398570310439
5197,80,80.195409625207,52.4398570310439
5198,80,80.195409625207,52.4398570310439
5199,80,80.195409625207,52.4398570310439
5200,80,80.195409625207,52.4398570310439
5201,80,80.195409625207,52.4398570310439
5202,80,80.195409625207,52.4398570310439
5203,80,80.195409625207,52.4398570310439
5204,80,80.195409625207,52.4398570310439
5205,80,80.195409625207,52.4398570310439
5206,80,80.195409625207,52.4398570310439
5207,80,80.195409625207,52.4398570310439
5208,80,80.195409625207,52.4398570310439
5209,80,80.195409625207,52.4398570310439
5210,80,80.195409625207,52.4398570310439
5211,80,80.195409625207,52.4398570310439
5212,80,80.195409625207,52.4398570310439
5213,80,80.195409625207,52.4398570310439
5214,80,80.195409625207,52.4398570310439
5215,80,80.195409625207,52.4398570310439
5216,80,80.195409625207,52.4398570310439
5217,80,80.195409625207,52.4398570310439
5218,80,80.195409625207,52.4398570310439
5219,80,80.195409625207,52.4398570310439
5220,80,80.195409625207,52.4398570310439
5221,80,80.195409625207,52.4398570310439
5222,80,80.195409625207,52.4398570310439
5223,80,80.195409625207,52.4398570310439
5224,80,80.195409625207,52.4398570310439
5225,80,80.195409625207,52.4398570310439
5226,80,80.195409625207,52.4398570310439
5227,80,80.195409625207,52.4398570310439
5228,80,80.195409625207,52.4398570310439
5229,80,80.195409625207,52.4398570310439
5230,80,80.195409625207,52.4398570310439
5231,80,80.195409625207,52.4398570310439
5232,80,80.5009366431061,52.1153606631712
5233,80,80.5009366431061,52.1153606631712
5234,80,80.5009366431061,52.1153606631712
5235,80,80.5009366431061,52.1153606631712
5236,80,80.5009366431061,52.1153606631712
5237,80,80.5009366431061,52.1153606631712
5238,80,80.5009366431061,52.1153606631712
5239,80,80.5009366431061,52.1153606631712
5240,80,80.5009366431061,52.1153606631712
5241,80,80.5009366431061,52.1153606631712
5243,80,80.5009366431061,52.1153606631712
5244,80,80.5009366431061,52.1153606631712
5245,80,80.5009366431061,52.1153606631712
5246,80,80.5009366431061,52.1153606631712
5247,80,80.5009366431061,52.1153606631712
5248,80,80.5009366431061,52.1153606631712
5249,80,80.5009366431061,52.1153606631712
5250,80,80.5009366431061,52.1153606631712
5251,80,80.5009366431061,52.1153606631712
5252,80,80.5009366431061,52.1153606631712
5253,80,80.5009366431061,52.1153606631712
5254,80,80.5009366431061,52.1153606631712
5255,80,80.5009366431061,52.1153606631712
5256,80,80.5009366431061,52.1153606631712
5257,80,80.5009366431061,52.1153606631712
5258,80,80.5009366431061,52.1153606631712
5259,80,80.5009366431061,52.1153606631712
5260,80,80.5009366431061,52.1153606631712
5261,80,80.5009366431061,52.1153606631712
5262,80,80.5009366431061,52.1153606631712
5263,80,80.5009366431061,52.1153606631712
5264,80,80.5009366431061,52.1153606631712
5265,80,80.5009366431061,52.1153606631712
5266,80,80.5009366431061,52.1153606631712
5267,80,80.5009366431061,52.1153606631712
5268,80,80.5009366431061,52.1153606631712
5269,80,80.5009366431061,52.1153606631712
5270,80,80.5009366431061,52.1153606631712
5271,80,80.5009366431061,52.1153606631712
5273,80,80.5009366431061,52.1153606631712
5274,80,80.5009366431061,52.1153606631712
5275,80,80.5009366431061,52.1153606631712
5276,80,80.5009366431061,52.1153606631712
5277,80,80.5009366431061,52.1153606631712
5278,80,80.5009366431061,52.1153606631712
5279,80,80.5009366431061,52.1153606631712
5280,80,80.5009366431061,52.1153606631712
5281,80,80.5009366431061,52.1153606631712
5282,80,80.5009366431061,52.1153606631712
5283,80,80.5009366431061,52.1153606631712
5284,80,80.5009366431061,52.1153606631712
5285,80,80.5009366431061,52.1153606631712
5286,80,80.5009366431061,52.1153606631712
5287,80,80.5009366431061,52.1153606631712
5288,80,80.5009366431061,52.1153606631712
5289,80,80.5009366431061,52.1153606631712
5290,80,80.5009366431061,52.1153606631712
5291,80,80.5009366431061,52.1153606631712
5292,80,80.5009366431061,52.1153606631712
5293,80,80.5009366431061,52.1153606631712
5294,80,80.5009366431061,52.1153606631712
5295,80,80.5009366431061,52.1153606631712
5296,80,80.5009366431061,52.1153606631712
5297,80,80.5009366431061,52.1153606631712
5298,80,80.5009366431061,52.1153606631712
5299,80,80.5009366431061,52.1153606631712
5300,80,80.5009366431061,52.1153606631712
5301,80,80.5009366431061,52.1153606631712
5302,80,80.5009366431061,52.1153606631712
5303,80,80.5009366431061,52.1153606631712
5304,80,80.5009366431061,52.1153606631712
5305,80,80.5009366431061,52.1153606631712
5306,80,80.5009366431061,52.1153606631712
5307,80,80.5009366431061,52.1153606631712
5308,80,80.5009366431061,52.1153606631712
5309,80,80.5009366431061,52.1153606631712
5310,80,80.5009366431061,52.1153606631712
5311,80,80.5009366431061,52.1153606631712
5312,80,80.5009366431061,52.1153606631712
5313,80,80.5009366431061,52.1153606631712
5314,80,80.5009366431061,52.1153606631712
5315,80,80.5009366431061,52.1153606631712
5316,80,80.5009366431061,52.1153606631712
5317,80,80.5009366431061,52.1153606631712
5318,80,80.5009366431061,52.1153606631712
5319,80,80.5009366431061,52.1153606631712
5320,80,80.5009366431061,52.1153606631712
5321,80,80.5009366431061,52.1153606631712
5322,80,80.5009366431061,52.1153606631712
5323,80,80.5009366431061,52.1153606631712
5324,80,80.5009366431061,52.1153606631712
5325,80,80.5009366431061,52.1153606631712
5326,80,80.5009366431061,52.1153606631712
5327,80,80.5009366431061,52.1153606631712
5328,80,80.5009366431061,52.1153606631712
5329,80,80.5009366431061,52.1153606631712
5330,80,80.5009366431061,52.1153606631712
5331,80,80.5009366431061,52.1153606631712
5332,80,80.5009366431061,52.1153606631712
5333,80,80.5009366431061,52.1153606631712
5334,80,80.5009366431061,52.1153606631712
5335,80,80.5009366431061,52.1153606631712
5336,80,80.5009366431061,52.1153606631712
5337,80,80.5009366431061,52.1153606631712
5338,80,80.5009366431061,52.1153606631712
5339,80,80.5009366431061,52.1153606631712
5340,80,80.5009366431061,52.1153606631712
5341,80,80.5009366431061,52.1153606631712
5342,80,80.5009366431061,52.1153606631712
5343,80,80.5009366431061,52.1153606631712
5344,80,80.5009366431061,52.1153606631712
5345,80,80.5009366431061,52.1153606631712
5346,80,80.5009366431061,52.1153606631712
5347,80,80.5009366431061,52.1153606631712
5348,80,80.5009366431061,52.1153606631712
5349,80,80.5009366431061,52.1153606631712
5350,80,80.5009366431061,52.1153606631712
5351,80,80.5009366431061,52.1153606631712
5352,80,80.5009366431061,52.1153606631712
5353,80,80.5009366431061,52.1153606631712
5354,80,80.5009366431061,52.1153606631712
5355,80,80.5009366431061,52.1153606631712
5356,80,80.5009366431061,52.1153606631712
5357,80,80.5009366431061,52.1153606631712
5358,80,80.5009366431061,52.1153606631712
5359,80,80.5009366431061,52.1153606631712
5360,80,80.5009366431061,52.1153606631712
5361,80,80.5009366431061,52.1153606631712
5362,80,80.5009366431061,52.1153606631712
5363,80,80.5009366431061,52.1153606631712
5364,80,80.5009366431061,52.1153606631712
5365,80,80.5009366431061,52.1153606631712
5366,80,80.5009366431061,52.1153606631712
5367,80,80.5009366431061,52.1153606631712
5368,80,80.5009366431061,52.1153606631712
5369,80,80.5009366431061,52.1153606631712
5370,80,80.5009366431061,52.1153606631712
5371,80,80.5009366431061,52.1153606631712
5372,80,80.5009366431061,52.1153606631712
5373,80,80.5009366431061,52.1153606631712
5374,80,80.5009366431061,52.1153606631712
5375,80,80.5009366431061,52.1153606631712
5376,80,80.5009366431061,52.1153606631712
5377,80,80.5009366431061,52.1153606631712
5378,80,80.5009366431061,52.1153606631712
5379,80,80.5009366431061,52.1153606631712
5380,80,80.5009366431061,52.1153606631712
5381,80,80.5009366431061,52.1153606631712
5382,80,80.5009366431061,52.1153606631712
5383,80,80.5009366431061,52.1153606631712
5384,80,80.5009366431061,52.1153606631712
5385,80,80.5009366431061,52.1153606631712
5386,80,80.5009366431061,52.1153606631712
5387,80,80.5009366431061,52.1153606631712
5388,80,80.5009366431061,52.1153606631712
5389,80,80.5009366431061,52.1153606631712
5390,80,80.5009366431061,52.1153606631712
5391,80,80.5009366431061,52.1153606631712
5392,80,80.5009366431061,52.1153606631712
5394,80,80.5009366431061,52.1153606631712
5395,80,80.5009366431061,52.1153606631712
5396,80,80.5009366431061,52.1153606631712
5397,80,80.5009366431061,52.1153606631712
5398,80,80.5009366431061,52.1153606631712
5399,80,80.5009366431061,52.1153606631712
5400,80,80.5009366431061,52.1153606631712
5401,80,80.5009366431061,52.1153606631712
5402,80,80.5009366431061,52.1153606631712
5403,80,80.5009366431061,52.1153606631712
5404,80,80.5009366431061,52.1153606631712
5405,80,80.5009366431061,52.1153606631712
5406,80,80.5009366431061,52.1153606631712
5407,80,80.5009366431061,52.1153606631712
5408,80,80.5009366431061,52.1153606631712
5409,80,80.5009366431061,52.1153606631712
5410,80,80.5009366431061,52.1153606631712
5411,80,80.5009366431061,52.1153606631712
5412,80,80.5009366431061,52.1153606631712
5413,80,80.5009366431061,52.1153606631712
5414,80,80.5009366431061,52.1153606631712
5415,80,80.5009366431061,52.1153606631712
5416,80,80.5009366431061,52.1153606631712
5417,80,80.5009366431061,52.1153606631712
5418,80,80.5009366431061,52.1153606631712
5419,80,80.5009366431061,52.1153606631712
5420,80,80.5009366431061,52.1153606631712
5421,80,80.5009366431061,52.1153606631712
5422,80,80.5009366431061,52.1153606631712
5423,80,80.5009366431061,52.1153606631712
5424,80,80.5009366431061,52.1153606631712
5425,80,80.5009366431061,52.1153606631712
5426,80,80.5009366431061,52.1153606631712
5427,80,80.5009366431061,52.1153606631712
5428,80,80.5009366431061,52.1153606631712
5429,80,80.5009366431061,52.1153606631712
5430,80,80.5009366431061,52.1153606631712
5431,80,80.5009366431061,52.1153606631712
5432,80,80.5009366431061,52.1153606631712
5433,80,80.5009366431061,52.1153606631712
5434,80,80.5009366431061,52.1153606631712
5435,80,80.5009366431061,52.1153606631712
5436,80,80.5009366431061,52.1153606631712
5437,80,80.5009366431061,52.1153606631712
5438,80,80.5009366431061,52.1153606631712
5439,80,80.5009366431061,52.1153606631712
5440,80,80.5009366431061,52.1153606631712
5441,80,80.5009366431061,52.1153606631712
5442,80,80.5009366431061,52.1153606631712
5443,80,80.5009366431061,52.1153606631712
5444,80,80.5009366431061,52.1153606631712
5445,80,80.5009366431061,52.1153606631712
5446,80,80.5009366431061,52.1153606631712
5447,80,80.5009366431061,52.1153606631712
5448,80,80.5009366431061,52.1153606631712
5449,80,80.5009366431061,52.1153606631712
5450,80,80.5009366431061,52.1153606631712
5451,80,80.5009366431061,52.1153606631712
5452,80,80.5009366431061,52.1153606631712
5454,80,80.5009366431061,52.1153606631712
5455,80,80.5009366431061,52.1153606631712
5456,80,80.5009366431061,52.1153606631712
5457,80,80.5009366431061,52.1153606631712
5458,80,80.5009366431061,52.1153606631712
5459,80,80.5009366431061,52.1153606631712
5460,80,80.5009366431061,52.1153606631712
5461,80,80.5009366431061,52.1153606631712
5462,80,80.5009366431061,52.1153606631712
5463,80,80.5009366431061,52.1153606631712
5464,80,80.5009366431061,52.1153606631712
5465,80,80.5009366431061,52.1153606631712
5466,80,80.5009366431061,52.1153606631712
5467,80,80.5009366431061,52.1153606631712
5468,80,80.5009366431061,52.1153606631712
5469,80,80.5009366431061,52.1153606631712
5470,80,80.5009366431061,52.1153606631712
5471,80,80.5009366431061,52.1153606631712
5472,80,80.5009366431061,52.1153606631712
5473,80,80.5009366431061,52.1153606631712
5474,80,80.5009366431061,52.1153606631712
5475,80,80.5009366431061,52.1153606631712
5476,80,80.5009366431061,52.1153606631712
5477,80,80.5009366431061,52.1153606631712
5478,80,80.5009366431061,52.1153606631712
5479,80,80.5009366431061,52.1153606631712
5480,80,80.5009366431061,52.1153606631712
5481,80,80.5009366431061,52.1153606631712
5482,80,80.5009366431061,52.1153606631712
5483,80,80.5009366431061,52.1153606631712
5484,80,80.5009366431061,52.1153606631712
5485,80,80.5009366431061,52.1153606631712
5486,80,80.5009366431061,52.1153606631712
5487,80,80.5009366431061,52.1153606631712
5488,80,80.5009366431061,52.1153606631712
5489,80,80.5009366431061,52.1153606631712
5490,80,80.5009366431061,52.1153606631712
5491,80,80.5009366431061,52.1153606631712
5492,80,80.5009366431061,52.1153606631712
5493,80,80.5009366431061,52.1153606631712
5494,80,80.5009366431061,52.1153606631712
5495,80,80.5009366431061,52.1153606631712
5496,80,80.5009366431061,52.1153606631712
5497,80,80.5009366431061,52.1153606631712
5498,80,80.5009366431061,52.1153606631712
5499,80,80.5009366431061,52.1153606631712
5500,80,80.5009366431061,52.1153606631712
5501,80,80.5009366431061,52.1153606631712
5502,80,80.5009366431061,52.1153606631712
5503,80,80.5009366431061,52.1153606631712
5504,80,80.5009366431061,52.1153606631712
5505,80,80.5009366431061,52.1153606631712
5506,80,80.5009366431061,52.1153606631712
5507,80,80.5009366431061,52.1153606631712
5508,80,80.5009366431061,52.1153606631712
5509,80,80.5009366431061,52.1153606631712
5510,80,80.5009366431061,52.1153606631712
5511,80,80.5009366431061,52.1153606631712
5512,80,80.5009366431061,52.1153606631712
5514,80,80.6049974109117,51.8283077829744
5515,80,80.667433871595,51.6560760548564
5516,80,80.667433871595,51.6560760548564
5517,80,80.667433871595,51.6560760548564
5518,80,80.667433871595,51.6560760548564
5519,80,80.667433871595,51.6560760548564
5520,80,80.667433871595,51.6560760548564
5521,80,80.667433871595,51.6560760548564
5522,80,80.667433871595,51.6560760548564
5523,80,80.667433871595,51.6560760548564
5524,80,80.667433871595,51.6560760548564
5525,80,80.667433871595,51.6560760548564
5526,80,80.667433871595,51.6560760548564
5527,80,80.667433871595,51.6560760548564
5528,80,80.667433871595,51.6560760548564
5529,80,80.667433871595,51.6560760548564
5530,80,80.667433871595,51.6560760548564
5531,80,80.667433871595,51.6560760548564
5532,80,80.667433871595,51.6560760548564
5533,80,80.667433871595,51.6560760548564
5534,80,80.667433871595,51.6560760548564
5535,80,80.667433871595,51.6560760548564
5536,80,80.667433871595,51.6560760548564
5537,80,80.667433871595,51.6560760548564
5538,80,80.667433871595,51.6560760548564
5539,80,80.667433871595,51.6560760548564
5540,80,80.667433871595,51.6560760548564
5541,80,80.667433871595,51.6560760548564
5542,80,80.667433871595,51.6560760548564
5543,80,80.667433871595,51.6560760548564
5544,80,80.667433871595,51.6560760548564
5545,80,80.667433871595,51.6560760548564
5546,80,80.667433871595,51.6560760548564
5547,80,80.667433871595,51.6560760548564
5548,80,80.667433871595,51.6560760548564
5549,80,80.667433871595,51.6560760548564
5550,80,80.667433871595,51.6560760548564
5551,80,80.667433871595,51.6560760548564
5552,80,80.667433871595,51.6560760548564
5553,80,80.667433871595,51.6560760548564
5554,80,80.667433871595,51.6560760548564
5555,80,80.667433871595,51.6560760548564
5556,80,80.667433871595,51.6560760548564
5557,80,80.667433871595,51.6560760548564
5558,80,80.667433871595,51.6560760548564
5559,80,80.667433871595,51.6560760548564
5560,80,80.667433871595,51.6560760548564
5561,80,80.667433871595,51.6560760548564
5562,80,80.667433871595,51.6560760548564
5563,80,80.667433871595,51.6560760548564
5564,80,80.667433871595,51.6560760548564
5565,80,80.667433871595,51.6560760548564
5566,80,80.667433871595,51.6560760548564
5567,80,80.667433871595,51.6560760548564
5568,80,80.667433871595,51.6560760548564
5569,80,80.667433871595,51.6560760548564
5570,80,80.667433871595,51.6560760548564
5571,80,80.667433871595,51.6560760548564
5572,80,80.667433871595,51.6560760548564
5573,80,80.667433871595,51.6560760548564
5574,80,80.667433871595,51.6560760548564
5575,80,80.667433871595,51.6560760548564
5576,80,80.667433871595,51.6560760548564
5577,80,80.667433871595,51.6560760548564
5578,80,80.667433871595,51.6560760548564
5579,80,80.667433871595,51.6560760548564
5580,80,80.667433871595,51.6560760548564
5581,80,80.667433871595,51.6560760548564
5582,80,80.667433871595,51.6560760548564
5583,80,80.667433871595,51.6560760548564
5584,80,80.667433871595,51.6560760548564
5585,80,80.667433871595,51.6560760548564
5586,80,80.667433871595,51.6560760548564
5587,80,80.667433871595,51.6560760548564
5588,80,80.667433871595,51.6560760548564
5589,80,80.667433871595,51.6560760548564
5590,80,80.667433871595,51.6560760548564
5591,80,80.667433871595,51.6560760548564
5592,80,80.667433871595,51.6560760548564
5593,80,80.667433871595,51.6560760548564
5594,80,80.667433871595,51.6560760548564
5595,80,80.667433871595,51.6560760548564
5596,80,80.667433871595,51.6560760548564
5597,80,80.667433871595,51.6560760548564
5598,80,80.667433871595,51.6560760548564
5599,80,80.667433871595,51.6560760548564
5600,80,80.667433871595,51.6560760548564
5601,80,80.667433871595,51.6560760548564
5602,80,80.667433871595,51.6560760548564
5603,80,80.667433871595,51.6560760548564
5605,80,80.667433871595,51.6560760548564
5606,80,80.667433871595,51.6560760548564
5607,80,80.667433871595,51.6560760548564
5608,80,80.667433871595,51.6560760548564
5609,80,80.667433871595,51.6560760548564
5610,80,80.667433871595,51.6560760548564
5611,80,80.667433871595,51.6560760548564
5612,80,80.667433871595,51.6560760548564
5613,80,80.667433871595,51.6560760548564
5614,80,80.667433871595,51.6560760548564
5615,80,80.667433871595,51.6560760548564
5616,80,80.667433871595,51.6560760548564
5617,80,80.667433871595,51.6560760548564
5618,80,80.667433871595,51.6560760548564
5619,80,80.667433871595,51.6560760548564
5620,80,80.667433871595,51.6560760548564
5621,80,80.667433871595,51.6560760548564
5622,80,80.667433871595,51.6560760548564
5623,80,80.667433871595,51.6560760548564
5624,80,80.667433871595,51.6560760548564
5625,80,80.667433871595,51.6560760548564
5626,80,80.667433871595,51.6560760548564
5627,80,80.667433871595,51.6560760548564
5628,80,80.667433871595,51.6560760548564
5629,80,80.667433871595,51.6560760548564
5630,80,80.667433871595,51.6560760548564
5631,80,80.667433871595,51.6560760548564
5632,80,80.667433871595,51.6560760548564
5633,80,80.667433871595,51.6560760548564
5634,80,80.667433871595,51.6560760548564
5635,80,80.667433871595,51.6560760548564
5636,80,80.667433871595,51.6560760548564
5637,80,80.667433871595,51.6560760548564
5638,80,80.667433871595,51.6560760548564
5639,80,80.667433871595,51.6560760548564
5640,80,80.667433871595,51.6560760548564
5641,80,80.667433871595,51.6560760548564
5642,80,80.667433871595,51.6560760548564
5643,80,80.667433871595,51.6560760548564
5644,80,80.667433871595,51.6560760548564
5645,80,80.667433871595,51.6560760548564
5646,80,80.667433871595,51.6560760548564
5647,80,80.667433871595,51.6560760548564
5648,80,80.667433871595,51.6560760548564
5649,80,80.667433871595,51.6560760548564
5650,80,80.667433871595,51.6560760548564
5651,80,80.667433871595,51.6560760548564
5652,80,80.667433871595,51.6560760548564
5653,80,80.667433871595,51.6560760548564
5654,80,80.667433871595,51.6560760548564
5655,80,80.667433871595,51.6560760548564
5656,80,80.667433871595,51.6560760548564
5657,80,80.667433871595,51.6560760548564
5658,80,80.667433871595,51.6560760548564
5659,80,80.667433871595,51.6560760548564
5660,80,80.667433871595,51.6560760548564
5661,80,80.667433871595,51.6560760548564
5662,80,80.667433871595,51.6560760548564
5663,80,80.667433871595,51.6560760548564
5664,80,80.667433871595,51.6560760548564
5665,80,80.667433871595,51.6560760548564
5666,80,80.667433871595,51.6560760548564
5667,80,80.667433871595,51.6560760548564
5668,80,80.667433871595,51.6560760548564
5669,80,80.667433871595,51.6560760548564
5670,80,80.667433871595,51.6560760548564
5671,80,80.667433871595,51.6560760548564
5672,80,80.667433871595,51.6560760548564
5673,80,80.667433871595,51.6560760548564
5674,80,80.667433871595,51.6560760548564
5675,80,80.667433871595,51.6560760548564
5676,80,80.667433871595,51.6560760548564
5677,80,80.667433871595,51.6560760548564
5678,80,80.667433871595,51.6560760548564
5679,80,80.667433871595,51.6560760548564
5680,80,80.667433871595,51.6560760548564
5681,80,80.667433871595,51.6560760548564
5682,80,80.667433871595,51.6560760548564
5683,80,80.667433871595,51.6560760548564
5684,80,80.667433871595,51.6560760548564
5685,80,80.667433871595,51.6560760548564
5686,80,80.667433871595,51.6560760548564
5687,80,80.667433871595,51.6560760548564
5688,80,80.667433871595,51.6560760548564
5689,80,80.667433871595,51.6560760548564
5690,80,80.667433871595,51.6560760548564
5691,80,80.667433871595,51.6560760548564
5692,80,80.667433871595,51.6560760548564
5693,80,80.667433871595,51.6560760548564
5695,80,80.667433871595,51.6560760548564
5696,80,80.667433871595,51.6560760548564
5697,80,80.667433871595,51.6560760548564
5698,80,80.667433871595,51.6560760548564
5699,80,80.667433871595,51.6560760548564
5700,80,80.667433871595,51.6560760548564
5701,80,80.667433871595,51.6560760548564
5702,80,80.667433871595,51.6560760548564
5703,80,80.667433871595,51.6560760548564
5704,80,80.667433871595,51.6560760548564
5705,80,80.667433871595,51.6560760548564
5706,80,80.667433871595,51.6560760548564
5707,80,80.667433871595,51.6560760548564
5708,80,80.667433871595,51.6560760548564
5709,80,80.667433871595,51.6560760548564
5710,80,80.667433871595,51.6560760548564
5711,80,80.667433871595,51.6560760548564
5712,80,80.667433871595,51.6560760548564
5713,80,80.667433871595,51.6560760548564
5714,80,80.667433871595,51.6560760548564
5715,80,80.667433871595,51.6560760548564
5716,80,80.667433871595,51.6560760548564
5717,80,80.667433871595,51.6560760548564
5718,80,80.667433871595,51.6560760548564
5719,80,80.667433871595,51.6560760548564
5720,80,80.667433871595,51.6560760548564
5721,80,80.667433871595,51.6560760548564
5722,80,80.667433871595,51.6560760548564
5723,80,80.667433871595,51.6560760548564
5724,80,80.667433871595,51.6560760548564
5725,80,80.667433871595,51.6560760548564
5726,80,80.667433871595,51.6560760548564
5727,80,80.667433871595,51.6560760548564
5728,80,80.667433871595,51.6560760548564
5729,80,80.667433871595,51.6560760548564
5730,80,80.667433871595,51.6560760548564
5731,80,80.667433871595,51.6560760548564
5732,80,80.667433871595,51.6560760548564
5733,80,80.667433871595,51.6560760548564
5734,80,80.667433871595,51.6560760548564
5735,80,80.667433871595,51.6560760548564
5736,80,80.667433871595,51.6560760548564
5737,80,80.667433871595,51.6560760548564
5738,80,80.667433871595,51.6560760548564
5739,80,80.667433871595,51.6560760548564
5740,80,80.667433871595,51.6560760548564
5741,80,80.667433871595,51.6560760548564
5742,80,80.667433871595,51.6560760548564
5743,80,80.667433871595,51.6560760548564
5744,80,80.667433871595,51.6560760548564
5745,80,80.667433871595,51.6560760548564
5746,80,80.667433871595,51.6560760548564
5747,80,80.667433871595,51.6560760548564
5748,80,80.667433871595,51.6560760548564
5749,80,80.667433871595,51.6560760548564
5750,80,80.667433871595,51.6560760548564
5751,80,80.667433871595,51.6560760548564
5752,80,80.667433871595,51.6560760548564
5753,80,80.667433871595,51.6560760548564
5754,80,80.667433871595,51.6560760548564
5755,80,80.667433871595,51.6560760548564
5756,80,80.667433871595,51.6560760548564
5757,80,80.667433871595,51.6560760548564
5758,80,80.667433871595,51.6560760548564
5759,80,80.667433871595,51.6560760548564
5760,80,80.667433871595,51.6560760548564
5761,80,80.667433871595,51.6560760548564
5762,80,80.667433871595,51.6560760548564
5763,80,80.667433871595,51.6560760548564
5764,80,80.667433871595,51.6560760548564
5765,80,80.667433871595,51.6560760548564
5766,80,80.667433871595,51.6560760548564
5767,80,80.667433871595,51.6560760548564
5768,80,80.667433871595,51.6560760548564
5769,80,80.667433871595,51.6560760548564
5770,80,80.667433871595,51.6560760548564
5771,80,80.667433871595,51.6560760548564
5772,80,80.667433871595,51.6560760548564
5773,80,80.667433871595,51.6560760548564
5774,80,80.667433871595,51.6560760548564
5775,80,80.667433871595,51.6560760548564
5776,80,80.667433871595,51.6560760548564
5777,80,80.667433871595,51.6560760548564
5778,80,80.667433871595,51.6560760548564
5779,80,80.667433871595,51.6560760548564
5780,80,80.667433871595,51.6560760548564
5781,80,80.667433871595,51.6560760548564
5782,80,80.667433871595,51.6560760548564
5783,80,80.667433871595,51.6560760548564
5784,80,80.667433871595,51.6560760548564
5786,80,80.667433871595,51.6560760548564
5787,80,80.667433871595,51.6560760548564
5788,80,80.667433871595,51.6560760548564
5789,80,80.2357828972521,52.7504686612601
5790,80,80.2357828972521,52.7504686612601
5791,80,80.2357828972521,52.7504686612601
5792,80,80.2357828972521,52.7504686612601
5793,80,80.2357828972521,52.7504686612601
5794,80,80.2357828972521,52.7504686612601
5795,80,80.2357828972521,52.7504686612601
5796,80,80.2357828972521,52.7504686612601
5797,80,80.2357828972521,52.7504686612601
5798,80,80.2357828972521,52.7504686612601
5799,80,80.2357828972521,52.7504686612601
5800,80,80.2357828972521,52.7504686612601
5801,80,80.2357828972521,52.7504686612601
5802,80,80.2357828972521,52.7504686612601
5803,80,80.2357828972521,52.7504686612601
5804,80,80.2357828972521,52.7504686612601
5805,80,80.2357828972521,52.7504686612601
5806,80,80.2357828972521,52.7504686612601
5807,80,80.2357828972521,52.7504686612601
5808,80,80.2357828972521,52.7504686612601
5809,80,80.2357828972521,52.7504686612601
5810,80,80.2357828972521,52.7504686612601
5811,80,80.2357828972521,52.7504686612601
5812,80,80.2357828972521,52.7504686612601
5813,80,80.2357828972521,52.7504686612601
5814,80,80.2357828972521,52.7504686612601
5816,80,80.2357828972521,52.7504686612601
5817,80,80.2357828972521,52.7504686612601
5818,80,80.2357828972521,52.7504686612601
5819,80,80.2357828972521,52.7504686612601
5820,80,80.2357828972521,52.7504686612601
5821,80,80.2357828972521,52.7504686612601
5822,80,80.2357828972521,52.7504686612601
5823,80,80.2357828972521,52.7504686612601
5824,80,80.2357828972521,52.7504686612601
5825,80,80.2357828972521,52.7504686612601
5826,80,80.2357828972521,52.7504686612601
5827,80,80.2357828972521,52.7504686612601
5828,80,80.2357828972521,52.7504686612601
5829,80,80.2357828972521,52.7504686612601
5830,80,80.2357828972521,52.7504686612601
5831,80,80.2357828972521,52.7504686612601
5832,80,80.2357828972521,52.7504686612601
5833,80,80.2357828972521,52.7504686612601
5834,80,80.2357828972521,52.7504686612601
5835,80,80.2357828972521,52.7504686612601
5836,80,80.2357828972521,52.7504686612601
5837,80,80.2357828972521,52.7504686612601
5838,80,80.2357828972521,52.7504686612601
5839,80,80.2357828972521,52.7504686612601
5840,80,80.2357828972521,52.7504686612601
5841,80,80.2357828972521,52.7504686612601
5842,80,80.2357828972521,52.7504686612601
5843,80,80.2357828972521,52.7504686612601
5844,80,80.2357828972521,52.7504686612601
5846,80,80.2357828972521,52.7504686612601
5847,80,80.2357828972521,52.7504686612601
5848,80,80.2357828972521,52.7504686612601
5849,80,80.2357828972521,52.7504686612601
5850,80,80.2357828972521,52.7504686612601
5851,80,80.2357828972521,52.7504686612601
5852,80,80.2357828972521,52.7504686612601
5853,80,80.2357828972521,52.7504686612601
5854,80,80.2357828972521,52.7504686612601
5855,80,80.2357828972521,52.7504686612601
5856,80,80.2357828972521,52.7504686612601
5857,80,80.2357828972521,52.7504686612601
5858,80,80.2357828972521,52.7504686612601
5859,80,80.2357828972521,52.7504686612601
5860,80,80.2357828972521,52.7504686612601
5861,80,80.2357828972521,52.7504686612601
5862,80,80.2357828972521,52.7504686612601
5863,80,80.2357828972521,52.7504686612601
5864,80,80.2357828972521,52.7504686612601
5865,80,80.2357828972521,52.7504686612601
5866,80,80.2357828972521,52.7504686612601
5867,80,80.2357828972521,52.7504686612601
5868,80,80.2357828972521,52.7504686612601
5869,80,80.2357828972521,52.7504686612601
5870,80,80.2357828972521,52.7504686612601
5871,80,80.2357828972521,52.7504686612601
5872,80,80.2357828972521,52.7504686612601
5873,80,80.2357828972521,52.7504686612601
5874,80,80.2357828972521,52.7504686612601
5876,80,80.2357828972521,52.7504686612601
5877,80,80.2357828972521,52.7504686612601
5878,80,80.2357828972521,52.7504686612601
5879,80,80.2357828972521,52.7504686612601
5880,80,80.2357828972521,52.7504686612601
5881,80,80.2357828972521,52.7504686612601
5882,80,80.2357828972521,52.7504686612601
5883,80,80.2357828972521,52.7504686612601
5884,80,80.2357828972521,52.7504686612601
5885,80,80.2357828972521,52.7504686612601
5886,80,80.2357828972521,52.7504686612601
5887,80,80.2357828972521,52.7504686612601
5888,80,80.2357828972521,52.7504686612601
5889,80,80.2357828972521,52.7504686612601
5890,80,80.2357828972521,52.7504686612601
5891,80,80.2357828972521,52.7504686612601
5892,80,80.2357828972521,52.7504686612601
5893,80,80.2357828972521,52.7504686612601
5894,80,80.2357828972521,52.7504686612601
5895,80,80.2357828972521,52.7504686612601
5896,80,80.2357828972521,52.7504686612601
5897,80,80.2357828972521,52.7504686612601
5898,80,80.2357828972521,52.7504686612601
5899,80,80.2357828972521,52.7504686612601
5900,80,80.2357828972521,52.7504686612601
5901,80,80.2357828972521,52.7504686612601
5902,80,80.2357828972521,52.7504686612601
5903,80,80.2357828972521,52.7504686612601
5904,80,80.2357828972521,52.7504686612601
5906,80,80.2357828972521,52.7504686612601
5907,80,80.2357828972521,52.7504686612601
5908,80,80.2357828972521,52.7504686612601
5909,80,80.2357828972521,52.7504686612601
5910,80,80.2357828972521,52.7504686612601
5911,80,80.2357828972521,52.7504686612601
5912,80,80.2357828972521,52.7504686612601
5913,80,80.2357828972521,52.7504686612601
5914,80,80.2357828972521,52.7504686612601
5915,80,80.2357828972521,52.7504686612601
5916,80,80.2357828972521,52.7504686612601
5917,80,80.2357828972521,52.7504686612601
5918,80,80.2357828972521,52.7504686612601
5919,80,80.2357828972521,52.7504686612601
5920,80,80.2357828972521,52.7504686612601
5921,80,80.2357828972521,52.7504686612601
5922,80,80.2357828972521,52.7504686612601
5923,80,80.2357828972521,52.7504686612601
5924,80,80.2357828972521,52.7504686612601
5925,80,80.2357828972521,52.7504686612601
5926,80,80.2357828972521,52.7504686612601
5927,80,80.2357828972521,52.7504686612601
5928,80,80.2357828972521,52.7504686612601
5929,80,80.2357828972521,52.7504686612601
5930,80,80.2357828972521,52.7504686612601
5931,80,80.2357828972521,52.7504686612601
5932,80,80.2357828972521,52.7504686612601
5933,80,80.2357828972521,52.7504686612601
5934,80,80.2357828972521,52.7504686612601
5935,80,80.2357828972521,52.7504686612601
5936,80,80.2357828972521,52.7504686612601
5937,80,80.2357828972521,52.7504686612601
5938,80,80.2357828972521,52.7504686612601
5939,80,80.2357828972521,52.7504686612601
5940,80,80.2357828972521,52.7504686612601
5941,80,80.2357828972521,52.7504686612601
5942,80,80.2357828972521,52.7504686612601
5943,80,80.2357828972521,52.7504686612601
5944,80,80.2357828972521,52.7504686612601
5945,80,80.2357828972521,52.7504686612601
5946,80,80.2357828972521,52.7504686612601
5947,80,80.2357828972521,52.7504686612601
5948,80,80.2357828972521,52.7504686612601
5949,80,80.2357828972521,52.7504686612601
5950,80,80.2357828972521,52.7504686612601
5951,80,80.2357828972521,52.7504686612601
5952,80,80.2357828972521,52.7504686612601
5953,80,80.2357828972521,52.7504686612601
5954,80,80.2357828972521,52.7504686612601
5955,80,80.2357828972521,52.7504686612601
5956,80,80.2357828972521,52.7504686612601
5957,80,80.2357828972521,52.7504686612601
5958,80,80.2357828972521,52.7504686612601
5959,80,80.2357828972521,52.7504686612601
5960,80,80.2357828972521,52.7504686612601
5961,80,80.2357828972521,52.7504686612601
5962,80,80.2357828972521,52.7504686612601
5963,80,80.2357828972521,52.7504686612601
5964,80,80.2357828972521,52.7504686612601
5965,80,80.2357828972521,52.7504686612601
5967,80,80.2357828972521,52.7504686612601
5968,80,80.2357828972521,52.7504686612601
5969,80,80.2357828972521,52.7504686612601
5970,80,80.2357828972521,52.7504686612601
5971,80,80.2357828972521,52.7504686612601
5972,80,80.2357828972521,52.7504686612601
5973,80,80.2357828972521,52.7504686612601
5974,80,80.2357828972521,52.7504686612601
5975,80,80.2357828972521,52.7504686612601
5976,80,80.2357828972521,52.7504686612601
5977,80,80.2357828972521,52.7504686612601
5978,80,80.2357828972521,52.7504686612601
5979,80,80.2357828972521,52.7504686612601
5980,80,80.2357828972521,52.7504686612601
5981,80,80.2357828972521,52.7504686612601
5982,80,80.2357828972521,52.7504686612601
5983,80,80.2357828972521,52.7504686612601
5984,80,80.2357828972521,52.7504686612601
5985,80,80.2357828972521,52.7504686612601
5986,80,80.2357828972521,52.7504686612601
5987,80,80.2357828972521,52.7504686612601
5988,80,80.2357828972521,52.7504686612601
5989,80,80.2357828972521,52.7504686612601
5990,80,80.2357828972521,52.7504686612601
5991,80,80.2357828972521,52.7504686612601
5992,80,80.2357828972521,52.7504686612601
5993,80,80.2357828972521,52.7504686612601
5994,80,80.2357828972521,52.7504686612601
5995,80,80.2357828972521,52.7504686612601
5996,80,80.2357828972521,52.7504686612601
5997,80,80.2357828972521,52.7504686612601
5998,80,80.2357828972521,52.7504686612601
5999,80,80.2357828972521,52.7504686612601
6000,80,80.2357828972521,52.7504686612601
6001,80,80.2357828972521,52.7504686612601
6002,80,80.2357828972521,52.7504686612601
6003,80,80.2357828972521,52.7504686612601
6004,80,80.2357828972521,52.7504686612601
6005,80,80.2357828972521,52.7504686612601
6006,80,80.2357828972521,52.7504686612601
6007,80,80.2357828972521,52.7504686612601
6008,80,80.2357828972521,52.7504686612601
6009,80,80.2357828972521,52.7504686612601
6010,80,80.2357828972521,52.7504686612601
6011,80,80.2357828972521,52.7504686612601
6012,80,80.2357828972521,52.7504686612601
6013,80,80.2357828972521,52.7504686612601
6014,80,80.2357828972521,52.7504686612601
6015,80,80.2357828972521,52.7504686612601
6016,80,80.2357828972521,52.7504686612601
6017,80,80.2357828972521,52.7504686612601
6018,80,80.2357828972521,52.7504686612601
6019,80,80.2357828972521,52.7504686612601
6020,80,80.2357828972521,52.7504686612601
6021,80,80.2357828972521,52.7504686612601
6022,80,80.2357828972521,52.7504686612601
6023,80,80.2357828972521,52.7504686612601
6024,80,80.2357828972521,52.7504686612601
6025,80,80.2357828972521,52.7504686612601
6027,80,80.2357828972521,52.7504686612601
6028,80,80.2357828972521,52.7504686612601
6029,80,80.2357828972521,52.7504686612601
6030,80,80.2357828972521,52.7504686612601
6031,80,80.2357828972521,52.7504686612601
6032,80,80.2357828972521,52.7504686612601
6033,80,80.2357828972521,52.7504686612601
6034,80,80.2357828972521,52.7504686612601
6035,80,80.2357828972521,52.7504686612601
6036,80,80.2357828972521,52.7504686612601
6037,80,80.2357828972521,52.7504686612601
6038,80,80.2357828972521,52.7504686612601
6039,80,80.2357828972521,52.7504686612601
6040,80,80.2357828972521,52.7504686612601
6041,80,80.2357828972521,52.7504686612601
6042,80,80.2357828972521,52.7504686612601
6043,80,80.2357828972521,52.7504686612601
6044,80,80.2357828972521,52.7504686612601
6045,80,80.2357828972521,52.7504686612601
6046,80,80.2357828972521,52.7504686612601
6047,80,80.2357828972521,52.7504686612601
6048,80,80.2357828972521,52.7504686612601
6049,80,80.2357828972521,52.7504686612601
6050,80,80.2357828972521,52.7504686612601
6051,80,80.2357828972521,52.7504686612601
6052,80,80.2357828972521,52.7504686612601
6053,80,80.2357828972521,52.7504686612601
6054,80,80.2357828972521,52.7504686612601
6055,80,80.2357828972521,52.7504686612601
6057,80,80.2357828972521,52.7504686612601
6058,80,80.2357828972521,52.7504686612601
6059,80,80.2357828972521,52.7504686612601
6060,80,80.2357828972521,52.7504686612601
6061,80,80.2357828972521,52.7504686612601
6062,80,80.2357828972521,52.7504686612601
6063,80,80.2357828972521,52.7504686612601
6064,80,80.2357828972521,52.7504686612601
6065,80,80.2357828972521,52.7504686612601
6066,80,80.2357828972521,52.7504686612601
6067,80,80.2357828972521,52.7504686612601
6068,80,80.2357828972521,52.7504686612601
6069,80,80.2357828972521,52.7504686612601
6070,80,80.2357828972521,52.7504686612601
6071,80,80.2357828972521,52.7504686612601
6072,80,80.2357828972521,52.7504686612601
6073,80,80.2357828972521,52.7504686612601
6074,80,80.2357828972521,52.7504686612601
6075,80,80.4712362261645,51.8312106118874
6076,80,80.4712362261645,51.8312106118874
6077,80,80.4712362261645,51.8312106118874
6078,80,80.4712362261645,51.8312106118874
6079,80,80.4712362261645,51.8312106118874
6080,80,80.4712362261645,51.8312106118874
6081,80,80.4712362261645,51.8312106118874
6082,80,80.4712362261645,51.8312106118874
6083,80,80.4712362261645,51.8312106118874
6084,80,80.4712362261645,51.8312106118874
6085,80,80.4712362261645,51.8312106118874
6087,80,80.4712362261645,51.8312106118874
6088,80,80.4712362261645,51.8312106118874
6089,80,80.4712362261645,51.8312106118874
6090,80,80.4712362261645,51.8312106118874
6091,80,80.4712362261645,51.8312106118874
6092,80,80.4712362261645,51.8312106118874
6093,80,80.4712362261645,51.8312106118874
6094,80,80.4712362261645,51.8312106118874
6095,80,80.4712362261645,51.8312106118874
6096,80,80.4712362261645,51.8312106118874
6097,80,80.4712362261645,51.8312106118874
6098,80,80.4712362261645,51.8312106118874
6099,80,80.4712362261645,51.8312106118874
6100,80,80.4712362261645,51.8312106118874
6101,80,80.4712362261645,51.8312106118874
6102,80,80.4712362261645,51.8312106118874
6103,80,80.4712362261645,51.8312106118874
6104,80,80.4712362261645,51.8312106118874
6105,80,80.4712362261645,51.8312106118874
6106,80,80.4712362261645,51.8312106118874
6107,80,80.4712362261645,51.8312106118874
6108,80,80.4712362261645,51.8312106118874
6109,80,80.4712362261645,51.8312106118874
6110,80,80.4712362261645,51.8312106118874
6111,80,80.4712362261645,51.8312106118874
6112,80,80.4712362261645,51.8312106118874
6113,80,80.4712362261645,51.8312106118874
6114,80,80.4712362261645,51.8312106118874
6115,80,80.4712362261645,51.8312106118874
6116,80,80.4712362261645,51.8312106118874
6118,80,80.4712362261645,51.8312106118874
6119,80,80.4712362261645,51.8312106118874
6120,80,80.4712362261645,51.8312106118874
6121,80,80.4712362261645,51.8312106118874
6122,80,80.4712362261645,51.8312106118874
6123,80,80.4712362261645,51.8312106118874
6124,80,80.4712362261645,51.8312106118874
6125,80,80.4712362261645,51.8312106118874
6126,80,80.4712362261645,51.8312106118874
6127,80,80.4712362261645,51.8312106118874
6128,80,80.4712362261645,51.8312106118874
6129,80,80.4712362261645,51.8312106118874
6130,80,80.4712362261645,51.8312106118874
6131,80,80.4712362261645,51.8312106118874
6132,80,80.4712362261645,51.8312106118874
6133,80,80.4712362261645,51.8312106118874
6134,80,80.4712362261645,51.8312106118874
6135,80,80.4712362261645,51.8312106118874
6136,80,80.4712362261645,51.8312106118874
6137,80,80.4712362261645,51.8312106118874
6138,80,80.4712362261645,51.8312106118874
6139,80,80.4712362261645,51.8312106118874
6140,80,80.4712362261645,51.8312106118874
6141,80,80.4712362261645,51.8312106118874
6142,80,80.4712362261645,51.8312106118874
6143,80,80.4712362261645,51.8312106118874
6144,80,80.4712362261645,51.8312106118874
6145,80,80.4712362261645,51.8312106118874
6146,80,80.4712362261645,51.8312106118874
6147,80,80.4712362261645,51.8312106118874
6148,80,80.4712362261645,51.8312106118874
6149,80,80.4712362261645,51.8312106118874
6150,80,80.4712362261645,51.8312106118874
6151,80,80.4712362261645,51.8312106118874
6152,80,80.4712362261645,51.8312106118874
6153,80,80.4712362261645,51.8312106118874
6154,80,80.4712362261645,51.8312106118874
6155,80,80.4712362261645,51.8312106118874
6156,80,80.4712362261645,51.8312106118874
6157,80,80.4712362261645,51.8312106118874
6158,80,80.4712362261645,51.8312106118874
6159,80,80.4712362261645,51.8312106118874
6160,80,80.4712362261645,51.8312106118874
6161,80,80.4712362261645,51.8312106118874
6162,80,80.4712362261645,51.8312106118874
6163,80,80.4712362261645,51.8312106118874
6164,80,80.4712362261645,51.8312106118874
6165,80,80.4712362261645,51.8312106118874
6166,80,80.4712362261645,51.8312106118874
6167,80,80.4712362261645,51.8312106118874
6168,80,80.4712362261645,51.8312106118874
6169,80,80.4712362261645,51.8312106118874
6170,80,80.4712362261645,51.8312106118874
6171,80,80.4712362261645,51.8312106118874
6172,80,80.4712362261645,51.8312106118874
6173,80,80.4712362261645,51.8312106118874
6174,80,80.4712362261645,51.8312106118874
6175,80,80.4712362261645,51.8312106118874
6176,80,80.4712362261645,51.8312106118874
6177,80,80.4712362261645,51.8312106118874
6178,80,80.4712362261645,51.8312106118874
6179,80,80.4712362261645,51.8312106118874
6180,80,80.4712362261645,51.8312106118874
6181,80,80.4712362261645,51.8312106118874
6182,80,80.4712362261645,51.8312106118874
6183,80,80.4712362261645,51.8312106118874
6184,80,80.4712362261645,51.8312106118874
6185,80,80.4712362261645,51.8312106118874
6186,80,80.4712362261645,51.8312106118874
6187,80,80.4712362261645,51.8312106118874
6188,80,80.4712362261645,51.8312106118874
6189,80,80.4712362261645,51.8312106118874
6190,80,80.4712362261645,51.8312106118874
6191,80,80.4712362261645,51.8312106118874
6192,80,80.4712362261645,51.8312106118874
6193,80,80.4712362261645,51.8312106118874
6194,80,80.4712362261645,51.8312106118874
6195,80,80.4712362261645,51.8312106118874
6196,80,80.4712362261645,51.8312106118874
6197,80,80.4712362261645,51.8312106118874
6198,80,80.4712362261645,51.8312106118874
6199,80,80.4712362261645,51.8312106118874
6200,80,80.4712362261645,51.8312106118874
6201,80,80.4712362261645,51.8312106118874
6202,80,80.4712362261645,51.8312106118874
6203,80,80.4712362261645,51.8312106118874
6204,80,80.4712362261645,51.8312106118874
6205,80,80.4712362261645,51.8312106118874
6206,80,80.4712362261645,51.8312106118874
6208,80,80.4712362261645,51.8312106118874
6209,80,80.4712362261645,51.8312106118874
6210,80,80.4712362261645,51.8312106118874
6211,80,80.4712362261645,51.8312106118874
6212,80,80.4712362261645,51.8312106118874
6213,80,80.4712362261645,51.8312106118874
6214,80,80.4712362261645,51.8312106118874
6215,80,80.4712362261645,51.8312106118874
6216,80,80.4712362261645,51.8312106118874
6217,80,80.4712362261645,51.8312106118874
6218,80,80.4712362261645,51.8312106118874
6219,80,80.4712362261645,51.8312106118874
6220,80,80.4712362261645,51.8312106118874
6221,80,80.4712362261645,51.8312106118874
6222,80,80.4712362261645,51.8312106118874
6223,80,80.4712362261645,51.8312106118874
6224,80,80.4712362261645,51.8312106118874
6225,80,80.4712362261645,51.8312106118874
6226,80,80.4712362261645,51.8312106118874
6227,80,80.4712362261645,51.8312106118874
6228,80,80.4712362261645,51.8312106118874
6229,80,80.4712362261645,51.8312106118874
6230,80,80.4712362261645,51.8312106118874
6231,80,80.4712362261645,51.8312106118874
6232,80,80.4712362261645,51.8312106118874
6233,80,80.4712362261645,51.8312106118874
6234,80,80.4712362261645,51.8312106118874
6235,80,80.4712362261645,51.8312106118874
6236,80,80.4712362261645,51.8312106118874
6238,80,80.4712362261645,51.8312106118874
6239,80,80.4712362261645,51.8312106118874
6240,80,80.4712362261645,51.8312106118874
6241,80,80.4712362261645,51.8312106118874
6242,80,80.4712362261645,51.8312106118874
6243,80,80.4712362261645,51.8312106118874
6244,80,80.4712362261645,51.8312106118874
6245,80,80.4712362261645,51.8312106118874
6246,80,80.4712362261645,51.8312106118874
6247,80,80.4712362261645,51.8312106118874
6248,80,80.4712362261645,51.8312106118874
6249,80,80.4712362261645,51.8312106118874
6250,80,80.4712362261645,51.8312106118874
6251,80,80.4712362261645,51.8312106118874
6252,80,80.4712362261645,51.8312106118874
6253,80,80.4712362261645,51.8312106118874
6254,80,80.4712362261645,51.8312106118874
6255,80,80.4712362261645,51.8312106118874
6256,80,80.4712362261645,51.8312106118874
6257,80,80.4712362261645,51.8312106118874
6258,80,80.4712362261645,51.8312106118874
6259,80,80.4712362261645,51.8312106118874
6260,80,80.4712362261645,51.8312106118874
6261,80,80.4712362261645,51.8312106118874
6262,80,80.4712362261645,51.8312106118874
6263,80,80.4712362261645,51.8312106118874
6264,80,80.4712362261645,51.8312106118874
6265,80,80.4712362261645,51.8312106118874
6266,80,80.4712362261645,51.8312106118874
6267,80,80.4712362261645,51.8312106118874
6268,80,80.4712362261645,51.8312106118874
6269,80,80.4712362261645,51.8312106118874
6270,80,80.4712362261645,51.8312106118874
6271,80,80.4712362261645,51.8312106118874
6272,80,80.4712362261645,51.8312106118874
6273,80,80.4712362261645,51.8312106118874
6274,80,80.4712362261645,51.8312106118874
6275,80,80.4712362261645,51.8312106118874
6276,80,80.4712362261645,51.8312106118874
6277,80,80.4712362261645,51.8312106118874
6278,80,80.4712362261645,51.8312106118874
6279,80,80.4712362261645,51.8312106118874
6280,80,80.4712362261645,51.8312106118874
6281,80,80.4712362261645,51.8312106118874
6282,80,80.4712362261645,51.8312106118874
6283,80,80.4712362261645,51.8312106118874
6284,80,80.4712362261645,51.8312106118874
6285,80,80.4712362261645,51.8312106118874
6286,80,80.4712362261645,51.8312106118874
6287,80,80.4712362261645,51.8312106118874
6288,80,80.4712362261645,51.8312106118874
6289,80,80.4712362261645,51.8312106118874
6290,80,80.4712362261645,51.8312106118874
6291,80,80.4712362261645,51.8312106118874
6292,80,80.4712362261645,51.8312106118874
6293,80,80.4712362261645,51.8312106118874
6294,80,80.4712362261645,51.8312106118874
6295,80,80.4712362261645,51.8312106118874
6296,80,80.4712362261645,51.8312106118874
6298,80,80.4712362261645,51.8312106118874
6299,80,80.4712362261645,51.8312106118874
6300,80,80.4712362261645,51.8312106118874
6301,80,80.4712362261645,51.8312106118874
6302,80,80.4712362261645,51.8312106118874
6303,80,80.4712362261645,51.8312106118874
6304,80,80.4712362261645,51.8312106118874
6305,80,80.4712362261645,51.8312106118874
6306,80,80.4712362261645,51.8312106118874
6307,80,80.4712362261645,51.8312106118874
6308,80,80.4712362261645,51.8312106118874
6309,80,80.4712362261645,51.8312106118874
6310,80,80.4712362261645,51.8312106118874
6311,80,80.4712362261645,51.8312106118874
6312,80,80.4712362261645,51.8312106118874
6313,80,80.4712362261645,51.8312106118874
6314,80,80.4712362261645,51.8312106118874
6315,80,80.4712362261645,51.8312106118874
6316,80,80.4712362261645,51.8312106118874
6317,80,80.4712362261645,51.8312106118874
6318,80,80.4712362261645,51.8312106118874
6319,80,80.4712362261645,51.8312106118874
6320,80,80.4712362261645,51.8312106118874
6321,80,80.4712362261645,51.8312106118874
6322,80,80.4712362261645,51.8312106118874
6323,80,80.4712362261645,51.8312106118874
6324,80,80.4712362261645,51.8312106118874
6325,80,80.4712362261645,51.8312106118874
6326,80,80.4712362261645,51.8312106118874
6327,80,80.4712362261645,51.8312106118874
6329,80,80.4712362261645,51.8312106118874
6330,80,80.4712362261645,51.8312106118874
6331,80,80.4712362261645,51.8312106118874
6332,80,80.4712362261645,51.8312106118874
6333,80,80.4712362261645,51.8312106118874
6334,80,80.4712362261645,51.8312106118874
6335,80,80.4712362261645,51.8312106118874
6336,80,80.4712362261645,51.8312106118874
6337,80,80.4712362261645,51.8312106118874
6338,80,80.4712362261645,51.8312106118874
6339,80,80.4712362261645,51.8312106118874
6340,80,80.4712362261645,51.8312106118874
6341,80,80.4712362261645,51.8312106118874
6342,80,80.4712362261645,51.8312106118874
6343,80,80.4712362261645,51.8312106118874
6344,80,80.4712362261645,51.8312106118874
6345,80,80.4712362261645,51.8312106118874
6346,80,80.4712362261645,51.8312106118874
6347,80,80.4712362261645,51.8312106118874
6348,80,80.4712362261645,51.8312106118874
6349,80,80.4712362261645,51.8312106118874
6350,80,80.4712362261645,51.8312106118874
6351,80,80.4712362261645,51.8312106118874
6352,80,80.4712362261645,51.8312106118874
6353,80,80.4712362261645,51.8312106118874
6354,80,80.4712362261645,51.8312106118874
6355,80,80.4712362261645,51.8312106118874
6356,80,80.4712362261645,51.8312106118874
6357,80,80.4712362261645,51.8312106118874
6358,80,80.4712362261645,51.8312106118874
6359,80,80.4949556487025,51.9703951616358
6360,80,80.5028621228819,52.0167900115519
6361,80,80.5028621228819,52.0167900115519
6362,80,80.5028621228819,52.0167900115519
6363,80,80.5028621228819,52.0167900115519
6364,80,80.5028621228819,52.0167900115519
6365,80,80.5028621228819,52.0167900115519
6366,80,80.5028621228819,52.0167900115519
6367,80,80.5028621228819,52.0167900115519
6368,80,80.5028621228819,52.0167900115519
6369,80,80.5028621228819,52.0167900115519
6370,80,80.5028621228819,52.0167900115519
6371,80,80.5028621228819,52.0167900115519
6372,80,80.5028621228819,52.0167900115519
6373,80,80.5028621228819,52.0167900115519
6374,80,80.5028621228819,52.0167900115519
6375,80,80.5028621228819,52.0167900115519
6376,80,80.5028621228819,52.0167900115519
6377,80,80.5028621228819,52.0167900115519
6378,80,80.5028621228819,52.0167900115519
6379,80,80.5028621228819,52.0167900115519
6380,80,80.5028621228819,52.0167900115519
6381,80,80.5028621228819,52.0167900115519
6382,80,80.5028621228819,52.0167900115519
6383,80,80.5028621228819,52.0167900115519
6384,80,80.5028621228819,52.0167900115519
6385,80,80.5028621228819,52.0167900115519
6386,80,80.5028621228819,52.0167900115519
6387,80,80.5028621228819,52.0167900115519
6389,80,80.5028621228819,52.0167900115519
6390,80,80.5028621228819,52.0167900115519
6391,80,80.5028621228819,52.0167900115519
6392,80,80.5028621228819,52.0167900115519
6393,80,80.5028621228819,52.0167900115519
6394,80,80.5028621228819,52.0167900115519
6395,80,80.5028621228819,52.0167900115519
6396,80,80.5028621228819,52.0167900115519
6397,80,80.5028621228819,52.0167900115519
6398,80,80.5028621228819,52.0167900115519
6399,80,80.5028621228819,52.0167900115519
6400,80,80.5028621228819,52.0167900115519
6401,80,80.5028621228819,52.0167900115519
6402,80,80.5028621228819,52.0167900115519
6403,80,80.5028621228819,52.0167900115519
6404,80,80.5028621228819,52.0167900115519
6405,80,80.5028621228819,52.0167900115519
6406,80,80.5028621228819,52.0167900115519
6407,80,80.5028621228819,52.0167900115519
6408,80,80.5028621228819,52.0167900115519
6409,80,80.5028621228819,52.0167900115519
6410,80,80.5028621228819,52.0167900115519
6411,80,80.5028621228819,52.0167900115519
6412,80,80.5028621228819,52.0167900115519
6413,80,80.5028621228819,52.0167900115519
6414,80,80.5028621228819,52.0167900115519
6415,80,80.5028621228819,52.0167900115519
6416,80,80.5028621228819,52.0167900115519
6417,80,80.5028621228819,52.0167900115519
6419,80,80.5028621228819,52.0167900115519
6420,80,80.5028621228819,52.0167900115519
6421,80,80.5028621228819,52.0167900115519
6422,80,80.5028621228819,52.0167900115519
6423,80,80.5028621228819,52.0167900115519
6424,80,80.5028621228819,52.0167900115519
6425,80,80.5028621228819,52.0167900115519
6426,80,80.5028621228819,52.0167900115519
6427,80,80.5028621228819,52.0167900115519
6428,80,80.5028621228819,52.0167900115519
6429,80,80.5028621228819,52.0167900115519
6430,80,80.5028621228819,52.0167900115519
6431,80,80.5028621228819,52.0167900115519
6432,80,80.5028621228819,52.0167900115519
6433,80,80.5028621228819,52.0167900115519
6434,80,80.5028621228819,52.0167900115519
6435,80,80.5028621228819,52.0167900115519
6436,80,80.5028621228819,52.0167900115519
6437,80,80.5028621228819,52.0167900115519
6438,80,80.5028621228819,52.0167900115519
6439,80,80.5028621228819,52.0167900115519
6440,80,80.5028621228819,52.0167900115519
6441,80,80.5028621228819,52.0167900115519
6442,80,80.5028621228819,52.0167900115519
6443,80,80.5028621228819,52.0167900115519
6444,80,80.5028621228819,52.0167900115519
6445,80,80.5028621228819,52.0167900115519
6446,80,80.5028621228819,52.0167900115519
6447,80,80.5028621228819,52.0167900115519
6448,80,80.5028621228819,52.0167900115519
6449,80,80.5028621228819,52.0167900115519
6450,80,80.5028621228819,52.0167900115519
6451,80,80.5028621228819,52.0167900115519
6452,80,80.5028621228819,52.0167900115519
6453,80,80.5028621228819,52.0167900115519
6454,80,80.5028621228819,52.0167900115519
6455,80,80.5028621228819,52.0167900115519
6456,80,80.5028621228819,52.0167900115519
6457,80,80.5028621228819,52.0167900115519
6458,80,80.5028621228819,52.0167900115519
6459,80,80.5028621228819,52.0167900115519
6460,80,80.5028621228819,52.0167900115519
6461,80,80.5028621228819,52.0167900115519
6462,80,80.5028621228819,52.0167900115519
6463,80,80.5028621228819,52.0167900115519
6464,80,80.5028621228819,52.0167900115519
6465,80,80.5028621228819,52.0167900115519
6466,80,80.5028621228819,52.0167900115519
6467,80,80.5028621228819,52.0167900115519
6468,80,80.5028621228819,52.0167900115519
6469,80,80.5028621228819,52.0167900115519
6470,80,80.5028621228819,52.0167900115519
6471,80,80.5028621228819,52.0167900115519
6472,80,80.5028621228819,52.0167900115519
6473,80,80.5028621228819,52.0167900115519
6474,80,80.5028621228819,52.0167900115519
6475,80,80.5028621228819,52.0167900115519
6476,80,80.5028621228819,52.0167900115519
6477,80,80.5028621228819,52.0167900115519
6478,80,80.5028621228819,52.0167900115519
6479,80,80.5028621228819,52.0167900115519
6480,80,80.5028621228819,52.0167900115519
6481,80,80.5028621228819,52.0167900115519
6482,80,80.5028621228819,52.0167900115519
6483,80,80.5028621228819,52.0167900115519
6484,80,80.5028621228819,52.0167900115519
6485,80,80.5028621228819,52.0167900115519
6486,80,80.5028621228819,52.0167900115519
6487,80,80.5028621228819,52.0167900115519
6488,80,80.5028621228819,52.0167900115519
6489,80,80.5028621228819,52.0167900115519
6490,80,80.5028621228819,52.0167900115519
6491,80,80.5028621228819,52.0167900115519
6492,80,80.5028621228819,52.0167900115519
6493,80,80.5028621228819,52.0167900115519
6494,80,80.5028621228819,52.0167900115519
6495,80,80.5028621228819,52.0167900115519
6496,80,80.5028621228819,52.0167900115519
6497,80,80.5028621228819,52.0167900115519
6498,80,80.5028621228819,52.0167900115519
6499,80,80.5028621228819,52.0167900115519
6500,80,80.5028621228819,52.0167900115519
6501,80,80.5028621228819,52.0167900115519
6502,80,80.5028621228819,52.0167900115519
6503,80,80.5028621228819,52.0167900115519
6504,80,80.5028621228819,52.0167900115519
6505,80,80.5028621228819,52.0167900115519
6506,80,80.5028621228819,52.0167900115519
6507,80,80.5028621228819,52.0167900115519
6508,80,80.5028621228819,52.0167900115519
6509,80,80.5028621228819,52.0167900115519
6510,80,80.5028621228819,52.0167900115519
6511,80,80.5028621228819,52.0167900115519
6512,80,80.5028621228819,52.0167900115519
6513,80,80.5028621228819,52.0167900115519
6514,80,80.5028621228819,52.0167900115519
6515,80,80.5028621228819,52.0167900115519
6516,80,80.5028621228819,52.0167900115519
6517,80,80.5028621228819,52.0167900115519
6518,80,80.5028621228819,52.0167900115519
6519,80,80.5028621228819,52.0167900115519
6520,80,80.5028621228819,52.0167900115519
6521,80,80.5028621228819,52.0167900115519
6522,80,80.5028621228819,52.0167900115519
6523,80,80.5028621228819,52.0167900115519
6524,80,80.5028621228819,52.0167900115519
6525,80,80.5028621228819,52.0167900115519
6526,80,80.5028621228819,52.0167900115519
6527,80,80.5028621228819,52.0167900115519
6528,80,80.5028621228819,52.0167900115519
6529,80,80.5028621228819,52.0167900115519
6530,80,80.5028621228819,52.0167900115519
6531,80,80.5028621228819,52.0167900115519
6532,80,80.5028621228819,52.0167900115519
6533,80,80.5028621228819,52.0167900115519
6534,80,80.5028621228819,52.0167900115519
6535,80,80.5028621228819,52.0167900115519
6536,80,80.5028621228819,52.0167900115519
6537,80,80.5028621228819,52.0167900115519
6538,80,80.5028621228819,52.0167900115519
6539,80,80.5028621228819,52.0167900115519
6540,80,80.5028621228819,52.0167900115519
6541,80,80.5028621228819,52.0167900115519
6542,80,80.5028621228819,52.0167900115519
6543,80,80.5028621228819,52.0167900115519
6544,80,80.5028621228819,52.0167900115519
6545,80,80.5028621228819,52.0167900115519
6546,80,80.5028621228819,52.0167900115519
6547,80,80.5028621228819,52.0167900115519
6548,80,80.5028621228819,52.0167900115519
6549,80,80.5028621228819,52.0167900115519
6550,80,80.5028621228819,52.0167900115519
6551,80,80.5028621228819,52.0167900115519
6552,80,80.5028621228819,52.0167900115519
6553,80,80.5028621228819,52.0167900115519
6554,80,80.5028621228819,52.0167900115519
6555,80,80.5028621228819,52.0167900115519
6556,80,80.5028621228819,52.0167900115519
6557,80,80.5028621228819,52.0167900115519
6558,80,80.5028621228819,52.0167900115519
6559,80,80.5028621228819,52.0167900115519
6560,80,80.5028621228819,52.0167900115519
6561,80,80.5028621228819,52.0167900115519
6562,80,80.5028621228819,52.0167900115519
6563,80,80.5028621228819,52.0167900115519
6564,80,80.5028621228819,52.0167900115519
6565,80,80.5028621228819,52.0167900115519
6566,80,80.5028621228819,52.0167900115519
6567,80,80.5028621228819,52.0167900115519
6568,80,80.5028621228819,52.0167900115519
6570,80,80.5028621228819,52.0167900115519
6571,80,80.5028621228819,52.0167900115519
6572,80,80.5028621228819,52.0167900115519
6573,80,80.5028621228819,52.0167900115519
6574,80,80.5028621228819,52.0167900115519
6575,80,80.5028621228819,52.0167900115519
6576,80,80.5028621228819,52.0167900115519
6577,80,80.5028621228819,52.0167900115519
6578,80,80.5028621228819,52.0167900115519
6579,80,80.5028621228819,52.0167900115519
6580,80,80.5028621228819,52.0167900115519
6581,80,80.5028621228819,52.0167900115519
6582,80,80.5028621228819,52.0167900115519
6583,80,80.5028621228819,52.0167900115519
6584,80,80.5028621228819,52.0167900115519
6585,80,80.5028621228819,52.0167900115519
6586,80,80.5028621228819,52.0167900115519
6587,80,80.5028621228819,52.0167900115519
6588,80,80.5028621228819,52.0167900115519
6589,80,80.5028621228819,52.0167900115519
6590,80,80.5028621228819,52.0167900115519
6591,80,80.5028621228819,52.0167900115519
6592,80,80.5028621228819,52.0167900115519
6593,80,80.5028621228819,52.0167900115519
6594,80,80.5028621228819,52.0167900115519
6595,80,80.5028621228819,52.0167900115519
6596,80,80.5028621228819,52.0167900115519
6597,80,80.5028621228819,52.0167900115519
6598,80,80.5028621228819,52.0167900115519
6600,80,80.5028621228819,52.0167900115519
6601,80,80.5028621228819,52.0167900115519
6602,80,80.5028621228819,52.0167900115519
6603,80,80.5028621228819,52.0167900115519
6604,80,80.5028621228819,52.0167900115519
6605,80,80.5028621228819,52.0167900115519
6606,80,80.5028621228819,52.0167900115519
6607,80,80.5028621228819,52.0167900115519
6608,80,80.5028621228819,52.0167900115519
6609,80,80.5028621228819,52.0167900115519
6610,80,80.5028621228819,52.0167900115519
6611,80,80.5028621228819,52.0167900115519
6612,80,80.5028621228819,52.0167900115519
6613,80,80.5028621228819,52.0167900115519
6614,80,80.5028621228819,52.0167900115519
6615,80,80.5028621228819,52.0167900115519
6616,80,80.5028621228819,52.0167900115519
6617,80,80.5028621228819,52.0167900115519
6618,80,80.5028621228819,52.0167900115519
6619,80,80.5028621228819,52.0167900115519
6620,80,80.5028621228819,52.0167900115519
6621,80,80.5028621228819,52.0167900115519
6622,80,80.5028621228819,52.0167900115519
6623,80,80.5028621228819,52.0167900115519
6624,80,80.5028621228819,52.0167900115519
6625,80,80.5028621228819,52.0167900115519
6626,80,80.5028621228819,52.0167900115519
6627,80,80.5028621228819,52.0167900115519
6628,80,80.5028621228819,52.0167900115519
6629,80,80.5028621228819,52.0167900115519
6630,80,80.5028621228819,52.0167900115519
6631,80,80.5028621228819,52.0167900115519
6632,80,80.5028621228819,52.0167900115519
6633,80,80.5028621228819,52.0167900115519
6634,80,80.5028621228819,52.0167900115519
6635,80,80.5028621228819,52.0167900115519
6636,80,80.5028621228819,52.0167900115519
6637,80,80.5028621228819,52.0167900115519
6638,80,80.5607388115246,52.3577596276153
6639,80,80.5607388115246,52.3577596276153
6640,80,80.5607388115246,52.3577596276153
6641,80,80.5607388115246,52.3577596276153
6642,80,80.5607388115246,52.3577596276153
6643,80,80.5607388115246,52.3577596276153
6644,80,80.5607388115246,52.3577596276153
6645,80,80.5607388115246,52.3577596276153
6646,80,80.5607388115246,52.3577596276153
6647,80,80.5607388115246,52.3577596276153
6648,80,80.5607388115246,52.3577596276153
6649,80,80.5607388115246,52.3577596276153
6650,80,80.5607388115246,52.3577596276153
6651,80,80.5607388115246,52.3577596276153
6652,80,80.5607388115246,52.3577596276153
6653,80,80.5607388115246,52.3577596276153
6654,80,80.5607388115246,52.3577596276153
6655,80,80.5607388115246,52.3577596276153
6656,80,80.5607388115246,52.3577596276153
6657,80,80.5607388115246,52.3577596276153
6658,80,80.5607388115246,52.3577596276153
6660,80,80.5607388115246,52.3577596276153
6661,80,80.5607388115246,52.3577596276153
6662,80,80.5607388115246,52.3577596276153
6663,80,80.5607388115246,52.3577596276153
6664,80,80.5607388115246,52.3577596276153
6665,80,80.5607388115246,52.3577596276153
6666,80,80.5607388115246,52.3577596276153
6667,80,80.5607388115246,52.3577596276153
6668,80,80.5607388115246,52.3577596276153
6669,80,80.5607388115246,52.3577596276153
6670,80,80.5607388115246,52.3577596276153
6671,80,80.5607388115246,52.3577596276153
6672,80,80.5607388115246,52.3577596276153
6673,80,80.5607388115246,52.3577596276153
6674,80,80.5607388115246,52.3577596276153
6675,80,80.5607388115246,52.3577596276153
6676,80,80.5607388115246,52.3577596276153
6677,80,80.5607388115246,52.3577596276153
6678,80,80.5607388115246,52.3577596276153
6679,80,80.5607388115246,52.3577596276153
6680,80,80.5607388115246,52.3577596276153
6681,80,80.5607388115246,52.3577596276153
6682,80,80.5607388115246,52.3577596276153
6683,80,80.5607388115246,52.3577596276153
6684,80,80.5607388115246,52.3577596276153
6685,80,80.5607388115246,52.3577596276153
6686,80,80.5607388115246,52.3577596276153
6687,80,80.5607388115246,52.3577596276153
6688,80,80.5607388115246,52.3577596276153
6690,80,80.5607388115246,52.3577596276153
6691,80,80.5607388115246,52.3577596276153
6692,80,80.5607388115246,52.3577596276153
6693,80,80.5607388115246,52.3577596276153
6694,80,80.5607388115246,52.3577596276153
6695,80,80.5607388115246,52.3577596276153
6696,80,80.5607388115246,52.3577596276153
6697,80,80.5607388115246,52.3577596276153
6698,80,80.5607388115246,52.3577596276153
6699,80,80.5607388115246,52.3577596276153
6700,80,80.5607388115246,52.3577596276153
6701,80,80.5607388115246,52.3577596276153
6702,80,80.5607388115246,52.3577596276153
6703,80,80.5607388115246,52.3577596276153
6704,80,80.5607388115246,52.3577596276153
6705,80,80.5607388115246,52.3577596276153
6706,80,80.5607388115246,52.3577596276153
6707,80,80.5607388115246,52.3577596276153
6708,80,80.5607388115246,52.3577596276153
6709,80,80.5607388115246,52.3577596276153
6710,80,80.5607388115246,52.3577596276153
6711,80,80.5607388115246,52.3577596276153
6712,80,80.5607388115246,52.3577596276153
6713,80,80.5607388115246,52.3577596276153
6714,80,80.5607388115246,52.3577596276153
6715,80,80.5607388115246,52.3577596276153
6716,80,80.5607388115246,52.3577596276153
6717,80,80.5607388115246,52.3577596276153
6718,80,80.5607388115246,52.3577596276153
6719,80,80.5607388115246,52.3577596276153
6721,80,80.5607388115246,52.3577596276153
6722,80,80.5607388115246,52.3577596276153
6723,80,80.5607388115246,52.3577596276153
6724,80,80.5607388115246,52.3577596276153
6725,80,80.5607388115246,52.3577596276153
6726,80,80.5607388115246,52.3577596276153
6727,80,80.5607388115246,52.3577596276153
6728,80,80.5607388115246,52.3577596276153
6729,80,80.5607388115246,52.3577596276153
6730,80,80.5607388115246,52.3577596276153
6731,80,80.5607388115246,52.3577596276153
6732,80,80.5607388115246,52.3577596276153
6733,80,80.5607388115246,52.3577596276153
6734,80,80.5607388115246,52.3577596276153
6735,80,80.5607388115246,52.3577596276153
6736,80,80.5607388115246,52.3577596276153
6737,80,80.5607388115246,52.3577596276153
6738,80,80.5607388115246,52.3577596276153
6739,80,80.5607388115246,52.3577596276153
6740,80,80.5607388115246,52.3577596276153
6741,80,80.5607388115246,52.3577596276153
6742,80,80.5607388115246,52.3577596276153
6743,80,80.5607388115246,52.3577596276153
6744,80,80.5607388115246,52.3577596276153
6745,80,80.5607388115246,52.3577596276153
6746,80,80.5607388115246,52.3577596276153
6747,80,80.5607388115246,52.3577596276153
6748,80,80.5607388115246,52.3577596276153
6749,80,80.5607388115246,52.3577596276153
6751,80,80.5607388115246,52.3577596276153
6752,80,80.5607388115246,52.3577596276153
6753,80,80.5607388115246,52.3577596276153
6754,80,80.5607388115246,52.3577596276153
6755,80,80.5607388115246,52.3577596276153
6756,80,80.5607388115246,52.3577596276153
6757,80,80.5607388115246,52.3577596276153
6758,80,80.5607388115246,52.3577596276153
6759,80,80.5607388115246,52.3577596276153
6760,80,80.5607388115246,52.3577596276153
6761,80,80.5607388115246,52.3577596276153
6762,80,80.5607388115246,52.3577596276153
6763,80,80.5607388115246,52.3577596276153
6764,80,80.5607388115246,52.3577596276153
6765,80,80.5607388115246,52.3577596276153
6766,80,80.5607388115246,52.3577596276153
6767,80,80.5607388115246,52.3577596276153
6768,80,80.5607388115246,52.3577596276153
6769,80,80.5607388115246,52.3577596276153
6770,80,80.5607388115246,52.3577596276153
6771,80,80.5607388115246,52.3577596276153
6772,80,80.5607388115246,52.3577596276153
6773,80,80.5607388115246,52.3577596276153
6774,80,80.5607388115246,52.3577596276153
6775,80,80.5607388115246,52.3577596276153
6776,80,80.5607388115246,52.3577596276153
6777,80,80.5607388115246,52.3577596276153
6778,80,80.5607388115246,52.3577596276153
6779,80,80.5607388115246,52.3577596276153
6780,80,80.5607388115246,52.3577596276153
6781,80,80.5607388115246,52.3577596276153
6782,80,80.5607388115246,52.3577596276153
6783,80,80.5607388115246,52.3577596276153
6784,80,80.5607388115246,52.3577596276153
6785,80,80.5607388115246,52.3577596276153
6786,80,80.5607388115246,52.3577596276153
6787,80,80.5607388115246,52.3577596276153
6788,80,80.5607388115246,52.3577596276153
6789,80,80.5607388115246,52.3577596276153
6790,80,80.5607388115246,52.3577596276153
6791,80,80.5607388115246,52.3577596276153
6792,80,80.5607388115246,52.3577596276153
6793,80,80.5607388115246,52.3577596276153
6794,80,80.5607388115246,52.3577596276153
6795,80,80.5607388115246,52.3577596276153
6796,80,80.5607388115246,52.3577596276153
6797,80,80.5607388115246,52.3577596276153
6798,80,80.5607388115246,52.3577596276153
6799,80,80.5607388115246,52.3577596276153
6800,80,80.5607388115246,52.3577596276153
6801,80,80.5607388115246,52.3577596276153
6802,80,80.5607388115246,52.3577596276153
6803,80,80.5607388115246,52.3577596276153
6804,80,80.5607388115246,52.3577596276153
6805,80,80.5607388115246,52.3577596276153
6806,80,80.5607388115246,52.3577596276153
6807,80,80.5607388115246,52.3577596276153
6808,80,80.5607388115246,52.3577596276153
6809,80,80.5607388115246,52.3577596276153
6810,80,80.5607388115246,52.3577596276153
6811,80,80.5607388115246,52.3577596276153
6812,80,80.5607388115246,52.3577596276153
6813,80,80.5607388115246,52.3577596276153
6814,80,80.5607388115246,52.3577596276153
6815,80,80.5607388115246,52.3577596276153
6816,80,80.5607388115246,52.3577596276153
6817,80,80.5607388115246,52.3577596276153
6818,80,80.5607388115246,52.3577596276153
6819,80,80.5607388115246,52.3577596276153
6820,80,80.5607388115246,52.3577596276153
6821,80,80.5607388115246,52.3577596276153
6822,80,80.5607388115246,52.3577596276153
6823,80,80.5607388115246,52.3577596276153
6824,80,80.5607388115246,52.3577596276153
6825,80,80.5607388115246,52.3577596276153
6826,80,80.5607388115246,52.3577596276153
6827,80,80.5607388115246,52.3577596276153
6828,80,80.5607388115246,52.3577596276153
6829,80,80.5607388115246,52.3577596276153
6830,80,80.5607388115246,52.3577596276153
6831,80,80.5607388115246,52.3577596276153
6832,80,80.5607388115246,52.3577596276153
6833,80,80.5607388115246,52.3577596276153
6834,80,80.5607388115246,52.3577596276153
6835,80,80.5607388115246,52.3577596276153
6836,80,80.5607388115246,52.3577596276153
6837,80,80.5607388115246,52.3577596276153
6838,80,80.5607388115246,52.3577596276153
6839,80,80.5607388115246,52.3577596276153
6841,80,80.5607388115246,52.3577596276153
6842,80,80.5607388115246,52.3577596276153
6843,80,80.5607388115246,52.3577596276153
6844,80,80.5607388115246,52.3577596276153
6845,80,80.5607388115246,52.3577596276153
6846,80,80.5607388115246,52.3577596276153
6847,80,80.5607388115246,52.3577596276153
6848,80,80.5607388115246,52.3577596276153
6849,80,80.5607388115246,52.3577596276153
6850,80,80.5607388115246,52.3577596276153
6851,80,80.5607388115246,52.3577596276153
6852,80,80.5607388115246,52.3577596276153
6853,80,80.5607388115246,52.3577596276153
6854,80,80.5607388115246,52.3577596276153
6855,80,80.5607388115246,52.3577596276153
6856,80,80.5607388115246,52.3577596276153
6857,80,80.5607388115246,52.3577596276153
6858,80,80.5607388115246,52.3577596276153
6859,80,80.5607388115246,52.3577596276153
6860,80,80.5607388115246,52.3577596276153
6861,80,80.5607388115246,52.3577596276153
6862,80,80.5607388115246,52.3577596276153
6863,80,80.5607388115246,52.3577596276153
6864,80,80.5607388115246,52.3577596276153
6865,80,80.5607388115246,52.3577596276153
6866,80,80.5607388115246,52.3577596276153
6867,80,80.5607388115246,52.3577596276153
6868,80,80.5607388115246,52.3577596276153
6869,80,80.5607388115246,52.3577596276153
6870,80,80.5607388115246,52.3577596276153
6872,80,80.5607388115246,52.3577596276153
6873,80,80.5607388115246,52.3577596276153
6874,80,80.5607388115246,52.3577596276153
6875,80,80.5607388115246,52.3577596276153
6876,80,80.5607388115246,52.3577596276153
6877,80,80.5607388115246,52.3577596276153
6878,80,80.5607388115246,52.3577596276153
6879,80,80.5607388115246,52.3577596276153
6880,80,80.5607388115246,52.3577596276153
6881,80,80.5607388115246,52.3577596276153
6882,80,80.5607388115246,52.3577596276153
6883,80,80.5607388115246,52.3577596276153
6884,80,80.5607388115246,52.3577596276153
6885,80,80.5607388115246,52.3577596276153
6886,80,80.5607388115246,52.3577596276153
6887,80,80.5607388115246,52.3577596276153
6888,80,80.5607388115246,52.3577596276153
6889,80,80.5607388115246,52.3577596276153
6890,80,80.5607388115246,52.3577596276153
6891,80,80.5607388115246,52.3577596276153
6892,80,80.5607388115246,52.3577596276153
6893,80,80.5607388115246,52.3577596276153
6894,80,80.5607388115246,52.3577596276153
6895,80,80.5607388115246,52.3577596276153
6896,80,80.5607388115246,52.3577596276153
6897,80,80.5607388115246,52.3577596276153
6898,80,80.5607388115246,52.3577596276153
6899,80,80.5607388115246,52.3577596276153
6900,80,80.5607388115246,52.3577596276153
6902,80,80.5607388115246,52.3577596276153
6903,80,80.5607388115246,52.3577596276153
6904,80,80.5607388115246,52.3577596276153
6905,80,80.5607388115246,52.3577596276153
6906,80,80.5607388115246,52.3577596276153
6907,80,80.5607388115246,52.3577596276153
6908,80,80.5607388115246,52.3577596276153
6909,80,80.5607388115246,52.3577596276153
6910,80,80.5607388115246,52.3577596276153
6911,80,80.5607388115246,52.3577596276153
6912,80,80.5607388115246,52.3577596276153
6913,80,80.5607388115246,52.3577596276153
6914,80,80.5607388115246,52.3577596276153
6915,80,80.5607388115246,52.3577596276153
6916,80,80.5607388115246,52.3577596276153
6917,80,80.5607388115246,52.3577596276153
6918,80,80.5607388115246,52.3577596276153
6919,80,80.4612555882224,52.0787905994808
6920,80,80.4612555882224,52.0787905994808
6921,80,80.4612555882224,52.0787905994808
6922,80,80.4612555882224,52.0787905994808
6923,80,80.4612555882224,52.0787905994808
6924,80,80.4612555882224,52.0787905994808
6925,80,80.4612555882224,52.0787905994808
6926,80,80.4612555882224,52.0787905994808
6927,80,80.4612555882224,52.0787905994808
6928,80,80.4612555882224,52.0787905994808
6929,80,80.4612555882224,52.0787905994808
6930,80,80.4612555882224,52.0787905994808
6931,80,80.4612555882224,52.0787905994808
6932,80,80.4612555882224,52.0787905994808
6933,80,80.4612555882224,52.0787905994808
6934,80,80.4612555882224,52.0787905994808
6935,80,80.4612555882224,52.0787905994808
6936,80,80.4612555882224,52.0787905994808
6937,80,80.4612555882224,52.0787905994808
6938,80,80.4612555882224,52.0787905994808
6939,80,80.4612555882224,52.0787905994808
6940,80,80.4612555882224,52.0787905994808
6941,80,80.4612555882224,52.0787905994808
6942,80,80.4612555882224,52.0787905994808
6943,80,80.4612555882224,52.0787905994808
6944,80,80.4612555882224,52.0787905994808
6945,80,80.4612555882224,52.0787905994808
6946,80,80.4612555882224,52.0787905994808
6947,80,80.4612555882224,52.0787905994808
6948,80,80.4612555882224,52.0787905994808
6949,80,80.4612555882224,52.0787905994808
6950,80,80.4612555882224,52.0787905994808
6951,80,80.4612555882224,52.0787905994808
6952,80,80.4612555882224,52.0787905994808
6953,80,80.4612555882224,52.0787905994808
6954,80,80.4612555882224,52.0787905994808
6955,80,80.4612555882224,52.0787905994808
6956,80,80.4612555882224,52.0787905994808
6957,80,80.4612555882224,52.0787905994808
6958,80,80.4612555882224,52.0787905994808
6959,80,80.4612555882224,52.0787905994808
6960,80,80.4612555882224,52.0787905994808
6962,80,80.4612555882224,52.0787905994808
6963,80,80.4612555882224,52.0787905994808
6964,80,80.4612555882224,52.0787905994808
6965,80,80.4612555882224,52.0787905994808
6966,80,80.4612555882224,52.0787905994808
6967,80,80.4612555882224,52.0787905994808
6968,80,80.4612555882224,52.0787905994808
6969,80,80.4612555882224,52.0787905994808
6970,80,80.4612555882224,52.0787905994808
6971,80,80.4612555882224,52.0787905994808
6972,80,80.4612555882224,52.0787905994808
6973,80,80.4612555882224,52.0787905994808
6974,80,80.4612555882224,52.0787905994808
6975,80,80.4612555882224,52.0787905994808
6976,80,80.4612555882224,52.0787905994808
6977,80,80.4612555882224,52.0787905994808
6978,80,80.4612555882224,52.0787905994808
6979,80,80.4612555882224,52.0787905994808
6980,80,80.4612555882224,52.0787905994808
6981,80,80.4612555882224,52.0787905994808
6982,80,80.4612555882224,52.0787905994808
6983,80,80.4612555882224,52.0787905994808
6984,80,80.4612555882224,52.0787905994808
6985,80,80.4612555882224,52.0787905994808
6986,80,80.4612555882224,52.0787905994808
6987,80,80.4612555882224,52.0787905994808
6988,80,80.4612555882224,52.0787905994808
6989,80,80.4612555882224,52.0787905994808
6990,80,80.4612555882224,52.0787905994808
6992,80,80.4612555882224,52.0787905994808
6993,80,80.4612555882224,52.0787905994808
6994,80,80.4612555882224,52.0787905994808
6995,80,80.4612555882224,52.0787905994808
6996,80,80.4612555882224,52.0787905994808
6997,80,80.4612555882224,52.0787905994808
6998,80,80.4612555882224,52.0787905994808
6999,80,80.4612555882224,52.0787905994808
7000,80,80.4612555882224,52.0787905994808
7001,80,80.4612555882224,52.0787905994808
7002,80,80.4612555882224,52.0787905994808
7003,80,80.4612555882224,52.0787905994808
7004,80,80.4612555882224,52.0787905994808
7005,80,80.4612555882224,52.0787905994808
7006,80,80.4612555882224,52.0787905994808
7007,80,80.4612555882224,52.0787905994808
7008,80,80.4612555882224,52.0787905994808
7009,80,80.4612555882224,52.0787905994808
7010,80,80.4612555882224,52.0787905994808
7011,80,80.4612555882224,52.0787905994808
7012,80,80.4612555882224,52.0787905994808
7013,80,80.4612555882224,52.0787905994808
7014,80,80.4612555882224,52.0787905994808
7015,80,80.4612555882224,52.0787905994808
7016,80,80.4612555882224,52.0787905994808
7017,80,80.4612555882224,52.0787905994808
7018,80,80.4612555882224,52.0787905994808
7019,80,80.4612555882224,52.0787905994808
7020,80,80.4612555882224,52.0787905994808
7021,80,80.4612555882224,52.0787905994808
7022,80,80.4612555882224,52.0787905994808
7023,80,80.4612555882224,52.0787905994808
7024,80,80.4612555882224,52.0787905994808
7025,80,80.4612555882224,52.0787905994808
7026,80,80.4612555882224,52.0787905994808
7027,80,80.4612555882224,52.0787905994808
7028,80,80.4612555882224,52.0787905994808
7029,80,80.4612555882224,52.0787905994808
7030,80,80.4612555882224,52.0787905994808
7031,80,80.4612555882224,52.0787905994808
7032,80,80.4612555882224,52.0787905994808
7033,80,80.4612555882224,52.0787905994808
7034,80,80.4612555882224,52.0787905994808
7035,80,80.4612555882224,52.0787905994808
7036,80,80.4612555882224,52.0787905994808
7037,80,80.4612555882224,52.0787905994808
7038,80,80.4612555882224,52.0787905994808
7039,80,80.4612555882224,52.0787905994808
7040,80,80.4612555882224,52.0787905994808
7041,80,80.4612555882224,52.0787905994808
7042,80,80.4612555882224,52.0787905994808
7043,80,80.4612555882224,52.0787905994808
7044,80,80.4612555882224,52.0787905994808
7045,80,80.4612555882224,52.0787905994808
7046,80,80.4612555882224,52.0787905994808
7047,80,80.4612555882224,52.0787905994808
7048,80,80.4612555882224,52.0787905994808
7049,80,80.4612555882224,52.0787905994808
7050,80,80.4612555882224,52.0787905994808
7052,80,80.4612555882224,52.0787905994808
7053,80,80.4612555882224,52.0787905994808
7054,80,80.4612555882224,52.0787905994808
7055,80,80.4612555882224,52.0787905994808
7056,80,80.4612555882224,52.0787905994808
7057,80,80.4612555882224,52.0787905994808
7058,80,80.4612555882224,52.0787905994808
7059,80,80.4612555882224,52.0787905994808
7060,80,80.4612555882224,52.0787905994808
7061,80,80.4612555882224,52.0787905994808
7062,80,80.4612555882224,52.0787905994808
7063,80,80.4612555882224,52.0787905994808
7064,80,80.4612555882224,52.0787905994808
7065,80,80.4612555882224,52.0787905994808
7066,80,80.4612555882224,52.0787905994808
7067,80,80.4612555882224,52.0787905994808
7068,80,80.4612555882224,52.0787905994808
7069,80,80.4612555882224,52.0787905994808
7070,80,80.4612555882224,52.0787905994808
7071,80,80.4612555882224,52.0787905994808
7072,80,80.4612555882224,52.0787905994808
7073,80,80.4612555882224,52.0787905994808
7074,80,80.4612555882224,52.0787905994808
7075,80,80.4612555882224,52.0787905994808
7076,80,80.4612555882224,52.0787905994808
7077,80,80.4612555882224,52.0787905994808
7078,80,80.4612555882224,52.0787905994808
7079,80,80.4612555882224,52.0787905994808
7080,80,80.4612555882224,52.0787905994808
7081,80,80.4612555882224,52.0787905994808
7082,80,80.4612555882224,52.0787905994808
7083,80,80.4612555882224,52.0787905994808
7084,80,80.4612555882224,52.0787905994808
7085,80,80.4612555882224,52.0787905994808
7086,80,80.4612555882224,52.0787905994808
7087,80,80.4612555882224,52.0787905994808
7088,80,80.4612555882224,52.0787905994808
7089,80,80.4612555882224,52.0787905994808
7090,80,80.4612555882224,52.0787905994808
7091,80,80.4612555882224,52.0787905994808
7092,80,80.4612555882224,52.0787905994808
7093,80,80.4612555882224,52.0787905994808
7094,80,80.4612555882224,52.0787905994808
7095,80,80.4612555882224,52.0787905994808
7096,80,80.4612555882224,52.0787905994808
7097,80,80.4612555882224,52.0787905994808
7098,80,80.4612555882224,52.0787905994808
7099,80,80.4612555882224,52.0787905994808
7100,80,80.4612555882224,52.0787905994808
7101,80,80.4612555882224,52.0787905994808
7102,80,80.4612555882224,52.0787905994808
7103,80,80.4612555882224,52.0787905994808
7104,80,80.4612555882224,52.0787905994808
7105,80,80.4612555882224,52.0787905994808
7106,80,80.4612555882224,52.0787905994808
7107,80,80.4612555882224,52.0787905994808
7108,80,80.4612555882224,52.0787905994808
7109,80,80.4612555882224,52.0787905994808
7110,80,80.4612555882224,52.0787905994808
7111,80,80.4612555882224,52.0787905994808
7112,80,80.4612555882224,52.0787905994808
7113,80,80.4612555882224,52.0787905994808
7114,80,80.4612555882224,52.0787905994808
7115,80,80.4612555882224,52.0787905994808
7116,80,80.4612555882224,52.0787905994808
7117,80,80.4612555882224,52.0787905994808
7118,80,80.4612555882224,52.0787905994808
7119,80,80.4612555882224,52.0787905994808
7120,80,80.4612555882224,52.0787905994808
7121,80,80.4612555882224,52.0787905994808
7122,80,80.4612555882224,52.0787905994808
7123,80,80.4612555882224,52.0787905994808
7124,80,80.4612555882224,52.0787905994808
7125,80,80.4612555882224,52.0787905994808
7126,80,80.4612555882224,52.0787905994808
7127,80,80.4612555882224,52.0787905994808
7128,80,80.4612555882224,52.0787905994808
7129,80,80.4612555882224,52.0787905994808
7130,80,80.4612555882224,52.0787905994808
7131,80,80.4612555882224,52.0787905994808
7132,80,80.4612555882224,52.0787905994808
7133,80,80.4612555882224,52.0787905994808
7134,80,80.4612555882224,52.0787905994808
7135,80,80.4612555882224,52.0787905994808
7136,80,80.4612555882224,52.0787905994808
7137,80,80.4612555882224,52.0787905994808
7138,80,80.4612555882224,52.0787905994808
7139,80,80.4612555882224,52.0787905994808
7140,80,80.4612555882224,52.0787905994808
7141,80,80.4612555882224,52.0787905994808
7142,80,80.4612555882224,52.0787905994808
7143,80,80.4612555882224,52.0787905994808
7144,80,80.4612555882224,52.0787905994808
7145,80,80.4612555882224,52.0787905994808
7146,80,80.4612555882224,52.0787905994808
7147,80,80.4612555882224,52.0787905994808
7148,80,80.4612555882224,52.0787905994808
7149,80,80.4612555882224,52.0787905994808
7150,80,80.4612555882224,52.0787905994808
7151,80,80.4612555882224,52.0787905994808
7152,80,80.4612555882224,52.0787905994808
7153,80,80.4612555882224,52.0787905994808
7154,80,80.4612555882224,52.0787905994808
7155,80,80.4612555882224,52.0787905994808
7156,80,80.4612555882224,52.0787905994808
7157,80,80.4612555882224,52.0787905994808
7158,80,80.4612555882224,52.0787905994808
7159,80,80.4612555882224,52.0787905994808
7160,80,80.4612555882224,52.0787905994808
7161,80,80.4612555882224,52.0787905994808
7162,80,80.4612555882224,52.0787905994808
7163,80,80.4612555882224,52.0787905994808
7164,80,80.4612555882224,52.0787905994808
7165,80,80.4612555882224,52.0787905994808
7166,80,80.4612555882224,52.0787905994808
7167,80,80.4612555882224,52.0787905994808
7168,80,80.4612555882224,52.0787905994808
7169,80,80.4612555882224,52.0787905994808
7170,80,80.4612555882224,52.0787905994808
7171,80,80.4612555882224,52.0787905994808
7173,80,80.4612555882224,52.0787905994808
7174,80,80.4612555882224,52.0787905994808
7175,80,80.4612555882224,52.0787905994808
7176,80,80.4612555882224,52.0787905994808
7177,80,80.4612555882224,52.0787905994808
7178,80,80.4612555882224,52.0787905994808
7179,80,80.4612555882224,52.0787905994808
7180,80,80.4612555882224,52.0787905994808
7181,80,80.4612555882224,52.0787905994808
7182,80,80.4612555882224,52.0787905994808
7183,80,80.4612555882224,52.0787905994808
7184,80,80.4612555882224,52.0787905994808
7185,80,80.4612555882224,52.0787905994808
7186,80,80.4612555882224,52.0787905994808
7187,80,80.4612555882224,52.0787905994808
7188,80,80.4612555882224,52.0787905994808
7189,80,80.4612555882224,52.0787905994808
7190,80,80.4612555882224,52.0787905994808
7191,80,80.4612555882224,52.0787905994808
7192,80,80.4612555882224,52.0787905994808
7193,80,80.4612555882224,52.0787905994808
7194,80,80.4612555882224,52.0787905994808
7195,80,80.4612555882224,52.0787905994808
7196,80,80.4612555882224,52.0787905994808
7197,80,80.4612555882224,52.0787905994808
7198,80,80.4612555882224,52.0787905994808
7199,80,80.4612555882224,52.0787905994808
7200,80,80.4612555882224,52.0787905994808
7201,80,80.4612555882224,52.0787905994808
7202,80,80.4612555882224,52.0787905994808
7203,80,80.4606132388746,52.4896389284992
7204,80,80.4602278292659,52.7361479259102
7205,80,80.4602278292659,52.7361479259102
7206,80,80.4602278292659,52.7361479259102
7207,80,80.4602278292659,52.7361479259102
7208,80,80.4602278292659,52.7361479259102
7209,80,80.4602278292659,52.7361479259102
7210,80,80.4602278292659,52.7361479259102
7211,80,80.4602278292659,52.7361479259102
7212,80,80.4602278292659,52.7361479259102
7213,80,80.4602278292659,52.7361479259102
7214,80,80.4602278292659,52.7361479259102
7215,80,80.4602278292659,52.7361479259102
7216,80,80.4602278292659,52.7361479259102
7217,80,80.4602278292659,52.7361479259102
7218,80,80.4602278292659,52.7361479259102
7219,80,80.4602278292659,52.7361479259102
7220,80,80.4602278292659,52.7361479259102
7221,80,80.4602278292659,52.7361479259102
7222,80,80.4602278292659,52.7361479259102
7223,80,80.4602278292659,52.7361479259102
7224,80,80.4602278292659,52.7361479259102
7225,80,80.4602278292659,52.7361479259102
7226,80,80.4602278292659,52.7361479259102
7227,80,80.4602278292659,52.7361479259102
7228,80,80.4602278292659,52.7361479259102
7229,80,80.4602278292659,52.7361479259102
7230,80,80.4602278292659,52.7361479259102
7231,80,80.4602278292659,52.7361479259102
7233,80,80.4602278292659,52.7361479259102
7234,80,80.4602278292659,52.7361479259102
7235,80,80.4602278292659,52.7361479259102
7236,80,80.4602278292659,52.7361479259102
7237,80,80.4602278292659,52.7361479259102
7238,80,80.4602278292659,52.7361479259102
7239,80,80.4602278292659,52.7361479259102
7240,80,80.4602278292659,52.7361479259102
7241,80,80.4602278292659,52.7361479259102
7242,80,80.4602278292659,52.7361479259102
7243,80,80.4602278292659,52.7361479259102
7244,80,80.4602278292659,52.7361479259102
7245,80,80.4602278292659,52.7361479259102
7246,80,80.4602278292659,52.7361479259102
7247,80,80.4602278292659,52.7361479259102
7248,80,80.4602278292659,52.7361479259102
7249,80,80.4602278292659,52.7361479259102
7250,80,80.4602278292659,52.7361479259102
7251,80,80.4602278292659,52.7361479259102
7252,80,80.4602278292659,52.7361479259102
7253,80,80.4602278292659,52.7361479259102
7254,80,80.4602278292659,52.7361479259102
7255,80,80.4602278292659,52.7361479259102
7256,80,80.4602278292659,52.7361479259102
7257,80,80.4602278292659,52.7361479259102
7258,80,80.4602278292659,52.7361479259102
7259,80,80.4602278292659,52.7361479259102
7260,80,80.4602278292659,52.7361479259102
7261,80,80.4602278292659,52.7361479259102
7263,80,80.4602278292659,52.7361479259102
7264,80,80.4602278292659,52.7361479259102
7265,80,80.4602278292659,52.7361479259102
7266,80,80.4602278292659,52.7361479259102
7267,80,80.4602278292659,52.7361479259102
7268,80,80.4602278292659,52.7361479259102
7269,80,80.4602278292659,52.7361479259102
7270,80,80.4602278292659,52.7361479259102
7271,80,80.4602278292659,52.7361479259102
7272,80,80.4602278292659,52.7361479259102
7273,80,80.4602278292659,52.7361479259102
7274,80,80.4602278292659,52.7361479259102
7275,80,80.4602278292659,52.7361479259102
7276,80,80.4602278292659,52.7361479259102
7277,80,80.4602278292659,52.7361479259102
7278,80,80.4602278292659,52.7361479259102
7279,80,80.4602278292659,52.7361479259102
7280,80,80.4602278292659,52.7361479259102
7281,80,80.4602278292659,52.7361479259102
7282,80,80.4602278292659,52.7361479259102
7283,80,80.4602278292659,52.7361479259102
7284,80,80.4602278292659,52.7361479259102
7285,80,80.4602278292659,52.7361479259102
7286,80,80.4602278292659,52.7361479259102
7287,80,80.4602278292659,52.7361479259102
7288,80,80.4602278292659,52.7361479259102
7289,80,80.4602278292659,52.7361479259102
7290,80,80.4602278292659,52.7361479259102
7291,80,80.4602278292659,52.7361479259102
7292,80,80.4602278292659,52.7361479259102
7293,80,80.4602278292659,52.7361479259102
7294,80,80.4602278292659,52.7361479259102
7295,80,80.4602278292659,52.7361479259102
7296,80,80.4602278292659,52.7361479259102
7297,80,80.4602278292659,52.7361479259102
7298,80,80.4602278292659,52.7361479259102
7299,80,80.4602278292659,52.7361479259102
7300,80,80.4602278292659,52.7361479259102
7301,80,80.4602278292659,52.7361479259102
7302,80,80.4602278292659,52.7361479259102
7303,80,80.4602278292659,52.7361479259102
7304,80,80.4602278292659,52.7361479259102
7305,80,80.4602278292659,52.7361479259102
7306,80,80.4602278292659,52.7361479259102
7307,80,80.4602278292659,52.7361479259102
7308,80,80.4602278292659,52.7361479259102
7309,80,80.4602278292659,52.7361479259102
7310,80,80.4602278292659,52.7361479259102
7311,80,80.4602278292659,52.7361479259102
7312,80,80.4602278292659,52.7361479259102
7313,80,80.4602278292659,52.7361479259102
7314,80,80.4602278292659,52.7361479259102
7315,80,80.4602278292659,52.7361479259102
7316,80,80.4602278292659,52.7361479259102
7317,80,80.4602278292659,52.7361479259102
7318,80,80.4602278292659,52.7361479259102
7319,80,80.4602278292659,52.7361479259102
7320,80,80.4602278292659,52.7361479259102
7321,80,80.4602278292659,52.7361479259102
7322,80,80.4602278292659,52.7361479259102
7323,80,80.4602278292659,52.7361479259102
7324,80,80.4602278292659,52.7361479259102
7325,80,80.4602278292659,52.7361479259102
7326,80,80.4602278292659,52.7361479259102
7327,80,80.4602278292659,52.7361479259102
7328,80,80.4602278292659,52.7361479259102
7329,80,80.4602278292659,52.7361479259102
7330,80,80.4602278292659,52.7361479259102
7331,80,80.4602278292659,52.7361479259102
7332,80,80.4602278292659,52.7361479259102
7333,80,80.4602278292659,52.7361479259102
7334,80,80.4602278292659,52.7361479259102
7335,80,80.4602278292659,52.7361479259102
7336,80,80.4602278292659,52.7361479259102
7337,80,80.4602278292659,52.7361479259102
7338,80,80.4602278292659,52.7361479259102
7339,80,80.4602278292659,52.7361479259102
7340,80,80.4602278292659,52.7361479259102
7341,80,80.4602278292659,52.7361479259102
7342,80,80.4602278292659,52.7361479259102
7343,80,80.4602278292659,52.7361479259102
7344,80,80.4602278292659,52.7361479259102
7345,80,80.4602278292659,52.7361479259102
7346,80,80.4602278292659,52.7361479259102
7347,80,80.4602278292659,52.7361479259102
7348,80,80.4602278292659,52.7361479259102
7349,80,80.4602278292659,52.7361479259102
7350,80,80.4602278292659,52.7361479259102
7351,80,80.4602278292659,52.7361479259102
7352,80,80.4602278292659,52.7361479259102
7354,80,80.4602278292659,52.7361479259102
7355,80,80.4602278292659,52.7361479259102
7356,80,80.4602278292659,52.7361479259102
7357,80,80.4602278292659,52.7361479259102
7358,80,80.4602278292659,52.7361479259102
7359,80,80.4602278292659,52.7361479259102
7360,80,80.4602278292659,52.7361479259102
7361,80,80.4602278292659,52.7361479259102
7362,80,80.4602278292659,52.7361479259102
7363,80,80.4602278292659,52.7361479259102
7364,80,80.4602278292659,52.7361479259102
7365,80,80.4602278292659,52.7361479259102
7366,80,80.4602278292659,52.7361479259102
7367,80,80.4602278292659,52.7361479259102
7368,80,80.4602278292659,52.7361479259102
7369,80,80.4602278292659,52.7361479259102
7370,80,80.4602278292659,52.7361479259102
7371,80,80.4602278292659,52.7361479259102
7372,80,80.4602278292659,52.7361479259102
7373,80,80.4602278292659,52.7361479259102
7374,80,80.4602278292659,52.7361479259102
7375,80,80.4602278292659,52.7361479259102
7376,80,80.4602278292659,52.7361479259102
7377,80,80.4602278292659,52.7361479259102
7378,80,80.4602278292659,52.7361479259102
7379,80,80.4602278292659,52.7361479259102
7380,80,80.4602278292659,52.7361479259102
7381,80,80.4602278292659,52.7361479259102
7382,80,80.4602278292659,52.7361479259102
7383,80,80.4602278292659,52.7361479259102
7384,80,80.4602278292659,52.7361479259102
7385,80,80.4602278292659,52.7361479259102
7386,80,80.4602278292659,52.7361479259102
7387,80,80.4602278292659,52.7361479259102
7388,80,80.4602278292659,52.7361479259102
7389,80,80.4602278292659,52.7361479259102
7390,80,80.4602278292659,52.7361479259102
7391,80,80.4602278292659,52.7361479259102
7392,80,80.4602278292659,52.7361479259102
7393,80,80.4602278292659,52.7361479259102
7394,80,80.4602278292659,52.7361479259102
7395,80,80.4602278292659,52.7361479259102
7396,80,80.4602278292659,52.7361479259102
7397,80,80.4602278292659,52.7361479259102
7398,80,80.4602278292659,52.7361479259102
7399,80,80.4602278292659,52.7361479259102
7400,80,80.4602278292659,52.7361479259102
7401,80,80.4602278292659,52.7361479259102
7402,80,80.4602278292659,52.7361479259102
7403,80,80.4602278292659,52.7361479259102
7404,80,80.4602278292659,52.7361479259102
7405,80,80.4602278292659,52.7361479259102
7406,80,80.4602278292659,52.7361479259102
7407,80,80.4602278292659,52.7361479259102
7408,80,80.4602278292659,52.7361479259102
7409,80,80.4602278292659,52.7361479259102
7410,80,80.4602278292659,52.7361479259102
7411,80,80.4602278292659,52.7361479259102
7412,80,80.4602278292659,52.7361479259102
7414,80,80.4602278292659,52.7361479259102
7415,80,80.4602278292659,52.7361479259102
7416,80,80.4602278292659,52.7361479259102
7417,80,80.4602278292659,52.7361479259102
7418,80,80.4602278292659,52.7361479259102
7419,80,80.4602278292659,52.7361479259102
7420,80,80.4602278292659,52.7361479259102
7421,80,80.4602278292659,52.7361479259102
7422,80,80.4602278292659,52.7361479259102
7423,80,80.4602278292659,52.7361479259102
7424,80,80.4602278292659,52.7361479259102
7425,80,80.4602278292659,52.7361479259102
7426,80,80.4602278292659,52.7361479259102
7427,80,80.4602278292659,52.7361479259102
7428,80,80.4602278292659,52.7361479259102
7429,80,80.4602278292659,52.7361479259102
7430,80,80.4602278292659,52.7361479259102
7431,80,80.4602278292659,52.7361479259102
7432,80,80.4602278292659,52.7361479259102
7433,80,80.4602278292659,52.7361479259102
7434,80,80.4602278292659,52.7361479259102
7435,80,80.4602278292659,52.7361479259102
7436,80,80.4602278292659,52.7361479259102
7437,80,80.4602278292659,52.7361479259102
7438,80,80.4602278292659,52.7361479259102
7439,80,80.4602278292659,52.7361479259102
7440,80,80.4602278292659,52.7361479259102
7441,80,80.4602278292659,52.7361479259102
7442,80,80.4602278292659,52.7361479259102
7443,80,80.4602278292659,52.7361479259102
7445,80,80.4602278292659,52.7361479259102
7446,80,80.4602278292659,52.7361479259102
7447,80,80.4602278292659,52.7361479259102
7448,80,80.4602278292659,52.7361479259102
7449,80,80.4602278292659,52.7361479259102
7450,80,80.4602278292659,52.7361479259102
7451,80,80.4602278292659,52.7361479259102
7452,80,80.4602278292659,52.7361479259102
7453,80,80.4602278292659,52.7361479259102
7454,80,80.4602278292659,52.7361479259102
7455,80,80.4602278292659,52.7361479259102
7456,80,80.4602278292659,52.7361479259102
7457,80,80.4602278292659,52.7361479259102
7458,80,80.4602278292659,52.7361479259102
7459,80,80.4602278292659,52.7361479259102
7460,80,80.4602278292659,52.7361479259102
7461,80,80.4602278292659,52.7361479259102
7462,80,80.4602278292659,52.7361479259102
7463,80,80.4602278292659,52.7361479259102
7464,80,80.4602278292659,52.7361479259102
7465,80,80.4602278292659,52.7361479259102
7466,80,80.4602278292659,52.7361479259102
7467,80,80.4602278292659,52.7361479259102
7468,80,80.4602278292659,52.7361479259102
7469,80,80.4602278292659,52.7361479259102
7470,80,80.4602278292659,52.7361479259102
7471,80,80.4602278292659,52.7361479259102
7472,80,80.4602278292659,52.7361479259102
7473,80,80.4602278292659,52.7361479259102
7474,80,80.4602278292659,52.7361479259102
7475,80,80.4602278292659,52.7361479259102
7476,80,80.4602278292659,52.7361479259102
7477,80,80.4602278292659,52.7361479259102
7478,80,80.4602278292659,52.7361479259102
7479,80,80.4602278292659,52.7361479259102
7480,80,80.4602278292659,52.7361479259102
7481,80,80.4602278292659,52.7361479259102
7482,80,80.4602278292659,52.7361479259102
7483,80,80.4947403888108,52.7975162685277
7484,80,80.5292529483558,52.8588846111453
7485,80,80.5292529483558,52.8588846111453
7486,80,80.5292529483558,52.8588846111453
7487,80,80.5292529483558,52.8588846111453
7488,80,80.5292529483558,52.8588846111453
7489,80,80.5292529483558,52.8588846111453
7490,80,80.5292529483558,52.8588846111453
7491,80,80.5292529483558,52.8588846111453
7492,80,80.5292529483558,52.8588846111453
7493,80,80.5292529483558,52.8588846111453
7494,80,80.5292529483558,52.8588846111453
7495,80,80.5292529483558,52.8588846111453
7496,80,80.5292529483558,52.8588846111453
7497,80,80.5292529483558,52.8588846111453
7498,80,80.5292529483558,52.8588846111453
7499,80,80.5292529483558,52.8588846111453
7500,80,80.5292529483558,52.8588846111453
7501,80,80.5292529483558,52.8588846111453
7502,80,80.5292529483558,52.8588846111453
7503,80,80.5292529483558,52.8588846111453
7504,80,80.5292529483558,52.8588846111453
7505,80,80.5292529483558,52.8588846111453
7506,80,80.5292529483558,52.8588846111453
7507,80,80.5292529483558,52.8588846111453
7508,80,80.5292529483558,52.8588846111453
7509,80,80.5292529483558,52.8588846111453
7510,80,80.5292529483558,52.8588846111453
7511,80,80.5292529483558,52.8588846111453
7512,80,80.5292529483558,52.8588846111453
7513,80,80.5292529483558,52.8588846111453
7514,80,80.5292529483558,52.8588846111453
7515,80,80.5292529483558,52.8588846111453
7516,80,80.5292529483558,52.8588846111453
7517,80,80.5292529483558,52.8588846111453
7518,80,80.5292529483558,52.8588846111453
7519,80,80.5292529483558,52.8588846111453
7520,80,80.5292529483558,52.8588846111453
7521,80,80.5292529483558,52.8588846111453
7522,80,80.5292529483558,52.8588846111453
7523,80,80.5292529483558,52.8588846111453
7524,80,80.5292529483558,52.8588846111453
7525,80,80.5292529483558,52.8588846111453
7526,80,80.5292529483558,52.8588846111453
7527,80,80.5292529483558,52.8588846111453
7528,80,80.5292529483558,52.8588846111453
7529,80,80.5292529483558,52.8588846111453
7530,80,80.5292529483558,52.8588846111453
7531,80,80.5292529483558,52.8588846111453
7532,80,80.5292529483558,52.8588846111453
7533,80,80.5292529483558,52.8588846111453
7534,80,80.5292529483558,52.8588846111453
7535,80,80.5292529483558,52.8588846111453
7536,80,80.5292529483558,52.8588846111453
7537,80,80.5292529483558,52.8588846111453
7538,80,80.5292529483558,52.8588846111453
7539,80,80.5292529483558,52.8588846111453
7540,80,80.5292529483558,52.8588846111453
7541,80,80.5292529483558,52.8588846111453
7542,80,80.5292529483558,52.8588846111453
7543,80,80.5292529483558,52.8588846111453
7544,80,80.5292529483558,52.8588846111453
7545,80,80.5292529483558,52.8588846111453
7546,80,80.5292529483558,52.8588846111453
7547,80,80.5292529483558,52.8588846111453
7548,80,80.5292529483558,52.8588846111453
7549,80,80.5292529483558,52.8588846111453
7550,80,80.5292529483558,52.8588846111453
7551,80,80.5292529483558,52.8588846111453
7552,80,80.5292529483558,52.8588846111453
7553,80,80.5292529483558,52.8588846111453
7554,80,80.5292529483558,52.8588846111453
7555,80,80.5292529483558,52.8588846111453
7556,80,80.5292529483558,52.8588846111453
7557,80,80.5292529483558,52.8588846111453
7558,80,80.5292529483558,52.8588846111453
7559,80,80.5292529483558,52.8588846111453
7560,80,80.5292529483558,52.8588846111453
7561,80,80.5292529483558,52.8588846111453
7562,80,80.5292529483558,52.8588846111453
7563,80,80.5292529483558,52.8588846111453
7564,80,80.5292529483558,52.8588846111453
7565,80,80.5292529483558,52.8588846111453
7566,80,80.5292529483558,52.8588846111453
7567,80,80.5292529483558,52.8588846111453
7568,80,80.5292529483558,52.8588846111453
7569,80,80.5292529483558,52.8588846111453
7570,80,80.5292529483558,52.8588846111453
7571,80,80.5292529483558,52.8588846111453
7572,80,80.5292529483558,52.8588846111453
7573,80,80.5292529483558,52.8588846111453
7574,80,80.5292529483558,52.8588846111453
7575,80,80.5292529483558,52.8588846111453
7576,80,80.5292529483558,52.8588846111453
7577,80,80.5292529483558,52.8588846111453
7578,80,80.5292529483558,52.8588846111453
7579,80,80.5292529483558,52.8588846111453
7580,80,80.5292529483558,52.8588846111453
7581,80,80.5292529483558,52.8588846111453
7582,80,80.5292529483558,52.8588846111453
7583,80,80.5292529483558,52.8588846111453
7584,80,80.5292529483558,52.8588846111453
7585,80,80.5292529483558,52.8588846111453
7586,80,80.5292529483558,52.8588846111453
7587,80,80.5292529483558,52.8588846111453
7588,80,80.5292529483558,52.8588846111453
7589,80,80.5292529483558,52.8588846111453
7590,80,80.5292529483558,52.8588846111453
7591,80,80.5292529483558,52.8588846111453
7592,80,80.5292529483558,52.8588846111453
7593,80,80.5292529483558,52.8588846111453
7594,80,80.5292529483558,52.8588846111453
7595,80,80.5292529483558,52.8588846111453
7596,80,80.5292529483558,52.8588846111453
7597,80,80.5292529483558,52.8588846111453
7598,80,80.5292529483558,52.8588846111453
7599,80,80.5292529483558,52.8588846111453
7600,80,80.5292529483558,52.8588846111453
7601,80,80.5292529483558,52.8588846111453
7602,80,80.5292529483558,52.8588846111453
7603,80,80.5292529483558,52.8588846111453
7604,80,80.5292529483558,52.8588846111453
7605,80,80.5292529483558,52.8588846111453
7606,80,80.5292529483558,52.8588846111453
7607,80,80.5292529483558,52.8588846111453
7608,80,80.5292529483558,52.8588846111453
7609,80,80.5292529483558,52.8588846111453
7610,80,80.5292529483558,52.8588846111453
7611,80,80.5292529483558,52.8588846111453
7612,80,80.5292529483558,52.8588846111453
7613,80,80.5292529483558,52.8588846111453
7614,80,80.5292529483558,52.8588846111453
7615,80,80.5292529483558,52.8588846111453
7616,80,80.5292529483558,52.8588846111453
7617,80,80.5292529483558,52.8588846111453
7618,80,80.5292529483558,52.8588846111453
7619,80,80.5292529483558,52.8588846111453
7620,80,80.5292529483558,52.8588846111453
7621,80,80.5292529483558,52.8588846111453
7622,80,80.5292529483558,52.8588846111453
7623,80,80.5292529483558,52.8588846111453
7625,80,80.5292529483558,52.8588846111453
7626,80,80.5292529483558,52.8588846111453
7627,80,80.5292529483558,52.8588846111453
7628,80,80.5292529483558,52.8588846111453
7629,80,80.5292529483558,52.8588846111453
7630,80,80.5292529483558,52.8588846111453
7631,80,80.5292529483558,52.8588846111453
7632,80,80.5292529483558,52.8588846111453
7633,80,80.5292529483558,52.8588846111453
7634,80,80.5292529483558,52.8588846111453
7635,80,80.5292529483558,52.8588846111453
7636,80,80.5292529483558,52.8588846111453
7637,80,80.5292529483558,52.8588846111453
7638,80,80.5292529483558,52.8588846111453
7639,80,80.5292529483558,52.8588846111453
7640,80,80.5292529483558,52.8588846111453
7641,80,80.5292529483558,52.8588846111453
7642,80,80.5292529483558,52.8588846111453
7643,80,80.5292529483558,52.8588846111453
7644,80,80.5292529483558,52.8588846111453
7645,80,80.5292529483558,52.8588846111453
7646,80,80.5292529483558,52.8588846111453
7647,80,80.5292529483558,52.8588846111453
7648,80,80.5292529483558,52.8588846111453
7649,80,80.5292529483558,52.8588846111453
7650,80,80.5292529483558,52.8588846111453
7651,80,80.5292529483558,52.8588846111453
7652,80,80.5292529483558,52.8588846111453
7653,80,80.5292529483558,52.8588846111453
7654,80,80.5292529483558,52.8588846111453
7655,80,80.5292529483558,52.8588846111453
7656,80,80.5292529483558,52.8588846111453
7657,80,80.5292529483558,52.8588846111453
7658,80,80.5292529483558,52.8588846111453
7659,80,80.5292529483558,52.8588846111453
7660,80,80.5292529483558,52.8588846111453
7661,80,80.5292529483558,52.8588846111453
7662,80,80.5292529483558,52.8588846111453
7663,80,80.5292529483558,52.8588846111453
7664,80,80.5292529483558,52.8588846111453
7665,80,80.5292529483558,52.8588846111453
7666,80,80.5292529483558,52.8588846111453
7667,80,80.5292529483558,52.8588846111453
7668,80,80.5292529483558,52.8588846111453
7669,80,80.5292529483558,52.8588846111453
7670,80,80.5292529483558,52.8588846111453
7671,80,80.5292529483558,52.8588846111453
7672,80,80.5292529483558,52.8588846111453
7673,80,80.5292529483558,52.8588846111453
7674,80,80.5292529483558,52.8588846111453
7675,80,80.5292529483558,52.8588846111453
7676,80,80.5292529483558,52.8588846111453
7677,80,80.5292529483558,52.8588846111453
7678,80,80.5292529483558,52.8588846111453
7679,80,80.5292529483558,52.8588846111453
7680,80,80.5292529483558,52.8588846111453
7681,80,80.5292529483558,52.8588846111453
7682,80,80.5292529483558,52.8588846111453
7683,80,80.5292529483558,52.8588846111453
7684,80,80.5292529483558,52.8588846111453
7685,80,80.5292529483558,52.8588846111453
7686,80,80.5292529483558,52.8588846111453
7687,80,80.5292529483558,52.8588846111453
7688,80,80.5292529483558,52.8588846111453
7689,80,80.5292529483558,52.8588846111453
7690,80,80.5292529483558,52.8588846111453
7691,80,80.5292529483558,52.8588846111453
7692,80,80.5292529483558,52.8588846111453
7693,80,80.5292529483558,52.8588846111453
7694,80,80.5292529483558,52.8588846111453
7695,80,80.5292529483558,52.8588846111453
7696,80,80.5292529483558,52.8588846111453
7697,80,80.5292529483558,52.8588846111453
7698,80,80.5292529483558,52.8588846111453
7699,80,80.5292529483558,52.8588846111453
7700,80,80.5292529483558,52.8588846111453
7701,80,80.5292529483558,52.8588846111453
7702,80,80.5292529483558,52.8588846111453
7703,80,80.5292529483558,52.8588846111453
7704,80,80.5292529483558,52.8588846111453
7705,80,80.5292529483558,52.8588846111453
7706,80,80.5292529483558,52.8588846111453
7707,80,80.5292529483558,52.8588846111453
7708,80,80.5292529483558,52.8588846111453
7709,80,80.5292529483558,52.8588846111453
7710,80,80.5292529483558,52.8588846111453
7711,80,80.5292529483558,52.8588846111453
7712,80,80.5292529483558,52.8588846111453
7713,80,80.5292529483558,52.8588846111453
7714,80,80.5292529483558,52.8588846111453
7716,80,80.5292529483558,52.8588846111453
7717,80,80.5292529483558,52.8588846111453
7718,80,80.5292529483558,52.8588846111453
7719,80,80.5292529483558,52.8588846111453
7720,80,80.5292529483558,52.8588846111453
7721,80,80.5292529483558,52.8588846111453
7722,80,80.5292529483558,52.8588846111453
7723,80,80.5292529483558,52.8588846111453
7724,80,80.5292529483558,52.8588846111453
7725,80,80.5292529483558,52.8588846111453
7726,80,80.5292529483558,52.8588846111453
7727,80,80.5292529483558,52.8588846111453
7728,80,80.5292529483558,52.8588846111453
7729,80,80.5292529483558,52.8588846111453
7730,80,80.5292529483558,52.8588846111453
7731,80,80.5292529483558,52.8588846111453
7732,80,80.5292529483558,52.8588846111453
7733,80,80.5292529483558,52.8588846111453
7734,80,80.5292529483558,52.8588846111453
7735,80,80.5292529483558,52.8588846111453
7736,80,80.5292529483558,52.8588846111453
7737,80,80.5292529483558,52.8588846111453
7738,80,80.5292529483558,52.8588846111453
7739,80,80.5292529483558,52.8588846111453
7740,80,80.5292529483558,52.8588846111453
7741,80,80.5292529483558,52.8588846111453
7742,80,80.5292529483558,52.8588846111453
7743,80,80.5292529483558,52.8588846111453
7744,80,80.5292529483558,52.8588846111453
7746,80,80.5292529483558,52.8588846111453
7747,80,80.5292529483558,52.8588846111453
7748,80,80.5292529483558,52.8588846111453
7749,80,80.5292529483558,52.8588846111453
7750,80,80.5292529483558,52.8588846111453
7751,80,80.5292529483558,52.8588846111453
7752,80,80.5292529483558,52.8588846111453
7753,80,80.5292529483558,52.8588846111453
7754,80,80.5292529483558,52.8588846111453
7755,80,80.5292529483558,52.8588846111453
7756,80,80.5292529483558,52.8588846111453
7757,80,80.5292529483558,52.8588846111453
7758,80,80.5292529483558,52.8588846111453
7759,80,80.5292529483558,52.8588846111453
7760,80,80.5292529483558,52.8588846111453
7761,80,80.5292529483558,52.8588846111453
7762,80,80.5292529483558,52.8588846111453
7763,80,80.5292529483558,52.8588846111453
7764,80,80.5292529483558,52.8588846111453
7765,80,80.5292529483558,52.8588846111453
7766,80,80.5292529483558,52.8588846111453
7767,80,80.4639450348274,52.7301433345008
7768,80,80.442175730318,52.6872295756193
7769,80,80.442175730318,52.6872295756193
7770,80,80.442175730318,52.6872295756193
7771,80,80.442175730318,52.6872295756193
7772,80,80.442175730318,52.6872295756193
7773,80,80.442175730318,52.6872295756193
7774,80,80.442175730318,52.6872295756193
7776,80,80.442175730318,52.6872295756193
7777,80,80.442175730318,52.6872295756193
7778,80,80.442175730318,52.6872295756193
7779,80,80.442175730318,52.6872295756193
7780,80,80.442175730318,52.6872295756193
7781,80,80.442175730318,52.6872295756193
7782,80,80.442175730318,52.6872295756193
7783,80,80.442175730318,52.6872295756193
7784,80,80.442175730318,52.6872295756193
7785,80,80.442175730318,52.6872295756193
7786,80,80.442175730318,52.6872295756193
7787,80,80.442175730318,52.6872295756193
7788,80,80.442175730318,52.6872295756193
7789,80,80.442175730318,52.6872295756193
7790,80,80.442175730318,52.6872295756193
7791,80,80.442175730318,52.6872295756193
7792,80,80.442175730318,52.6872295756193
7793,80,80.442175730318,52.6872295756193
7794,80,80.442175730318,52.6872295756193
7795,80,80.442175730318,52.6872295756193
7796,80,80.442175730318,52.6872295756193
7797,80,80.442175730318,52.6872295756193
7798,80,80.442175730318,52.6872295756193
7799,80,80.442175730318,52.6872295756193
7800,80,80.442175730318,52.6872295756193
7801,80,80.442175730318,52.6872295756193
7802,80,80.442175730318,52.6872295756193
7803,80,80.442175730318,52.6872295756193
7804,80,80.442175730318,52.6872295756193
7806,80,80.442175730318,52.6872295756193
7807,80,80.442175730318,52.6872295756193
7808,80,80.442175730318,52.6872295756193
7809,80,80.442175730318,52.6872295756193
7810,80,80.442175730318,52.6872295756193
7811,80,80.442175730318,52.6872295756193
7812,80,80.442175730318,52.6872295756193
7813,80,80.442175730318,52.6872295756193
7814,80,80.442175730318,52.6872295756193
7815,80,80.442175730318,52.6872295756193
7816,80,80.442175730318,52.6872295756193
7817,80,80.442175730318,52.6872295756193
7818,80,80.442175730318,52.6872295756193
7819,80,80.442175730318,52.6872295756193
7820,80,80.442175730318,52.6872295756193
7821,80,80.442175730318,52.6872295756193
7822,80,80.442175730318,52.6872295756193
7823,80,80.442175730318,52.6872295756193
7824,80,80.442175730318,52.6872295756193
7825,80,80.442175730318,52.6872295756193
7826,80,80.442175730318,52.6872295756193
7827,80,80.442175730318,52.6872295756193
7828,80,80.442175730318,52.6872295756193
7829,80,80.442175730318,52.6872295756193
7830,80,80.442175730318,52.6872295756193
7831,80,80.442175730318,52.6872295756193
7832,80,80.442175730318,52.6872295756193
7833,80,80.442175730318,52.6872295756193
7834,80,80.442175730318,52.6872295756193
7835,80,80.442175730318,52.6872295756193
7836,80,80.442175730318,52.6872295756193
7837,80,80.442175730318,52.6872295756193
7838,80,80.442175730318,52.6872295756193
7839,80,80.442175730318,52.6872295756193
7840,80,80.442175730318,52.6872295756193
7841,80,80.442175730318,52.6872295756193
7842,80,80.442175730318,52.6872295756193
7843,80,80.442175730318,52.6872295756193
7844,80,80.442175730318,52.6872295756193
7845,80,80.442175730318,52.6872295756193
7846,80,80.442175730318,52.6872295756193
7847,80,80.442175730318,52.6872295756193
7848,80,80.442175730318,52.6872295756193
7849,80,80.442175730318,52.6872295756193
7850,80,80.442175730318,52.6872295756193
7851,80,80.442175730318,52.6872295756193
7852,80,80.442175730318,52.6872295756193
7853,80,80.442175730318,52.6872295756193
7854,80,80.442175730318,52.6872295756193
7855,80,80.442175730318,52.6872295756193
7856,80,80.442175730318,52.6872295756193
7857,80,80.442175730318,52.6872295756193
7858,80,80.442175730318,52.6872295756193
7859,80,80.442175730318,52.6872295756193
7860,80,80.442175730318,52.6872295756193
7861,80,80.442175730318,52.6872295756193
7862,80,80.442175730318,52.6872295756193
7863,80,80.442175730318,52.6872295756193
7864,80,80.442175730318,52.6872295756193
7866,80,80.442175730318,52.6872295756193
7867,80,80.442175730318,52.6872295756193
7868,80,80.442175730318,52.6872295756193
7869,80,80.442175730318,52.6872295756193
7870,80,80.442175730318,52.6872295756193
7871,80,80.442175730318,52.6872295756193
7872,80,80.442175730318,52.6872295756193
7873,80,80.442175730318,52.6872295756193
7874,80,80.442175730318,52.6872295756193
7875,80,80.442175730318,52.6872295756193
7876,80,80.442175730318,52.6872295756193
7877,80,80.442175730318,52.6872295756193
7878,80,80.442175730318,52.6872295756193
7879,80,80.442175730318,52.6872295756193
7880,80,80.442175730318,52.6872295756193
7881,80,80.442175730318,52.6872295756193
7882,80,80.442175730318,52.6872295756193
7883,80,80.442175730318,52.6872295756193
7884,80,80.442175730318,52.6872295756193
7885,80,80.442175730318,52.6872295756193
7886,80,80.442175730318,52.6872295756193
7887,80,80.442175730318,52.6872295756193
7888,80,80.442175730318,52.6872295756193
7889,80,80.442175730318,52.6872295756193
7890,80,80.442175730318,52.6872295756193
7891,80,80.442175730318,52.6872295756193
7892,80,80.442175730318,52.6872295756193
7893,80,80.442175730318,52.6872295756193
7894,80,80.442175730318,52.6872295756193
7895,80,80.442175730318,52.6872295756193
7896,80,80.442175730318,52.6872295756193
7897,80,80.442175730318,52.6872295756193
7898,80,80.442175730318,52.6872295756193
7899,80,80.442175730318,52.6872295756193
7900,80,80.442175730318,52.6872295756193
7901,80,80.442175730318,52.6872295756193
7902,80,80.442175730318,52.6872295756193
7903,80,80.442175730318,52.6872295756193
7904,80,80.442175730318,52.6872295756193
7905,80,80.442175730318,52.6872295756193
7906,80,80.442175730318,52.6872295756193
7907,80,80.442175730318,52.6872295756193
7908,80,80.442175730318,52.6872295756193
7909,80,80.442175730318,52.6872295756193
7910,80,80.442175730318,52.6872295756193
7911,80,80.442175730318,52.6872295756193
7912,80,80.442175730318,52.6872295756193
7913,80,80.442175730318,52.6872295756193
7914,80,80.442175730318,52.6872295756193
7915,80,80.442175730318,52.6872295756193
7916,80,80.442175730318,52.6872295756193
7917,80,80.442175730318,52.6872295756193
7918,80,80.442175730318,52.6872295756193
7919,80,80.442175730318,52.6872295756193
7920,80,80.442175730318,52.6872295756193
7921,80,80.442175730318,52.6872295756193
7922,80,80.442175730318,52.6872295756193
7923,80,80.442175730318,52.6872295756193
7924,80,80.442175730318,52.6872295756193
7925,80,80.442175730318,52.6872295756193
7926,80,80.442175730318,52.6872295756193
7927,80,80.442175730318,52.6872295756193
7928,80,80.442175730318,52.6872295756193
7929,80,80.442175730318,52.6872295756193
7930,80,80.442175730318,52.6872295756193
7931,80,80.442175730318,52.6872295756193
7932,80,80.442175730318,52.6872295756193
7933,80,80.442175730318,52.6872295756193
7934,80,80.442175730318,52.6872295756193
7935,80,80.442175730318,52.6872295756193
7936,80,80.442175730318,52.6872295756193
7937,80,80.442175730318,52.6872295756193
7938,80,80.442175730318,52.6872295756193
7939,80,80.442175730318,52.6872295756193
7940,80,80.442175730318,52.6872295756193
7941,80,80.442175730318,52.6872295756193
7942,80,80.442175730318,52.6872295756193
7943,80,80.442175730318,52.6872295756193
7944,80,80.442175730318,52.6872295756193
7945,80,80.442175730318,52.6872295756193
7946,80,80.442175730318,52.6872295756193
7947,80,80.442175730318,52.6872295756193
7948,80,80.442175730318,52.6872295756193
7949,80,80.442175730318,52.6872295756193
7950,80,80.442175730318,52.6872295756193
7951,80,80.442175730318,52.6872295756193
7952,80,80.442175730318,52.6872295756193
7953,80,80.442175730318,52.6872295756193
7954,80,80.442175730318,52.6872295756193
7955,80,80.442175730318,52.6872295756193
7957,80,80.442175730318,52.6872295756193
7958,80,80.442175730318,52.6872295756193
7959,80,80.442175730318,52.6872295756193
7960,80,80.442175730318,52.6872295756193
7961,80,80.442175730318,52.6872295756193
7962,80,80.442175730318,52.6872295756193
7963,80,80.442175730318,52.6872295756193
7964,80,80.442175730318,52.6872295756193
7965,80,80.442175730318,52.6872295756193
7966,80,80.442175730318,52.6872295756193
7967,80,80.442175730318,52.6872295756193
7968,80,80.442175730318,52.6872295756193
7969,80,80.442175730318,52.6872295756193
7970,80,80.442175730318,52.6872295756193
7971,80,80.442175730318,52.6872295756193
7972,80,80.442175730318,52.6872295756193
7973,80,80.442175730318,52.6872295756193
7974,80,80.442175730318,52.6872295756193
7975,80,80.442175730318,52.6872295756193
7976,80,80.442175730318,52.6872295756193
7977,80,80.442175730318,52.6872295756193
7978,80,80.442175730318,52.6872295756193
7979,80,80.442175730318,52.6872295756193
7980,80,80.442175730318,52.6872295756193
7981,80,80.442175730318,52.6872295756193
7982,80,80.442175730318,52.6872295756193
7983,80,80.442175730318,52.6872295756193
7984,80,80.442175730318,52.6872295756193
7985,80,80.442175730318,52.6872295756193
7987,80,80.442175730318,52.6872295756193
7988,80,80.442175730318,52.6872295756193
7989,80,80.442175730318,52.6872295756193
7990,80,80.442175730318,52.6872295756193
7991,80,80.442175730318,52.6872295756193
7992,80,80.442175730318,52.6872295756193
7993,80,80.442175730318,52.6872295756193
7994,80,80.442175730318,52.6872295756193
7995,80,80.442175730318,52.6872295756193
7996,80,80.442175730318,52.6872295756193
7997,80,80.442175730318,52.6872295756193
7998,80,80.442175730318,52.6872295756193
7999,80,80.442175730318,52.6872295756193
8000,80,80.442175730318,52.6872295756193
8001,80,80.442175730318,52.6872295756193
8002,80,80.442175730318,52.6872295756193
8003,80,80.442175730318,52.6872295756193
8004,80,80.442175730318,52.6872295756193
8005,80,80.442175730318,52.6872295756193
8006,80,80.442175730318,52.6872295756193
8007,80,80.442175730318,52.6872295756193
8008,80,80.442175730318,52.6872295756193
8009,80,80.442175730318,52.6872295756193
8010,80,80.442175730318,52.6872295756193
8011,80,80.442175730318,52.6872295756193
8012,80,80.442175730318,52.6872295756193
8013,80,80.442175730318,52.6872295756193
8014,80,80.442175730318,52.6872295756193
8015,80,80.442175730318,52.6872295756193
8017,80,80.442175730318,52.6872295756193
8018,80,80.442175730318,52.6872295756193
8019,80,80.442175730318,52.6872295756193
8020,80,80.442175730318,52.6872295756193
8021,80,80.442175730318,52.6872295756193
8022,80,80.442175730318,52.6872295756193
8023,80,80.442175730318,52.6872295756193
8024,80,80.442175730318,52.6872295756193
8025,80,80.442175730318,52.6872295756193
8026,80,80.442175730318,52.6872295756193
8027,80,80.442175730318,52.6872295756193
8028,80,80.442175730318,52.6872295756193
8029,80,80.442175730318,52.6872295756193
8030,80,80.442175730318,52.6872295756193
8031,80,80.442175730318,52.6872295756193
8032,80,80.442175730318,52.6872295756193
8033,80,80.442175730318,52.6872295756193
8034,80,80.442175730318,52.6872295756193
8035,80,80.442175730318,52.6872295756193
8036,80,80.442175730318,52.6872295756193
8037,80,80.442175730318,52.6872295756193
8038,80,80.442175730318,52.6872295756193
8039,80,80.442175730318,52.6872295756193
8040,80,80.442175730318,52.6872295756193
8041,80,80.442175730318,52.6872295756193
8042,80,80.442175730318,52.6872295756193
8043,80,80.442175730318,52.6872295756193
8044,80,80.442175730318,52.6872295756193
8045,80,80.442175730318,52.6872295756193
8047,80,80.442175730318,52.6872295756193
8048,80,80.442175730318,52.6872295756193
8049,80,80.5434080788872,52.1812450131777
8050,80,80.5434080788872,52.1812450131777
8051,80,80.5434080788872,52.1812450131777
8052,80,80.5434080788872,52.1812450131777
8053,80,80.5434080788872,52.1812450131777
8054,80,80.5434080788872,52.1812450131777
8055,80,80.5434080788872,52.1812450131777
8056,80,80.5434080788872,52.1812450131777
8057,80,80.5434080788872,52.1812450131777
8058,80,80.5434080788872,52.1812450131777
8059,80,80.5434080788872,52.1812450131777
8060,80,80.5434080788872,52.1812450131777
8061,80,80.5434080788872,52.1812450131777
8062,80,80.5434080788872,52.1812450131777
8063,80,80.5434080788872,52.1812450131777
8064,80,80.5434080788872,52.1812450131777
8065,80,80.5434080788872,52.1812450131777
8066,80,80.5434080788872,52.1812450131777
8067,80,80.5434080788872,52.1812450131777
8068,80,80.5434080788872,52.1812450131777
8069,80,80.5434080788872,52.1812450131777
8070,80,80.5434080788872,52.1812450131777
8071,80,80.5434080788872,52.1812450131777
8072,80,80.5434080788872,52.1812450131777
8073,80,80.5434080788872,52.1812450131777
8074,80,80.5434080788872,52.1812450131777
8075,80,80.5434080788872,52.1812450131777
8076,80,80.5434080788872,52.1812450131777
8077,80,80.5434080788872,52.1812450131777
8078,80,80.5434080788872,52.1812450131777
8079,80,80.5434080788872,52.1812450131777
8080,80,80.5434080788872,52.1812450131777
8081,80,80.5434080788872,52.1812450131777
8082,80,80.5434080788872,52.1812450131777
8083,80,80.5434080788872,52.1812450131777
8084,80,80.5434080788872,52.1812450131777
8085,80,80.5434080788872,52.1812450131777
8086,80,80.5434080788872,52.1812450131777
8087,80,80.5434080788872,52.1812450131777
8088,80,80.5434080788872,52.1812450131777
8089,80,80.5434080788872,52.1812450131777
8090,80,80.5434080788872,52.1812450131777
8091,80,80.5434080788872,52.1812450131777
8092,80,80.5434080788872,52.1812450131777
8093,80,80.5434080788872,52.1812450131777
8094,80,80.5434080788872,52.1812450131777
8095,80,80.5434080788872,52.1812450131777
8096,80,80.5434080788872,52.1812450131777
8097,80,80.5434080788872,52.1812450131777
8098,80,80.5434080788872,52.1812450131777
8099,80,80.5434080788872,52.1812450131777
8100,80,80.5434080788872,52.1812450131777
8101,80,80.5434080788872,52.1812450131777
8102,80,80.5434080788872,52.1812450131777
8103,80,80.5434080788872,52.1812450131777
8104,80,80.5434080788872,52.1812450131777
8105,80,80.5434080788872,52.1812450131777
8106,80,80.5434080788872,52.1812450131777
8108,80,80.5434080788872,52.1812450131777
8109,80,80.5434080788872,52.1812450131777
8110,80,80.5434080788872,52.1812450131777
8111,80,80.5434080788872,52.1812450131777
8112,80,80.5434080788872,52.1812450131777
8113,80,80.5434080788872,52.1812450131777
8114,80,80.5434080788872,52.1812450131777
8115,80,80.5434080788872,52.1812450131777
8116,80,80.5434080788872,52.1812450131777
8117,80,80.5434080788872,52.1812450131777
8118,80,80.5434080788872,52.1812450131777
8119,80,80.5434080788872,52.1812450131777
8120,80,80.5434080788872,52.1812450131777
8121,80,80.5434080788872,52.1812450131777
8122,80,80.5434080788872,52.1812450131777
8123,80,80.5434080788872,52.1812450131777
8124,80,80.5434080788872,52.1812450131777
8125,80,80.5434080788872,52.1812450131777
8126,80,80.5434080788872,52.1812450131777
8127,80,80.5434080788872,52.1812450131777
8128,80,80.5434080788872,52.1812450131777
8129,80,80.5434080788872,52.1812450131777
8130,80,80.5434080788872,52.1812450131777
8131,80,80.5434080788872,52.1812450131777
8132,80,80.5434080788872,52.1812450131777
8133,80,80.5434080788872,52.1812450131777
8134,80,80.5434080788872,52.1812450131777
8135,80,80.5434080788872,52.1812450131777
8136,80,80.5434080788872,52.1812450131777
8138,80,80.5434080788872,52.1812450131777
8139,80,80.5434080788872,52.1812450131777
8140,80,80.5434080788872,52.1812450131777
8141,80,80.5434080788872,52.1812450131777
8142,80,80.5434080788872,52.1812450131777
8143,80,80.5434080788872,52.1812450131777
8144,80,80.5434080788872,52.1812450131777
8145,80,80.5434080788872,52.1812450131777
8146,80,80.5434080788872,52.1812450131777
8147,80,80.5434080788872,52.1812450131777
8148,80,80.5434080788872,52.1812450131777
8149,80,80.5434080788872,52.1812450131777
8150,80,80.5434080788872,52.1812450131777
8151,80,80.5434080788872,52.1812450131777
8152,80,80.5434080788872,52.1812450131777
8153,80,80.5434080788872,52.1812450131777
8154,80,80.5434080788872,52.1812450131777
8155,80,80.5434080788872,52.1812450131777
8156,80,80.5434080788872,52.1812450131777
8157,80,80.5434080788872,52.1812450131777
8158,80,80.5434080788872,52.1812450131777
8159,80,80.5434080788872,52.1812450131777
8160,80,80.5434080788872,52.1812450131777
8161,80,80.5434080788872,52.1812450131777
8162,80,80.5434080788872,52.1812450131777
8163,80,80.5434080788872,52.1812450131777
8164,80,80.5434080788872,52.1812450131777
8165,80,80.5434080788872,52.1812450131777
8166,80,80.5434080788872,52.1812450131777
8167,80,80.5434080788872,52.1812450131777
8168,80,80.5434080788872,52.1812450131777
8169,80,80.5434080788872,52.1812450131777
8170,80,80.5434080788872,52.1812450131777
8171,80,80.5434080788872,52.1812450131777
8172,80,80.5434080788872,52.1812450131777
8173,80,80.5434080788872,52.1812450131777
8174,80,80.5434080788872,52.1812450131777
8175,80,80.5434080788872,52.1812450131777
8176,80,80.5434080788872,52.1812450131777
8177,80,80.5434080788872,52.1812450131777
8178,80,80.5434080788872,52.1812450131777
8179,80,80.5434080788872,52.1812450131777
8180,80,80.5434080788872,52.1812450131777
8181,80,80.5434080788872,52.1812450131777
8182,80,80.5434080788872,52.1812450131777
8183,80,80.5434080788872,52.1812450131777
8184,80,80.5434080788872,52.1812450131777
8185,80,80.5434080788872,52.1812450131777
8186,80,80.5434080788872,52.1812450131777
8187,80,80.5434080788872,52.1812450131777
8188,80,80.5434080788872,52.1812450131777
8189,80,80.5434080788872,52.1812450131777
8190,80,80.5434080788872,52.1812450131777
8191,80,80.5434080788872,52.1812450131777
8192,80,80.5434080788872,52.1812450131777
8193,80,80.5434080788872,52.1812450131777
8194,80,80.5434080788872,52.1812450131777
8195,80,80.5434080788872,52.1812450131777
8196,80,80.5434080788872,52.1812450131777
8197,80,80.5434080788872,52.1812450131777
8198,80,80.5434080788872,52.1812450131777
8199,80,80.5434080788872,52.1812450131777
8200,80,80.5434080788872,52.1812450131777
8201,80,80.5434080788872,52.1812450131777
8202,80,80.5434080788872,52.1812450131777
8203,80,80.5434080788872,52.1812450131777
8204,80,80.5434080788872,52.1812450131777
8205,80,80.5434080788872,52.1812450131777
8206,80,80.5434080788872,52.1812450131777
8207,80,80.5434080788872,52.1812450131777
8208,80,80.5434080788872,52.1812450131777
8209,80,80.5434080788872,52.1812450131777
8210,80,80.5434080788872,52.1812450131777
8211,80,80.5434080788872,52.1812450131777
8212,80,80.5434080788872,52.1812450131777
8213,80,80.5434080788872,52.1812450131777
8214,80,80.5434080788872,52.1812450131777
8215,80,80.5434080788872,52.1812450131777
8216,80,80.5434080788872,52.1812450131777
8217,80,80.5434080788872,52.1812450131777
8218,80,80.5434080788872,52.1812450131777
8219,80,80.5434080788872,52.1812450131777
8220,80,80.5434080788872,52.1812450131777
8221,80,80.5434080788872,52.1812450131777
8222,80,80.5434080788872,52.1812450131777
8223,80,80.5434080788872,52.1812450131777
8224,80,80.5434080788872,52.1812450131777
8225,80,80.5434080788872,52.1812450131777
8226,80,80.5434080788872,52.1812450131777
8228,80,80.5434080788872,52.1812450131777
8229,80,80.5434080788872,52.1812450131777
8230,80,80.5434080788872,52.1812450131777
8231,80,80.5434080788872,52.1812450131777
8232,80,80.5434080788872,52.1812450131777
8233,80,80.5434080788872,52.1812450131777
8234,80,80.5434080788872,52.1812450131777
8235,80,80.5434080788872,52.1812450131777
8236,80,80.5434080788872,52.1812450131777
8237,80,80.5434080788872,52.1812450131777
8238,80,80.5434080788872,52.1812450131777
8239,80,80.5434080788872,52.1812450131777
8240,80,80.5434080788872,52.1812450131777
8241,80,80.5434080788872,52.1812450131777
8242,80,80.5434080788872,52.1812450131777
8243,80,80.5434080788872,52.1812450131777
8244,80,80.5434080788872,52.1812450131777
8245,80,80.5434080788872,52.1812450131777
8246,80,80.5434080788872,52.1812450131777
8247,80,80.5434080788872,52.1812450131777
8248,80,80.5434080788872,52.1812450131777
8249,80,80.5434080788872,52.1812450131777
8250,80,80.5434080788872,52.1812450131777
8251,80,80.5434080788872,52.1812450131777
8252,80,80.5434080788872,52.1812450131777
8253,80,80.5434080788872,52.1812450131777
8254,80,80.5434080788872,52.1812450131777
8255,80,80.5434080788872,52.1812450131777
8256,80,80.5434080788872,52.1812450131777
8257,80,80.5434080788872,52.1812450131777
8259,80,80.5434080788872,52.1812450131777
8260,80,80.5434080788872,52.1812450131777
8261,80,80.5434080788872,52.1812450131777
8262,80,80.5434080788872,52.1812450131777
8263,80,80.5434080788872,52.1812450131777
8264,80,80.5434080788872,52.1812450131777
8265,80,80.5434080788872,52.1812450131777
8266,80,80.5434080788872,52.1812450131777
8267,80,80.5434080788872,52.1812450131777
8268,80,80.5434080788872,52.1812450131777
8269,80,80.5434080788872,52.1812450131777
8270,80,80.5434080788872,52.1812450131777
8271,80,80.5434080788872,52.1812450131777
8272,80,80.5434080788872,52.1812450131777
8273,80,80.5434080788872,52.1812450131777
8274,80,80.5434080788872,52.1812450131777
8275,80,80.5434080788872,52.1812450131777
8276,80,80.5434080788872,52.1812450131777
8277,80,80.5434080788872,52.1812450131777
8278,80,80.5434080788872,52.1812450131777
8279,80,80.5434080788872,52.1812450131777
8280,80,80.5434080788872,52.1812450131777
8281,80,80.5434080788872,52.1812450131777
8282,80,80.5434080788872,52.1812450131777
8283,80,80.5434080788872,52.1812450131777
8284,80,80.5434080788872,52.1812450131777
8285,80,80.5434080788872,52.1812450131777
8286,80,80.5434080788872,52.1812450131777
8287,80,80.5434080788872,52.1812450131777
8289,80,80.5434080788872,52.1812450131777
8290,80,80.5434080788872,52.1812450131777
8291,80,80.5434080788872,52.1812450131777
8292,80,80.5434080788872,52.1812450131777
8293,80,80.5434080788872,52.1812450131777
8294,80,80.5434080788872,52.1812450131777
8295,80,80.5434080788872,52.1812450131777
8296,80,80.5434080788872,52.1812450131777
8297,80,80.5434080788872,52.1812450131777
8298,80,80.5434080788872,52.1812450131777
8299,80,80.5434080788872,52.1812450131777
8300,80,80.5434080788872,52.1812450131777
8301,80,80.5434080788872,52.1812450131777
8302,80,80.5434080788872,52.1812450131777
8303,80,80.5434080788872,52.1812450131777
8304,80,80.5434080788872,52.1812450131777
8305,80,80.5434080788872,52.1812450131777
8306,80,80.5434080788872,52.1812450131777
8307,80,80.5434080788872,52.1812450131777
8308,80,80.5434080788872,52.1812450131777
8309,80,80.5434080788872,52.1812450131777
8310,80,80.5434080788872,52.1812450131777
8311,80,80.5434080788872,52.1812450131777
8312,80,80.5434080788872,52.1812450131777
8313,80,80.5434080788872,52.1812450131777
8314,80,80.5434080788872,52.1812450131777
8315,80,80.5434080788872,52.1812450131777
8316,80,80.5434080788872,52.1812450131777
8317,80,80.5434080788872,52.1812450131777
8319,80,80.5434080788872,52.1812450131777
8320,80,80.5434080788872,52.1812450131777
8321,80,80.5434080788872,52.1812450131777
8322,80,80.5434080788872,52.1812450131777
8323,80,80.5434080788872,52.1812450131777
8324,80,80.5434080788872,52.1812450131777
8325,80,80.5434080788872,52.1812450131777
8326,80,80.4726369420336,52.7969860046283
8327,80,80.4726369420336,52.7969860046283
8328,80,80.4726369420336,52.7969860046283
8329,80,80.4726369420336,52.7969860046283
8330,80,80.4726369420336,52.7969860046283
8331,80,80.4726369420336,52.7969860046283
8332,80,80.4726369420336,52.7969860046283
8333,80,80.4726369420336,52.7969860046283
8334,80,80.4726369420336,52.7969860046283
8335,80,80.4726369420336,52.7969860046283
8336,80,80.4726369420336,52.7969860046283
8337,80,80.4726369420336,52.7969860046283
8338,80,80.4726369420336,52.7969860046283
8339,80,80.4726369420336,52.7969860046283
8340,80,80.4726369420336,52.7969860046283
8341,80,80.4726369420336,52.7969860046283
8342,80,80.4726369420336,52.7969860046283
8343,80,80.4726369420336,52.7969860046283
8344,80,80.4726369420336,52.7969860046283
8345,80,80.4726369420336,52.7969860046283
8346,80,80.4726369420336,52.7969860046283
8347,80,80.4726369420336,52.7969860046283
8349,80,80.4726369420336,52.7969860046284
8350,80,80.4726369420336,52.7969860046283
8351,80,80.4726369420336,52.7969860046283
8352,80,80.4726369420336,52.7969860046283
8353,80,80.4726369420336,52.7969860046283
8354,80,80.4726369420336,52.7969860046283
8355,80,80.4726369420336,52.7969860046283
8356,80,80.4726369420336,52.7969860046283
8357,80,80.4726369420336,52.7969860046283
8358,80,80.4726369420336,52.7969860046283
8359,80,80.4726369420336,52.7969860046283
8360,80,80.4726369420336,52.7969860046283
8361,80,80.4726369420336,52.7969860046283
8362,80,80.4726369420336,52.7969860046283
8363,80,80.4726369420336,52.7969860046283
8364,80,80.4726369420336,52.7969860046283
8365,80,80.4726369420336,52.7969860046283
8366,80,80.4726369420336,52.7969860046283
8367,80,80.4726369420336,52.7969860046283
8368,80,80.4726369420336,52.7969860046283
8369,80,80.4726369420336,52.7969860046283
8370,80,80.4726369420336,52.7969860046283
8371,80,80.4726369420336,52.7969860046283
8372,80,80.4726369420336,52.7969860046283
8373,80,80.4726369420336,52.7969860046283
8374,80,80.4726369420336,52.7969860046283
8375,80,80.4726369420336,52.7969860046283
8376,80,80.4726369420336,52.7969860046283
8377,80,80.4726369420336,52.7969860046283
8379,80,80.4726369420336,52.7969860046284
8380,80,80.4726369420336,52.7969860046283
8381,80,80.4726369420336,52.7969860046283
8382,80,80.4726369420336,52.7969860046283
8383,80,80.4726369420336,52.7969860046283
8384,80,80.4726369420336,52.7969860046283
8385,80,80.4726369420336,52.7969860046283
8386,80,80.4726369420336,52.7969860046283
8387,80,80.4726369420336,52.7969860046283
8388,80,80.4726369420336,52.7969860046283
8389,80,80.4726369420336,52.7969860046283
8390,80,80.4726369420336,52.7969860046283
8391,80,80.4726369420336,52.7969860046283
8392,80,80.4726369420336,52.7969860046283
8393,80,80.4726369420336,52.7969860046283
8394,80,80.4726369420336,52.7969860046283
8395,80,80.4726369420336,52.7969860046283
8396,80,80.4726369420336,52.7969860046283
8397,80,80.4726369420336,52.7969860046283
8398,80,80.4726369420336,52.7969860046283
8399,80,80.4726369420336,52.7969860046283
8400,80,80.4726369420336,52.7969860046283
8401,80,80.4726369420336,52.7969860046283
8402,80,80.4726369420336,52.7969860046283
8403,80,80.4726369420336,52.7969860046283
8404,80,80.4726369420336,52.7969860046283
8405,80,80.4726369420336,52.7969860046283
8406,80,80.4726369420336,52.7969860046283
8407,80,80.4726369420336,52.7969860046283
8409,80,80.4726369420336,52.7969860046284
8410,80,80.4726369420336,52.7969860046283
8411,80,80.4726369420336,52.7969860046283
8412,80,80.4726369420336,52.7969860046283
8413,80,80.4726369420336,52.7969860046283
8414,80,80.4726369420336,52.7969860046283
8415,80,80.4726369420336,52.7969860046283
8416,80,80.4726369420336,52.7969860046283
8417,80,80.4726369420336,52.7969860046283
8418,80,80.4726369420336,52.7969860046283
8419,80,80.4726369420336,52.7969860046283
8420,80,80.4726369420336,52.7969860046283
8421,80,80.4726369420336,52.7969860046283
8422,80,80.4726369420336,52.7969860046283
8423,80,80.4726369420336,52.7969860046283
8424,80,80.4726369420336,52.7969860046283
8425,80,80.4726369420336,52.7969860046283
8426,80,80.4726369420336,52.7969860046283
8427,80,80.4726369420336,52.7969860046283
8428,80,80.4726369420336,52.7969860046283
8429,80,80.4726369420336,52.7969860046283
8430,80,80.4726369420336,52.7969860046283
8431,80,80.4726369420336,52.7969860046283
8432,80,80.4726369420336,52.7969860046283
8433,80,80.4726369420336,52.7969860046283
8434,80,80.4726369420336,52.7969860046283
8435,80,80.4726369420336,52.7969860046283
8436,80,80.4726369420336,52.7969860046283
8437,80,80.4726369420336,52.7969860046283
8438,80,80.4726369420336,52.7969860046283
8439,80,80.4726369420336,52.7969860046283
8440,80,80.4726369420336,52.7969860046283
8441,80,80.4726369420336,52.7969860046283
8442,80,80.4726369420336,52.7969860046283
8443,80,80.4726369420336,52.7969860046283
8444,80,80.4726369420336,52.7969860046283
8445,80,80.4726369420336,52.7969860046283
8446,80,80.4726369420336,52.7969860046283
8447,80,80.4726369420336,52.7969860046283
8448,80,80.4726369420336,52.7969860046283
8449,80,80.4726369420336,52.7969860046283
8450,80,80.4726369420336,52.7969860046283
8451,80,80.4726369420336,52.7969860046283
8452,80,80.4726369420336,52.7969860046283
8453,80,80.4726369420336,52.7969860046283
8454,80,80.4726369420336,52.7969860046283
8455,80,80.4726369420336,52.7969860046283
8456,80,80.4726369420336,52.7969860046283
8457,80,80.4726369420336,52.7969860046283
8458,80,80.4726369420336,52.7969860046283
8459,80,80.4726369420336,52.7969860046283
8460,80,80.4726369420336,52.7969860046283
8461,80,80.4726369420336,52.7969860046283
8462,80,80.4726369420336,52.7969860046283
8463,80,80.4726369420336,52.7969860046283
8464,80,80.4726369420336,52.7969860046283
8465,80,80.4726369420336,52.7969860046283
8466,80,80.4726369420336,52.7969860046283
8467,80,80.4726369420336,52.7969860046283
8469,80,80.4726369420336,52.7969860046283
8470,80,80.4726369420336,52.7969860046283
8471,80,80.4726369420336,52.7969860046283
8472,80,80.4726369420336,52.7969860046283
8473,80,80.4726369420336,52.7969860046283
8474,80,80.4726369420336,52.7969860046283
8475,80,80.4726369420336,52.7969860046283
8476,80,80.4726369420336,52.7969860046283
8477,80,80.4726369420336,52.7969860046283
8478,80,80.4726369420336,52.7969860046283
8479,80,80.4726369420336,52.7969860046283
8480,80,80.4726369420336,52.7969860046283
8481,80,80.4726369420336,52.7969860046283
8482,80,80.4726369420336,52.7969860046283
8483,80,80.4726369420336,52.7969860046283
8484,80,80.4726369420336,52.7969860046283
8485,80,80.4726369420336,52.7969860046283
8486,80,80.4726369420336,52.7969860046283
8487,80,80.4726369420336,52.7969860046283
8488,80,80.4726369420336,52.7969860046283
8489,80,80.4726369420336,52.7969860046283
8490,80,80.4726369420336,52.7969860046283
8491,80,80.4726369420336,52.7969860046283
8492,80,80.4726369420336,52.7969860046283
8493,80,80.4726369420336,52.7969860046283
8494,80,80.4726369420336,52.7969860046283
8495,80,80.4726369420336,52.7969860046283
8496,80,80.4726369420336,52.7969860046283
8497,80,80.4726369420336,52.7969860046283
8499,80,80.4726369420336,52.7969860046284
8500,80,80.4726369420336,52.7969860046283
8501,80,80.4726369420336,52.7969860046283
8502,80,80.4726369420336,52.7969860046283
8503,80,80.4726369420336,52.7969860046283
8504,80,80.4726369420336,52.7969860046283
8505,80,80.4726369420336,52.7969860046283
8506,80,80.4726369420336,52.7969860046283
8507,80,80.4726369420336,52.7969860046283
8508,80,80.4726369420336,52.7969860046283
8509,80,80.4726369420336,52.7969860046283
8510,80,80.4726369420336,52.7969860046283
8511,80,80.4726369420336,52.7969860046283
8512,80,80.4726369420336,52.7969860046283
8513,80,80.4726369420336,52.7969860046283
8514,80,80.4726369420336,52.7969860046283
8515,80,80.4726369420336,52.7969860046283
8516,80,80.4726369420336,52.7969860046283
8517,80,80.4726369420336,52.7969860046283
8518,80,80.4726369420336,52.7969860046283
8519,80,80.4726369420336,52.7969860046283
8520,80,80.4726369420336,52.7969860046283
8521,80,80.4726369420336,52.7969860046283
8522,80,80.4726369420336,52.7969860046283
8523,80,80.4726369420336,52.7969860046283
8524,80,80.4726369420336,52.7969860046283
8525,80,80.4726369420336,52.7969860046283
8526,80,80.4726369420336,52.7969860046283
8527,80,80.4726369420336,52.7969860046283
8528,80,80.4726369420336,52.7969860046283
8530,80,80.4726369420336,52.7969860046284
8531,80,80.4726369420336,52.7969860046283
8532,80,80.4726369420336,52.7969860046283
8533,80,80.4726369420336,52.7969860046283
8534,80,80.4726369420336,52.7969860046283
8535,80,80.4726369420336,52.7969860046283
8536,80,80.4726369420336,52.7969860046283
8537,80,80.4726369420336,52.7969860046283
8538,80,80.4726369420336,52.7969860046283
8539,80,80.4726369420336,52.7969860046283
8540,80,80.4726369420336,52.7969860046283
8541,80,80.4726369420336,52.7969860046283
8542,80,80.4726369420336,52.7969860046283
8543,80,80.4726369420336,52.7969860046283
8544,80,80.4726369420336,52.7969860046283
8545,80,80.4726369420336,52.7969860046283
8546,80,80.4726369420336,52.7969860046283
8547,80,80.4726369420336,52.7969860046283
8548,80,80.4726369420336,52.7969860046283
8549,80,80.4726369420336,52.7969860046283
8550,80,80.4726369420336,52.7969860046283
8551,80,80.4726369420336,52.7969860046283
8552,80,80.4726369420336,52.7969860046283
8553,80,80.4726369420336,52.7969860046283
8554,80,80.4726369420336,52.7969860046283
8555,80,80.4726369420336,52.7969860046283
8556,80,80.4726369420336,52.7969860046283
8557,80,80.4726369420336,52.7969860046283
8558,80,80.4726369420336,52.7969860046283
8560,80,80.4726369420336,52.7969860046283
8561,80,80.4726369420336,52.7969860046283
8562,80,80.4726369420336,52.7969860046283
8563,80,80.4726369420336,52.7969860046283
8564,80,80.4726369420336,52.7969860046283
8565,80,80.4726369420336,52.7969860046283
8566,80,80.4726369420336,52.7969860046283
8567,80,80.4726369420336,52.7969860046283
8568,80,80.4726369420336,52.7969860046283
8569,80,80.4726369420336,52.7969860046283
8570,80,80.4726369420336,52.7969860046283
8571,80,80.4726369420336,52.7969860046283
8572,80,80.4726369420336,52.7969860046283
8573,80,80.4726369420336,52.7969860046283
8574,80,80.4726369420336,52.7969860046283
8575,80,80.4726369420336,52.7969860046283
8576,80,80.4726369420336,52.7969860046283
8577,80,80.4726369420336,52.7969860046283
8578,80,80.4726369420336,52.7969860046283
8579,80,80.4726369420336,52.7969860046283
8580,80,80.4726369420336,52.7969860046283
8581,80,80.4726369420336,52.7969860046283
8582,80,80.4726369420336,52.7969860046283
8583,80,80.4726369420336,52.7969860046283
8584,80,80.4726369420336,52.7969860046283
8585,80,80.4726369420336,52.7969860046283
8586,80,80.4726369420336,52.7969860046283
8587,80,80.4726369420336,52.7969860046283
8588,80,80.4726369420336,52.7969860046283
8589,80,80.4726369420336,52.7969860046283
8590,80,80.4726369420336,52.7969860046284
8591,80,80.4726369420336,52.7969860046283
8592,80,80.4726369420336,52.7969860046283
8593,80,80.4726369420336,52.7969860046283
8594,80,80.4726369420336,52.7969860046283
8595,80,80.4726369420336,52.7969860046283
8596,80,80.4726369420336,52.7969860046283
8597,80,80.4726369420336,52.7969860046283
8598,80,80.4726369420336,52.7969860046283
8599,80,80.4726369420336,52.7969860046283
8600,80,80.4726369420336,52.7969860046283
8601,80,80.4726369420336,52.7969860046283
8602,80,80.4726369420336,52.7969860046283
8603,80,80.4726369420336,52.7969860046283
8604,80,80.4726369420336,52.7969860046283
8605,80,80.4726369420336,52.7969860046283
8606,80,80.4726369420336,52.7969860046283
8607,80,80.4726369420336,52.7969860046283
8608,80,80.4223267333576,51.9805882356471
8609,80,80.4223267333576,51.9805882356471
8610,80,80.4223267333576,51.9805882356471
8611,80,80.4223267333576,51.9805882356471
8612,80,80.4223267333576,51.9805882356471
8613,80,80.4223267333576,51.9805882356471
8614,80,80.4223267333576,51.9805882356471
8615,80,80.4223267333576,51.9805882356471
8616,80,80.4223267333576,51.9805882356471
8617,80,80.4223267333576,51.9805882356471
8618,80,80.4223267333576,51.9805882356471
8619,80,80.4223267333576,51.9805882356471
8620,80,80.4223267333576,51.9805882356471
8621,80,80.4223267333576,51.9805882356471
8622,80,80.4223267333576,51.9805882356471
8623,80,80.4223267333576,51.9805882356471
8624,80,80.4223267333576,51.9805882356471
8625,80,80.4223267333576,51.9805882356471
8626,80,80.4223267333576,51.9805882356471
8627,80,80.4223267333576,51.9805882356471
8628,80,80.4223267333576,51.9805882356471
8629,80,80.4223267333576,51.9805882356471
8630,80,80.4223267333576,51.9805882356471
8631,80,80.4223267333576,51.9805882356471
8632,80,80.4223267333576,51.9805882356471
8633,80,80.4223267333576,51.9805882356471
8634,80,80.4223267333576,51.9805882356471
8635,80,80.4223267333576,51.9805882356471
8636,80,80.4223267333576,51.9805882356471
8637,80,80.4223267333576,51.9805882356471
8638,80,80.4223267333576,51.9805882356471
8639,80,80.4223267333576,51.9805882356471
8640,80,80.4223267333576,51.9805882356471
8641,80,80.4223267333576,51.9805882356471
8642,80,80.4223267333576,51.9805882356471
8643,80,80.4223267333576,51.9805882356471
8644,80,80.4223267333576,51.9805882356471
8645,80,80.4223267333576,51.9805882356471
8646,80,80.4223267333576,51.9805882356471
8647,80,80.4223267333576,51.9805882356471
8648,80,80.4223267333576,51.9805882356471
8649,80,80.4223267333576,51.9805882356471
8650,80,80.4223267333576,51.9805882356471
8651,80,80.4223267333576,51.9805882356471
8652,80,80.4223267333576,51.9805882356471
8653,80,80.4223267333576,51.9805882356471
8654,80,80.4223267333576,51.9805882356471
8655,80,80.4223267333576,51.9805882356471
8656,80,80.4223267333576,51.9805882356471
8657,80,80.4223267333576,51.9805882356471
8658,80,80.4223267333576,51.9805882356471
8659,80,80.4223267333576,51.9805882356471
8660,80,80.4223267333576,51.9805882356471
8661,80,80.4223267333576,51.9805882356471
8662,80,80.4223267333576,51.9805882356471
8663,80,80.4223267333576,51.9805882356471
8664,80,80.4223267333576,51.9805882356471
8665,80,80.4223267333576,51.9805882356471
8666,80,80.4223267333576,51.9805882356471
8667,80,80.4223267333576,51.9805882356471
8668,80,80.4223267333576,51.9805882356471
8669,80,80.4223267333576,51.9805882356471
8670,80,80.4223267333576,51.9805882356471
8671,80,80.4223267333576,51.9805882356471
8672,80,80.4223267333576,51.9805882356471
8673,80,80.4223267333576,51.9805882356471
8674,80,80.4223267333576,51.9805882356471
8675,80,80.4223267333576,51.9805882356471
8676,80,80.4223267333576,51.9805882356471
8677,80,80.4223267333576,51.9805882356471
8678,80,80.4223267333576,51.9805882356471
8680,80,80.4223267333576,51.9805882356471
8681,80,80.4223267333576,51.9805882356471
8682,80,80.4223267333576,51.9805882356471
8683,80,80.4223267333576,51.9805882356471
8684,80,80.4223267333576,51.9805882356471
8685,80,80.4223267333576,51.9805882356471
8686,80,80.4223267333576,51.9805882356471
8687,80,80.4223267333576,51.9805882356471
8688,80,80.4223267333576,51.9805882356471
8689,80,80.4223267333576,51.9805882356471
8690,80,80.4223267333576,51.9805882356471
8691,80,80.4223267333576,51.9805882356471
8692,80,80.4223267333576,51.9805882356471
8693,80,80.4223267333576,51.9805882356471
8694,80,80.4223267333576,51.9805882356471
8695,80,80.4223267333576,51.9805882356471
8696,80,80.4223267333576,51.9805882356471
8697,80,80.4223267333576,51.9805882356471
8698,80,80.4223267333576,51.9805882356471
8699,80,80.4223267333576,51.9805882356471
8700,80,80.4223267333576,51.9805882356471
8701,80,80.4223267333576,51.9805882356471
8702,80,80.4223267333576,51.9805882356471
8703,80,80.4223267333576,51.9805882356471
8704,80,80.4223267333576,51.9805882356471
8705,80,80.4223267333576,51.9805882356471
8706,80,80.4223267333576,51.9805882356471
8707,80,80.4223267333576,51.9805882356471
8708,80,80.4223267333576,51.9805882356471
8709,80,80.4223267333576,51.9805882356471
8710,80,80.4223267333576,51.9805882356471
8711,80,80.4223267333576,51.9805882356471
8712,80,80.4223267333576,51.9805882356471
8713,80,80.4223267333576,51.9805882356471
8714,80,80.4223267333576,51.9805882356471
8715,80,80.4223267333576,51.9805882356471
8716,80,80.4223267333576,51.9805882356471
8717,80,80.4223267333576,51.9805882356471
8718,80,80.4223267333576,51.9805882356471
8719,80,80.4223267333576,51.9805882356471
8720,80,80.4223267333576,51.9805882356471
8721,80,80.4223267333576,51.9805882356471
8722,80,80.4223267333576,51.9805882356471
8723,80,80.4223267333576,51.9805882356471
8724,80,80.4223267333576,51.9805882356471
8725,80,80.4223267333576,51.9805882356471
8726,80,80.4223267333576,51.9805882356471
8727,80,80.4223267333576,51.9805882356471
8728,80,80.4223267333576,51.9805882356471
8729,80,80.4223267333576,51.9805882356471
8730,80,80.4223267333576,51.9805882356471
8731,80,80.4223267333576,51.9805882356471
8732,80,80.4223267333576,51.9805882356471
8733,80,80.4223267333576,51.9805882356471
8734,80,80.4223267333576,51.9805882356471
8735,80,80.4223267333576,51.9805882356471
8736,80,80.4223267333576,51.9805882356471
8737,80,80.4223267333576,51.9805882356471
8738,80,80.4223267333576,51.9805882356471
8739,80,80.4223267333576,51.9805882356471
8741,80,80.4223267333576,51.9805882356471
8742,80,80.4223267333576,51.9805882356471
8743,80,80.4223267333576,51.9805882356471
8744,80,80.4223267333576,51.9805882356471
8745,80,80.4223267333576,51.9805882356471
8746,80,80.4223267333576,51.9805882356471
8747,80,80.4223267333576,51.9805882356471
8748,80,80.4223267333576,51.9805882356471
8749,80,80.4223267333576,51.9805882356471
8750,80,80.4223267333576,51.9805882356471
8751,80,80.4223267333576,51.9805882356471
8752,80,80.4223267333576,51.9805882356471
8753,80,80.4223267333576,51.9805882356471
8754,80,80.4223267333576,51.9805882356471
8755,80,80.4223267333576,51.9805882356471
8756,80,80.4223267333576,51.9805882356471
8757,80,80.4223267333576,51.9805882356471
8758,80,80.4223267333576,51.9805882356471
8759,80,80.4223267333576,51.9805882356471
8760,80,80.4223267333576,51.9805882356471
8761,80,80.4223267333576,51.9805882356471
8762,80,80.4223267333576,51.9805882356471
8763,80,80.4223267333576,51.9805882356471
8764,80,80.4223267333576,51.9805882356471
8765,80,80.4223267333576,51.9805882356471
8766,80,80.4223267333576,51.9805882356471
8767,80,80.4223267333576,51.9805882356471
8768,80,80.4223267333576,51.9805882356471
8769,80,80.4223267333576,51.9805882356471
8771,80,80.4223267333576,51.9805882356471
8772,80,80.4223267333576,51.9805882356471
8773,80,80.4223267333576,51.9805882356471
8774,80,80.4223267333576,51.9805882356471
8775,80,80.4223267333576,51.9805882356471
8776,80,80.4223267333576,51.9805882356471
8777,80,80.4223267333576,51.9805882356471
8778,80,80.4223267333576,51.9805882356471
8779,80,80.4223267333576,51.9805882356471
8780,80,80.4223267333576,51.9805882356471
8781,80,80.4223267333576,51.9805882356471
8782,80,80.4223267333576,51.9805882356471
8783,80,80.4223267333576,51.9805882356471
8784,80,80.4223267333576,51.9805882356471
8785,80,80.4223267333576,51.9805882356471
8786,80,80.4223267333576,51.9805882356471
8787,80,80.4223267333576,51.9805882356471
8788,80,80.4223267333576,51.9805882356471
8789,80,80.4223267333576,51.9805882356471
8790,80,80.4223267333576,51.9805882356471
8791,80,80.4223267333576,51.9805882356471
8792,80,80.4223267333576,51.9805882356471
8793,80,80.4223267333576,51.9805882356471
8794,80,80.4223267333576,51.9805882356471
8795,80,80.4223267333576,51.9805882356471
8796,80,80.4223267333576,51.9805882356471
8797,80,80.4223267333576,51.9805882356471
8798,80,80.4223267333576,51.9805882356471
8799,80,80.4223267333576,51.9805882356471
8800,80,80.4223267333576,51.9805882356471
8801,80,80.4223267333576,51.9805882356471
8802,80,80.4223267333576,51.9805882356471
8803,80,80.4223267333576,51.9805882356471
8804,80,80.4223267333576,51.9805882356471
8805,80,80.4223267333576,51.9805882356471
8806,80,80.4223267333576,51.9805882356471
8807,80,80.4223267333576,51.9805882356471
8808,80,80.4223267333576,51.9805882356471
8809,80,80.4223267333576,51.9805882356471
8810,80,80.4223267333576,51.9805882356471
8811,80,80.4223267333576,51.9805882356471
8812,80,80.4223267333576,51.9805882356471
8813,80,80.4223267333576,51.9805882356471
8814,80,80.4223267333576,51.9805882356471
8815,80,80.4223267333576,51.9805882356471
8816,80,80.4223267333576,51.9805882356471
8817,80,80.4223267333576,51.9805882356471
8818,80,80.4223267333576,51.9805882356471
8819,80,80.4223267333576,51.9805882356471
8820,80,80.4223267333576,51.9805882356471
8821,80,80.4223267333576,51.9805882356471
8822,80,80.4223267333576,51.9805882356471
8823,80,80.4223267333576,51.9805882356471
8824,80,80.4223267333576,51.9805882356471
8825,80,80.4223267333576,51.9805882356471
8826,80,80.4223267333576,51.9805882356471
8827,80,80.4223267333576,51.9805882356471
8828,80,80.4223267333576,51.9805882356471
8829,80,80.4223267333576,51.9805882356471
8831,80,80.4223267333576,51.9805882356471
8832,80,80.4223267333576,51.9805882356471
8833,80,80.4223267333576,51.9805882356471
8834,80,80.4223267333576,51.9805882356471
8835,80,80.4223267333576,51.9805882356471
8836,80,80.4223267333576,51.9805882356471
8837,80,80.4223267333576,51.9805882356471
8838,80,80.4223267333576,51.9805882356471
8839,80,80.4223267333576,51.9805882356471
8840,80,80.4223267333576,51.9805882356471
8841,80,80.4223267333576,51.9805882356471
8842,80,80.4223267333576,51.9805882356471
8843,80,80.4223267333576,51.9805882356471
8844,80,80.4223267333576,51.9805882356471
8845,80,80.4223267333576,51.9805882356471
8846,80,80.4223267333576,51.9805882356471
8847,80,80.4223267333576,51.9805882356471
8848,80,80.4223267333576,51.9805882356471
8849,80,80.4223267333576,51.9805882356471
8850,80,80.4223267333576,51.9805882356471
8851,80,80.4223267333576,51.9805882356471
8852,80,80.4223267333576,51.9805882356471
8853,80,80.4223267333576,51.9805882356471
8854,80,80.4223267333576,51.9805882356471
8855,80,80.4223267333576,51.9805882356471
8856,80,80.4223267333576,51.9805882356471
8857,80,80.4223267333576,51.9805882356471
8858,80,80.4223267333576,51.9805882356471
8859,80,80.4223267333576,51.9805882356471
8860,80,80.4223267333576,51.9805882356471
8861,80,80.4223267333576,51.9805882356471
8862,80,80.4223267333576,51.9805882356471
8863,80,80.4223267333576,51.9805882356471
8864,80,80.4223267333576,51.9805882356471
8865,80,80.4223267333576,51.9805882356471
8866,80,80.4223267333576,51.9805882356471
8867,80,80.4223267333576,51.9805882356471
8868,80,80.4223267333576,51.9805882356471
8869,80,80.4223267333576,51.9805882356471
8870,80,80.4223267333576,51.9805882356471
8871,80,80.4223267333576,51.9805882356471
8872,80,80.4223267333576,51.9805882356471
8873,80,80.4223267333576,51.9805882356471
8874,80,80.4223267333576,51.9805882356471
8875,80,80.4223267333576,51.9805882356471
8876,80,80.4223267333576,51.9805882356471
8877,80,80.4223267333576,51.9805882356471
8878,80,80.4223267333576,51.9805882356471
8879,80,80.4223267333576,51.9805882356471
8880,80,80.4223267333576,51.9805882356471
8881,80,80.4223267333576,51.9805882356471
8882,80,80.4223267333576,51.9805882356471
8883,80,80.4223267333576,51.9805882356471
8884,80,80.4223267333576,51.9805882356471
8885,80,80.4223267333576,51.9805882356471
8886,80,80.4223267333576,51.9805882356471
8887,80,80.4223267333576,51.9805882356471
8888,80,80.4223267333576,51.9805882356471
8889,80,80.4223267333576,51.9805882356471
8890,80,80.2080911697498,52.6132682647013
8891,80,80.2080911697498,52.6132682647013
8892,80,80.2080911697498,52.6132682647013
8893,80,80.2080911697498,52.6132682647013
8894,80,80.2080911697498,52.6132682647013
8895,80,80.2080911697498,52.6132682647013
8896,80,80.2080911697498,52.6132682647013
8897,80,80.2080911697498,52.6132682647013
8898,80,80.2080911697498,52.6132682647013
8899,80,80.2080911697498,52.6132682647013
8900,80,80.2080911697498,52.6132682647013
8901,80,80.2080911697498,52.6132682647013
8902,80,80.2080911697498,52.6132682647013
8903,80,80.2080911697498,52.6132682647013
8904,80,80.2080911697498,52.6132682647013
8905,80,80.2080911697498,52.6132682647013
8906,80,80.2080911697498,52.6132682647013
8907,80,80.2080911697498,52.6132682647013
8908,80,80.2080911697498,52.6132682647013
8909,80,80.2080911697498,52.6132682647013
8910,80,80.2080911697498,52.6132682647013
8911,80,80.2080911697498,52.6132682647013
8912,80,80.2080911697498,52.6132682647013
8913,80,80.2080911697498,52.6132682647013
8914,80,80.2080911697498,52.6132682647013
8915,80,80.2080911697498,52.6132682647013
8916,80,80.2080911697498,52.6132682647013
8917,80,80.2080911697498,52.6132682647013
8918,80,80.2080911697498,52.6132682647013
8919,80,80.2080911697498,52.6132682647013
8920,80,80.2080911697498,52.6132682647013
8922,80,80.2080911697498,52.6132682647013
8923,80,80.2080911697498,52.6132682647013
8924,80,80.2080911697498,52.6132682647013
8925,80,80.2080911697498,52.6132682647013
8926,80,80.2080911697498,52.6132682647013
8927,80,80.2080911697498,52.6132682647013
8928,80,80.2080911697498,52.6132682647013
8929,80,80.2080911697498,52.6132682647013
8930,80,80.2080911697498,52.6132682647013
8931,80,80.2080911697498,52.6132682647013
8932,80,80.2080911697498,52.6132682647013
8933,80,80.2080911697498,52.6132682647013
8934,80,80.2080911697498,52.6132682647013
8935,80,80.2080911697498,52.6132682647013
8936,80,80.2080911697498,52.6132682647013
8937,80,80.2080911697498,52.6132682647013
8938,80,80.2080911697498,52.6132682647013
8939,80,80.2080911697498,52.6132682647013
8940,80,80.2080911697498,52.6132682647013
8941,80,80.2080911697498,52.6132682647013
8942,80,80.2080911697498,52.6132682647013
8943,80,80.2080911697498,52.6132682647013
8944,80,80.2080911697498,52.6132682647013
8945,80,80.2080911697498,52.6132682647013
8946,80,80.2080911697498,52.6132682647013
8947,80,80.2080911697498,52.6132682647013
8948,80,80.2080911697498,52.6132682647013
8949,80,80.2080911697498,52.6132682647013
8950,80,80.2080911697498,52.6132682647013
8951,80,80.2080911697498,52.6132682647013
8953,80,80.2080911697498,52.6132682647013
8954,80,80.2080911697498,52.6132682647013
8955,80,80.2080911697498,52.6132682647013
8956,80,80.2080911697498,52.6132682647013
8957,80,80.2080911697498,52.6132682647013
8958,80,80.2080911697498,52.6132682647013
8959,80,80.2080911697498,52.6132682647013
8960,80,80.2080911697498,52.6132682647013
8961,80,80.2080911697498,52.6132682647013
8962,80,80.2080911697498,52.6132682647013
8963,80,80.2080911697498,52.6132682647013
8964,80,80.2080911697498,52.6132682647013
8965,80,80.2080911697498,52.6132682647013
8966,80,80.2080911697498,52.6132682647013
8967,80,80.2080911697498,52.6132682647013
8968,80,80.2080911697498,52.6132682647013
8969,80,80.2080911697498,52.6132682647013
8970,80,80.2080911697498,52.6132682647013
8971,80,80.2080911697498,52.6132682647013
8972,80,80.2080911697498,52.6132682647013
8973,80,80.2080911697498,52.6132682647013
8974,80,80.2080911697498,52.6132682647013
8975,80,80.2080911697498,52.6132682647013
8976,80,80.2080911697498,52.6132682647013
8977,80,80.2080911697498,52.6132682647013
8978,80,80.2080911697498,52.6132682647013
8979,80,80.2080911697498,52.6132682647013
8980,80,80.2080911697498,52.6132682647013
8982,80,80.2080911697498,52.6132682647013
8983,80,80.2080911697498,52.6132682647013
8984,80,80.2080911697498,52.6132682647013
8985,80,80.2080911697498,52.6132682647013
8986,80,80.2080911697498,52.6132682647013
8987,80,80.2080911697498,52.6132682647013
8988,80,80.2080911697498,52.6132682647013
8989,80,80.2080911697498,52.6132682647013
8990,80,80.2080911697498,52.6132682647013
8991,80,80.2080911697498,52.6132682647013
8992,80,80.2080911697498,52.6132682647013
8993,80,80.2080911697498,52.6132682647013
8994,80,80.2080911697498,52.6132682647013
8995,80,80.2080911697498,52.6132682647013
8996,80,80.2080911697498,52.6132682647013
8997,80,80.2080911697498,52.6132682647013
8998,80,80.2080911697498,52.6132682647013
8999,80,80.2080911697498,52.6132682647013
9000,80,80.2080911697498,52.6132682647013
9001,80,80.2080911697498,52.6132682647013
9002,80,80.2080911697498,52.6132682647013
9003,80,80.2080911697498,52.6132682647013
9004,80,80.2080911697498,52.6132682647013
9005,80,80.2080911697498,52.6132682647013
9006,80,80.2080911697498,52.6132682647013
9007,80,80.2080911697498,52.6132682647013
9008,80,80.2080911697498,52.6132682647013
9009,80,80.2080911697498,52.6132682647013
9010,80,80.2080911697498,52.6132682647013
9012,80,80.2080911697498,52.6132682647013
9013,80,80.2080911697498,52.6132682647013
9014,80,80.2080911697498,52.6132682647013
9015,80,80.2080911697498,52.6132682647013
9016,80,80.2080911697498,52.6132682647013
9017,80,80.2080911697498,52.6132682647013
9018,80,80.2080911697498,52.6132682647013
9019,80,80.2080911697498,52.6132682647013
9020,80,80.2080911697498,52.6132682647013
9021,80,80.2080911697498,52.6132682647013
9022,80,80.2080911697498,52.6132682647013
9023,80,80.2080911697498,52.6132682647013
9024,80,80.2080911697498,52.6132682647013
9025,80,80.2080911697498,52.6132682647013
9026,80,80.2080911697498,52.6132682647013
9027,80,80.2080911697498,52.6132682647013
9028,80,80.2080911697498,52.6132682647013
9029,80,80.2080911697498,52.6132682647013
9030,80,80.2080911697498,52.6132682647013
9031,80,80.2080911697498,52.6132682647013
9032,80,80.2080911697498,52.6132682647013
9033,80,80.2080911697498,52.6132682647013
9034,80,80.2080911697498,52.6132682647013
9035,80,80.2080911697498,52.6132682647013
9036,80,80.2080911697498,52.6132682647013
9037,80,80.2080911697498,52.6132682647013
9038,80,80.2080911697498,52.6132682647013
9039,80,80.2080911697498,52.6132682647013
9040,80,80.2080911697498,52.6132682647013
9042,80,80.2080911697498,52.6132682647013
9043,80,80.2080911697498,52.6132682647013
9044,80,80.2080911697498,52.6132682647013
9045,80,80.2080911697498,52.6132682647013
9046,80,80.2080911697498,52.6132682647013
9047,80,80.2080911697498,52.6132682647013
9048,80,80.2080911697498,52.6132682647013
9049,80,80.2080911697498,52.6132682647013
9050,80,80.2080911697498,52.6132682647013
9051,80,80.2080911697498,52.6132682647013
9052,80,80.2080911697498,52.6132682647013
9053,80,80.2080911697498,52.6132682647013
9054,80,80.2080911697498,52.6132682647013
9055,80,80.2080911697498,52.6132682647013
9056,80,80.2080911697498,52.6132682647013
9057,80,80.2080911697498,52.6132682647013
9058,80,80.2080911697498,52.6132682647013
9059,80,80.2080911697498,52.6132682647013
9060,80,80.2080911697498,52.6132682647013
9061,80,80.2080911697498,52.6132682647013
9062,80,80.2080911697498,52.6132682647013
9063,80,80.2080911697498,52.6132682647013
9064,80,80.2080911697498,52.6132682647013
9065,80,80.2080911697498,52.6132682647013
9066,80,80.2080911697498,52.6132682647013
9067,80,80.2080911697498,52.6132682647013
9068,80,80.2080911697498,52.6132682647013
9069,80,80.2080911697498,52.6132682647013
9070,80,80.2080911697498,52.6132682647013
9071,80,80.2080911697498,52.6132682647013
9072,80,80.2080911697498,52.6132682647013
9073,80,80.2080911697498,52.6132682647013
9074,80,80.2080911697498,52.6132682647013
9075,80,80.2080911697498,52.6132682647013
9076,80,80.2080911697498,52.6132682647013
9077,80,80.2080911697498,52.6132682647013
9078,80,80.2080911697498,52.6132682647013
9079,80,80.2080911697498,52.6132682647013
9080,80,80.2080911697498,52.6132682647013
9081,80,80.2080911697498,52.6132682647013
9082,80,80.2080911697498,52.6132682647013
9083,80,80.2080911697498,52.6132682647013
9084,80,80.2080911697498,52.6132682647013
9085,80,80.2080911697498,52.6132682647013
9086,80,80.2080911697498,52.6132682647013
9087,80,80.2080911697498,52.6132682647013
9088,80,80.2080911697498,52.6132682647013
9089,80,80.2080911697498,52.6132682647013
9090,80,80.2080911697498,52.6132682647013
9091,80,80.2080911697498,52.6132682647013
9092,80,80.2080911697498,52.6132682647013
9093,80,80.2080911697498,52.6132682647013
9094,80,80.2080911697498,52.6132682647013
9095,80,80.2080911697498,52.6132682647013
9096,80,80.2080911697498,52.6132682647013
9097,80,80.2080911697498,52.6132682647013
9098,80,80.2080911697498,52.6132682647013
9099,80,80.2080911697498,52.6132682647013
9100,80,80.2080911697498,52.6132682647013
9101,80,80.2080911697498,52.6132682647013
9103,80,80.2080911697498,52.6132682647013
9104,80,80.2080911697498,52.6132682647013
9105,80,80.2080911697498,52.6132682647013
9106,80,80.2080911697498,52.6132682647013
9107,80,80.2080911697498,52.6132682647013
9108,80,80.2080911697498,52.6132682647013
9109,80,80.2080911697498,52.6132682647013
9110,80,80.2080911697498,52.6132682647013
9111,80,80.2080911697498,52.6132682647013
9112,80,80.2080911697498,52.6132682647013
9113,80,80.2080911697498,52.6132682647013
9114,80,80.2080911697498,52.6132682647013
9115,80,80.2080911697498,52.6132682647013
9116,80,80.2080911697498,52.6132682647013
9117,80,80.2080911697498,52.6132682647013
9118,80,80.2080911697498,52.6132682647013
9119,80,80.2080911697498,52.6132682647013
9120,80,80.2080911697498,52.6132682647013
9121,80,80.2080911697498,52.6132682647013
9122,80,80.2080911697498,52.6132682647013
9123,80,80.2080911697498,52.6132682647013
9124,80,80.2080911697498,52.6132682647013
9125,80,80.2080911697498,52.6132682647013
9126,80,80.2080911697498,52.6132682647013
9127,80,80.2080911697498,52.6132682647013
9128,80,80.2080911697498,52.6132682647013
9129,80,80.2080911697498,52.6132682647013
9130,80,80.2080911697498,52.6132682647013
9132,80,80.2080911697498,52.6132682647013
9133,80,80.2080911697498,52.6132682647013
9134,80,80.2080911697498,52.6132682647013
9135,80,80.2080911697498,52.6132682647013
9136,80,80.2080911697498,52.6132682647013
9137,80,80.2080911697498,52.6132682647013
9138,80,80.2080911697498,52.6132682647013
9139,80,80.2080911697498,52.6132682647013
9140,80,80.2080911697498,52.6132682647013
9141,80,80.2080911697498,52.6132682647013
9142,80,80.2080911697498,52.6132682647013
9143,80,80.2080911697498,52.6132682647013
9144,80,80.2080911697498,52.6132682647013
9145,80,80.2080911697498,52.6132682647013
9146,80,80.2080911697498,52.6132682647013
9147,80,80.2080911697498,52.6132682647013
9148,80,80.2080911697498,52.6132682647013
9149,80,80.2080911697498,52.6132682647013
9150,80,80.2080911697498,52.6132682647013
9151,80,80.2080911697498,52.6132682647013
9152,80,80.2080911697498,52.6132682647013
9153,80,80.2080911697498,52.6132682647013
9154,80,80.2080911697498,52.6132682647013
9155,80,80.2080911697498,52.6132682647013
9156,80,80.2080911697498,52.6132682647013
9157,80,80.2080911697498,52.6132682647013
9158,80,80.2080911697498,52.6132682647013
9159,80,80.2080911697498,52.6132682647013
9160,80,80.2080911697498,52.6132682647013
9161,80,80.2080911697498,52.6132682647013
9162,80,80.2080911697498,52.6132682647013
9163,80,80.2080911697498,52.6132682647013
9164,80,80.2080911697498,52.6132682647013
9165,80,80.2080911697498,52.6132682647013
9166,80,80.2080911697498,52.6132682647013
9167,80,80.2080911697498,52.6132682647013
9168,80,80.2080911697498,52.6132682647013
9169,80,80.2080911697498,52.6132682647013
9170,80,80.2080911697498,52.6132682647013
9171,80,80.2080911697498,52.6132682647013
9172,80,80.2080911697498,52.6132682647013
9173,80,80.3384761001283,52.6865421235504
9174,80,80.4688610305068,52.7598159823995
9175,80,80.4688610305068,52.7598159823995
9176,80,80.4688610305068,52.7598159823995
9177,80,80.4688610305068,52.7598159823995
9178,80,80.4688610305068,52.7598159823995
9179,80,80.4688610305068,52.7598159823995
9180,80,80.4688610305068,52.7598159823995
9181,80,80.4688610305068,52.7598159823995
9182,80,80.4688610305068,52.7598159823995
9183,80,80.4688610305068,52.7598159823995
9184,80,80.4688610305068,52.7598159823995
9185,80,80.4688610305068,52.7598159823995
9186,80,80.4688610305068,52.7598159823995
9187,80,80.4688610305068,52.7598159823995
9188,80,80.4688610305068,52.7598159823995
9189,80,80.4688610305068,52.7598159823995
9190,80,80.4688610305068,52.7598159823995
9191,80,80.4688610305068,52.7598159823995
9193,80,80.4688610305068,52.7598159823995
9194,80,80.4688610305068,52.7598159823995
9195,80,80.4688610305068,52.7598159823995
9196,80,80.4688610305068,52.7598159823995
9197,80,80.4688610305068,52.7598159823995
9198,80,80.4688610305068,52.7598159823995
9199,80,80.4688610305068,52.7598159823995
9200,80,80.4688610305068,52.7598159823995
9201,80,80.4688610305068,52.7598159823995
9202,80,80.4688610305068,52.7598159823995
9203,80,80.4688610305068,52.7598159823995
9204,80,80.4688610305068,52.7598159823995
9205,80,80.4688610305068,52.7598159823995
9206,80,80.4688610305068,52.7598159823995
9207,80,80.4688610305068,52.7598159823995
9208,80,80.4688610305068,52.7598159823995
9209,80,80.4688610305068,52.7598159823995
9210,80,80.4688610305068,52.7598159823995
9211,80,80.4688610305068,52.7598159823995
9212,80,80.4688610305068,52.7598159823995
9213,80,80.4688610305068,52.7598159823995
9214,80,80.4688610305068,52.7598159823995
9215,80,80.4688610305068,52.7598159823995
9216,80,80.4688610305068,52.7598159823995
9217,80,80.4688610305068,52.7598159823995
9218,80,80.4688610305068,52.7598159823995
9219,80,80.4688610305068,52.7598159823995
9220,80,80.4688610305068,52.7598159823995
9221,80,80.4688610305068,52.7598159823995
9223,80,80.4688610305068,52.7598159823995
9224,80,80.4688610305068,52.7598159823995
9225,80,80.4688610305068,52.7598159823995
9226,80,80.4688610305068,52.7598159823995
9227,80,80.4688610305068,52.7598159823995
9228,80,80.4688610305068,52.7598159823995
9229,80,80.4688610305068,52.7598159823995
9230,80,80.4688610305068,52.7598159823995
9231,80,80.4688610305068,52.7598159823995
9232,80,80.4688610305068,52.7598159823995
9233,80,80.4688610305068,52.7598159823995
9234,80,80.4688610305068,52.7598159823995
9235,80,80.4688610305068,52.7598159823995
9236,80,80.4688610305068,52.7598159823995
9237,80,80.4688610305068,52.7598159823995
9238,80,80.4688610305068,52.7598159823995
9239,80,80.4688610305068,52.7598159823995
9240,80,80.4688610305068,52.7598159823995
9241,80,80.4688610305068,52.7598159823995
9242,80,80.4688610305068,52.7598159823995
9243,80,80.4688610305068,52.7598159823995
9244,80,80.4688610305068,52.7598159823995
9245,80,80.4688610305068,52.7598159823995
9246,80,80.4688610305068,52.7598159823995
9247,80,80.4688610305068,52.7598159823995
9248,80,80.4688610305068,52.7598159823995
9249,80,80.4688610305068,52.7598159823995
9250,80,80.4688610305068,52.7598159823995
9251,80,80.4688610305068,52.7598159823995
9252,80,80.4688610305068,52.7598159823995
9254,80,80.4688610305068,52.7598159823995
9255,80,80.4688610305068,52.7598159823995
9256,80,80.4688610305068,52.7598159823995
9257,80,80.4688610305068,52.7598159823995
9258,80,80.4688610305068,52.7598159823995
9259,80,80.4688610305068,52.7598159823995
9260,80,80.4688610305068,52.7598159823995
9261,80,80.4688610305068,52.7598159823995
9262,80,80.4688610305068,52.7598159823995
9263,80,80.4688610305068,52.7598159823995
9264,80,80.4688610305068,52.7598159823995
9265,80,80.4688610305068,52.7598159823995
9266,80,80.4688610305068,52.7598159823995
9267,80,80.4688610305068,52.7598159823995
9268,80,80.4688610305068,52.7598159823995
9269,80,80.4688610305068,52.7598159823995
9270,80,80.4688610305068,52.7598159823995
9271,80,80.4688610305068,52.7598159823995
9272,80,80.4688610305068,52.7598159823995
9273,80,80.4688610305068,52.7598159823995
9274,80,80.4688610305068,52.7598159823995
9275,80,80.4688610305068,52.7598159823995
9276,80,80.4688610305068,52.7598159823995
9277,80,80.4688610305068,52.7598159823995
9278,80,80.4688610305068,52.7598159823995
9279,80,80.4688610305068,52.7598159823995
9280,80,80.4688610305068,52.7598159823995
9281,80,80.4688610305068,52.7598159823995
9282,80,80.4688610305068,52.7598159823995
9284,80,80.4688610305068,52.7598159823995
9285,80,80.4688610305068,52.7598159823995
9286,80,80.4688610305068,52.7598159823995
9287,80,80.4688610305068,52.7598159823995
9288,80,80.4688610305068,52.7598159823995
9289,80,80.4688610305068,52.7598159823995
9290,80,80.4688610305068,52.7598159823995
9291,80,80.4688610305068,52.7598159823995
9292,80,80.4688610305068,52.7598159823995
9293,80,80.4688610305068,52.7598159823995
9294,80,80.4688610305068,52.7598159823995
9295,80,80.4688610305068,52.7598159823995
9296,80,80.4688610305068,52.7598159823995
9297,80,80.4688610305068,52.7598159823995
9298,80,80.4688610305068,52.7598159823995
9299,80,80.4688610305068,52.7598159823995
9300,80,80.4688610305068,52.7598159823995
9301,80,80.4688610305068,52.7598159823995
9302,80,80.4688610305068,52.7598159823995
9303,80,80.4688610305068,52.7598159823995
9304,80,80.4688610305068,52.7598159823995
9305,80,80.4688610305068,52.7598159823995
9306,80,80.4688610305068,52.7598159823995
9307,80,80.4688610305068,52.7598159823995
9308,80,80.4688610305068,52.7598159823995
9309,80,80.4688610305068,52.7598159823995
9310,80,80.4688610305068,52.7598159823995
9311,80,80.4688610305068,52.7598159823995
9312,80,80.4688610305068,52.7598159823995
9314,80,80.4688610305068,52.7598159823995
9315,80,80.4688610305068,52.7598159823995
9316,80,80.4688610305068,52.7598159823995
9317,80,80.4688610305068,52.7598159823995
9318,80,80.4688610305068,52.7598159823995
9319,80,80.4688610305068,52.7598159823995
9320,80,80.4688610305068,52.7598159823995
9321,80,80.4688610305068,52.7598159823995
9322,80,80.4688610305068,52.7598159823995
9323,80,80.4688610305068,52.7598159823995
9324,80,80.4688610305068,52.7598159823995
9325,80,80.4688610305068,52.7598159823995
9326,80,80.4688610305068,52.7598159823995
9327,80,80.4688610305068,52.7598159823995
9328,80,80.4688610305068,52.7598159823995
9329,80,80.4688610305068,52.7598159823995
9330,80,80.4688610305068,52.7598159823995
9331,80,80.4688610305068,52.7598159823995
9332,80,80.4688610305068,52.7598159823995
9333,80,80.4688610305068,52.7598159823995
9334,80,80.4688610305068,52.7598159823995
9335,80,80.4688610305068,52.7598159823995
9336,80,80.4688610305068,52.7598159823995
9337,80,80.4688610305068,52.7598159823995
9338,80,80.4688610305068,52.7598159823995
9339,80,80.4688610305068,52.7598159823995
9340,80,80.4688610305068,52.7598159823995
9341,80,80.4688610305068,52.7598159823995
9342,80,80.4688610305068,52.7598159823995
9343,80,80.4688610305068,52.7598159823995
9344,80,80.4688610305068,52.7598159823995
9345,80,80.4688610305068,52.7598159823995
9346,80,80.4688610305068,52.7598159823995
9347,80,80.4688610305068,52.7598159823995
9348,80,80.4688610305068,52.7598159823995
9349,80,80.4688610305068,52.7598159823995
9350,80,80.4688610305068,52.7598159823995
9351,80,80.4688610305068,52.7598159823995
9352,80,80.4688610305068,52.7598159823995
9353,80,80.4688610305068,52.7598159823995
9354,80,80.4688610305068,52.7598159823995
9355,80,80.4688610305068,52.7598159823995
9356,80,80.4688610305068,52.7598159823995
9357,80,80.4688610305068,52.7598159823995
9358,80,80.4688610305068,52.7598159823995
9359,80,80.4688610305068,52.7598159823995
9360,80,80.4688610305068,52.7598159823995
9361,80,80.4688610305068,52.7598159823995
9362,80,80.4688610305068,52.7598159823995
9363,80,80.4688610305068,52.7598159823995
9364,80,80.4688610305068,52.7598159823995
9365,80,80.4688610305068,52.7598159823995
9366,80,80.4688610305068,52.7598159823995
9367,80,80.4688610305068,52.7598159823995
9368,80,80.4688610305068,52.7598159823995
9369,80,80.4688610305068,52.7598159823995
9370,80,80.4688610305068,52.7598159823995
9371,80,80.4688610305068,52.7598159823995
9372,80,80.4688610305068,52.7598159823995
9374,80,80.4688610305068,52.7598159823995
9375,80,80.4688610305068,52.7598159823995
9376,80,80.4688610305068,52.7598159823995
9377,80,80.4688610305068,52.7598159823995
9378,80,80.4688610305068,52.7598159823995
9379,80,80.4688610305068,52.7598159823995
9380,80,80.4688610305068,52.7598159823995
9381,80,80.4688610305068,52.7598159823995
9382,80,80.4688610305068,52.7598159823995
9383,80,80.4688610305068,52.7598159823995
9384,80,80.4688610305068,52.7598159823995
9385,80,80.4688610305068,52.7598159823995
9386,80,80.4688610305068,52.7598159823995
9387,80,80.4688610305068,52.7598159823995
9388,80,80.4688610305068,52.7598159823995
9389,80,80.4688610305068,52.7598159823995
9390,80,80.4688610305068,52.7598159823995
9391,80,80.4688610305068,52.7598159823995
9392,80,80.4688610305068,52.7598159823995
9393,80,80.4688610305068,52.7598159823995
9394,80,80.4688610305068,52.7598159823995
9395,80,80.4688610305068,52.7598159823995
9396,80,80.4688610305068,52.7598159823995
9397,80,80.4688610305068,52.7598159823995
9398,80,80.4688610305068,52.7598159823995
9399,80,80.4688610305068,52.7598159823995
9400,80,80.4688610305068,52.7598159823995
9401,80,80.4688610305068,52.7598159823995
9402,80,80.4688610305068,52.7598159823995
9404,80,80.4688610305068,52.7598159823995
9405,80,80.4688610305068,52.7598159823995
9406,80,80.4688610305068,52.7598159823995
9407,80,80.4688610305068,52.7598159823995
9408,80,80.4688610305068,52.7598159823995
9409,80,80.4688610305068,52.7598159823995
9410,80,80.4688610305068,52.7598159823995
9411,80,80.4688610305068,52.7598159823995
9412,80,80.4688610305068,52.7598159823995
9413,80,80.4688610305068,52.7598159823995
9414,80,80.4688610305068,52.7598159823995
9415,80,80.4688610305068,52.7598159823995
9416,80,80.4688610305068,52.7598159823995
9417,80,80.4688610305068,52.7598159823995
9418,80,80.4688610305068,52.7598159823995
9419,80,80.4688610305068,52.7598159823995
9420,80,80.4688610305068,52.7598159823995
9421,80,80.4688610305068,52.7598159823995
9422,80,80.4688610305068,52.7598159823995
9423,80,80.4688610305068,52.7598159823995
9424,80,80.4688610305068,52.7598159823995
9425,80,80.4688610305068,52.7598159823995
9426,80,80.4688610305068,52.7598159823995
9427,80,80.4688610305068,52.7598159823995
9428,80,80.4688610305068,52.7598159823995
9429,80,80.4688610305068,52.7598159823995
9430,80,80.4688610305068,52.7598159823995
9431,80,80.4688610305068,52.7598159823995
9432,80,80.4688610305068,52.7598159823995
9434,80,80.4688610305068,52.7598159823995
9435,80,80.4688610305068,52.7598159823995
9436,80,80.4688610305068,52.7598159823995
9437,80,80.4688610305068,52.7598159823995
9438,80,80.4688610305068,52.7598159823995
9439,80,80.4688610305068,52.7598159823995
9440,80,80.4688610305068,52.7598159823995
9441,80,80.4688610305068,52.7598159823995
9442,80,80.4688610305068,52.7598159823995
9443,80,80.4688610305068,52.7598159823995
9444,80,80.4688610305068,52.7598159823995
9445,80,80.4688610305068,52.7598159823995
9446,80,80.4688610305068,52.7598159823995
9447,80,80.4688610305068,52.7598159823995
9448,80,80.4688610305068,52.7598159823995
9449,80,80.4688610305068,52.7598159823995
9450,80,80.4688610305068,52.7598159823995
9451,80,80.4688610305068,52.7598159823995
9452,80,80.4688610305068,52.7598159823995
9453,80,80.4688610305068,52.7598159823995
9454,80,80.4688610305068,52.7598159823995
9455,80,80.4688610305068,52.7598159823995
9456,80,80.4688610305068,52.7598159823995
9457,80,80.4688610305068,52.7598159823995
9458,80,80.4186584663786,52.2609619870605
9459,80,80.4186584663786,52.2609619870605
9460,80,80.4186584663786,52.2609619870605
9461,80,80.4186584663786,52.2609619870605
9462,80,80.4186584663786,52.2609619870605
9463,80,80.4186584663786,52.2609619870605
9464,80,80.4186584663786,52.2609619870605
9465,80,80.4186584663786,52.2609619870605
9466,80,80.4186584663786,52.2609619870605
9467,80,80.4186584663786,52.2609619870605
9468,80,80.4186584663786,52.2609619870605
9469,80,80.4186584663786,52.2609619870605
9470,80,80.4186584663786,52.2609619870605
9471,80,80.4186584663786,52.2609619870605
9472,80,80.4186584663786,52.2609619870605
9473,80,80.4186584663786,52.2609619870605
9474,80,80.4186584663786,52.2609619870605
9475,80,80.4186584663786,52.2609619870605
9476,80,80.4186584663786,52.2609619870605
9477,80,80.4186584663786,52.2609619870605
9478,80,80.4186584663786,52.2609619870605
9479,80,80.4186584663786,52.2609619870605
9480,80,80.4186584663786,52.2609619870605
9481,80,80.4186584663786,52.2609619870605
9482,80,80.4186584663786,52.2609619870605
9483,80,80.4186584663786,52.2609619870605
9484,80,80.4186584663786,52.2609619870605
9485,80,80.4186584663786,52.2609619870605
9486,80,80.4186584663786,52.2609619870605
9487,80,80.4186584663786,52.2609619870605
9488,80,80.4186584663786,52.2609619870605
9489,80,80.4186584663786,52.2609619870605
9490,80,80.4186584663786,52.2609619870605
9491,80,80.4186584663786,52.2609619870605
9492,80,80.4186584663786,52.2609619870605
9493,80,80.4186584663786,52.2609619870605
9495,80,80.4186584663786,52.2609619870606
9496,80,80.4186584663786,52.2609619870605
9497,80,80.4186584663786,52.2609619870605
9498,80,80.4186584663786,52.2609619870605
9499,80,80.4186584663786,52.2609619870605
9500,80,80.4186584663786,52.2609619870605
9501,80,80.4186584663786,52.2609619870605
9502,80,80.4186584663786,52.2609619870605
9503,80,80.4186584663786,52.2609619870605
9504,80,80.4186584663786,52.2609619870605
9505,80,80.4186584663786,52.2609619870605
9506,80,80.4186584663786,52.2609619870605
9507,80,80.4186584663786,52.2609619870605
9508,80,80.4186584663786,52.2609619870605
9509,80,80.4186584663786,52.2609619870605
9510,80,80.4186584663786,52.2609619870605
9511,80,80.4186584663786,52.2609619870605
9512,80,80.4186584663786,52.2609619870605
9513,80,80.4186584663786,52.2609619870605
9514,80,80.4186584663786,52.2609619870605
9515,80,80.4186584663786,52.2609619870605
9516,80,80.4186584663786,52.2609619870605
9517,80,80.4186584663786,52.2609619870605
9518,80,80.4186584663786,52.2609619870605
9519,80,80.4186584663786,52.2609619870605
9520,80,80.4186584663786,52.2609619870605
9521,80,80.4186584663786,52.2609619870605
9522,80,80.4186584663786,52.2609619870605
9523,80,80.4186584663786,52.2609619870605
9524,80,80.4186584663786,52.2609619870605
9525,80,80.4186584663786,52.2609619870606
9526,80,80.4186584663786,52.2609619870605
9527,80,80.4186584663786,52.2609619870605
9528,80,80.4186584663786,52.2609619870605
9529,80,80.4186584663786,52.2609619870605
9530,80,80.4186584663786,52.2609619870605
9531,80,80.4186584663786,52.2609619870605
9532,80,80.4186584663786,52.2609619870605
9533,80,80.4186584663786,52.2609619870605
9534,80,80.4186584663786,52.2609619870605
9535,80,80.4186584663786,52.2609619870605
9536,80,80.4186584663786,52.2609619870605
9537,80,80.4186584663786,52.2609619870605
9538,80,80.4186584663786,52.2609619870605
9539,80,80.4186584663786,52.2609619870605
9540,80,80.4186584663786,52.2609619870605
9541,80,80.4186584663786,52.2609619870605
9542,80,80.4186584663786,52.2609619870605
9543,80,80.4186584663786,52.2609619870605
9544,80,80.4186584663786,52.2609619870605
9545,80,80.4186584663786,52.2609619870605
9546,80,80.4186584663786,52.2609619870605
9547,80,80.4186584663786,52.2609619870605
9548,80,80.4186584663786,52.2609619870605
9549,80,80.4186584663786,52.2609619870605
9550,80,80.4186584663786,52.2609619870605
9551,80,80.4186584663786,52.2609619870605
9552,80,80.4186584663786,52.2609619870605
9553,80,80.4186584663786,52.2609619870605
9555,80,80.4186584663786,52.2609619870606
9556,80,80.4186584663786,52.2609619870605
9557,80,80.4186584663786,52.2609619870605
9558,80,80.4186584663786,52.2609619870605
9559,80,80.4186584663786,52.2609619870605
9560,80,80.4186584663786,52.2609619870605
9561,80,80.4186584663786,52.2609619870605
9562,80,80.4186584663786,52.2609619870605
9563,80,80.4186584663786,52.2609619870605
9564,80,80.4186584663786,52.2609619870605
9565,80,80.4186584663786,52.2609619870605
9566,80,80.4186584663786,52.2609619870605
9567,80,80.4186584663786,52.2609619870605
9568,80,80.4186584663786,52.2609619870605
9569,80,80.4186584663786,52.2609619870605
9570,80,80.4186584663786,52.2609619870605
9571,80,80.4186584663786,52.2609619870605
9572,80,80.4186584663786,52.2609619870605
9573,80,80.4186584663786,52.2609619870605
9574,80,80.4186584663786,52.2609619870605
9575,80,80.4186584663786,52.2609619870605
9576,80,80.4186584663786,52.2609619870605
9577,80,80.4186584663786,52.2609619870605
9578,80,80.4186584663786,52.2609619870605
9579,80,80.4186584663786,52.2609619870605
9580,80,80.4186584663786,52.2609619870605
9581,80,80.4186584663786,52.2609619870605
9582,80,80.4186584663786,52.2609619870605
9583,80,80.4186584663786,52.2609619870605
9585,80,80.4186584663786,52.2609619870606
9586,80,80.4186584663786,52.2609619870605
9587,80,80.4186584663786,52.2609619870605
9588,80,80.4186584663786,52.2609619870605
9589,80,80.4186584663786,52.2609619870605
9590,80,80.4186584663786,52.2609619870605
9591,80,80.4186584663786,52.2609619870605
9592,80,80.4186584663786,52.2609619870605
9593,80,80.4186584663786,52.2609619870605
9594,80,80.4186584663786,52.2609619870605
9595,80,80.4186584663786,52.2609619870605
9596,80,80.4186584663786,52.2609619870605
9597,80,80.4186584663786,52.2609619870605
9598,80,80.4186584663786,52.2609619870605
9599,80,80.4186584663786,52.2609619870605
9600,80,80.4186584663786,52.2609619870605
9601,80,80.4186584663786,52.2609619870605
9602,80,80.4186584663786,52.2609619870605
9603,80,80.4186584663786,52.2609619870605
9604,80,80.4186584663786,52.2609619870605
9605,80,80.4186584663786,52.2609619870605
9606,80,80.4186584663786,52.2609619870605
9607,80,80.4186584663786,52.2609619870605
9608,80,80.4186584663786,52.2609619870605
9609,80,80.4186584663786,52.2609619870605
9610,80,80.4186584663786,52.2609619870605
9611,80,80.4186584663786,52.2609619870605
9612,80,80.4186584663786,52.2609619870605
9613,80,80.4186584663786,52.2609619870605
9615,80,80.4186584663786,52.2609619870605
9616,80,80.4186584663786,52.2609619870605
9617,80,80.4186584663786,52.2609619870605
9618,80,80.4186584663786,52.2609619870605
9619,80,80.4186584663786,52.2609619870605
9620,80,80.4186584663786,52.2609619870605
9621,80,80.4186584663786,52.2609619870605
9622,80,80.4186584663786,52.2609619870605
9623,80,80.4186584663786,52.2609619870605
9624,80,80.4186584663786,52.2609619870605
9625,80,80.4186584663786,52.2609619870605
9626,80,80.4186584663786,52.2609619870605
9627,80,80.4186584663786,52.2609619870605
9628,80,80.4186584663786,52.2609619870605
9629,80,80.4186584663786,52.2609619870605
9630,80,80.4186584663786,52.2609619870605
9631,80,80.4186584663786,52.2609619870605
9632,80,80.4186584663786,52.2609619870605
9633,80,80.4186584663786,52.2609619870605
9634,80,80.4186584663786,52.2609619870605
9635,80,80.4186584663786,52.2609619870605
9636,80,80.4186584663786,52.2609619870605
9637,80,80.4186584663786,52.2609619870605
9638,80,80.4186584663786,52.2609619870605
9639,80,80.4186584663786,52.2609619870605
9640,80,80.4186584663786,52.2609619870605
9641,80,80.4186584663786,52.2609619870605
9642,80,80.4186584663786,52.2609619870605
9643,80,80.4186584663786,52.2609619870605
9645,80,80.4186584663786,52.2609619870606
9646,80,80.4186584663786,52.2609619870605
9647,80,80.4186584663786,52.2609619870605
9648,80,80.4186584663786,52.2609619870605
9649,80,80.4186584663786,52.2609619870605
9650,80,80.4186584663786,52.2609619870605
9651,80,80.4186584663786,52.2609619870605
9652,80,80.4186584663786,52.2609619870605
9653,80,80.4186584663786,52.2609619870605
9654,80,80.4186584663786,52.2609619870605
9655,80,80.4186584663786,52.2609619870605
9656,80,80.4186584663786,52.2609619870605
9657,80,80.4186584663786,52.2609619870605
9658,80,80.4186584663786,52.2609619870605
9659,80,80.4186584663786,52.2609619870605
9660,80,80.4186584663786,52.2609619870605
9661,80,80.4186584663786,52.2609619870605
9662,80,80.4186584663786,52.2609619870605
9663,80,80.4186584663786,52.2609619870605
9664,80,80.4186584663786,52.2609619870605
9665,80,80.4186584663786,52.2609619870605
9666,80,80.4186584663786,52.2609619870605
9667,80,80.4186584663786,52.2609619870605
9668,80,80.4186584663786,52.2609619870605
9669,80,80.4186584663786,52.2609619870605
9670,80,80.4186584663786,52.2609619870605
9671,80,80.4186584663786,52.2609619870605
9672,80,80.4186584663786,52.2609619870605
9673,80,80.4186584663786,52.2609619870605
9674,80,80.4186584663786,52.2609619870605
9675,80,80.4186584663786,52.2609619870606
9676,80,80.4186584663786,52.2609619870605
9677,80,80.4186584663786,52.2609619870605
9678,80,80.4186584663786,52.2609619870605
9679,80,80.4186584663786,52.2609619870605
9680,80,80.4186584663786,52.2609619870605
9681,80,80.4186584663786,52.2609619870605
9682,80,80.4186584663786,52.2609619870605
9683,80,80.4186584663786,52.2609619870605
9684,80,80.4186584663786,52.2609619870605
9685,80,80.4186584663786,52.2609619870605
9686,80,80.4186584663786,52.2609619870605
9687,80,80.4186584663786,52.2609619870605
9688,80,80.4186584663786,52.2609619870605
9689,80,80.4186584663786,52.2609619870605
9690,80,80.4186584663786,52.2609619870605
9691,80,80.4186584663786,52.2609619870605
9692,80,80.4186584663786,52.2609619870605
9693,80,80.4186584663786,52.2609619870605
9694,80,80.4186584663786,52.2609619870605
9695,80,80.4186584663786,52.2609619870605
9696,80,80.4186584663786,52.2609619870605
9697,80,80.4186584663786,52.2609619870605
9698,80,80.4186584663786,52.2609619870605
9699,80,80.4186584663786,52.2609619870605
9700,80,80.4186584663786,52.2609619870605
9701,80,80.4186584663786,52.2609619870605
9702,80,80.4186584663786,52.2609619870605
9703,80,80.4186584663786,52.2609619870605
9704,80,80.4186584663786,52.2609619870605
9705,80,80.4186584663786,52.2609619870605
9706,80,80.4186584663786,52.2609619870606
9707,80,80.4186584663786,52.2609619870605
9708,80,80.4186584663786,52.2609619870605
9709,80,80.4186584663786,52.2609619870605
9710,80,80.4186584663786,52.2609619870605
9711,80,80.4186584663786,52.2609619870605
9712,80,80.4186584663786,52.2609619870605
9713,80,80.4186584663786,52.2609619870605
9714,80,80.4186584663786,52.2609619870605
9715,80,80.4186584663786,52.2609619870605
9716,80,80.4186584663786,52.2609619870605
9717,80,80.4186584663786,52.2609619870605
9718,80,80.4186584663786,52.2609619870605
9719,80,80.4186584663786,52.2609619870605
9720,80,80.4186584663786,52.2609619870605
9721,80,80.4186584663786,52.2609619870605
9722,80,80.4186584663786,52.2609619870605
9723,80,80.4186584663786,52.2609619870605
9724,80,80.4186584663786,52.2609619870605
9725,80,80.4186584663786,52.2609619870605
9726,80,80.4186584663786,52.2609619870605
9727,80,80.4186584663786,52.2609619870605
9728,80,80.4186584663786,52.2609619870605
9729,80,80.4186584663786,52.2609619870605
9730,80,80.4186584663786,52.2609619870605
9731,80,80.4186584663786,52.2609619870605
9732,80,80.4186584663786,52.2609619870605
9733,80,80.4186584663786,52.2609619870605
9734,80,80.4186584663786,52.2609619870605
9735,80,80.4186584663786,52.2609619870605
9737,80,80.4186584663786,52.2609619870605
9738,80,80.5830999206873,51.4242929531834
9739,80,80.5830999206873,51.4242929531834
9740,80,80.5830999206873,51.4242929531834
9741,80,80.5830999206873,51.4242929531834
9742,80,80.5830999206873,51.4242929531834
9743,80,80.5830999206873,51.4242929531834
9744,80,80.5830999206873,51.4242929531834
9745,80,80.5830999206873,51.4242929531834
9746,80,80.5830999206873,51.4242929531834
9747,80,80.5830999206873,51.4242929531834
9748,80,80.5830999206873,51.4242929531834
9749,80,80.5830999206873,51.4242929531834
9750,80,80.5830999206873,51.4242929531834
9751,80,80.5830999206873,51.4242929531834
9752,80,80.5830999206873,51.4242929531834
9753,80,80.5830999206873,51.4242929531834
9754,80,80.5830999206873,51.4242929531834
9755,80,80.5830999206873,51.4242929531834
9756,80,80.5830999206873,51.4242929531834
9757,80,80.5830999206873,51.4242929531834
9758,80,80.5830999206873,51.4242929531834
9759,80,80.5830999206873,51.4242929531834
9760,80,80.5830999206873,51.4242929531834
9761,80,80.5830999206873,51.4242929531834
9762,80,80.5830999206873,51.4242929531834
9763,80,80.5830999206873,51.4242929531834
9764,80,80.5830999206873,51.4242929531834
9766,80,80.5830999206872,51.4242929531834
9767,80,80.5830999206873,51.4242929531834
9768,80,80.5830999206873,51.4242929531834
9769,80,80.5830999206873,51.4242929531834
9770,80,80.5830999206873,51.4242929531834
9771,80,80.5830999206873,51.4242929531834
9772,80,80.5830999206873,51.4242929531834
9773,80,80.5830999206873,51.4242929531834
9774,80,80.5830999206873,51.4242929531834
9775,80,80.5830999206873,51.4242929531834
9776,80,80.5830999206873,51.4242929531834
9777,80,80.5830999206873,51.4242929531834
9778,80,80.5830999206873,51.4242929531834
9779,80,80.5830999206873,51.4242929531834
9780,80,80.5830999206873,51.4242929531834
9781,80,80.5830999206873,51.4242929531834
9782,80,80.5830999206873,51.4242929531834
9783,80,80.5830999206873,51.4242929531834
9784,80,80.5830999206873,51.4242929531834
9785,80,80.5830999206873,51.4242929531834
9786,80,80.5830999206873,51.4242929531834
9787,80,80.5830999206873,51.4242929531834
9788,80,80.5830999206873,51.4242929531834
9789,80,80.5830999206873,51.4242929531834
9790,80,80.5830999206873,51.4242929531834
9791,80,80.5830999206873,51.4242929531834
9792,80,80.5830999206873,51.4242929531834
9793,80,80.5830999206873,51.4242929531834
9794,80,80.5830999206873,51.4242929531834
9796,80,80.5830999206872,51.4242929531834
9797,80,80.5830999206873,51.4242929531834
9798,80,80.5830999206873,51.4242929531834
9799,80,80.5830999206873,51.4242929531834
9800,80,80.5830999206873,51.4242929531834
9801,80,80.5830999206873,51.4242929531834
9802,80,80.5830999206873,51.4242929531834
9803,80,80.5830999206873,51.4242929531834
9804,80,80.5830999206873,51.4242929531834
9805,80,80.5830999206873,51.4242929531834
9806,80,80.5830999206873,51.4242929531834
9807,80,80.5830999206873,51.4242929531834
9808,80,80.5830999206873,51.4242929531834
9809,80,80.5830999206873,51.4242929531834
9810,80,80.5830999206873,51.4242929531834
9811,80,80.5830999206873,51.4242929531834
9812,80,80.5830999206873,51.4242929531834
9813,80,80.5830999206873,51.4242929531834
9814,80,80.5830999206873,51.4242929531834
9815,80,80.5830999206873,51.4242929531834
9816,80,80.5830999206873,51.4242929531834
9817,80,80.5830999206873,51.4242929531834
9818,80,80.5830999206873,51.4242929531834
9819,80,80.5830999206873,51.4242929531834
9820,80,80.5830999206873,51.4242929531834
9821,80,80.5830999206873,51.4242929531834
9822,80,80.5830999206873,51.4242929531834
9823,80,80.5830999206873,51.4242929531834
9824,80,80.5830999206873,51.4242929531834
9826,80,80.5830999206872,51.4242929531834
9827,80,80.5830999206873,51.4242929531834
9828,80,80.5830999206873,51.4242929531834
9829,80,80.5830999206873,51.4242929531834
9830,80,80.5830999206873,51.4242929531834
9831,80,80.5830999206873,51.4242929531834
9832,80,80.5830999206873,51.4242929531834
9833,80,80.5830999206873,51.4242929531834
9834,80,80.5830999206873,51.4242929531834
9835,80,80.5830999206873,51.4242929531834
9836,80,80.5830999206873,51.4242929531834
9837,80,80.5830999206873,51.4242929531834
9838,80,80.5830999206873,51.4242929531834
9839,80,80.5830999206873,51.4242929531834
9840,80,80.5830999206873,51.4242929531834
9841,80,80.5830999206873,51.4242929531834
9842,80,80.5830999206873,51.4242929531834
9843,80,80.5830999206873,51.4242929531834
9844,80,80.5830999206873,51.4242929531834
9845,80,80.5830999206873,51.4242929531834
9846,80,80.5830999206873,51.4242929531834
9847,80,80.5830999206873,51.4242929531834
9848,80,80.5830999206873,51.4242929531834
9849,80,80.5830999206873,51.4242929531834
9850,80,80.5830999206873,51.4242929531834
9851,80,80.5830999206873,51.4242929531834
9852,80,80.5830999206873,51.4242929531834
9853,80,80.5830999206873,51.4242929531834
9854,80,80.5830999206873,51.4242929531834
9856,80,80.5830999206872,51.4242929531834
9857,80,80.5830999206873,51.4242929531834
9858,80,80.5830999206873,51.4242929531834
9859,80,80.5830999206873,51.4242929531834
9860,80,80.5830999206873,51.4242929531834
9861,80,80.5830999206873,51.4242929531834
9862,80,80.5830999206873,51.4242929531834
9863,80,80.5830999206873,51.4242929531834
9864,80,80.5830999206873,51.4242929531834
9865,80,80.5830999206873,51.4242929531834
9866,80,80.5830999206873,51.4242929531834
9867,80,80.5830999206873,51.4242929531834
9868,80,80.5830999206873,51.4242929531834
9869,80,80.5830999206873,51.4242929531834
9870,80,80.5830999206873,51.4242929531834
9871,80,80.5830999206873,51.4242929531834
9872,80,80.5830999206873,51.4242929531834
9873,80,80.5830999206873,51.4242929531834
9874,80,80.5830999206873,51.4242929531834
9875,80,80.5830999206873,51.4242929531834
9876,80,80.5830999206873,51.4242929531834
9877,80,80.5830999206873,51.4242929531834
9878,80,80.5830999206873,51.4242929531834
9879,80,80.5830999206873,51.4242929531834
9880,80,80.5830999206873,51.4242929531834
9881,80,80.5830999206873,51.4242929531834
9882,80,80.5830999206873,51.4242929531834
9883,80,80.5830999206873,51.4242929531834
9884,80,80.5830999206873,51.4242929531834
9886,80,80.5830999206873,51.4242929531834
9887,80,80.5830999206873,51.4242929531834
9888,80,80.5830999206873,51.4242929531834
9889,80,80.5830999206873,51.4242929531834
9890,80,80.5830999206873,51.4242929531834
9891,80,80.5830999206873,51.4242929531834
9892,80,80.5830999206873,51.4242929531834
9893,80,80.5830999206873,51.4242929531834
9894,80,80.5830999206873,51.4242929531834
9895,80,80.5830999206873,51.4242929531834
9896,80,80.5830999206873,51.4242929531834
9897,80,80.5830999206873,51.4242929531834
9898,80,80.5830999206873,51.4242929531834
9899,80,80.5830999206873,51.4242929531834
9900,80,80.5830999206873,51.4242929531834
9901,80,80.5830999206873,51.4242929531834
9902,80,80.5830999206873,51.4242929531834
9903,80,80.5830999206873,51.4242929531834
9904,80,80.5830999206873,51.4242929531834
9905,80,80.5830999206873,51.4242929531834
9906,80,80.5830999206873,51.4242929531834
9907,80,80.5830999206873,51.4242929531834
9908,80,80.5830999206873,51.4242929531834
9909,80,80.5830999206873,51.4242929531834
9910,80,80.5830999206873,51.4242929531834
9911,80,80.5830999206873,51.4242929531834
9912,80,80.5830999206873,51.4242929531834
9913,80,80.5830999206873,51.4242929531834
9914,80,80.5830999206873,51.4242929531834
9915,80,80.5830999206873,51.4242929531834
9917,80,80.5830999206872,51.4242929531834
9918,80,80.5830999206873,51.4242929531834
9919,80,80.5830999206873,51.4242929531834
9920,80,80.5830999206873,51.4242929531834
9921,80,80.5830999206873,51.4242929531834
9922,80,80.5830999206873,51.4242929531834
9923,80,80.5830999206873,51.4242929531834
9924,80,80.5830999206873,51.4242929531834
9925,80,80.5830999206873,51.4242929531834
9926,80,80.5830999206873,51.4242929531834
9927,80,80.5830999206873,51.4242929531834
9928,80,80.5830999206873,51.4242929531834
9929,80,80.5830999206873,51.4242929531834
9930,80,80.5830999206873,51.4242929531834
9931,80,80.5830999206873,51.4242929531834
9932,80,80.5830999206873,51.4242929531834
9933,80,80.5830999206873,51.4242929531834
9934,80,80.5830999206873,51.4242929531834
9935,80,80.5830999206873,51.4242929531834
9936,80,80.5830999206873,51.4242929531834
9937,80,80.5830999206873,51.4242929531834
9938,80,80.5830999206873,51.4242929531834
9939,80,80.5830999206873,51.4242929531834
9940,80,80.5830999206873,51.4242929531834
9941,80,80.5830999206873,51.4242929531834
9942,80,80.5830999206873,51.4242929531834
9943,80,80.5830999206873,51.4242929531834
9944,80,80.5830999206873,51.4242929531834
9945,80,80.5830999206873,51.4242929531834
9947,80,80.5830999206873,51.4242929531834
9948,80,80.5830999206873,51.4242929531834
9949,80,80.5830999206873,51.4242929531834
9950,80,80.5830999206873,51.4242929531834
9951,80,80.5830999206873,51.4242929531834
9952,80,80.5830999206873,51.4242929531834
9953,80,80.5830999206873,51.4242929531834
9954,80,80.5830999206873,51.4242929531834
9955,80,80.5830999206873,51.4242929531834
9956,80,80.5830999206873,51.4242929531834
9957,80,80.5830999206873,51.4242929531834
9958,80,80.5830999206873,51.4242929531834
9959,80,80.5830999206873,51.4242929531834
9960,80,80.5830999206873,51.4242929531834
9961,80,80.5830999206873,51.4242929531834
9962,80,80.5830999206873,51.4242929531834
9963,80,80.5830999206873,51.4242929531834
9964,80,80.5830999206873,51.4242929531834
9965,80,80.5830999206873,51.4242929531834
9966,80,80.5830999206873,51.4242929531834
9967,80,80.5830999206873,51.4242929531834
9968,80,80.5830999206873,51.4242929531834
9969,80,80.5830999206873,51.4242929531834
9970,80,80.5830999206873,51.4242929531834
9971,80,80.5830999206873,51.4242929531834
9972,80,80.5830999206873,51.4242929531834
9973,80,80.5830999206873,51.4242929531834
9974,80,80.5830999206873,51.4242929531834
9975,80,80.5830999206873,51.4242929531834
9977,80,80.5830999206872,51.4242929531834
9978,80,80.5830999206873,51.4242929531834
9979,80,80.5830999206873,51.4242929531834
9980,80,80.5830999206873,51.4242929531834
9981,80,80.5830999206873,51.4242929531834
9982,80,80.5830999206873,51.4242929531834
9983,80,80.5830999206873,51.4242929531834
9984,80,80.5830999206873,51.4242929531834
9985,80,80.5830999206873,51.4242929531834
9986,80,80.5830999206873,51.4242929531834
9987,80,80.5830999206873,51.4242929531834
9988,80,80.5830999206873,51.4242929531834
9989,80,80.5830999206873,51.4242929531834
9990,80,80.5830999206873,51.4242929531834
9991,80,80.5830999206873,51.4242929531834
9992,80,80.5830999206873,51.4242929531834
9993,80,80.5830999206873,51.4242929531834
9994,80,80.5830999206873,51.4242929531834
9995,80,80.5830999206873,51.4242929531834
9996,80,80.5830999206873,51.4242929531834
9997,80,80.5830999206873,51.4242929531834
9998,80,80.5830999206873,51.4242929531834
9999,80,80.5830999206873,51.4242929531834
10000,80,80.5830999206873,51.4242929531834
