tempo,SP,PV,MV
2000,80,80.7119927874045,35.6909014672567
2001,80,80.7119927874045,35.6909014672567
2002,80,80.7119927874045,35.6909014672567
2003,80,80.7119927874045,35.6909014672567
2004,80,80.7119927874045,35.6909014672567
2005,80,80.7119927874045,35.6909014672567
2006,80,80.7119927874045,35.6909014672567
2007,80,80.7119927874045,35.6909014672567
2008,80,80.7119927874045,35.6909014672567
2009,80,80.7119927874045,35.6909014672567
2010,80,80.7119927874045,35.6909014672567
2011,80,80.7119927874045,35.6909014672567
2012,80,80.7119927874045,35.6909014672567
2013,80,80.7119927874045,35.6909014672567
2014,80,80.7119927874045,35.6909014672567
2015,80,80.7119927874045,35.6909014672567
2016,80,80.7119927874045,35.6909014672567
2017,80,80.7119927874045,35.6909014672567
2018,80,80.7119927874045,35.6909014672567
2019,80,80.7119927874045,35.6909014672567
2020,80,80.7119927874045,35.6909014672567
2021,80,80.7119927874045,35.6909014672567
2022,80,80.7119927874045,35.6909014672567
2023,80,80.7119927874045,35.6909014672567
2024,80,80.7119927874045,35.6909014672567
2025,80,80.7119927874045,35.6909014672567
2026,80,80.7119927874045,35.6909014672567
2027,80,80.7119927874045,35.6909014672567
2028,80,80.7119927874045,35.6909014672567
2029,80,80.7119927874045,35.6909014672567
2030,80,80.7119927874045,35.6909014672567
2031,80,80.7119927874045,35.6909014672567
2032,80,80.7119927874045,35.6909014672567
2033,80,80.7119927874045,35.6909014672567
2034,80,80.7119927874045,35.6909014672567
2035,80,80.7119927874045,35.6909014672567
2036,80,80.7119927874045,35.6909014672567
2037,80,80.7119927874045,35.6909014672567
2038,80,80.7119927874045,35.6909014672567
2039,80,80.7119927874045,35.6909014672567
2040,80,80.7119927874045,35.6909014672567
2041,80,80.7119927874045,35.6909014672567
2042,80,80.7119927874045,35.6909014672567
2043,80,80.7119927874045,35.6909014672567
2044,80,80.7119927874045,35.6909014672567
2045,80,80.7119927874045,35.6909014672567
2046,80,80.7119927874045,35.6909014672567
2047,80,80.7119927874045,35.6909014672567
2048,80,80.7119927874045,35.6909014672567
2049,80,80.7119927874045,35.6909014672567
2050,80,80.7119927874045,35.6909014672567
2051,80,80.7119927874045,35.6909014672567
2052,80,80.7119927874045,35.6909014672567
2053,80,80.7119927874045,35.6909014672567
2054,80,80.7119927874045,35.6909014672567
2055,80,80.7119927874045,35.6909014672567
2056,80,80.7119927874045,35.6909014672567
2057,80,80.7119927874045,35.6909014672567
2058,80,80.7119927874045,35.6909014672567
2059,80,80.7119927874045,35.6909014672567
2060,80,80.7119927874045,35.6909014672567
2061,80,80.7119927874045,35.6909014672567
2062,80,80.7119927874045,35.6909014672567
2063,80,80.7119927874045,35.6909014672567
2064,80,80.7119927874045,35.6909014672567
2065,80,80.7119927874045,35.6909014672567
2066,80,80.7119927874045,35.6909014672567
2067,80,80.7119927874045,35.6909014672567
2068,80,80.7119927874045,35.6909014672567
2069,80,80.7119927874045,35.6909014672567
2070,80,80.7119927874045,35.6909014672567
2071,80,80.7119927874045,35.6909014672567
2072,80,80.7119927874045,35.6909014672567
2073,80,80.7119927874045,35.6909014672567
2074,80,80.7119927874045,35.6909014672567
2075,80,80.7119927874045,35.6909014672567
2076,80,80.7119927874045,35.6909014672567
2077,80,80.7119927874045,35.6909014672567
2078,80,80.7119927874045,35.6909014672567
2079,80,80.7119927874045,35.6909014672567
2080,80,80.7119927874045,35.6909014672567
2081,80,80.7119927874045,35.6909014672567
2082,80,80.7119927874045,35.6909014672567
2083,80,80.7119927874045,35.6909014672567
2084,80,80.7119927874045,35.6909014672567
2085,80,80.7119927874045,35.6909014672567
2086,80,80.7119927874045,35.6909014672567
2087,80,80.7119927874045,35.6909014672567
2088,80,80.7119927874045,35.6909014672567
2089,80,80.7119927874045,35.6909014672567
2090,80,80.7119927874045,35.6909014672567
2091,80,80.7119927874045,35.6909014672567
2092,80,80.7119927874045,35.6909014672567
2093,80,80.7119927874045,35.6909014672567
2094,80,80.7119927874045,35.6909014672567
2095,80,80.7119927874045,35.6909014672567
2096,80,80.7119927874045,35.6909014672567
2097,80,80.7119927874045,35.6909014672567
2098,80,80.7119927874045,35.6909014672567
2099,80,80.7119927874045,35.6909014672567
2100,80,80.7119927874045,35.6909014672567
2101,80,80.7119927874045,35.6909014672567
2102,80,80.7119927874045,35.6909014672567
2103,80,80.7119927874045,35.6909014672567
2104,80,80.7119927874045,35.6909014672567
2105,80,80.7119927874045,35.6909014672567
2106,80,80.7119927874045,35.6909014672567
2107,80,80.7119927874045,35.6909014672567
2108,80,80.7119927874045,35.6909014672567
2109,80,80.7119927874045,35.6909014672567
2110,80,80.7119927874045,35.6909014672567
2111,80,80.7119927874045,35.6909014672567
2112,80,80.7119927874045,35.6909014672567
2113,80,80.7119927874045,35.6909014672567
2114,80,80.7119927874045,35.6909014672567
2115,80,80.7119927874045,35.6909014672567
2116,80,80.7119927874045,35.6909014672567
2117,80,80.7119927874045,35.6909014672567
2118,80,80.7119927874045,35.6909014672567
2119,80,80.7119927874045,35.6909014672567
2120,80,80.7119927874045,35.6909014672567
2121,80,80.7119927874045,35.6909014672567
2122,80,80.7119927874045,35.6909014672567
2123,80,80.7119927874045,35.6909014672567
2124,80,80.7119927874045,35.6909014672567
2125,80,80.7119927874045,35.6909014672567
2126,80,80.7119927874045,35.6909014672567
2127,80,80.7119927874045,35.6909014672567
2128,80,80.7119927874045,35.6909014672567
2129,80,80.7119927874045,35.6909014672567
2130,80,80.7119927874045,35.6909014672567
2131,80,80.7119927874045,35.6909014672567
2132,80,80.7119927874045,35.6909014672567
2133,80,80.7119927874045,35.6909014672567
2134,80,80.7119927874045,35.6909014672567
2135,80,80.7119927874045,35.6909014672567
2136,80,80.7119927874045,35.6909014672567
2137,80,80.7119927874045,35.6909014672567
2138,80,80.7119927874045,35.6909014672567
2139,80,80.7119927874045,35.6909014672567
2140,80,80.7119927874045,35.6909014672567
2141,80,80.7119927874045,35.6909014672567
2142,80,80.7119927874045,35.6909014672567
2143,80,80.7119927874045,35.6909014672567
2144,80,80.7119927874045,35.6909014672567
2145,80,80.7119927874045,35.6909014672567
2146,80,80.7119927874045,35.6909014672567
2147,80,80.7119927874045,35.6909014672567
2148,80,80.7119927874045,35.6909014672567
2149,80,80.7119927874045,35.6909014672567
2150,80,80.7119927874045,35.6909014672567
2151,80,80.7119927874045,35.6909014672567
2152,80,80.7119927874045,35.6909014672567
2153,80,80.7119927874045,35.6909014672567
2154,80,80.7119927874045,35.6909014672567
2155,80,80.7119927874045,35.6909014672567
2156,80,80.7119927874045,35.6909014672567
2157,80,80.7119927874045,35.6909014672567
2158,80,80.7119927874045,35.6909014672567
2159,80,80.7119927874045,35.6909014672567
2160,80,80.7119927874045,35.6909014672567
2161,80,80.7119927874045,35.6909014672567
2162,80,80.7119927874045,35.6909014672567
2163,80,80.7119927874045,35.6909014672567
2164,80,80.7119927874045,35.6909014672567
2165,80,80.7119927874045,35.6909014672567
2166,80,80.7119927874045,35.6909014672567
2167,80,80.7119927874045,35.6909014672567
2168,80,80.7119927874045,35.6909014672567
2169,80,80.7119927874045,35.6909014672567
2170,80,80.7119927874045,35.6909014672567
2171,80,80.7119927874045,35.6909014672567
2172,80,80.7119927874045,35.6909014672567
2173,80,80.7119927874045,35.6909014672567
2174,80,80.7119927874045,35.6909014672567
2175,80,80.7119927874045,35.6909014672567
2176,80,80.7119927874045,35.6909014672567
2177,80,80.7119927874045,35.6909014672567
2178,80,80.7119927874045,35.6909014672567
2179,80,80.7119927874045,35.6909014672567
2180,80,80.7119927874045,35.6909014672567
2181,80,80.7119927874045,35.6909014672567
2182,80,80.7119927874045,35.6909014672567
2183,80,80.7119927874045,35.6909014672567
2184,80,80.7119927874045,35.6909014672567
2185,80,80.7119927874045,35.6909014672567
2186,80,80.7119927874045,35.6909014672567
2187,80,80.7119927874045,35.6909014672567
2188,80,80.7119927874045,35.6909014672567
2189,80,80.7119927874045,35.6909014672567
2190,80,80.7119927874045,35.6909014672567
2191,80,80.7119927874045,35.6909014672567
2192,80,80.7119927874045,35.6909014672567
2193,80,80.7119927874045,35.6909014672567
2194,80,80.7119927874045,35.6909014672567
2195,80,80.7119927874045,35.6909014672567
2196,80,80.7119927874045,35.6909014672567
2197,80,80.7119927874045,35.6909014672567
2198,80,80.7119927874045,35.6909014672567
2199,80,80.7119927874045,35.6909014672567
2200,80,80.7119927874045,35.6909014672567
2201,80,80.7119927874045,35.6909014672567
2202,80,80.7119927874045,35.6909014672567
2203,80,80.7119927874045,35.6909014672567
2204,80,80.7119927874045,35.6909014672567
2205,80,80.7119927874045,35.6909014672567
2206,80,80.7119927874045,35.6909014672567
2207,80,80.7119927874045,35.6909014672567
2208,80,80.7119927874045,35.6909014672567
2209,80,80.7119927874045,35.6909014672567
2210,80,80.7119927874045,35.6909014672567
2211,80,80.7119927874045,35.6909014672567
2212,80,80.7119927874045,35.6909014672567
2213,80,80.7119927874045,35.6909014672567
2214,80,80.7119927874045,35.6909014672567
2215,80,80.7119927874045,35.6909014672567
2216,80,80.7119927874045,35.6909014672567
2217,80,80.7119927874045,35.6909014672567
2218,80,80.7119927874045,35.6909014672567
2219,80,80.7119927874045,35.6909014672567
2220,80,80.7119927874045,35.6909014672567
2221,80,80.7119927874045,35.6909014672567
2222,80,80.7119927874045,35.6909014672567
2223,80,80.7119927874045,35.6909014672567
2224,80,80.7119927874045,35.6909014672567
2225,80,80.7119927874045,35.6909014672567
2226,80,80.7119927874045,35.6909014672567
2227,80,80.7119927874045,35.6909014672567
2228,80,80.7119927874045,35.6909014672567
2229,80,80.7119927874045,35.6909014672567
2230,80,80.7119927874045,35.6909014672567
2231,80,80.7119927874045,35.6909014672567
2232,80,80.7119927874045,35.6909014672567
2233,80,80.7119927874045,35.6909014672567
2234,80,80.7119927874045,35.6909014672567
2235,80,80.7119927874045,35.6909014672567
2236,80,80.7119927874045,35.6909014672567
2237,80,80.7119927874045,35.6909014672567
2238,80,80.7119927874045,35.6909014672567
2239,80,80.7119927874045,35.6909014672567
2240,80,80.7119927874045,35.6909014672567
2241,80,80.6053775733042,36.1481668910226
2242,80,80.6053775733042,36.1481668910226
2243,80,80.6053775733042,36.1481668910226
2244,80,80.6053775733042,36.1481668910226
2245,80,80.6053775733042,36.1481668910226
2246,80,80.6053775733042,36.1481668910226
2247,80,80.6053775733042,36.1481668910226
2248,80,80.6053775733042,36.1481668910226
2249,80,80.6053775733042,36.1481668910226
2250,80,80.6053775733042,36.1481668910226
2251,80,80.6053775733042,36.1481668910226
2252,80,80.6053775733042,36.1481668910226
2253,80,80.6053775733042,36.1481668910226
2254,80,80.6053775733042,36.1481668910226
2255,80,80.6053775733042,36.1481668910226
2256,80,80.6053775733042,36.1481668910226
2257,80,80.6053775733042,36.1481668910226
2258,80,80.6053775733042,36.1481668910226
2259,80,80.6053775733042,36.1481668910226
2260,80,80.6053775733042,36.1481668910226
2261,80,80.6053775733042,36.1481668910226
2262,80,80.6053775733042,36.1481668910226
2263,80,80.6053775733042,36.1481668910226
2264,80,80.6053775733042,36.1481668910226
2265,80,80.6053775733042,36.1481668910226
2266,80,80.6053775733042,36.1481668910226
2267,80,80.6053775733042,36.1481668910226
2268,80,80.6053775733042,36.1481668910226
2269,80,80.6053775733042,36.1481668910226
2270,80,80.6053775733042,36.1481668910226
2271,80,80.6053775733042,36.1481668910226
2272,80,80.6053775733042,36.1481668910226
2273,80,80.6053775733042,36.1481668910226
2274,80,80.6053775733042,36.1481668910226
2275,80,80.6053775733042,36.1481668910226
2276,80,80.6053775733042,36.1481668910226
2277,80,80.6053775733042,36.1481668910226
2278,80,80.6053775733042,36.1481668910226
2279,80,80.6053775733042,36.1481668910226
2280,80,80.6053775733042,36.1481668910226
2281,80,80.6053775733042,36.1481668910226
2282,80,80.6053775733042,36.1481668910226
2283,80,80.6053775733042,36.1481668910226
2284,80,80.6053775733042,36.1481668910226
2285,80,80.6053775733042,36.1481668910226
2286,80,80.6053775733042,36.1481668910226
2287,80,80.6053775733042,36.1481668910226
2288,80,80.6053775733042,36.1481668910226
2289,80,80.6053775733042,36.1481668910226
2290,80,80.6053775733042,36.1481668910226
2291,80,80.6053775733042,36.1481668910226
2292,80,80.6053775733042,36.1481668910226
2293,80,80.6053775733042,36.1481668910226
2294,80,80.6053775733042,36.1481668910226
2295,80,80.6053775733042,36.1481668910226
2296,80,80.6053775733042,36.1481668910226
2297,80,80.6053775733042,36.1481668910226
2298,80,80.6053775733042,36.1481668910226
2299,80,80.6053775733042,36.1481668910226
2300,80,80.6053775733042,36.1481668910226
2301,80,80.6053775733042,36.1481668910226
2302,80,80.6053775733042,36.1481668910226
2303,80,80.6053775733042,36.1481668910226
2304,80,80.6053775733042,36.1481668910226
2305,80,80.6053775733042,36.1481668910226
2306,80,80.6053775733042,36.1481668910226
2307,80,80.6053775733042,36.1481668910226
2308,80,80.6053775733042,36.1481668910226
2309,80,80.6053775733042,36.1481668910226
2310,80,80.6053775733042,36.1481668910226
2311,80,80.6053775733042,36.1481668910226
2312,80,80.6053775733042,36.1481668910226
2313,80,80.6053775733042,36.1481668910226
2314,80,80.6053775733042,36.1481668910226
2315,80,80.6053775733042,36.1481668910226
2316,80,80.6053775733042,36.1481668910226
2317,80,80.6053775733042,36.1481668910226
2318,80,80.6053775733042,36.1481668910226
2319,80,80.6053775733042,36.1481668910226
2320,80,80.6053775733042,36.1481668910226
2321,80,80.6053775733042,36.1481668910226
2322,80,80.6053775733042,36.1481668910226
2323,80,80.6053775733042,36.1481668910226
2324,80,80.6053775733042,36.1481668910226
2325,80,80.6053775733042,36.1481668910226
2326,80,80.6053775733042,36.1481668910226
2327,80,80.6053775733042,36.1481668910226
2328,80,80.6053775733042,36.1481668910226
2329,80,80.6053775733042,36.1481668910226
2330,80,80.6053775733042,36.1481668910226
2331,80,80.6053775733042,36.1481668910226
2332,80,80.6053775733042,36.1481668910226
2333,80,80.6053775733042,36.1481668910226
2334,80,80.6053775733042,36.1481668910226
2335,80,80.6053775733042,36.1481668910226
2336,80,80.6053775733042,36.1481668910226
2337,80,80.6053775733042,36.1481668910226
2338,80,80.6053775733042,36.1481668910226
2339,80,80.6053775733042,36.1481668910226
2340,80,80.6053775733042,36.1481668910226
2341,80,80.6053775733042,36.1481668910226
2342,80,80.6053775733042,36.1481668910226
2343,80,80.6053775733042,36.1481668910226
2344,80,80.6053775733042,36.1481668910226
2345,80,80.6053775733042,36.1481668910226
2346,80,80.6053775733042,36.1481668910226
2347,80,80.6053775733042,36.1481668910226
2348,80,80.6053775733042,36.1481668910226
2349,80,80.6053775733042,36.1481668910226
2350,80,80.6053775733042,36.1481668910226
2351,80,80.6053775733042,36.1481668910226
2352,80,80.6053775733042,36.1481668910226
2353,80,80.6053775733042,36.1481668910226
2354,80,80.6053775733042,36.1481668910226
2355,80,80.6053775733042,36.1481668910226
2356,80,80.6053775733042,36.1481668910226
2357,80,80.6053775733042,36.1481668910226
2358,80,80.6053775733042,36.1481668910226
2359,80,80.6053775733042,36.1481668910226
2360,80,80.6053775733042,36.1481668910226
2361,80,80.6053775733042,36.1481668910226
2362,80,80.6053775733042,36.1481668910226
2363,80,80.6053775733042,36.1481668910226
2364,80,80.6053775733042,36.1481668910226
2365,80,80.6053775733042,36.1481668910226
2366,80,80.6053775733042,36.1481668910226
2367,80,80.6053775733042,36.1481668910226
2368,80,80.6053775733042,36.1481668910226
2369,80,80.6053775733042,36.1481668910226
2370,80,80.6053775733042,36.1481668910226
2371,80,80.6053775733042,36.1481668910226
2372,80,80.6053775733042,36.1481668910226
2373,80,80.6053775733042,36.1481668910226
2374,80,80.6053775733042,36.1481668910226
2375,80,80.6053775733042,36.1481668910226
2376,80,80.6053775733042,36.1481668910226
2377,80,80.6053775733042,36.1481668910226
2378,80,80.6053775733042,36.1481668910226
2379,80,80.6053775733042,36.1481668910226
2380,80,80.6053775733042,36.1481668910226
2381,80,80.6053775733042,36.1481668910226
2382,80,80.6053775733042,36.1481668910226
2383,80,80.6053775733042,36.1481668910226
2384,80,80.6053775733042,36.1481668910226
2385,80,80.6053775733042,36.1481668910226
2386,80,80.6053775733042,36.1481668910226
2387,80,80.6053775733042,36.1481668910226
2388,80,80.6053775733042,36.1481668910226
2389,80,80.6053775733042,36.1481668910226
2390,80,80.6053775733042,36.1481668910226
2391,80,80.6053775733042,36.1481668910226
2392,80,80.6053775733042,36.1481668910226
2393,80,80.6053775733042,36.1481668910226
2394,80,80.6053775733042,36.1481668910226
2395,80,80.6053775733042,36.1481668910226
2396,80,80.6053775733042,36.1481668910226
2397,80,80.6053775733042,36.1481668910226
2398,80,80.6053775733042,36.1481668910226
2399,80,80.6053775733042,36.1481668910226
2400,80,80.6053775733042,36.1481668910226
2401,80,80.6053775733042,36.1481668910226
2402,80,80.6053775733042,36.1481668910226
2403,80,80.6053775733042,36.1481668910226
2404,80,80.6053775733042,36.1481668910226
2405,80,80.6053775733042,36.1481668910226
2406,80,80.6053775733042,36.1481668910226
2407,80,80.6053775733042,36.1481668910226
2408,80,80.6053775733042,36.1481668910226
2409,80,80.6053775733042,36.1481668910226
2410,80,80.6053775733042,36.1481668910226
2411,80,80.6053775733042,36.1481668910226
2412,80,80.6053775733042,36.1481668910226
2413,80,80.6053775733042,36.1481668910226
2414,80,80.6053775733042,36.1481668910226
2415,80,80.6053775733042,36.1481668910226
2416,80,80.6053775733042,36.1481668910226
2417,80,80.6053775733042,36.1481668910226
2418,80,80.6053775733042,36.1481668910226
2419,80,80.6053775733042,36.1481668910226
2420,80,80.6053775733042,36.1481668910226
2421,80,80.6053775733042,36.1481668910226
2422,80,80.6053775733042,36.1481668910226
2423,80,80.6053775733042,36.1481668910226
2424,80,80.6053775733042,36.1481668910226
2425,80,80.6053775733042,36.1481668910226
2426,80,80.6053775733042,36.1481668910226
2427,80,80.6053775733042,36.1481668910226
2428,80,80.6053775733042,36.1481668910226
2429,80,80.6053775733042,36.1481668910226
2430,80,80.6053775733042,36.1481668910226
2431,80,80.6053775733042,36.1481668910226
2432,80,80.6053775733042,36.1481668910226
2433,80,80.6053775733042,36.1481668910226
2434,80,80.6053775733042,36.1481668910226
2435,80,80.6053775733042,36.1481668910226
2436,80,80.6053775733042,36.1481668910226
2437,80,80.6053775733042,36.1481668910226
2438,80,80.6053775733042,36.1481668910226
2439,80,80.6053775733042,36.1481668910226
2440,80,80.6053775733042,36.1481668910226
2441,80,80.6053775733042,36.1481668910226
2442,80,80.6053775733042,36.1481668910226
2443,80,80.6053775733042,36.1481668910226
2444,80,80.6053775733042,36.1481668910226
2445,80,80.6053775733042,36.1481668910226
2446,80,80.6053775733042,36.1481668910226
2447,80,80.6053775733042,36.1481668910226
2448,80,80.6053775733042,36.1481668910226
2449,80,80.6053775733042,36.1481668910226
2450,80,80.6053775733042,36.1481668910226
2451,80,80.6053775733042,36.1481668910226
2452,80,80.6053775733042,36.1481668910226
2453,80,80.6053775733042,36.1481668910226
2454,80,80.6053775733042,36.1481668910226
2455,80,80.6053775733042,36.1481668910226
2456,80,80.6053775733042,36.1481668910226
2457,80,80.6053775733042,36.1481668910226
2458,80,80.6053775733042,36.1481668910226
2459,80,80.6053775733042,36.1481668910226
2460,80,80.6053775733042,36.1481668910226
2461,80,80.6053775733042,36.1481668910226
2462,80,80.6053775733042,36.1481668910226
2463,80,80.6053775733042,36.1481668910226
2464,80,80.6053775733042,36.1481668910226
2465,80,80.6053775733042,36.1481668910226
2466,80,80.6053775733042,36.1481668910226
2467,80,80.6053775733042,36.1481668910226
2468,80,80.6053775733042,36.1481668910226
2469,80,80.6053775733042,36.1481668910226
2470,80,80.6053775733042,36.1481668910226
2471,80,80.6053775733042,36.1481668910226
2472,80,80.6053775733042,36.1481668910226
2473,80,80.6053775733042,36.1481668910226
2474,80,80.6053775733042,36.1481668910226
2475,80,80.6053775733042,36.1481668910226
2476,80,80.6053775733042,36.1481668910226
2477,80,80.6053775733042,36.1481668910226
2478,80,80.6053775733042,36.1481668910226
2479,80,80.6053775733042,36.1481668910226
2480,80,80.6053775733042,36.1481668910226
2481,80,80.6053775733042,36.1481668910226
2482,80,80.6053775733042,36.1481668910226
2483,80,80.6053775733042,36.1481668910226
2484,80,80.6053775733042,36.1481668910226
2485,80,80.6053775733042,36.1481668910226
2486,80,80.6053775733042,36.1481668910226
2487,80,80.6053775733042,36.1481668910226
2488,80,80.6053775733042,36.1481668910226
2489,80,80.6053775733042,36.1481668910226
2490,80,80.6786693601159,35.9662297510714
2491,80,80.6786693601159,35.9662297510714
2492,80,80.6786693601159,35.9662297510714
2493,80,80.6786693601159,35.9662297510714
2494,80,80.6786693601159,35.9662297510714
2495,80,80.6786693601159,35.9662297510714
2496,80,80.6786693601159,35.9662297510714
2497,80,80.6786693601159,35.9662297510714
2498,80,80.6786693601159,35.9662297510714
2499,80,80.6786693601159,35.9662297510714
2500,80,80.6786693601159,35.9662297510714
2501,80,80.6786693601159,35.9662297510714
2502,80,80.6786693601159,35.9662297510714
2503,80,80.6786693601159,35.9662297510714
2504,80,80.6786693601159,35.9662297510714
2505,80,80.6786693601159,35.9662297510714
2506,80,80.6786693601159,35.9662297510714
2507,80,80.6786693601159,35.9662297510714
2508,80,80.6786693601159,35.9662297510714
2509,80,80.6786693601159,35.9662297510714
2510,80,80.6786693601159,35.9662297510714
2511,80,80.6786693601159,35.9662297510714
2512,80,80.6786693601159,35.9662297510714
2513,80,80.6786693601159,35.9662297510714
2514,80,80.6786693601159,35.9662297510714
2515,80,80.6786693601159,35.9662297510714
2516,80,80.6786693601159,35.9662297510714
2517,80,80.6786693601159,35.9662297510714
2518,80,80.6786693601159,35.9662297510714
2519,80,80.6786693601159,35.9662297510714
2520,80,80.6786693601159,35.9662297510714
2521,80,80.6786693601159,35.9662297510714
2522,80,80.6786693601159,35.9662297510714
2523,80,80.6786693601159,35.9662297510714
2524,80,80.6786693601159,35.9662297510714
2525,80,80.6786693601159,35.9662297510714
2526,80,80.6786693601159,35.9662297510714
2527,80,80.6786693601159,35.9662297510714
2528,80,80.6786693601159,35.9662297510714
2529,80,80.6786693601159,35.9662297510714
2530,80,80.6786693601159,35.9662297510714
2531,80,80.6786693601159,35.9662297510714
2532,80,80.6786693601159,35.9662297510714
2533,80,80.6786693601159,35.9662297510714
2534,80,80.6786693601159,35.9662297510714
2535,80,80.6786693601159,35.9662297510714
2536,80,80.6786693601159,35.9662297510714
2537,80,80.6786693601159,35.9662297510714
2538,80,80.6786693601159,35.9662297510714
2539,80,80.6786693601159,35.9662297510714
2540,80,80.6786693601159,35.9662297510714
2541,80,80.6786693601159,35.9662297510714
2542,80,80.6786693601159,35.9662297510714
2543,80,80.6786693601159,35.9662297510714
2544,80,80.6786693601159,35.9662297510714
2545,80,80.6786693601159,35.9662297510714
2546,80,80.6786693601159,35.9662297510714
2547,80,80.6786693601159,35.9662297510714
2548,80,80.6786693601159,35.9662297510714
2549,80,80.6786693601159,35.9662297510714
2550,80,80.6786693601159,35.9662297510714
2551,80,80.6786693601159,35.9662297510714
2552,80,80.6786693601159,35.9662297510714
2553,80,80.6786693601159,35.9662297510714
2554,80,80.6786693601159,35.9662297510714
2555,80,80.6786693601159,35.9662297510714
2556,80,80.6786693601159,35.9662297510714
2557,80,80.6786693601159,35.9662297510714
2558,80,80.6786693601159,35.9662297510714
2559,80,80.6786693601159,35.9662297510714
2560,80,80.6786693601159,35.9662297510714
2561,80,80.6786693601159,35.9662297510714
2562,80,80.6786693601159,35.9662297510714
2563,80,80.6786693601159,35.9662297510714
2564,80,80.6786693601159,35.9662297510714
2565,80,80.6786693601159,35.9662297510714
2566,80,80.6786693601159,35.9662297510714
2567,80,80.6786693601159,35.9662297510714
2568,80,80.6786693601159,35.9662297510714
2569,80,80.6786693601159,35.9662297510714
2570,80,80.6786693601159,35.9662297510714
2571,80,80.6786693601159,35.9662297510714
2572,80,80.6786693601159,35.9662297510714
2573,80,80.6786693601159,35.9662297510714
2574,80,80.6786693601159,35.9662297510714
2575,80,80.6786693601159,35.9662297510714
2576,80,80.6786693601159,35.9662297510714
2577,80,80.6786693601159,35.9662297510714
2578,80,80.6786693601159,35.9662297510714
2579,80,80.6786693601159,35.9662297510714
2580,80,80.6786693601159,35.9662297510714
2581,80,80.6786693601159,35.9662297510714
2582,80,80.6786693601159,35.9662297510714
2583,80,80.6786693601159,35.9662297510714
2584,80,80.6786693601159,35.9662297510714
2585,80,80.6786693601159,35.9662297510714
2586,80,80.6786693601159,35.9662297510714
2587,80,80.6786693601159,35.9662297510714
2588,80,80.6786693601159,35.9662297510714
2589,80,80.6786693601159,35.9662297510714
2590,80,80.6786693601159,35.9662297510714
2591,80,80.6786693601159,35.9662297510714
2592,80,80.6786693601159,35.9662297510714
2593,80,80.6786693601159,35.9662297510714
2594,80,80.6786693601159,35.9662297510714
2595,80,80.6786693601159,35.9662297510714
2596,80,80.6786693601159,35.9662297510714
2597,80,80.6786693601159,35.9662297510714
2598,80,80.6786693601159,35.9662297510714
2599,80,80.6786693601159,35.9662297510714
2600,80,80.6786693601159,35.9662297510714
2601,80,80.6786693601159,35.9662297510714
2602,80,80.6786693601159,35.9662297510714
2603,80,80.6786693601159,35.9662297510714
2604,80,80.6786693601159,35.9662297510714
2605,80,80.6786693601159,35.9662297510714
2606,80,80.6786693601159,35.9662297510714
2607,80,80.6786693601159,35.9662297510714
2608,80,80.6786693601159,35.9662297510714
2609,80,80.6786693601159,35.9662297510714
2610,80,80.6786693601159,35.9662297510714
2611,80,80.6786693601159,35.9662297510714
2612,80,80.6786693601159,35.9662297510714
2613,80,80.6786693601159,35.9662297510714
2614,80,80.6786693601159,35.9662297510714
2615,80,80.6786693601159,35.9662297510714
2616,80,80.6786693601159,35.9662297510714
2617,80,80.6786693601159,35.9662297510714
2618,80,80.6786693601159,35.9662297510714
2619,80,80.6786693601159,35.9662297510714
2620,80,80.6786693601159,35.9662297510714
2621,80,80.6786693601159,35.9662297510714
2622,80,80.6786693601159,35.9662297510714
2623,80,80.6786693601159,35.9662297510714
2624,80,80.6786693601159,35.9662297510714
2625,80,80.6786693601159,35.9662297510714
2626,80,80.6786693601159,35.9662297510714
2627,80,80.6786693601159,35.9662297510714
2628,80,80.6786693601159,35.9662297510714
2629,80,80.6786693601159,35.9662297510714
2630,80,80.6786693601159,35.9662297510714
2631,80,80.6786693601159,35.9662297510714
2632,80,80.6786693601159,35.9662297510714
2633,80,80.6786693601159,35.9662297510714
2634,80,80.6786693601159,35.9662297510714
2635,80,80.6786693601159,35.9662297510714
2636,80,80.6786693601159,35.9662297510714
2637,80,80.6786693601159,35.9662297510714
2638,80,80.6786693601159,35.9662297510714
2639,80,80.6786693601159,35.9662297510714
2640,80,80.6786693601159,35.9662297510714
2641,80,80.6786693601159,35.9662297510714
2642,80,80.6786693601159,35.9662297510714
2643,80,80.6786693601159,35.9662297510714
2644,80,80.6786693601159,35.9662297510714
2645,80,80.6786693601159,35.9662297510714
2646,80,80.6786693601159,35.9662297510714
2647,80,80.6786693601159,35.9662297510714
2648,80,80.6786693601159,35.9662297510714
2649,80,80.6786693601159,35.9662297510714
2650,80,80.6786693601159,35.9662297510714
2651,80,80.6786693601159,35.9662297510714
2652,80,80.6786693601159,35.9662297510714
2653,80,80.6786693601159,35.9662297510714
2654,80,80.6786693601159,35.9662297510714
2655,80,80.6786693601159,35.9662297510714
2656,80,80.6786693601159,35.9662297510714
2657,80,80.6786693601159,35.9662297510714
2658,80,80.6786693601159,35.9662297510714
2659,80,80.6786693601159,35.9662297510714
2660,80,80.6786693601159,35.9662297510714
2661,80,80.6786693601159,35.9662297510714
2662,80,80.6786693601159,35.9662297510714
2663,80,80.6786693601159,35.9662297510714
2664,80,80.6786693601159,35.9662297510714
2665,80,80.6786693601159,35.9662297510714
2666,80,80.6786693601159,35.9662297510714
2667,80,80.6786693601159,35.9662297510714
2668,80,80.6786693601159,35.9662297510714
2669,80,80.6786693601159,35.9662297510714
2670,80,80.6786693601159,35.9662297510714
2671,80,80.6786693601159,35.9662297510714
2672,80,80.6786693601159,35.9662297510714
2673,80,80.6786693601159,35.9662297510714
2674,80,80.6786693601159,35.9662297510714
2675,80,80.6786693601159,35.9662297510714
2676,80,80.6786693601159,35.9662297510714
2677,80,80.6786693601159,35.9662297510714
2678,80,80.6786693601159,35.9662297510714
2679,80,80.6786693601159,35.9662297510714
2680,80,80.6786693601159,35.9662297510714
2681,80,80.6786693601159,35.9662297510714
2682,80,80.6786693601159,35.9662297510714
2683,80,80.6786693601159,35.9662297510714
2684,80,80.6786693601159,35.9662297510714
2685,80,80.6786693601159,35.9662297510714
2686,80,80.6786693601159,35.9662297510714
2687,80,80.6786693601159,35.9662297510714
2688,80,80.6786693601159,35.9662297510714
2689,80,80.6786693601159,35.9662297510714
2690,80,80.6786693601159,35.9662297510714
2691,80,80.6786693601159,35.9662297510714
2692,80,80.6786693601159,35.9662297510714
2693,80,80.6786693601159,35.9662297510714
2694,80,80.6786693601159,35.9662297510714
2695,80,80.6786693601159,35.9662297510714
2696,80,80.6786693601159,35.9662297510714
2697,80,80.6786693601159,35.9662297510714
2698,80,80.6786693601159,35.9662297510714
2699,80,80.6786693601159,35.9662297510714
2700,80,80.6786693601159,35.9662297510714
2701,80,80.6786693601159,35.9662297510714
2702,80,80.6786693601159,35.9662297510714
2703,80,80.6786693601159,35.9662297510714
2704,80,80.6786693601159,35.9662297510714
2705,80,80.6786693601159,35.9662297510714
2706,80,80.6786693601159,35.9662297510714
2707,80,80.6786693601159,35.9662297510714
2708,80,80.6786693601159,35.9662297510714
2709,80,80.6786693601159,35.9662297510714
2710,80,80.6786693601159,35.9662297510714
2711,80,80.6786693601159,35.9662297510714
2712,80,80.6786693601159,35.9662297510714
2713,80,80.6786693601159,35.9662297510714
2714,80,80.6786693601159,35.9662297510714
2715,80,80.6786693601159,35.9662297510714
2716,80,80.6786693601159,35.9662297510714
2717,80,80.6786693601159,35.9662297510714
2718,80,80.6786693601159,35.9662297510714
2719,80,80.6786693601159,35.9662297510714
2720,80,80.6786693601159,35.9662297510714
2721,80,80.6786693601159,35.9662297510714
2722,80,80.6786693601159,35.9662297510714
2723,80,80.6786693601159,35.9662297510714
2724,80,80.6786693601159,35.9662297510714
2725,80,80.6786693601159,35.9662297510714
2726,80,80.6786693601159,35.9662297510714
2727,80,80.6786693601159,35.9662297510714
2728,80,80.6786693601159,35.9662297510714
2729,80,80.6786693601159,35.9662297510714
2730,80,80.6786693601159,35.9662297510714
2731,80,80.6786693601159,35.9662297510714
2732,80,80.6786693601159,35.9662297510714
2733,80,80.6786693601159,35.9662297510714
2734,80,80.6786693601159,35.9662297510714
2735,80,80.6786693601159,35.9662297510714
2736,80,80.6786693601159,35.9662297510714
2737,80,80.6786693601159,35.9662297510714
2738,80,80.6786693601159,35.9662297510714
2739,80,80.6724370939462,36.2561380778451
2740,80,80.6724370939462,36.2561380778451
2741,80,80.6724370939462,36.2561380778451
2742,80,80.6724370939462,36.2561380778451
2743,80,80.6724370939462,36.2561380778451
2744,80,80.6724370939462,36.2561380778451
2745,80,80.6724370939462,36.2561380778451
2746,80,80.6724370939462,36.2561380778451
2747,80,80.6724370939462,36.2561380778451
2748,80,80.6724370939462,36.2561380778451
2749,80,80.6724370939462,36.2561380778451
2750,80,80.6724370939462,36.2561380778451
2751,80,80.6724370939462,36.2561380778451
2752,80,80.6724370939462,36.2561380778451
2753,80,80.6724370939462,36.2561380778451
2754,80,80.6724370939462,36.2561380778451
2755,80,80.6724370939462,36.2561380778451
2756,80,80.6724370939462,36.2561380778451
2757,80,80.6724370939462,36.2561380778451
2758,80,80.6724370939462,36.2561380778451
2759,80,80.6724370939462,36.2561380778451
2760,80,80.6724370939462,36.2561380778451
2761,80,80.6724370939462,36.2561380778451
2762,80,80.6724370939462,36.2561380778451
2763,80,80.6724370939462,36.2561380778451
2764,80,80.6724370939462,36.2561380778451
2765,80,80.6724370939462,36.2561380778451
2766,80,80.6724370939462,36.2561380778451
2767,80,80.6724370939462,36.2561380778451
2768,80,80.6724370939462,36.2561380778451
2769,80,80.6724370939462,36.2561380778451
2770,80,80.6724370939462,36.2561380778451
2771,80,80.6724370939462,36.2561380778451
2772,80,80.6724370939462,36.2561380778451
2773,80,80.6724370939462,36.2561380778451
2774,80,80.6724370939462,36.2561380778451
2775,80,80.6724370939462,36.2561380778451
2776,80,80.6724370939462,36.2561380778451
2777,80,80.6724370939462,36.2561380778451
2778,80,80.6724370939462,36.2561380778451
2779,80,80.6724370939462,36.2561380778451
2780,80,80.6724370939462,36.2561380778451
2781,80,80.6724370939462,36.2561380778451
2782,80,80.6724370939462,36.2561380778451
2783,80,80.6724370939462,36.2561380778451
2784,80,80.6724370939462,36.2561380778451
2785,80,80.6724370939462,36.2561380778451
2786,80,80.6724370939462,36.2561380778451
2787,80,80.6724370939462,36.2561380778451
2788,80,80.6724370939462,36.2561380778451
2789,80,80.6724370939462,36.2561380778451
2790,80,80.6724370939462,36.2561380778451
2791,80,80.6724370939462,36.2561380778451
2792,80,80.6724370939462,36.2561380778451
2793,80,80.6724370939462,36.2561380778451
2794,80,80.6724370939462,36.2561380778451
2795,80,80.6724370939462,36.2561380778451
2796,80,80.6724370939462,36.2561380778451
2797,80,80.6724370939462,36.2561380778451
2798,80,80.6724370939462,36.2561380778451
2799,80,80.6724370939462,36.2561380778451
2800,80,80.6724370939462,36.2561380778451
2801,80,80.6724370939462,36.2561380778451
2802,80,80.6724370939462,36.2561380778451
2803,80,80.6724370939462,36.2561380778451
2804,80,80.6724370939462,36.2561380778451
2805,80,80.6724370939462,36.2561380778451
2806,80,80.6724370939462,36.2561380778451
2807,80,80.6724370939462,36.2561380778451
2808,80,80.6724370939462,36.2561380778451
2809,80,80.6724370939462,36.2561380778451
2810,80,80.6724370939462,36.2561380778451
2811,80,80.6724370939462,36.2561380778451
2812,80,80.6724370939462,36.2561380778451
2813,80,80.6724370939462,36.2561380778451
2814,80,80.6724370939462,36.2561380778451
2815,80,80.6724370939462,36.2561380778451
2816,80,80.6724370939462,36.2561380778451
2817,80,80.6724370939462,36.2561380778451
2818,80,80.6724370939462,36.2561380778451
2819,80,80.6724370939462,36.2561380778451
2820,80,80.6724370939462,36.2561380778451
2821,80,80.6724370939462,36.2561380778451
2822,80,80.6724370939462,36.2561380778451
2823,80,80.6724370939462,36.2561380778451
2824,80,80.6724370939462,36.2561380778451
2825,80,80.6724370939462,36.2561380778451
2826,80,80.6724370939462,36.2561380778451
2827,80,80.6724370939462,36.2561380778451
2828,80,80.6724370939462,36.2561380778451
2829,80,80.6724370939462,36.2561380778451
2830,80,80.6724370939462,36.2561380778451
2831,80,80.6724370939462,36.2561380778451
2832,80,80.6724370939462,36.2561380778451
2833,80,80.6724370939462,36.2561380778451
2834,80,80.6724370939462,36.2561380778451
2835,80,80.6724370939462,36.2561380778451
2836,80,80.6724370939462,36.2561380778451
2837,80,80.6724370939462,36.2561380778451
2838,80,80.6724370939462,36.2561380778451
2839,80,80.6724370939462,36.2561380778451
2840,80,80.6724370939462,36.2561380778451
2841,80,80.6724370939462,36.2561380778451
2842,80,80.6724370939462,36.2561380778451
2843,80,80.6724370939462,36.2561380778451
2844,80,80.6724370939462,36.2561380778451
2845,80,80.6724370939462,36.2561380778451
2846,80,80.6724370939462,36.2561380778451
2847,80,80.6724370939462,36.2561380778451
2848,80,80.6724370939462,36.2561380778451
2849,80,80.6724370939462,36.2561380778451
2850,80,80.6724370939462,36.2561380778451
2851,80,80.6724370939462,36.2561380778451
2852,80,80.6724370939462,36.2561380778451
2853,80,80.6724370939462,36.2561380778451
2854,80,80.6724370939462,36.2561380778451
2855,80,80.6724370939462,36.2561380778451
2856,80,80.6724370939462,36.2561380778451
2857,80,80.6724370939462,36.2561380778451
2858,80,80.6724370939462,36.2561380778451
2859,80,80.6724370939462,36.2561380778451
2860,80,80.6724370939462,36.2561380778451
2861,80,80.6724370939462,36.2561380778451
2862,80,80.6724370939462,36.2561380778451
2863,80,80.6724370939462,36.2561380778451
2864,80,80.6724370939462,36.2561380778451
2865,80,80.6724370939462,36.2561380778451
2866,80,80.6724370939462,36.2561380778451
2867,80,80.6724370939462,36.2561380778451
2868,80,80.6724370939462,36.2561380778451
2869,80,80.6724370939462,36.2561380778451
2870,80,80.6724370939462,36.2561380778451
2871,80,80.6724370939462,36.2561380778451
2872,80,80.6724370939462,36.2561380778451
2873,80,80.6724370939462,36.2561380778451
2874,80,80.6724370939462,36.2561380778451
2875,80,80.6724370939462,36.2561380778451
2876,80,80.6724370939462,36.2561380778451
2877,80,80.6724370939462,36.2561380778451
2878,80,80.6724370939462,36.2561380778451
2879,80,80.6724370939462,36.2561380778451
2880,80,80.6724370939462,36.2561380778451
2881,80,80.6724370939462,36.2561380778451
2882,80,80.6724370939462,36.2561380778451
2883,80,80.6724370939462,36.2561380778451
2884,80,80.6724370939462,36.2561380778451
2885,80,80.6724370939462,36.2561380778451
2886,80,80.6724370939462,36.2561380778451
2887,80,80.6724370939462,36.2561380778451
2888,80,80.6724370939462,36.2561380778451
2889,80,80.6724370939462,36.2561380778451
2890,80,80.6724370939462,36.2561380778451
2891,80,80.6724370939462,36.2561380778451
2892,80,80.6724370939462,36.2561380778451
2893,80,80.6724370939462,36.2561380778451
2894,80,80.6724370939462,36.2561380778451
2895,80,80.6724370939462,36.2561380778451
2896,80,80.6724370939462,36.2561380778451
2897,80,80.6724370939462,36.2561380778451
2898,80,80.6724370939462,36.2561380778451
2899,80,80.6724370939462,36.2561380778451
2900,80,80.6724370939462,36.2561380778451
2901,80,80.6724370939462,36.2561380778451
2902,80,80.6724370939462,36.2561380778451
2903,80,80.6724370939462,36.2561380778451
2904,80,80.6724370939462,36.2561380778451
2905,80,80.6724370939462,36.2561380778451
2906,80,80.6724370939462,36.2561380778451
2907,80,80.6724370939462,36.2561380778451
2908,80,80.6724370939462,36.2561380778451
2909,80,80.6724370939462,36.2561380778451
2910,80,80.6724370939462,36.2561380778451
2911,80,80.6724370939462,36.2561380778451
2912,80,80.6724370939462,36.2561380778451
2913,80,80.6724370939462,36.2561380778451
2914,80,80.6724370939462,36.2561380778451
2915,80,80.6724370939462,36.2561380778451
2916,80,80.6724370939462,36.2561380778451
2917,80,80.6724370939462,36.2561380778451
2918,80,80.6724370939462,36.2561380778451
2919,80,80.6724370939462,36.2561380778451
2920,80,80.6724370939462,36.2561380778451
2921,80,80.6724370939462,36.2561380778451
2922,80,80.6724370939462,36.2561380778451
2923,80,80.6724370939462,36.2561380778451
2924,80,80.6724370939462,36.2561380778451
2925,80,80.6724370939462,36.2561380778451
2926,80,80.6724370939462,36.2561380778451
2927,80,80.6724370939462,36.2561380778451
2928,80,80.6724370939462,36.2561380778451
2929,80,80.6724370939462,36.2561380778451
2930,80,80.6724370939462,36.2561380778451
2931,80,80.6724370939462,36.2561380778451
2932,80,80.6724370939462,36.2561380778451
2933,80,80.6724370939462,36.2561380778451
2934,80,80.6724370939462,36.2561380778451
2935,80,80.6724370939462,36.2561380778451
2936,80,80.6724370939462,36.2561380778451
2937,80,80.6724370939462,36.2561380778451
2938,80,80.6724370939462,36.2561380778451
2939,80,80.6724370939462,36.2561380778451
2940,80,80.6724370939462,36.2561380778451
2941,80,80.6724370939462,36.2561380778451
2942,80,80.6724370939462,36.2561380778451
2943,80,80.6724370939462,36.2561380778451
2944,80,80.6724370939462,36.2561380778451
2945,80,80.6724370939462,36.2561380778451
2946,80,80.6724370939462,36.2561380778451
2947,80,80.6724370939462,36.2561380778451
2948,80,80.6724370939462,36.2561380778451
2949,80,80.6724370939462,36.2561380778451
2950,80,80.6724370939462,36.2561380778451
2951,80,80.6724370939462,36.2561380778451
2952,80,80.6724370939462,36.2561380778451
2953,80,80.6724370939462,36.2561380778451
2954,80,80.6724370939462,36.2561380778451
2955,80,80.6724370939462,36.2561380778451
2956,80,80.6724370939462,36.2561380778451
2957,80,80.6724370939462,36.2561380778451
2958,80,80.6724370939462,36.2561380778451
2959,80,80.6724370939462,36.2561380778451
2960,80,80.6724370939462,36.2561380778451
2961,80,80.6724370939462,36.2561380778451
2962,80,80.6724370939462,36.2561380778451
2963,80,80.6724370939462,36.2561380778451
2964,80,80.6724370939462,36.2561380778451
2965,80,80.6724370939462,36.2561380778451
2966,80,80.6724370939462,36.2561380778451
2967,80,80.6724370939462,36.2561380778451
2968,80,80.6724370939462,36.2561380778451
2969,80,80.6724370939462,36.2561380778451
2970,80,80.6724370939462,36.2561380778451
2971,80,80.6724370939462,36.2561380778451
2972,80,80.6724370939462,36.2561380778451
2973,80,80.6724370939462,36.2561380778451
2974,80,80.6724370939462,36.2561380778451
2975,80,80.6724370939462,36.2561380778451
2976,80,80.6724370939462,36.2561380778451
2977,80,80.6724370939462,36.2561380778451
2978,80,80.6724370939462,36.2561380778451
2979,80,80.6724370939462,36.2561380778451
2980,80,80.6724370939462,36.2561380778451
2981,80,80.6724370939462,36.2561380778451
2982,80,80.6724370939462,36.2561380778451
2983,80,80.6724370939462,36.2561380778451
2984,80,80.6724370939462,36.2561380778451
2985,80,80.6724370939462,36.2561380778451
2986,80,80.6724370939462,36.2561380778451
2987,80,80.6724370939462,36.2561380778451
2988,80,80.6500123027123,36.3826131802725
2989,80,80.6500123027123,36.3826131802725
2990,80,80.6500123027123,36.3826131802725
2991,80,80.6500123027123,36.3826131802725
2992,80,80.6500123027123,36.3826131802725
2993,80,80.6500123027123,36.3826131802725
2994,80,80.6500123027123,36.3826131802725
2995,80,80.6500123027123,36.3826131802725
2996,80,80.6500123027123,36.3826131802725
2997,80,80.6500123027123,36.3826131802725
2998,80,80.6500123027123,36.3826131802725
2999,80,80.6500123027123,36.3826131802725
3000,80,80.6500123027123,36.3826131802725
3001,80,80.6500123027123,36.3826131802725
3002,80,80.6500123027123,36.3826131802725
3003,80,80.6500123027123,36.3826131802725
3004,80,80.6500123027123,36.3826131802725
3005,80,80.6500123027123,36.3826131802725
3006,80,80.6500123027123,36.3826131802725
3007,80,80.6500123027123,36.3826131802725
3008,80,80.6500123027123,36.3826131802725
3009,80,80.6500123027123,36.3826131802725
3010,80,80.6500123027123,36.3826131802725
3011,80,80.6500123027123,36.3826131802725
3012,80,80.6500123027123,36.3826131802725
3013,80,80.6500123027123,36.3826131802725
3014,80,80.6500123027123,36.3826131802725
3015,80,80.6500123027123,36.3826131802725
3016,80,80.6500123027123,36.3826131802725
3017,80,80.6500123027123,36.3826131802725
3018,80,80.6500123027123,36.3826131802725
3019,80,80.6500123027123,36.3826131802725
3020,80,80.6500123027123,36.3826131802725
3021,80,80.6500123027123,36.3826131802725
3022,80,80.6500123027123,36.3826131802725
3023,80,80.6500123027123,36.3826131802725
3024,80,80.6500123027123,36.3826131802725
3025,80,80.6500123027123,36.3826131802725
3026,80,80.6500123027123,36.3826131802725
3027,80,80.6500123027123,36.3826131802725
3028,80,80.6500123027123,36.3826131802725
3029,80,80.6500123027123,36.3826131802725
3030,80,80.6500123027123,36.3826131802725
3031,80,80.6500123027123,36.3826131802725
3032,80,80.6500123027123,36.3826131802725
3033,80,80.6500123027123,36.3826131802725
3034,80,80.6500123027123,36.3826131802725
3035,80,80.6500123027123,36.3826131802725
3036,80,80.6500123027123,36.3826131802725
3037,80,80.6500123027123,36.3826131802725
3038,80,80.6500123027123,36.3826131802725
3039,80,80.6500123027123,36.3826131802725
3040,80,80.6500123027123,36.3826131802725
3041,80,80.6500123027123,36.3826131802725
3042,80,80.6500123027123,36.3826131802725
3043,80,80.6500123027123,36.3826131802725
3044,80,80.6500123027123,36.3826131802725
3045,80,80.6500123027123,36.3826131802725
3046,80,80.6500123027123,36.3826131802725
3047,80,80.6500123027123,36.3826131802725
3048,80,80.6500123027123,36.3826131802725
3049,80,80.6500123027123,36.3826131802725
3050,80,80.6500123027123,36.3826131802725
3051,80,80.6500123027123,36.3826131802725
3052,80,80.6500123027123,36.3826131802725
3053,80,80.6500123027123,36.3826131802725
3054,80,80.6500123027123,36.3826131802725
3055,80,80.6500123027123,36.3826131802725
3056,80,80.6500123027123,36.3826131802725
3057,80,80.6500123027123,36.3826131802725
3058,80,80.6500123027123,36.3826131802725
3059,80,80.6500123027123,36.3826131802725
3060,80,80.6500123027123,36.3826131802725
3061,80,80.6500123027123,36.3826131802725
3062,80,80.6500123027123,36.3826131802725
3063,80,80.6500123027123,36.3826131802725
3064,80,80.6500123027123,36.3826131802725
3065,80,80.6500123027123,36.3826131802725
3066,80,80.6500123027123,36.3826131802725
3067,80,80.6500123027123,36.3826131802725
3068,80,80.6500123027123,36.3826131802725
3069,80,80.6500123027123,36.3826131802725
3070,80,80.6500123027123,36.3826131802725
3071,80,80.6500123027123,36.3826131802725
3072,80,80.6500123027123,36.3826131802725
3073,80,80.6500123027123,36.3826131802725
3074,80,80.6500123027123,36.3826131802725
3075,80,80.6500123027123,36.3826131802725
3076,80,80.6500123027123,36.3826131802725
3077,80,80.6500123027123,36.3826131802725
3078,80,80.6500123027123,36.3826131802725
3079,80,80.6500123027123,36.3826131802725
3080,80,80.6500123027123,36.3826131802725
3081,80,80.6500123027123,36.3826131802725
3082,80,80.6500123027123,36.3826131802725
3083,80,80.6500123027123,36.3826131802725
3084,80,80.6500123027123,36.3826131802725
3085,80,80.6500123027123,36.3826131802725
3086,80,80.6500123027123,36.3826131802725
3087,80,80.6500123027123,36.3826131802725
3088,80,80.6500123027123,36.3826131802725
3089,80,80.6500123027123,36.3826131802725
3090,80,80.6500123027123,36.3826131802725
3091,80,80.6500123027123,36.3826131802725
3092,80,80.6500123027123,36.3826131802725
3093,80,80.6500123027123,36.3826131802725
3094,80,80.6500123027123,36.3826131802725
3095,80,80.6500123027123,36.3826131802725
3096,80,80.6500123027123,36.3826131802725
3097,80,80.6500123027123,36.3826131802725
3098,80,80.6500123027123,36.3826131802725
3099,80,80.6500123027123,36.3826131802725
3100,80,80.6500123027123,36.3826131802725
3101,80,80.6500123027123,36.3826131802725
3102,80,80.6500123027123,36.3826131802725
3103,80,80.6500123027123,36.3826131802725
3104,80,80.6500123027123,36.3826131802725
3105,80,80.6500123027123,36.3826131802725
3106,80,80.6500123027123,36.3826131802725
3107,80,80.6500123027123,36.3826131802725
3108,80,80.6500123027123,36.3826131802725
3109,80,80.6500123027123,36.3826131802725
3110,80,80.6500123027123,36.3826131802725
3111,80,80.6500123027123,36.3826131802725
3112,80,80.6500123027123,36.3826131802725
3113,80,80.6500123027123,36.3826131802725
3114,80,80.6500123027123,36.3826131802725
3115,80,80.6500123027123,36.3826131802725
3116,80,80.6500123027123,36.3826131802725
3117,80,80.6500123027123,36.3826131802725
3118,80,80.6500123027123,36.3826131802725
3119,80,80.6500123027123,36.3826131802725
3120,80,80.6500123027123,36.3826131802725
3121,80,80.6500123027123,36.3826131802725
3122,80,80.6500123027123,36.3826131802725
3123,80,80.6500123027123,36.3826131802725
3124,80,80.6500123027123,36.3826131802725
3125,80,80.6500123027123,36.3826131802725
3126,80,80.6500123027123,36.3826131802725
3127,80,80.6500123027123,36.3826131802725
3128,80,80.6500123027123,36.3826131802725
3129,80,80.6500123027123,36.3826131802725
3130,80,80.6500123027123,36.3826131802725
3131,80,80.6500123027123,36.3826131802725
3132,80,80.6500123027123,36.3826131802725
3133,80,80.6500123027123,36.3826131802725
3134,80,80.6500123027123,36.3826131802725
3135,80,80.6500123027123,36.3826131802725
3136,80,80.6500123027123,36.3826131802725
3137,80,80.6500123027123,36.3826131802725
3138,80,80.6500123027123,36.3826131802725
3139,80,80.6500123027123,36.3826131802725
3140,80,80.6500123027123,36.3826131802725
3141,80,80.6500123027123,36.3826131802725
3142,80,80.6500123027123,36.3826131802725
3143,80,80.6500123027123,36.3826131802725
3144,80,80.6500123027123,36.3826131802725
3145,80,80.6500123027123,36.3826131802725
3146,80,80.6500123027123,36.3826131802725
3147,80,80.6500123027123,36.3826131802725
3148,80,80.6500123027123,36.3826131802725
3149,80,80.6500123027123,36.3826131802725
3150,80,80.6500123027123,36.3826131802725
3151,80,80.6500123027123,36.3826131802725
3152,80,80.6500123027123,36.3826131802725
3153,80,80.6500123027123,36.3826131802725
3154,80,80.6500123027123,36.3826131802725
3155,80,80.6500123027123,36.3826131802725
3156,80,80.6500123027123,36.3826131802725
3157,80,80.6500123027123,36.3826131802725
3158,80,80.6500123027123,36.3826131802725
3159,80,80.6500123027123,36.3826131802725
3160,80,80.6500123027123,36.3826131802725
3161,80,80.6500123027123,36.3826131802725
3162,80,80.6500123027123,36.3826131802725
3163,80,80.6500123027123,36.3826131802725
3164,80,80.6500123027123,36.3826131802725
3165,80,80.6500123027123,36.3826131802725
3166,80,80.6500123027123,36.3826131802725
3167,80,80.6500123027123,36.3826131802725
3168,80,80.6500123027123,36.3826131802725
3169,80,80.6500123027123,36.3826131802725
3170,80,80.6500123027123,36.3826131802725
3171,80,80.6500123027123,36.3826131802725
3172,80,80.6500123027123,36.3826131802725
3173,80,80.6500123027123,36.3826131802725
3174,80,80.6500123027123,36.3826131802725
3175,80,80.6500123027123,36.3826131802725
3176,80,80.6500123027123,36.3826131802725
3177,80,80.6500123027123,36.3826131802725
3178,80,80.6500123027123,36.3826131802725
3179,80,80.6500123027123,36.3826131802725
3180,80,80.6500123027123,36.3826131802725
3181,80,80.6500123027123,36.3826131802725
3182,80,80.6500123027123,36.3826131802725
3183,80,80.6500123027123,36.3826131802725
3184,80,80.6500123027123,36.3826131802725
3185,80,80.6500123027123,36.3826131802725
3186,80,80.6500123027123,36.3826131802725
3187,80,80.6500123027123,36.3826131802725
3188,80,80.6500123027123,36.3826131802725
3189,80,80.6500123027123,36.3826131802725
3190,80,80.6500123027123,36.3826131802725
3191,80,80.6500123027123,36.3826131802725
3192,80,80.6500123027123,36.3826131802725
3193,80,80.6500123027123,36.3826131802725
3194,80,80.6500123027123,36.3826131802725
3195,80,80.6500123027123,36.3826131802725
3196,80,80.6500123027123,36.3826131802725
3197,80,80.6500123027123,36.3826131802725
3198,80,80.6500123027123,36.3826131802725
3199,80,80.6500123027123,36.3826131802725
3200,80,80.6500123027123,36.3826131802725
3201,80,80.6500123027123,36.3826131802725
3202,80,80.6500123027123,36.3826131802725
3203,80,80.6500123027123,36.3826131802725
3204,80,80.6500123027123,36.3826131802725
3205,80,80.6500123027123,36.3826131802725
3206,80,80.6500123027123,36.3826131802725
3207,80,80.6500123027123,36.3826131802725
3208,80,80.6500123027123,36.3826131802725
3209,80,80.6500123027123,36.3826131802725
3210,80,80.6500123027123,36.3826131802725
3211,80,80.6500123027123,36.3826131802725
3212,80,80.6500123027123,36.3826131802725
3213,80,80.6500123027123,36.3826131802725
3214,80,80.6500123027123,36.3826131802725
3215,80,80.6500123027123,36.3826131802725
3216,80,80.6500123027123,36.3826131802725
3217,80,80.6500123027123,36.3826131802725
3218,80,80.6500123027123,36.3826131802725
3219,80,80.6500123027123,36.3826131802725
3220,80,80.6500123027123,36.3826131802725
3221,80,80.6500123027123,36.3826131802725
3222,80,80.6500123027123,36.3826131802725
3223,80,80.6500123027123,36.3826131802725
3224,80,80.6500123027123,36.3826131802725
3225,80,80.6500123027123,36.3826131802725
3226,80,80.6500123027123,36.3826131802725
3227,80,80.6500123027123,36.3826131802725
3228,80,80.6500123027123,36.3826131802725
3229,80,80.6500123027123,36.3826131802725
3230,80,80.6500123027123,36.3826131802725
3231,80,80.6500123027123,36.3826131802725
3232,80,80.6500123027123,36.3826131802725
3233,80,80.6500123027123,36.3826131802725
3234,80,80.6500123027123,36.3826131802725
3235,80,80.6500123027123,36.3826131802725
3236,80,80.6500123027123,36.3826131802725
3237,80,80.5737783388692,36.1279969186174
3238,80,80.5737783388692,36.1279969186174
3239,80,80.5737783388692,36.1279969186174
3240,80,80.5737783388692,36.1279969186174
3241,80,80.5737783388692,36.1279969186174
3242,80,80.5737783388692,36.1279969186174
3243,80,80.5737783388692,36.1279969186174
3244,80,80.5737783388692,36.1279969186174
3245,80,80.5737783388692,36.1279969186174
3246,80,80.5737783388692,36.1279969186174
3247,80,80.5737783388692,36.1279969186174
3248,80,80.5737783388692,36.1279969186174
3249,80,80.5737783388692,36.1279969186174
3250,80,80.5737783388692,36.1279969186174
3251,80,80.5737783388692,36.1279969186174
3252,80,80.5737783388692,36.1279969186174
3253,80,80.5737783388692,36.1279969186174
3254,80,80.5737783388692,36.1279969186174
3255,80,80.5737783388692,36.1279969186174
3256,80,80.5737783388692,36.1279969186174
3257,80,80.5737783388692,36.1279969186174
3258,80,80.5737783388692,36.1279969186174
3259,80,80.5737783388692,36.1279969186174
3260,80,80.5737783388692,36.1279969186174
3261,80,80.5737783388692,36.1279969186174
3262,80,80.5737783388692,36.1279969186174
3263,80,80.5737783388692,36.1279969186174
3264,80,80.5737783388692,36.1279969186174
3265,80,80.5737783388692,36.1279969186174
3266,80,80.5737783388692,36.1279969186174
3267,80,80.5737783388692,36.1279969186174
3268,80,80.5737783388692,36.1279969186174
3269,80,80.5737783388692,36.1279969186174
3270,80,80.5737783388692,36.1279969186174
3271,80,80.5737783388692,36.1279969186174
3272,80,80.5737783388692,36.1279969186174
3273,80,80.5737783388692,36.1279969186174
3274,80,80.5737783388692,36.1279969186174
3275,80,80.5737783388692,36.1279969186174
3276,80,80.5737783388692,36.1279969186174
3277,80,80.5737783388692,36.1279969186174
3278,80,80.5737783388692,36.1279969186174
3279,80,80.5737783388692,36.1279969186174
3280,80,80.5737783388692,36.1279969186174
3281,80,80.5737783388692,36.1279969186174
3282,80,80.5737783388692,36.1279969186174
3283,80,80.5737783388692,36.1279969186174
3284,80,80.5737783388692,36.1279969186174
3285,80,80.5737783388692,36.1279969186174
3286,80,80.5737783388692,36.1279969186174
3287,80,80.5737783388692,36.1279969186174
3288,80,80.5737783388692,36.1279969186174
3289,80,80.5737783388692,36.1279969186174
3290,80,80.5737783388692,36.1279969186174
3291,80,80.5737783388692,36.1279969186174
3292,80,80.5737783388692,36.1279969186174
3293,80,80.5737783388692,36.1279969186174
3294,80,80.5737783388692,36.1279969186174
3295,80,80.5737783388692,36.1279969186174
3296,80,80.5737783388692,36.1279969186174
3297,80,80.5737783388692,36.1279969186174
3298,80,80.5737783388692,36.1279969186174
3299,80,80.5737783388692,36.1279969186174
3300,80,80.5737783388692,36.1279969186174
3301,80,80.5737783388692,36.1279969186174
3302,80,80.5737783388692,36.1279969186174
3303,80,80.5737783388692,36.1279969186174
3304,80,80.5737783388692,36.1279969186174
3305,80,80.5737783388692,36.1279969186174
3306,80,80.5737783388692,36.1279969186174
3307,80,80.5737783388692,36.1279969186174
3308,80,80.5737783388692,36.1279969186174
3309,80,80.5737783388692,36.1279969186174
3310,80,80.5737783388692,36.1279969186174
3311,80,80.5737783388692,36.1279969186174
3312,80,80.5737783388692,36.1279969186174
3313,80,80.5737783388692,36.1279969186174
3314,80,80.5737783388692,36.1279969186174
3315,80,80.5737783388692,36.1279969186174
3316,80,80.5737783388692,36.1279969186174
3317,80,80.5737783388692,36.1279969186174
3318,80,80.5737783388692,36.1279969186174
3319,80,80.5737783388692,36.1279969186174
3320,80,80.5737783388692,36.1279969186174
3321,80,80.5737783388692,36.1279969186174
3322,80,80.5737783388692,36.1279969186174
3323,80,80.5737783388692,36.1279969186174
3324,80,80.5737783388692,36.1279969186174
3325,80,80.5737783388692,36.1279969186174
3326,80,80.5737783388692,36.1279969186174
3327,80,80.5737783388692,36.1279969186174
3328,80,80.5737783388692,36.1279969186174
3329,80,80.5737783388692,36.1279969186174
3330,80,80.5737783388692,36.1279969186174
3331,80,80.5737783388692,36.1279969186174
3332,80,80.5737783388692,36.1279969186174
3333,80,80.5737783388692,36.1279969186174
3334,80,80.5737783388692,36.1279969186174
3335,80,80.5737783388692,36.1279969186174
3336,80,80.5737783388692,36.1279969186174
3337,80,80.5737783388692,36.1279969186174
3338,80,80.5737783388692,36.1279969186174
3339,80,80.5737783388692,36.1279969186174
3340,80,80.5737783388692,36.1279969186174
3341,80,80.5737783388692,36.1279969186174
3342,80,80.5737783388692,36.1279969186174
3343,80,80.5737783388692,36.1279969186174
3344,80,80.5737783388692,36.1279969186174
3345,80,80.5737783388692,36.1279969186174
3346,80,80.5737783388692,36.1279969186174
3347,80,80.5737783388692,36.1279969186174
3348,80,80.5737783388692,36.1279969186174
3349,80,80.5737783388692,36.1279969186174
3350,80,80.5737783388692,36.1279969186174
3351,80,80.5737783388692,36.1279969186174
3352,80,80.5737783388692,36.1279969186174
3353,80,80.5737783388692,36.1279969186174
3354,80,80.5737783388692,36.1279969186174
3355,80,80.5737783388692,36.1279969186174
3356,80,80.5737783388692,36.1279969186174
3357,80,80.5737783388692,36.1279969186174
3358,80,80.5737783388692,36.1279969186174
3359,80,80.5737783388692,36.1279969186174
3360,80,80.5737783388692,36.1279969186174
3361,80,80.5737783388692,36.1279969186174
3362,80,80.5737783388692,36.1279969186174
3363,80,80.5737783388692,36.1279969186174
3364,80,80.5737783388692,36.1279969186174
3365,80,80.5737783388692,36.1279969186174
3366,80,80.5737783388692,36.1279969186174
3367,80,80.5737783388692,36.1279969186174
3368,80,80.5737783388692,36.1279969186174
3369,80,80.5737783388692,36.1279969186174
3370,80,80.5737783388692,36.1279969186174
3371,80,80.5737783388692,36.1279969186174
3372,80,80.5737783388692,36.1279969186174
3373,80,80.5737783388692,36.1279969186174
3374,80,80.5737783388692,36.1279969186174
3375,80,80.5737783388692,36.1279969186174
3376,80,80.5737783388692,36.1279969186174
3377,80,80.5737783388692,36.1279969186174
3378,80,80.5737783388692,36.1279969186174
3379,80,80.5737783388692,36.1279969186174
3380,80,80.5737783388692,36.1279969186174
3381,80,80.5737783388692,36.1279969186174
3382,80,80.5737783388692,36.1279969186174
3383,80,80.5737783388692,36.1279969186174
3384,80,80.5737783388692,36.1279969186174
3385,80,80.5737783388692,36.1279969186174
3386,80,80.5737783388692,36.1279969186174
3387,80,80.5737783388692,36.1279969186174
3388,80,80.5737783388692,36.1279969186174
3389,80,80.5737783388692,36.1279969186174
3390,80,80.5737783388692,36.1279969186174
3391,80,80.5737783388692,36.1279969186174
3392,80,80.5737783388692,36.1279969186174
3393,80,80.5737783388692,36.1279969186174
3394,80,80.5737783388692,36.1279969186174
3395,80,80.5737783388692,36.1279969186174
3396,80,80.5737783388692,36.1279969186174
3397,80,80.5737783388692,36.1279969186174
3398,80,80.5737783388692,36.1279969186174
3399,80,80.5737783388692,36.1279969186174
3400,80,80.5737783388692,36.1279969186174
3401,80,80.5737783388692,36.1279969186174
3402,80,80.5737783388692,36.1279969186174
3403,80,80.5737783388692,36.1279969186174
3404,80,80.5737783388692,36.1279969186174
3405,80,80.5737783388692,36.1279969186174
3406,80,80.5737783388692,36.1279969186174
3407,80,80.5737783388692,36.1279969186174
3408,80,80.5737783388692,36.1279969186174
3409,80,80.5737783388692,36.1279969186174
3410,80,80.5737783388692,36.1279969186174
3411,80,80.5737783388692,36.1279969186174
3412,80,80.5737783388692,36.1279969186174
3413,80,80.5737783388692,36.1279969186174
3414,80,80.5737783388692,36.1279969186174
3415,80,80.5737783388692,36.1279969186174
3416,80,80.5737783388692,36.1279969186174
3417,80,80.5737783388692,36.1279969186174
3418,80,80.5737783388692,36.1279969186174
3419,80,80.5737783388692,36.1279969186174
3420,80,80.5737783388692,36.1279969186174
3421,80,80.5737783388692,36.1279969186174
3422,80,80.5737783388692,36.1279969186174
3423,80,80.5737783388692,36.1279969186174
3424,80,80.5737783388692,36.1279969186174
3425,80,80.5737783388692,36.1279969186174
3426,80,80.5737783388692,36.1279969186174
3427,80,80.5737783388692,36.1279969186174
3428,80,80.5737783388692,36.1279969186174
3429,80,80.5737783388692,36.1279969186174
3430,80,80.5737783388692,36.1279969186174
3431,80,80.5737783388692,36.1279969186174
3432,80,80.5737783388692,36.1279969186174
3433,80,80.5737783388692,36.1279969186174
3434,80,80.5737783388692,36.1279969186174
3435,80,80.5737783388692,36.1279969186174
3436,80,80.5737783388692,36.1279969186174
3437,80,80.5737783388692,36.1279969186174
3438,80,80.5737783388692,36.1279969186174
3439,80,80.5737783388692,36.1279969186174
3440,80,80.5737783388692,36.1279969186174
3441,80,80.5737783388692,36.1279969186174
3442,80,80.5737783388692,36.1279969186174
3443,80,80.5737783388692,36.1279969186174
3444,80,80.5737783388692,36.1279969186174
3445,80,80.5737783388692,36.1279969186174
3446,80,80.5737783388692,36.1279969186174
3447,80,80.5737783388692,36.1279969186174
3448,80,80.5737783388692,36.1279969186174
3449,80,80.5737783388692,36.1279969186174
3450,80,80.5737783388692,36.1279969186174
3451,80,80.5737783388692,36.1279969186174
3452,80,80.5737783388692,36.1279969186174
3453,80,80.5737783388692,36.1279969186174
3454,80,80.5737783388692,36.1279969186174
3455,80,80.5737783388692,36.1279969186174
3456,80,80.5737783388692,36.1279969186174
3457,80,80.5737783388692,36.1279969186174
3458,80,80.5737783388692,36.1279969186174
3459,80,80.5737783388692,36.1279969186174
3460,80,80.5737783388692,36.1279969186174
3461,80,80.5737783388692,36.1279969186174
3462,80,80.5737783388692,36.1279969186174
3463,80,80.5737783388692,36.1279969186174
3464,80,80.5737783388692,36.1279969186174
3465,80,80.5737783388692,36.1279969186174
3466,80,80.5737783388692,36.1279969186174
3467,80,80.5737783388692,36.1279969186174
3468,80,80.5737783388692,36.1279969186174
3469,80,80.5737783388692,36.1279969186174
3470,80,80.5737783388692,36.1279969186174
3471,80,80.5737783388692,36.1279969186174
3472,80,80.5737783388692,36.1279969186174
3473,80,80.5737783388692,36.1279969186174
3474,80,80.5737783388692,36.1279969186174
3475,80,80.5737783388692,36.1279969186174
3476,80,80.5737783388692,36.1279969186174
3477,80,80.5737783388692,36.1279969186174
3478,80,80.5737783388692,36.1279969186174
3479,80,80.5737783388692,36.1279969186174
3480,80,80.5737783388692,36.1279969186174
3481,80,80.5737783388692,36.1279969186174
3482,80,80.5737783388692,36.1279969186174
3483,80,80.5737783388692,36.1279969186174
3484,80,80.5737783388692,36.1279969186174
3485,80,80.5737783388692,36.1279969186174
3486,80,80.4709650068319,35.8498087655795
3487,80,80.4709650068319,35.8498087655795
3488,80,80.4709650068319,35.8498087655795
3489,80,80.4709650068319,35.8498087655795
3490,80,80.4709650068319,35.8498087655795
3491,80,80.4709650068319,35.8498087655795
3492,80,80.4709650068319,35.8498087655795
3493,80,80.4709650068319,35.8498087655795
3494,80,80.4709650068319,35.8498087655795
3495,80,80.4709650068319,35.8498087655795
3496,80,80.4709650068319,35.8498087655795
3497,80,80.4709650068319,35.8498087655795
3498,80,80.4709650068319,35.8498087655795
3499,80,80.4709650068319,35.8498087655795
3500,80,80.4709650068319,35.8498087655795
3501,80,80.4709650068319,35.8498087655795
3502,80,80.4709650068319,35.8498087655795
3503,80,80.4709650068319,35.8498087655795
3504,80,80.4709650068319,35.8498087655795
3505,80,80.4709650068319,35.8498087655795
3506,80,80.4709650068319,35.8498087655795
3507,80,80.4709650068319,35.8498087655795
3508,80,80.4709650068319,35.8498087655795
3509,80,80.4709650068319,35.8498087655795
3510,80,80.4709650068319,35.8498087655795
3511,80,80.4709650068319,35.8498087655795
3512,80,80.4709650068319,35.8498087655795
3513,80,80.4709650068319,35.8498087655795
3514,80,80.4709650068319,35.8498087655795
3515,80,80.4709650068319,35.8498087655795
3516,80,80.4709650068319,35.8498087655795
3517,80,80.4709650068319,35.8498087655795
3518,80,80.4709650068319,35.8498087655795
3519,80,80.4709650068319,35.8498087655795
3520,80,80.4709650068319,35.8498087655795
3521,80,80.4709650068319,35.8498087655795
3522,80,80.4709650068319,35.8498087655795
3523,80,80.4709650068319,35.8498087655795
3524,80,80.4709650068319,35.8498087655795
3525,80,80.4709650068319,35.8498087655795
3526,80,80.4709650068319,35.8498087655795
3527,80,80.4709650068319,35.8498087655795
3528,80,80.4709650068319,35.8498087655795
3529,80,80.4709650068319,35.8498087655795
3530,80,80.4709650068319,35.8498087655795
3531,80,80.4709650068319,35.8498087655795
3532,80,80.4709650068319,35.8498087655795
3533,80,80.4709650068319,35.8498087655795
3534,80,80.4709650068319,35.8498087655795
3535,80,80.4709650068319,35.8498087655795
3536,80,80.4709650068319,35.8498087655795
3537,80,80.4709650068319,35.8498087655795
3538,80,80.4709650068319,35.8498087655795
3539,80,80.4709650068319,35.8498087655795
3540,80,80.4709650068319,35.8498087655795
3541,80,80.4709650068319,35.8498087655795
3542,80,80.4709650068319,35.8498087655795
3543,80,80.4709650068319,35.8498087655795
3544,80,80.4709650068319,35.8498087655795
3545,80,80.4709650068319,35.8498087655795
3546,80,80.4709650068319,35.8498087655795
3547,80,80.4709650068319,35.8498087655795
3548,80,80.4709650068319,35.8498087655795
3549,80,80.4709650068319,35.8498087655795
3550,80,80.4709650068319,35.8498087655795
3551,80,80.4709650068319,35.8498087655795
3552,80,80.4709650068319,35.8498087655795
3553,80,80.4709650068319,35.8498087655795
3554,80,80.4709650068319,35.8498087655795
3555,80,80.4709650068319,35.8498087655795
3556,80,80.4709650068319,35.8498087655795
3557,80,80.4709650068319,35.8498087655795
3558,80,80.4709650068319,35.8498087655795
3559,80,80.4709650068319,35.8498087655795
3560,80,80.4709650068319,35.8498087655795
3561,80,80.4709650068319,35.8498087655795
3562,80,80.4709650068319,35.8498087655795
3563,80,80.4709650068319,35.8498087655795
3564,80,80.4709650068319,35.8498087655795
3565,80,80.4709650068319,35.8498087655795
3566,80,80.4709650068319,35.8498087655795
3567,80,80.4709650068319,35.8498087655795
3568,80,80.4709650068319,35.8498087655795
3569,80,80.4709650068319,35.8498087655795
3570,80,80.4709650068319,35.8498087655795
3571,80,80.4709650068319,35.8498087655795
3572,80,80.4709650068319,35.8498087655795
3573,80,80.4709650068319,35.8498087655795
3574,80,80.4709650068319,35.8498087655795
3575,80,80.4709650068319,35.8498087655795
3576,80,80.4709650068319,35.8498087655795
3577,80,80.4709650068319,35.8498087655795
3578,80,80.4709650068319,35.8498087655795
3579,80,80.4709650068319,35.8498087655795
3580,80,80.4709650068319,35.8498087655795
3581,80,80.4709650068319,35.8498087655795
3582,80,80.4709650068319,35.8498087655795
3583,80,80.4709650068319,35.8498087655795
3584,80,80.4709650068319,35.8498087655795
3585,80,80.4709650068319,35.8498087655795
3586,80,80.4709650068319,35.8498087655795
3587,80,80.4709650068319,35.8498087655795
3588,80,80.4709650068319,35.8498087655795
3589,80,80.4709650068319,35.8498087655795
3590,80,80.4709650068319,35.8498087655795
3591,80,80.4709650068319,35.8498087655795
3592,80,80.4709650068319,35.8498087655795
3593,80,80.4709650068319,35.8498087655795
3594,80,80.4709650068319,35.8498087655795
3595,80,80.4709650068319,35.8498087655795
3596,80,80.4709650068319,35.8498087655795
3597,80,80.4709650068319,35.8498087655795
3598,80,80.4709650068319,35.8498087655795
3599,80,80.4709650068319,35.8498087655795
3600,80,80.4709650068319,35.8498087655795
3601,80,80.4709650068319,35.8498087655795
3602,80,80.4709650068319,35.8498087655795
3603,80,80.4709650068319,35.8498087655795
3604,80,80.4709650068319,35.8498087655795
3605,80,80.4709650068319,35.8498087655795
3606,80,80.4709650068319,35.8498087655795
3607,80,80.4709650068319,35.8498087655795
3608,80,80.4709650068319,35.8498087655795
3609,80,80.4709650068319,35.8498087655795
3610,80,80.4709650068319,35.8498087655795
3611,80,80.4709650068319,35.8498087655795
3612,80,80.4709650068319,35.8498087655795
3613,80,80.4709650068319,35.8498087655795
3614,80,80.4709650068319,35.8498087655795
3615,80,80.4709650068319,35.8498087655795
3616,80,80.4709650068319,35.8498087655795
3617,80,80.4709650068319,35.8498087655795
3618,80,80.4709650068319,35.8498087655795
3619,80,80.4709650068319,35.8498087655795
3620,80,80.4709650068319,35.8498087655795
3621,80,80.4709650068319,35.8498087655795
3622,80,80.4709650068319,35.8498087655795
3623,80,80.4709650068319,35.8498087655795
3624,80,80.4709650068319,35.8498087655795
3625,80,80.4709650068319,35.8498087655795
3626,80,80.4709650068319,35.8498087655795
3627,80,80.4709650068319,35.8498087655795
3628,80,80.4709650068319,35.8498087655795
3629,80,80.4709650068319,35.8498087655795
3630,80,80.4709650068319,35.8498087655795
3631,80,80.4709650068319,35.8498087655795
3632,80,80.4709650068319,35.8498087655795
3633,80,80.4709650068319,35.8498087655795
3634,80,80.4709650068319,35.8498087655795
3635,80,80.4709650068319,35.8498087655795
3636,80,80.4709650068319,35.8498087655795
3637,80,80.4709650068319,35.8498087655795
3638,80,80.4709650068319,35.8498087655795
3639,80,80.4709650068319,35.8498087655795
3640,80,80.4709650068319,35.8498087655795
3641,80,80.4709650068319,35.8498087655795
3642,80,80.4709650068319,35.8498087655795
3643,80,80.4709650068319,35.8498087655795
3644,80,80.4709650068319,35.8498087655795
3645,80,80.4709650068319,35.8498087655795
3646,80,80.4709650068319,35.8498087655795
3647,80,80.4709650068319,35.8498087655795
3648,80,80.4709650068319,35.8498087655795
3649,80,80.4709650068319,35.8498087655795
3650,80,80.4709650068319,35.8498087655795
3651,80,80.4709650068319,35.8498087655795
3652,80,80.4709650068319,35.8498087655795
3653,80,80.4709650068319,35.8498087655795
3654,80,80.4709650068319,35.8498087655795
3655,80,80.4709650068319,35.8498087655795
3656,80,80.4709650068319,35.8498087655795
3657,80,80.4709650068319,35.8498087655795
3658,80,80.4709650068319,35.8498087655795
3659,80,80.4709650068319,35.8498087655795
3660,80,80.4709650068319,35.8498087655795
3661,80,80.4709650068319,35.8498087655795
3662,80,80.4709650068319,35.8498087655795
3663,80,80.4709650068319,35.8498087655795
3664,80,80.4709650068319,35.8498087655795
3665,80,80.4709650068319,35.8498087655795
3666,80,80.4709650068319,35.8498087655795
3667,80,80.4709650068319,35.8498087655795
3668,80,80.4709650068319,35.8498087655795
3669,80,80.4709650068319,35.8498087655795
3670,80,80.4709650068319,35.8498087655795
3671,80,80.4709650068319,35.8498087655795
3672,80,80.4709650068319,35.8498087655795
3673,80,80.4709650068319,35.8498087655795
3674,80,80.4709650068319,35.8498087655795
3675,80,80.4709650068319,35.8498087655795
3676,80,80.4709650068319,35.8498087655795
3677,80,80.4709650068319,35.8498087655795
3678,80,80.4709650068319,35.8498087655795
3679,80,80.4709650068319,35.8498087655795
3680,80,80.4709650068319,35.8498087655795
3681,80,80.4709650068319,35.8498087655795
3682,80,80.4709650068319,35.8498087655795
3683,80,80.4709650068319,35.8498087655795
3684,80,80.4709650068319,35.8498087655795
3685,80,80.4709650068319,35.8498087655795
3686,80,80.4709650068319,35.8498087655795
3687,80,80.4709650068319,35.8498087655795
3688,80,80.4709650068319,35.8498087655795
3689,80,80.4709650068319,35.8498087655795
3690,80,80.4709650068319,35.8498087655795
3691,80,80.4709650068319,35.8498087655795
3692,80,80.4709650068319,35.8498087655795
3693,80,80.4709650068319,35.8498087655795
3694,80,80.4709650068319,35.8498087655795
3695,80,80.4709650068319,35.8498087655795
3696,80,80.4709650068319,35.8498087655795
3697,80,80.4709650068319,35.8498087655795
3698,80,80.4709650068319,35.8498087655795
3699,80,80.4709650068319,35.8498087655795
3700,80,80.4709650068319,35.8498087655795
3701,80,80.4709650068319,35.8498087655795
3702,80,80.4709650068319,35.8498087655795
3703,80,80.4709650068319,35.8498087655795
3704,80,80.4709650068319,35.8498087655795
3705,80,80.4709650068319,35.8498087655795
3706,80,80.4709650068319,35.8498087655795
3707,80,80.4709650068319,35.8498087655795
3708,80,80.4709650068319,35.8498087655795
3709,80,80.4709650068319,35.8498087655795
3710,80,80.4709650068319,35.8498087655795
3711,80,80.4709650068319,35.8498087655795
3712,80,80.4709650068319,35.8498087655795
3713,80,80.4709650068319,35.8498087655795
3714,80,80.4709650068319,35.8498087655795
3715,80,80.4709650068319,35.8498087655795
3716,80,80.4709650068319,35.8498087655795
3717,80,80.4709650068319,35.8498087655795
3718,80,80.4709650068319,35.8498087655795
3719,80,80.4709650068319,35.8498087655795
3720,80,80.4709650068319,35.8498087655795
3721,80,80.4709650068319,35.8498087655795
3722,80,80.4709650068319,35.8498087655795
3723,80,80.4709650068319,35.8498087655795
3724,80,80.4709650068319,35.8498087655795
3725,80,80.4709650068319,35.8498087655795
3726,80,80.4709650068319,35.8498087655795
3727,80,80.4709650068319,35.8498087655795
3728,80,80.4709650068319,35.8498087655795
3729,80,80.4709650068319,35.8498087655795
3730,80,80.4709650068319,35.8498087655795
3731,80,80.4709650068319,35.8498087655795
3732,80,80.4709650068319,35.8498087655795
3733,80,80.4709650068319,35.8498087655795
3734,80,80.4709650068319,35.8498087655795
3735,80,80.7841029198565,36.6981824147409
3736,80,80.7841029198565,36.6981824147409
3737,80,80.7841029198565,36.6981824147409
3738,80,80.7841029198565,36.6981824147409
3739,80,80.7841029198565,36.6981824147409
3740,80,80.7841029198565,36.6981824147409
3741,80,80.7841029198565,36.6981824147409
3742,80,80.7841029198565,36.6981824147409
3743,80,80.7841029198565,36.6981824147409
3744,80,80.7841029198565,36.6981824147409
3745,80,80.7841029198565,36.6981824147409
3746,80,80.7841029198565,36.6981824147409
3747,80,80.7841029198565,36.6981824147409
3748,80,80.7841029198565,36.6981824147409
3749,80,80.7841029198565,36.6981824147409
3750,80,80.7841029198565,36.6981824147409
3751,80,80.7841029198565,36.6981824147409
3752,80,80.7841029198565,36.6981824147409
3753,80,80.7841029198565,36.6981824147409
3754,80,80.7841029198565,36.6981824147409
3755,80,80.7841029198565,36.6981824147409
3756,80,80.7841029198565,36.6981824147409
3757,80,80.7841029198565,36.6981824147409
3758,80,80.7841029198565,36.6981824147409
3759,80,80.7841029198565,36.6981824147409
3760,80,80.7841029198565,36.6981824147409
3761,80,80.7841029198565,36.6981824147409
3762,80,80.7841029198565,36.6981824147409
3763,80,80.7841029198565,36.6981824147409
3764,80,80.7841029198565,36.6981824147409
3765,80,80.7841029198565,36.6981824147409
3766,80,80.7841029198565,36.6981824147409
3767,80,80.7841029198565,36.6981824147409
3768,80,80.7841029198565,36.6981824147409
3769,80,80.7841029198565,36.6981824147409
3770,80,80.7841029198565,36.6981824147409
3771,80,80.7841029198565,36.6981824147409
3772,80,80.7841029198565,36.6981824147409
3773,80,80.7841029198565,36.6981824147409
3774,80,80.7841029198565,36.6981824147409
3775,80,80.7841029198565,36.6981824147409
3776,80,80.7841029198565,36.6981824147409
3777,80,80.7841029198565,36.6981824147409
3778,80,80.7841029198565,36.6981824147409
3779,80,80.7841029198565,36.6981824147409
3780,80,80.7841029198565,36.6981824147409
3781,80,80.7841029198565,36.6981824147409
3782,80,80.7841029198565,36.6981824147409
3783,80,80.7841029198565,36.6981824147409
3784,80,80.7841029198565,36.6981824147409
3785,80,80.7841029198565,36.6981824147409
3786,80,80.7841029198565,36.6981824147409
3787,80,80.7841029198565,36.6981824147409
3788,80,80.7841029198565,36.6981824147409
3789,80,80.7841029198565,36.6981824147409
3790,80,80.7841029198565,36.6981824147409
3791,80,80.7841029198565,36.6981824147409
3792,80,80.7841029198565,36.6981824147409
3793,80,80.7841029198565,36.6981824147409
3794,80,80.7841029198565,36.6981824147409
3795,80,80.7841029198565,36.6981824147409
3796,80,80.7841029198565,36.6981824147409
3797,80,80.7841029198565,36.6981824147409
3798,80,80.7841029198565,36.6981824147409
3799,80,80.7841029198565,36.6981824147409
3800,80,80.7841029198565,36.6981824147409
3801,80,80.7841029198565,36.6981824147409
3802,80,80.7841029198565,36.6981824147409
3803,80,80.7841029198565,36.6981824147409
3804,80,80.7841029198565,36.6981824147409
3805,80,80.7841029198565,36.6981824147409
3806,80,80.7841029198565,36.6981824147409
3807,80,80.7841029198565,36.6981824147409
3808,80,80.7841029198565,36.6981824147409
3809,80,80.7841029198565,36.6981824147409
3810,80,80.7841029198565,36.6981824147409
3811,80,80.7841029198565,36.6981824147409
3812,80,80.7841029198565,36.6981824147409
3813,80,80.7841029198565,36.6981824147409
3814,80,80.7841029198565,36.6981824147409
3815,80,80.7841029198565,36.6981824147409
3816,80,80.7841029198565,36.6981824147409
3817,80,80.7841029198565,36.6981824147409
3818,80,80.7841029198565,36.6981824147409
3819,80,80.7841029198565,36.6981824147409
3820,80,80.7841029198565,36.6981824147409
3821,80,80.7841029198565,36.6981824147409
3822,80,80.7841029198565,36.6981824147409
3823,80,80.7841029198565,36.6981824147409
3824,80,80.7841029198565,36.6981824147409
3825,80,80.7841029198565,36.6981824147409
3826,80,80.7841029198565,36.6981824147409
3827,80,80.7841029198565,36.6981824147409
3828,80,80.7841029198565,36.6981824147409
3829,80,80.7841029198565,36.6981824147409
3830,80,80.7841029198565,36.6981824147409
3831,80,80.7841029198565,36.6981824147409
3832,80,80.7841029198565,36.6981824147409
3833,80,80.7841029198565,36.6981824147409
3834,80,80.7841029198565,36.6981824147409
3835,80,80.7841029198565,36.6981824147409
3836,80,80.7841029198565,36.6981824147409
3837,80,80.7841029198565,36.6981824147409
3838,80,80.7841029198565,36.6981824147409
3839,80,80.7841029198565,36.6981824147409
3840,80,80.7841029198565,36.6981824147409
3841,80,80.7841029198565,36.6981824147409
3842,80,80.7841029198565,36.6981824147409
3843,80,80.7841029198565,36.6981824147409
3844,80,80.7841029198565,36.6981824147409
3845,80,80.7841029198565,36.6981824147409
3846,80,80.7841029198565,36.6981824147409
3847,80,80.7841029198565,36.6981824147409
3848,80,80.7841029198565,36.6981824147409
3849,80,80.7841029198565,36.6981824147409
3850,80,80.7841029198565,36.6981824147409
3851,80,80.7841029198565,36.6981824147409
3852,80,80.7841029198565,36.6981824147409
3853,80,80.7841029198565,36.6981824147409
3854,80,80.7841029198565,36.6981824147409
3855,80,80.7841029198565,36.6981824147409
3856,80,80.7841029198565,36.6981824147409
3857,80,80.7841029198565,36.6981824147409
3858,80,80.7841029198565,36.6981824147409
3859,80,80.7841029198565,36.6981824147409
3860,80,80.7841029198565,36.6981824147409
3861,80,80.7841029198565,36.6981824147409
3862,80,80.7841029198565,36.6981824147409
3863,80,80.7841029198565,36.6981824147409
3864,80,80.7841029198565,36.6981824147409
3865,80,80.7841029198565,36.6981824147409
3866,80,80.7841029198565,36.6981824147409
3867,80,80.7841029198565,36.6981824147409
3868,80,80.7841029198565,36.6981824147409
3869,80,80.7841029198565,36.6981824147409
3870,80,80.7841029198565,36.6981824147409
3871,80,80.7841029198565,36.6981824147409
3872,80,80.7841029198565,36.6981824147409
3873,80,80.7841029198565,36.6981824147409
3874,80,80.7841029198565,36.6981824147409
3875,80,80.7841029198565,36.6981824147409
3876,80,80.7841029198565,36.6981824147409
3877,80,80.7841029198565,36.6981824147409
3878,80,80.7841029198565,36.6981824147409
3879,80,80.7841029198565,36.6981824147409
3880,80,80.7841029198565,36.6981824147409
3881,80,80.7841029198565,36.6981824147409
3882,80,80.7841029198565,36.6981824147409
3883,80,80.7841029198565,36.6981824147409
3884,80,80.7841029198565,36.6981824147409
3885,80,80.7841029198565,36.6981824147409
3886,80,80.7841029198565,36.6981824147409
3887,80,80.7841029198565,36.6981824147409
3888,80,80.7841029198565,36.6981824147409
3889,80,80.7841029198565,36.6981824147409
3890,80,80.7841029198565,36.6981824147409
3891,80,80.7841029198565,36.6981824147409
3892,80,80.7841029198565,36.6981824147409
3893,80,80.7841029198565,36.6981824147409
3894,80,80.7841029198565,36.6981824147409
3895,80,80.7841029198565,36.6981824147409
3896,80,80.7841029198565,36.6981824147409
3897,80,80.7841029198565,36.6981824147409
3898,80,80.7841029198565,36.6981824147409
3899,80,80.7841029198565,36.6981824147409
3900,80,80.7841029198565,36.6981824147409
3901,80,80.7841029198565,36.6981824147409
3902,80,80.7841029198565,36.6981824147409
3903,80,80.7841029198565,36.6981824147409
3904,80,80.7841029198565,36.6981824147409
3905,80,80.7841029198565,36.6981824147409
3906,80,80.7841029198565,36.6981824147409
3907,80,80.7841029198565,36.6981824147409
3908,80,80.7841029198565,36.6981824147409
3909,80,80.7841029198565,36.6981824147409
3910,80,80.7841029198565,36.6981824147409
3911,80,80.7841029198565,36.6981824147409
3912,80,80.7841029198565,36.6981824147409
3913,80,80.7841029198565,36.6981824147409
3914,80,80.7841029198565,36.6981824147409
3915,80,80.7841029198565,36.6981824147409
3916,80,80.7841029198565,36.6981824147409
3917,80,80.7841029198565,36.6981824147409
3918,80,80.7841029198565,36.6981824147409
3919,80,80.7841029198565,36.6981824147409
3920,80,80.7841029198565,36.6981824147409
3921,80,80.7841029198565,36.6981824147409
3922,80,80.7841029198565,36.6981824147409
3923,80,80.7841029198565,36.6981824147409
3924,80,80.7841029198565,36.6981824147409
3925,80,80.7841029198565,36.6981824147409
3926,80,80.7841029198565,36.6981824147409
3927,80,80.7841029198565,36.6981824147409
3928,80,80.7841029198565,36.6981824147409
3929,80,80.7841029198565,36.6981824147409
3930,80,80.7841029198565,36.6981824147409
3931,80,80.7841029198565,36.6981824147409
3932,80,80.7841029198565,36.6981824147409
3933,80,80.7841029198565,36.6981824147409
3934,80,80.7841029198565,36.6981824147409
3935,80,80.7841029198565,36.6981824147409
3936,80,80.7841029198565,36.6981824147409
3937,80,80.7841029198565,36.6981824147409
3938,80,80.7841029198565,36.6981824147409
3939,80,80.7841029198565,36.6981824147409
3940,80,80.7841029198565,36.6981824147409
3941,80,80.7841029198565,36.6981824147409
3942,80,80.7841029198565,36.6981824147409
3943,80,80.7841029198565,36.6981824147409
3944,80,80.7841029198565,36.6981824147409
3945,80,80.7841029198565,36.6981824147409
3946,80,80.7841029198565,36.6981824147409
3947,80,80.7841029198565,36.6981824147409
3948,80,80.7841029198565,36.6981824147409
3949,80,80.7841029198565,36.6981824147409
3950,80,80.7841029198565,36.6981824147409
3951,80,80.7841029198565,36.6981824147409
3952,80,80.7841029198565,36.6981824147409
3953,80,80.7841029198565,36.6981824147409
3954,80,80.7841029198565,36.6981824147409
3955,80,80.7841029198565,36.6981824147409
3956,80,80.7841029198565,36.6981824147409
3957,80,80.7841029198565,36.6981824147409
3958,80,80.7841029198565,36.6981824147409
3959,80,80.7841029198565,36.6981824147409
3960,80,80.7841029198565,36.6981824147409
3961,80,80.7841029198565,36.6981824147409
3962,80,80.7841029198565,36.6981824147409
3963,80,80.7841029198565,36.6981824147409
3964,80,80.7841029198565,36.6981824147409
3965,80,80.7841029198565,36.6981824147409
3966,80,80.7841029198565,36.6981824147409
3967,80,80.7841029198565,36.6981824147409
3968,80,80.7841029198565,36.6981824147409
3969,80,80.7841029198565,36.6981824147409
3970,80,80.7841029198565,36.6981824147409
3971,80,80.7841029198565,36.6981824147409
3972,80,80.7841029198565,36.6981824147409
3973,80,80.7841029198565,36.6981824147409
3974,80,80.7841029198565,36.6981824147409
3975,80,80.7841029198565,36.6981824147409
3976,80,80.7841029198565,36.6981824147409
3977,80,80.7841029198565,36.6981824147409
3978,80,80.7841029198565,36.6981824147409
3979,80,80.7841029198565,36.6981824147409
3980,80,80.7841029198565,36.6981824147409
3981,80,80.7841029198565,36.6981824147409
3982,80,80.7841029198565,36.6981824147409
3983,80,80.7841029198565,36.6981824147409
3984,80,80.7739894671918,36.2599915823094
3985,80,80.7739894671918,36.2599915823094
3986,80,80.7739894671918,36.2599915823094
3987,80,80.7739894671918,36.2599915823094
3988,80,80.7739894671918,36.2599915823094
3989,80,80.7739894671918,36.2599915823094
3990,80,80.7739894671918,36.2599915823094
3991,80,80.7739894671918,36.2599915823094
3992,80,80.7739894671918,36.2599915823094
3993,80,80.7739894671918,36.2599915823094
3994,80,80.7739894671918,36.2599915823094
3995,80,80.7739894671918,36.2599915823094
3996,80,80.7739894671918,36.2599915823094
3997,80,80.7739894671918,36.2599915823094
3998,80,80.7739894671918,36.2599915823094
3999,80,80.7739894671918,36.2599915823094
4000,80,80.7739894671918,36.2599915823094
4001,80,80.7739894671918,36.2599915823094
4002,80,80.7739894671918,36.2599915823094
4003,80,80.7739894671918,36.2599915823094
4004,80,80.7739894671918,36.2599915823094
4005,80,80.7739894671918,36.2599915823094
4006,80,80.7739894671918,36.2599915823094
4007,80,80.7739894671918,36.2599915823094
4008,80,80.7739894671918,36.2599915823094
4009,80,80.7739894671918,36.2599915823094
4010,80,80.7739894671918,36.2599915823094
4011,80,80.7739894671918,36.2599915823094
4012,80,80.7739894671918,36.2599915823094
4013,80,80.7739894671918,36.2599915823094
4014,80,80.7739894671918,36.2599915823094
4015,80,80.7739894671918,36.2599915823094
4016,80,80.7739894671918,36.2599915823094
4017,80,80.7739894671918,36.2599915823094
4018,80,80.7739894671918,36.2599915823094
4019,80,80.7739894671918,36.2599915823094
4020,80,80.7739894671918,36.2599915823094
4021,80,80.7739894671918,36.2599915823094
4022,80,80.7739894671918,36.2599915823094
4023,80,80.7739894671918,36.2599915823094
4024,80,80.7739894671918,36.2599915823094
4025,80,80.7739894671918,36.2599915823094
4026,80,80.7739894671918,36.2599915823094
4027,80,80.7739894671918,36.2599915823094
4028,80,80.7739894671918,36.2599915823094
4029,80,80.7739894671918,36.2599915823094
4030,80,80.7739894671918,36.2599915823094
4031,80,80.7739894671918,36.2599915823094
4032,80,80.7739894671918,36.2599915823094
4033,80,80.7739894671918,36.2599915823094
4034,80,80.7739894671918,36.2599915823094
4035,80,80.7739894671918,36.2599915823094
4036,80,80.7739894671918,36.2599915823094
4037,80,80.7739894671918,36.2599915823094
4038,80,80.7739894671918,36.2599915823094
4039,80,80.7739894671918,36.2599915823094
4040,80,80.7739894671918,36.2599915823094
4041,80,80.7739894671918,36.2599915823094
4042,80,80.7739894671918,36.2599915823094
4043,80,80.7739894671918,36.2599915823094
4044,80,80.7739894671918,36.2599915823094
4045,80,80.7739894671918,36.2599915823094
4046,80,80.7739894671918,36.2599915823094
4047,80,80.7739894671918,36.2599915823094
4048,80,80.7739894671918,36.2599915823094
4049,80,80.7739894671918,36.2599915823094
4050,80,80.7739894671918,36.2599915823094
4051,80,80.7739894671918,36.2599915823094
4052,80,80.7739894671918,36.2599915823094
4053,80,80.7739894671918,36.2599915823094
4054,80,80.7739894671918,36.2599915823094
4055,80,80.7739894671918,36.2599915823094
4056,80,80.7739894671918,36.2599915823094
4057,80,80.7739894671918,36.2599915823094
4058,80,80.7739894671918,36.2599915823094
4059,80,80.7739894671918,36.2599915823094
4060,80,80.7739894671918,36.2599915823094
4061,80,80.7739894671918,36.2599915823094
4062,80,80.7739894671918,36.2599915823094
4063,80,80.7739894671918,36.2599915823094
4064,80,80.7739894671918,36.2599915823094
4065,80,80.7739894671918,36.2599915823094
4066,80,80.7739894671918,36.2599915823094
4067,80,80.7739894671918,36.2599915823094
4068,80,80.7739894671918,36.2599915823094
4069,80,80.7739894671918,36.2599915823094
4070,80,80.7739894671918,36.2599915823094
4071,80,80.7739894671918,36.2599915823094
4072,80,80.7739894671918,36.2599915823094
4073,80,80.7739894671918,36.2599915823094
4074,80,80.7739894671918,36.2599915823094
4075,80,80.7739894671918,36.2599915823094
4076,80,80.7739894671918,36.2599915823094
4077,80,80.7739894671918,36.2599915823094
4078,80,80.7739894671918,36.2599915823094
4079,80,80.7739894671918,36.2599915823094
4080,80,80.7739894671918,36.2599915823094
4081,80,80.7739894671918,36.2599915823094
4082,80,80.7739894671918,36.2599915823094
4083,80,80.7739894671918,36.2599915823094
4084,80,80.7739894671918,36.2599915823094
4085,80,80.7739894671918,36.2599915823094
4086,80,80.7739894671918,36.2599915823094
4087,80,80.7739894671918,36.2599915823094
4088,80,80.7739894671918,36.2599915823094
4089,80,80.7739894671918,36.2599915823094
4090,80,80.7739894671918,36.2599915823094
4091,80,80.7739894671918,36.2599915823094
4092,80,80.7739894671918,36.2599915823094
4093,80,80.7739894671918,36.2599915823094
4094,80,80.7739894671918,36.2599915823094
4095,80,80.7739894671918,36.2599915823094
4096,80,80.7739894671918,36.2599915823094
4097,80,80.7739894671918,36.2599915823094
4098,80,80.7739894671918,36.2599915823094
4099,80,80.7739894671918,36.2599915823094
4100,80,80.7739894671918,36.2599915823094
4101,80,80.7739894671918,36.2599915823094
4102,80,80.7739894671918,36.2599915823094
4103,80,80.7739894671918,36.2599915823094
4104,80,80.7739894671918,36.2599915823094
4105,80,80.7739894671918,36.2599915823094
4106,80,80.7739894671918,36.2599915823094
4107,80,80.7739894671918,36.2599915823094
4108,80,80.7739894671918,36.2599915823094
4109,80,80.7739894671918,36.2599915823094
4110,80,80.7739894671918,36.2599915823094
4111,80,80.7739894671918,36.2599915823094
4112,80,80.7739894671918,36.2599915823094
4113,80,80.7739894671918,36.2599915823094
4114,80,80.7739894671918,36.2599915823094
4115,80,80.7739894671918,36.2599915823094
4116,80,80.7739894671918,36.2599915823094
4117,80,80.7739894671918,36.2599915823094
4118,80,80.7739894671918,36.2599915823094
4119,80,80.7739894671918,36.2599915823094
4120,80,80.7739894671918,36.2599915823094
4121,80,80.7739894671918,36.2599915823094
4122,80,80.7739894671918,36.2599915823094
4123,80,80.7739894671918,36.2599915823094
4124,80,80.7739894671918,36.2599915823094
4125,80,80.7739894671918,36.2599915823094
4126,80,80.7739894671918,36.2599915823094
4127,80,80.7739894671918,36.2599915823094
4128,80,80.7739894671918,36.2599915823094
4129,80,80.7739894671918,36.2599915823094
4130,80,80.7739894671918,36.2599915823094
4131,80,80.7739894671918,36.2599915823094
4132,80,80.7739894671918,36.2599915823094
4133,80,80.7739894671918,36.2599915823094
4134,80,80.7739894671918,36.2599915823094
4135,80,80.7739894671918,36.2599915823094
4136,80,80.7739894671918,36.2599915823094
4137,80,80.7739894671918,36.2599915823094
4138,80,80.7739894671918,36.2599915823094
4139,80,80.7739894671918,36.2599915823094
4140,80,80.7739894671918,36.2599915823094
4141,80,80.7739894671918,36.2599915823094
4142,80,80.7739894671918,36.2599915823094
4143,80,80.7739894671918,36.2599915823094
4144,80,80.7739894671918,36.2599915823094
4145,80,80.7739894671918,36.2599915823094
4146,80,80.7739894671918,36.2599915823094
4147,80,80.7739894671918,36.2599915823094
4148,80,80.7739894671918,36.2599915823094
4149,80,80.7739894671918,36.2599915823094
4150,80,80.7739894671918,36.2599915823094
4151,80,80.7739894671918,36.2599915823094
4152,80,80.7739894671918,36.2599915823094
4153,80,80.7739894671918,36.2599915823094
4154,80,80.7739894671918,36.2599915823094
4155,80,80.7739894671918,36.2599915823094
4156,80,80.7739894671918,36.2599915823094
4157,80,80.7739894671918,36.2599915823094
4158,80,80.7739894671918,36.2599915823094
4159,80,80.7739894671918,36.2599915823094
4160,80,80.7739894671918,36.2599915823094
4161,80,80.7739894671918,36.2599915823094
4162,80,80.7739894671918,36.2599915823094
4163,80,80.7739894671918,36.2599915823094
4164,80,80.7739894671918,36.2599915823094
4165,80,80.7739894671918,36.2599915823094
4166,80,80.7739894671918,36.2599915823094
4167,80,80.7739894671918,36.2599915823094
4168,80,80.7739894671918,36.2599915823094
4169,80,80.7739894671918,36.2599915823094
4170,80,80.7739894671918,36.2599915823094
4171,80,80.7739894671918,36.2599915823094
4172,80,80.7739894671918,36.2599915823094
4173,80,80.7739894671918,36.2599915823094
4174,80,80.7739894671918,36.2599915823094
4175,80,80.7739894671918,36.2599915823094
4176,80,80.7739894671918,36.2599915823094
4177,80,80.7739894671918,36.2599915823094
4178,80,80.7739894671918,36.2599915823094
4179,80,80.7739894671918,36.2599915823094
4180,80,80.7739894671918,36.2599915823094
4181,80,80.7739894671918,36.2599915823094
4182,80,80.7739894671918,36.2599915823094
4183,80,80.7739894671918,36.2599915823094
4184,80,80.7739894671918,36.2599915823094
4185,80,80.7739894671918,36.2599915823094
4186,80,80.7739894671918,36.2599915823094
4187,80,80.7739894671918,36.2599915823094
4188,80,80.7739894671918,36.2599915823094
4189,80,80.7739894671918,36.2599915823094
4190,80,80.7739894671918,36.2599915823094
4191,80,80.7739894671918,36.2599915823094
4192,80,80.7739894671918,36.2599915823094
4193,80,80.7739894671918,36.2599915823094
4194,80,80.7739894671918,36.2599915823094
4195,80,80.7739894671918,36.2599915823094
4196,80,80.7739894671918,36.2599915823094
4197,80,80.7739894671918,36.2599915823094
4198,80,80.7739894671918,36.2599915823094
4199,80,80.7739894671918,36.2599915823094
4200,80,80.7739894671918,36.2599915823094
4201,80,80.7739894671918,36.2599915823094
4202,80,80.7739894671918,36.2599915823094
4203,80,80.7739894671918,36.2599915823094
4204,80,80.7739894671918,36.2599915823094
4205,80,80.7739894671918,36.2599915823094
4206,80,80.7739894671918,36.2599915823094
4207,80,80.7739894671918,36.2599915823094
4208,80,80.7739894671918,36.2599915823094
4209,80,80.7739894671918,36.2599915823094
4210,80,80.7739894671918,36.2599915823094
4211,80,80.7739894671918,36.2599915823094
4212,80,80.7739894671918,36.2599915823094
4213,80,80.7739894671918,36.2599915823094
4214,80,80.7739894671918,36.2599915823094
4215,80,80.7739894671918,36.2599915823094
4216,80,80.7739894671918,36.2599915823094
4217,80,80.7739894671918,36.2599915823094
4218,80,80.7739894671918,36.2599915823094
4219,80,80.7739894671918,36.2599915823094
4220,80,80.7739894671918,36.2599915823094
4221,80,80.7739894671918,36.2599915823094
4222,80,80.7739894671918,36.2599915823094
4223,80,80.7739894671918,36.2599915823094
4224,80,80.7739894671918,36.2599915823094
4225,80,80.7739894671918,36.2599915823094
4226,80,80.7739894671918,36.2599915823094
4227,80,80.7739894671918,36.2599915823094
4228,80,80.7739894671918,36.2599915823094
4229,80,80.7739894671918,36.2599915823094
4230,80,80.7739894671918,36.2599915823094
4231,80,80.7739894671918,36.2599915823094
4232,80,80.7739894671918,36.2599915823094
4233,80,80.7967140885796,36.3356440855229
4234,80,80.7967140885796,36.3356440855229
4235,80,80.7967140885796,36.3356440855229
4236,80,80.7967140885796,36.3356440855229
4237,80,80.7967140885796,36.3356440855229
4238,80,80.7967140885796,36.3356440855229
4239,80,80.7967140885796,36.3356440855229
4240,80,80.7967140885796,36.3356440855229
4241,80,80.7967140885796,36.3356440855229
4242,80,80.7967140885796,36.3356440855229
4243,80,80.7967140885796,36.3356440855229
4244,80,80.7967140885796,36.3356440855229
4245,80,80.7967140885796,36.3356440855229
4246,80,80.7967140885796,36.3356440855229
4247,80,80.7967140885796,36.3356440855229
4248,80,80.7967140885796,36.3356440855229
4249,80,80.7967140885796,36.3356440855229
4250,80,80.7967140885796,36.3356440855229
4251,80,80.7967140885796,36.3356440855229
4252,80,80.7967140885796,36.3356440855229
4253,80,80.7967140885796,36.3356440855229
4254,80,80.7967140885796,36.3356440855229
4255,80,80.7967140885796,36.3356440855229
4256,80,80.7967140885796,36.3356440855229
4257,80,80.7967140885796,36.3356440855229
4258,80,80.7967140885796,36.3356440855229
4259,80,80.7967140885796,36.3356440855229
4260,80,80.7967140885796,36.3356440855229
4261,80,80.7967140885796,36.3356440855229
4262,80,80.7967140885796,36.3356440855229
4263,80,80.7967140885796,36.3356440855229
4264,80,80.7967140885796,36.3356440855229
4265,80,80.7967140885796,36.3356440855229
4266,80,80.7967140885796,36.3356440855229
4267,80,80.7967140885796,36.3356440855229
4268,80,80.7967140885796,36.3356440855229
4269,80,80.7967140885796,36.3356440855229
4270,80,80.7967140885796,36.3356440855229
4271,80,80.7967140885796,36.3356440855229
4272,80,80.7967140885796,36.3356440855229
4273,80,80.7967140885796,36.3356440855229
4274,80,80.7967140885796,36.3356440855229
4275,80,80.7967140885796,36.3356440855229
4276,80,80.7967140885796,36.3356440855229
4277,80,80.7967140885796,36.3356440855229
4278,80,80.7967140885796,36.3356440855229
4279,80,80.7967140885796,36.3356440855229
4280,80,80.7967140885796,36.3356440855229
4281,80,80.7967140885796,36.3356440855229
4282,80,80.7967140885796,36.3356440855229
4283,80,80.7967140885796,36.3356440855229
4284,80,80.7967140885796,36.3356440855229
4285,80,80.7967140885796,36.3356440855229
4286,80,80.7967140885796,36.3356440855229
4287,80,80.7967140885796,36.3356440855229
4288,80,80.7967140885796,36.3356440855229
4289,80,80.7967140885796,36.3356440855229
4290,80,80.7967140885796,36.3356440855229
4291,80,80.7967140885796,36.3356440855229
4292,80,80.7967140885796,36.3356440855229
4293,80,80.7967140885796,36.3356440855229
4294,80,80.7967140885796,36.3356440855229
4295,80,80.7967140885796,36.3356440855229
4296,80,80.7967140885796,36.3356440855229
4297,80,80.7967140885796,36.3356440855229
4298,80,80.7967140885796,36.3356440855229
4299,80,80.7967140885796,36.3356440855229
4300,80,80.7967140885796,36.3356440855229
4301,80,80.7967140885796,36.3356440855229
4302,80,80.7967140885796,36.3356440855229
4303,80,80.7967140885796,36.3356440855229
4304,80,80.7967140885796,36.3356440855229
4305,80,80.7967140885796,36.3356440855229
4306,80,80.7967140885796,36.3356440855229
4307,80,80.7967140885796,36.3356440855229
4308,80,80.7967140885796,36.3356440855229
4309,80,80.7967140885796,36.3356440855229
4310,80,80.7967140885796,36.3356440855229
4311,80,80.7967140885796,36.3356440855229
4312,80,80.7967140885796,36.3356440855229
4313,80,80.7967140885796,36.3356440855229
4314,80,80.7967140885796,36.3356440855229
4315,80,80.7967140885796,36.3356440855229
4316,80,80.7967140885796,36.3356440855229
4317,80,80.7967140885796,36.3356440855229
4318,80,80.7967140885796,36.3356440855229
4319,80,80.7967140885796,36.3356440855229
4320,80,80.7967140885796,36.3356440855229
4321,80,80.7967140885796,36.3356440855229
4322,80,80.7967140885796,36.3356440855229
4323,80,80.7967140885796,36.3356440855229
4324,80,80.7967140885796,36.3356440855229
4325,80,80.7967140885796,36.3356440855229
4326,80,80.7967140885796,36.3356440855229
4327,80,80.7967140885796,36.3356440855229
4328,80,80.7967140885796,36.3356440855229
4329,80,80.7967140885796,36.3356440855229
4330,80,80.7967140885796,36.3356440855229
4331,80,80.7967140885796,36.3356440855229
4332,80,80.7967140885796,36.3356440855229
4333,80,80.7967140885796,36.3356440855229
4334,80,80.7967140885796,36.3356440855229
4335,80,80.7967140885796,36.3356440855229
4336,80,80.7967140885796,36.3356440855229
4337,80,80.7967140885796,36.3356440855229
4338,80,80.7967140885796,36.3356440855229
4339,80,80.7967140885796,36.3356440855229
4340,80,80.7967140885796,36.3356440855229
4341,80,80.7967140885796,36.3356440855229
4342,80,80.7967140885796,36.3356440855229
4343,80,80.7967140885796,36.3356440855229
4344,80,80.7967140885796,36.3356440855229
4345,80,80.7967140885796,36.3356440855229
4346,80,80.7967140885796,36.3356440855229
4347,80,80.7967140885796,36.3356440855229
4348,80,80.7967140885796,36.3356440855229
4349,80,80.7967140885796,36.3356440855229
4350,80,80.7967140885796,36.3356440855229
4351,80,80.7967140885796,36.3356440855229
4352,80,80.7967140885796,36.3356440855229
4353,80,80.7967140885796,36.3356440855229
4354,80,80.7967140885796,36.3356440855229
4355,80,80.7967140885796,36.3356440855229
4356,80,80.7967140885796,36.3356440855229
4357,80,80.7967140885796,36.3356440855229
4358,80,80.7967140885796,36.3356440855229
4359,80,80.7967140885796,36.3356440855229
4360,80,80.7967140885796,36.3356440855229
4361,80,80.7967140885796,36.3356440855229
4362,80,80.7967140885796,36.3356440855229
4363,80,80.7967140885796,36.3356440855229
4364,80,80.7967140885796,36.3356440855229
4365,80,80.7967140885796,36.3356440855229
4366,80,80.7967140885796,36.3356440855229
4367,80,80.7967140885796,36.3356440855229
4368,80,80.7967140885796,36.3356440855229
4369,80,80.7967140885796,36.3356440855229
4370,80,80.7967140885796,36.3356440855229
4371,80,80.7967140885796,36.3356440855229
4372,80,80.7967140885796,36.3356440855229
4373,80,80.7967140885796,36.3356440855229
4374,80,80.7967140885796,36.3356440855229
4375,80,80.7967140885796,36.3356440855229
4376,80,80.7967140885796,36.3356440855229
4377,80,80.7967140885796,36.3356440855229
4378,80,80.7967140885796,36.3356440855229
4379,80,80.7967140885796,36.3356440855229
4380,80,80.7967140885796,36.3356440855229
4381,80,80.7967140885796,36.3356440855229
4382,80,80.7967140885796,36.3356440855229
4383,80,80.7967140885796,36.3356440855229
4384,80,80.7967140885796,36.3356440855229
4385,80,80.7967140885796,36.3356440855229
4386,80,80.7967140885796,36.3356440855229
4387,80,80.7967140885796,36.3356440855229
4388,80,80.7967140885796,36.3356440855229
4389,80,80.7967140885796,36.3356440855229
4390,80,80.7967140885796,36.3356440855229
4391,80,80.7967140885796,36.3356440855229
4392,80,80.7967140885796,36.3356440855229
4393,80,80.7967140885796,36.3356440855229
4394,80,80.7967140885796,36.3356440855229
4395,80,80.7967140885796,36.3356440855229
4396,80,80.7967140885796,36.3356440855229
4397,80,80.7967140885796,36.3356440855229
4398,80,80.7967140885796,36.3356440855229
4399,80,80.7967140885796,36.3356440855229
4400,80,80.7967140885796,36.3356440855229
4401,80,80.7967140885796,36.3356440855229
4402,80,80.7967140885796,36.3356440855229
4403,80,80.7967140885796,36.3356440855229
4404,80,80.7967140885796,36.3356440855229
4405,80,80.7967140885796,36.3356440855229
4406,80,80.7967140885796,36.3356440855229
4407,80,80.7967140885796,36.3356440855229
4408,80,80.7967140885796,36.3356440855229
4409,80,80.7967140885796,36.3356440855229
4410,80,80.7967140885796,36.3356440855229
4411,80,80.7967140885796,36.3356440855229
4412,80,80.7967140885796,36.3356440855229
4413,80,80.7967140885796,36.3356440855229
4414,80,80.7967140885796,36.3356440855229
4415,80,80.7967140885796,36.3356440855229
4416,80,80.7967140885796,36.3356440855229
4417,80,80.7967140885796,36.3356440855229
4418,80,80.7967140885796,36.3356440855229
4419,80,80.7967140885796,36.3356440855229
4420,80,80.7967140885796,36.3356440855229
4421,80,80.7967140885796,36.3356440855229
4422,80,80.7967140885796,36.3356440855229
4423,80,80.7967140885796,36.3356440855229
4424,80,80.7967140885796,36.3356440855229
4425,80,80.7967140885796,36.3356440855229
4426,80,80.7967140885796,36.3356440855229
4427,80,80.7967140885796,36.3356440855229
4428,80,80.7967140885796,36.3356440855229
4429,80,80.7967140885796,36.3356440855229
4430,80,80.7967140885796,36.3356440855229
4431,80,80.7967140885796,36.3356440855229
4432,80,80.7967140885796,36.3356440855229
4433,80,80.7967140885796,36.3356440855229
4434,80,80.7967140885796,36.3356440855229
4435,80,80.7967140885796,36.3356440855229
4436,80,80.7967140885796,36.3356440855229
4437,80,80.7967140885796,36.3356440855229
4438,80,80.7967140885796,36.3356440855229
4439,80,80.7967140885796,36.3356440855229
4440,80,80.7967140885796,36.3356440855229
4441,80,80.7967140885796,36.3356440855229
4442,80,80.7967140885796,36.3356440855229
4443,80,80.7967140885796,36.3356440855229
4444,80,80.7967140885796,36.3356440855229
4445,80,80.7967140885796,36.3356440855229
4446,80,80.7967140885796,36.3356440855229
4447,80,80.7967140885796,36.3356440855229
4448,80,80.7967140885796,36.3356440855229
4449,80,80.7967140885796,36.3356440855229
4450,80,80.7967140885796,36.3356440855229
4451,80,80.7967140885796,36.3356440855229
4452,80,80.7967140885796,36.3356440855229
4453,80,80.7967140885796,36.3356440855229
4454,80,80.7967140885796,36.3356440855229
4455,80,80.7967140885796,36.3356440855229
4456,80,80.7967140885796,36.3356440855229
4457,80,80.7967140885796,36.3356440855229
4458,80,80.7967140885796,36.3356440855229
4459,80,80.7967140885796,36.3356440855229
4460,80,80.7967140885796,36.3356440855229
4461,80,80.7967140885796,36.3356440855229
4462,80,80.7967140885796,36.3356440855229
4463,80,80.7967140885796,36.3356440855229
4464,80,80.7967140885796,36.3356440855229
4465,80,80.7967140885796,36.3356440855229
4466,80,80.7967140885796,36.3356440855229
4467,80,80.7967140885796,36.3356440855229
4468,80,80.7967140885796,36.3356440855229
4469,80,80.7967140885796,36.3356440855229
4470,80,80.7967140885796,36.3356440855229
4471,80,80.7967140885796,36.3356440855229
4472,80,80.7967140885796,36.3356440855229
4473,80,80.7967140885796,36.3356440855229
4474,80,80.7967140885796,36.3356440855229
4475,80,80.7967140885796,36.3356440855229
4476,80,80.7967140885796,36.3356440855229
4477,80,80.7967140885796,36.3356440855229
4478,80,80.7967140885796,36.3356440855229
4479,80,80.7967140885796,36.3356440855229
4480,80,80.7967140885796,36.3356440855229
4481,80,80.7967140885796,36.3356440855229
4482,80,80.6545926518841,36.2900037635833
4483,80,80.6545926518841,36.2900037635833
4484,80,80.6545926518841,36.2900037635833
4485,80,80.6545926518841,36.2900037635833
4486,80,80.6545926518841,36.2900037635833
4487,80,80.6545926518841,36.2900037635833
4488,80,80.6545926518841,36.2900037635833
4489,80,80.6545926518841,36.2900037635833
4490,80,80.6545926518841,36.2900037635833
4491,80,80.6545926518841,36.2900037635833
4492,80,80.6545926518841,36.2900037635833
4493,80,80.6545926518841,36.2900037635833
4494,80,80.6545926518841,36.2900037635833
4495,80,80.6545926518841,36.2900037635833
4496,80,80.6545926518841,36.2900037635833
4497,80,80.6545926518841,36.2900037635833
4498,80,80.6545926518841,36.2900037635833
4499,80,80.6545926518841,36.2900037635833
4500,80,80.6545926518841,36.2900037635833
4501,80,80.6545926518841,36.2900037635833
4502,80,80.6545926518841,36.2900037635833
4503,80,80.6545926518841,36.2900037635833
4504,80,80.6545926518841,36.2900037635833
4505,80,80.6545926518841,36.2900037635833
4506,80,80.6545926518841,36.2900037635833
4507,80,80.6545926518841,36.2900037635833
4508,80,80.6545926518841,36.2900037635833
4509,80,80.6545926518841,36.2900037635833
4510,80,80.6545926518841,36.2900037635833
4511,80,80.6545926518841,36.2900037635833
4512,80,80.6545926518841,36.2900037635833
4513,80,80.6545926518841,36.2900037635833
4514,80,80.6545926518841,36.2900037635833
4515,80,80.6545926518841,36.2900037635833
4516,80,80.6545926518841,36.2900037635833
4517,80,80.6545926518841,36.2900037635833
4518,80,80.6545926518841,36.2900037635833
4519,80,80.6545926518841,36.2900037635833
4520,80,80.6545926518841,36.2900037635833
4521,80,80.6545926518841,36.2900037635833
4522,80,80.6545926518841,36.2900037635833
4523,80,80.6545926518841,36.2900037635833
4524,80,80.6545926518841,36.2900037635833
4525,80,80.6545926518841,36.2900037635833
4526,80,80.6545926518841,36.2900037635833
4527,80,80.6545926518841,36.2900037635833
4528,80,80.6545926518841,36.2900037635833
4529,80,80.6545926518841,36.2900037635833
4530,80,80.6545926518841,36.2900037635833
4531,80,80.6545926518841,36.2900037635833
4532,80,80.6545926518841,36.2900037635833
4533,80,80.6545926518841,36.2900037635833
4534,80,80.6545926518841,36.2900037635833
4535,80,80.6545926518841,36.2900037635833
4536,80,80.6545926518841,36.2900037635833
4537,80,80.6545926518841,36.2900037635833
4538,80,80.6545926518841,36.2900037635833
4539,80,80.6545926518841,36.2900037635833
4540,80,80.6545926518841,36.2900037635833
4541,80,80.6545926518841,36.2900037635833
4542,80,80.6545926518841,36.2900037635833
4543,80,80.6545926518841,36.2900037635833
4544,80,80.6545926518841,36.2900037635833
4545,80,80.6545926518841,36.2900037635833
4546,80,80.6545926518841,36.2900037635833
4547,80,80.6545926518841,36.2900037635833
4548,80,80.6545926518841,36.2900037635833
4549,80,80.6545926518841,36.2900037635833
4550,80,80.6545926518841,36.2900037635833
4551,80,80.6545926518841,36.2900037635833
4552,80,80.6545926518841,36.2900037635833
4553,80,80.6545926518841,36.2900037635833
4554,80,80.6545926518841,36.2900037635833
4555,80,80.6545926518841,36.2900037635833
4556,80,80.6545926518841,36.2900037635833
4557,80,80.6545926518841,36.2900037635833
4558,80,80.6545926518841,36.2900037635833
4559,80,80.6545926518841,36.2900037635833
4560,80,80.6545926518841,36.2900037635833
4561,80,80.6545926518841,36.2900037635833
4562,80,80.6545926518841,36.2900037635833
4563,80,80.6545926518841,36.2900037635833
4564,80,80.6545926518841,36.2900037635833
4565,80,80.6545926518841,36.2900037635833
4566,80,80.6545926518841,36.2900037635833
4567,80,80.6545926518841,36.2900037635833
4568,80,80.6545926518841,36.2900037635833
4569,80,80.6545926518841,36.2900037635833
4570,80,80.6545926518841,36.2900037635833
4571,80,80.6545926518841,36.2900037635833
4572,80,80.6545926518841,36.2900037635833
4573,80,80.6545926518841,36.2900037635833
4574,80,80.6545926518841,36.2900037635833
4575,80,80.6545926518841,36.2900037635833
4576,80,80.6545926518841,36.2900037635833
4577,80,80.6545926518841,36.2900037635833
4578,80,80.6545926518841,36.2900037635833
4579,80,80.6545926518841,36.2900037635833
4580,80,80.6545926518841,36.2900037635833
4581,80,80.6545926518841,36.2900037635833
4582,80,80.6545926518841,36.2900037635833
4583,80,80.6545926518841,36.2900037635833
4584,80,80.6545926518841,36.2900037635833
4585,80,80.6545926518841,36.2900037635833
4586,80,80.6545926518841,36.2900037635833
4587,80,80.6545926518841,36.2900037635833
4588,80,80.6545926518841,36.2900037635833
4589,80,80.6545926518841,36.2900037635833
4590,80,80.6545926518841,36.2900037635833
4591,80,80.6545926518841,36.2900037635833
4592,80,80.6545926518841,36.2900037635833
4593,80,80.6545926518841,36.2900037635833
4594,80,80.6545926518841,36.2900037635833
4595,80,80.6545926518841,36.2900037635833
4596,80,80.6545926518841,36.2900037635833
4597,80,80.6545926518841,36.2900037635833
4598,80,80.6545926518841,36.2900037635833
4599,80,80.6545926518841,36.2900037635833
4600,80,80.6545926518841,36.2900037635833
4601,80,80.6545926518841,36.2900037635833
4602,80,80.6545926518841,36.2900037635833
4603,80,80.6545926518841,36.2900037635833
4604,80,80.6545926518841,36.2900037635833
4605,80,80.6545926518841,36.2900037635833
4606,80,80.6545926518841,36.2900037635833
4607,80,80.6545926518841,36.2900037635833
4608,80,80.6545926518841,36.2900037635833
4609,80,80.6545926518841,36.2900037635833
4610,80,80.6545926518841,36.2900037635833
4611,80,80.6545926518841,36.2900037635833
4612,80,80.6545926518841,36.2900037635833
4613,80,80.6545926518841,36.2900037635833
4614,80,80.6545926518841,36.2900037635833
4615,80,80.6545926518841,36.2900037635833
4616,80,80.6545926518841,36.2900037635833
4617,80,80.6545926518841,36.2900037635833
4618,80,80.6545926518841,36.2900037635833
4619,80,80.6545926518841,36.2900037635833
4620,80,80.6545926518841,36.2900037635833
4621,80,80.6545926518841,36.2900037635833
4622,80,80.6545926518841,36.2900037635833
4623,80,80.6545926518841,36.2900037635833
4624,80,80.6545926518841,36.2900037635833
4625,80,80.6545926518841,36.2900037635833
4626,80,80.6545926518841,36.2900037635833
4627,80,80.6545926518841,36.2900037635833
4628,80,80.6545926518841,36.2900037635833
4629,80,80.6545926518841,36.2900037635833
4630,80,80.6545926518841,36.2900037635833
4631,80,80.6545926518841,36.2900037635833
4632,80,80.6545926518841,36.2900037635833
4633,80,80.6545926518841,36.2900037635833
4634,80,80.6545926518841,36.2900037635833
4635,80,80.6545926518841,36.2900037635833
4636,80,80.6545926518841,36.2900037635833
4637,80,80.6545926518841,36.2900037635833
4638,80,80.6545926518841,36.2900037635833
4639,80,80.6545926518841,36.2900037635833
4640,80,80.6545926518841,36.2900037635833
4641,80,80.6545926518841,36.2900037635833
4642,80,80.6545926518841,36.2900037635833
4643,80,80.6545926518841,36.2900037635833
4644,80,80.6545926518841,36.2900037635833
4645,80,80.6545926518841,36.2900037635833
4646,80,80.6545926518841,36.2900037635833
4647,80,80.6545926518841,36.2900037635833
4648,80,80.6545926518841,36.2900037635833
4649,80,80.6545926518841,36.2900037635833
4650,80,80.6545926518841,36.2900037635833
4651,80,80.6545926518841,36.2900037635833
4652,80,80.6545926518841,36.2900037635833
4653,80,80.6545926518841,36.2900037635833
4654,80,80.6545926518841,36.2900037635833
4655,80,80.6545926518841,36.2900037635833
4656,80,80.6545926518841,36.2900037635833
4657,80,80.6545926518841,36.2900037635833
4658,80,80.6545926518841,36.2900037635833
4659,80,80.6545926518841,36.2900037635833
4660,80,80.6545926518841,36.2900037635833
4661,80,80.6545926518841,36.2900037635833
4662,80,80.6545926518841,36.2900037635833
4663,80,80.6545926518841,36.2900037635833
4664,80,80.6545926518841,36.2900037635833
4665,80,80.6545926518841,36.2900037635833
4666,80,80.6545926518841,36.2900037635833
4667,80,80.6545926518841,36.2900037635833
4668,80,80.6545926518841,36.2900037635833
4669,80,80.6545926518841,36.2900037635833
4670,80,80.6545926518841,36.2900037635833
4671,80,80.6545926518841,36.2900037635833
4672,80,80.6545926518841,36.2900037635833
4673,80,80.6545926518841,36.2900037635833
4674,80,80.6545926518841,36.2900037635833
4675,80,80.6545926518841,36.2900037635833
4676,80,80.6545926518841,36.2900037635833
4677,80,80.6545926518841,36.2900037635833
4678,80,80.6545926518841,36.2900037635833
4679,80,80.6545926518841,36.2900037635833
4680,80,80.6545926518841,36.2900037635833
4681,80,80.6545926518841,36.2900037635833
4682,80,80.6545926518841,36.2900037635833
4683,80,80.6545926518841,36.2900037635833
4684,80,80.6545926518841,36.2900037635833
4685,80,80.6545926518841,36.2900037635833
4686,80,80.6545926518841,36.2900037635833
4687,80,80.6545926518841,36.2900037635833
4688,80,80.6545926518841,36.2900037635833
4689,80,80.6545926518841,36.2900037635833
4690,80,80.6545926518841,36.2900037635833
4691,80,80.6545926518841,36.2900037635833
4692,80,80.6545926518841,36.2900037635833
4693,80,80.6545926518841,36.2900037635833
4694,80,80.6545926518841,36.2900037635833
4695,80,80.6545926518841,36.2900037635833
4696,80,80.6545926518841,36.2900037635833
4697,80,80.6545926518841,36.2900037635833
4698,80,80.6545926518841,36.2900037635833
4699,80,80.6545926518841,36.2900037635833
4700,80,80.6545926518841,36.2900037635833
4701,80,80.6545926518841,36.2900037635833
4702,80,80.6545926518841,36.2900037635833
4703,80,80.6545926518841,36.2900037635833
4704,80,80.6545926518841,36.2900037635833
4705,80,80.6545926518841,36.2900037635833
4706,80,80.6545926518841,36.2900037635833
4707,80,80.6545926518841,36.2900037635833
4708,80,80.6545926518841,36.2900037635833
4709,80,80.6545926518841,36.2900037635833
4710,80,80.6545926518841,36.2900037635833
4711,80,80.6545926518841,36.2900037635833
4712,80,80.6545926518841,36.2900037635833
4713,80,80.6545926518841,36.2900037635833
4714,80,80.6545926518841,36.2900037635833
4715,80,80.6545926518841,36.2900037635833
4716,80,80.6545926518841,36.2900037635833
4717,80,80.6545926518841,36.2900037635833
4718,80,80.6545926518841,36.2900037635833
4719,80,80.6545926518841,36.2900037635833
4720,80,80.6545926518841,36.2900037635833
4721,80,80.6545926518841,36.2900037635833
4722,80,80.6545926518841,36.2900037635833
4723,80,80.6545926518841,36.2900037635833
4724,80,80.6545926518841,36.2900037635833
4725,80,80.6545926518841,36.2900037635833
4726,80,80.6545926518841,36.2900037635833
4727,80,80.6545926518841,36.2900037635833
4728,80,80.6545926518841,36.2900037635833
4729,80,80.6545926518841,36.2900037635833
4730,80,80.6545926518841,36.2900037635833
4731,80,80.5811492457829,36.4283180793126
4732,80,80.5811492457829,36.4283180793126
4733,80,80.5811492457829,36.4283180793126
4734,80,80.5811492457829,36.4283180793126
4735,80,80.5811492457829,36.4283180793126
4736,80,80.5811492457829,36.4283180793126
4737,80,80.5811492457829,36.4283180793126
4738,80,80.5811492457829,36.4283180793126
4739,80,80.5811492457829,36.4283180793126
4740,80,80.5811492457829,36.4283180793126
4741,80,80.5811492457829,36.4283180793126
4742,80,80.5811492457829,36.4283180793126
4743,80,80.5811492457829,36.4283180793126
4744,80,80.5811492457829,36.4283180793126
4745,80,80.5811492457829,36.4283180793126
4746,80,80.5811492457829,36.4283180793126
4747,80,80.5811492457829,36.4283180793126
4748,80,80.5811492457829,36.4283180793126
4749,80,80.5811492457829,36.4283180793126
4750,80,80.5811492457829,36.4283180793126
4751,80,80.5811492457829,36.4283180793126
4752,80,80.5811492457829,36.4283180793126
4753,80,80.5811492457829,36.4283180793126
4754,80,80.5811492457829,36.4283180793126
4755,80,80.5811492457829,36.4283180793126
4756,80,80.5811492457829,36.4283180793126
4757,80,80.5811492457829,36.4283180793126
4758,80,80.5811492457829,36.4283180793126
4759,80,80.5811492457829,36.4283180793126
4760,80,80.5811492457829,36.4283180793126
4761,80,80.5811492457829,36.4283180793126
4762,80,80.5811492457829,36.4283180793126
4763,80,80.5811492457829,36.4283180793126
4764,80,80.5811492457829,36.4283180793126
4765,80,80.5811492457829,36.4283180793126
4766,80,80.5811492457829,36.4283180793126
4767,80,80.5811492457829,36.4283180793126
4768,80,80.5811492457829,36.4283180793126
4769,80,80.5811492457829,36.4283180793126
4770,80,80.5811492457829,36.4283180793126
4771,80,80.5811492457829,36.4283180793126
4772,80,80.5811492457829,36.4283180793126
4773,80,80.5811492457829,36.4283180793126
4774,80,80.5811492457829,36.4283180793126
4775,80,80.5811492457829,36.4283180793126
4776,80,80.5811492457829,36.4283180793126
4777,80,80.5811492457829,36.4283180793126
4778,80,80.5811492457829,36.4283180793126
4779,80,80.5811492457829,36.4283180793126
4780,80,80.5811492457829,36.4283180793126
4781,80,80.5811492457829,36.4283180793126
4782,80,80.5811492457829,36.4283180793126
4783,80,80.5811492457829,36.4283180793126
4784,80,80.5811492457829,36.4283180793126
4785,80,80.5811492457829,36.4283180793126
4786,80,80.5811492457829,36.4283180793126
4787,80,80.5811492457829,36.4283180793126
4788,80,80.5811492457829,36.4283180793126
4789,80,80.5811492457829,36.4283180793126
4790,80,80.5811492457829,36.4283180793126
4791,80,80.5811492457829,36.4283180793126
4792,80,80.5811492457829,36.4283180793126
4793,80,80.5811492457829,36.4283180793126
4794,80,80.5811492457829,36.4283180793126
4795,80,80.5811492457829,36.4283180793126
4796,80,80.5811492457829,36.4283180793126
4797,80,80.5811492457829,36.4283180793126
4798,80,80.5811492457829,36.4283180793126
4799,80,80.5811492457829,36.4283180793126
4800,80,80.5811492457829,36.4283180793126
4801,80,80.5811492457829,36.4283180793126
4802,80,80.5811492457829,36.4283180793126
4803,80,80.5811492457829,36.4283180793126
4804,80,80.5811492457829,36.4283180793126
4805,80,80.5811492457829,36.4283180793126
4806,80,80.5811492457829,36.4283180793126
4807,80,80.5811492457829,36.4283180793126
4808,80,80.5811492457829,36.4283180793126
4809,80,80.5811492457829,36.4283180793126
4810,80,80.5811492457829,36.4283180793126
4811,80,80.5811492457829,36.4283180793126
4812,80,80.5811492457829,36.4283180793126
4813,80,80.5811492457829,36.4283180793126
4814,80,80.5811492457829,36.4283180793126
4815,80,80.5811492457829,36.4283180793126
4816,80,80.5811492457829,36.4283180793126
4817,80,80.5811492457829,36.4283180793126
4818,80,80.5811492457829,36.4283180793126
4819,80,80.5811492457829,36.4283180793126
4820,80,80.5811492457829,36.4283180793126
4821,80,80.5811492457829,36.4283180793126
4822,80,80.5811492457829,36.4283180793126
4823,80,80.5811492457829,36.4283180793126
4824,80,80.5811492457829,36.4283180793126
4825,80,80.5811492457829,36.4283180793126
4826,80,80.5811492457829,36.4283180793126
4827,80,80.5811492457829,36.4283180793126
4828,80,80.5811492457829,36.4283180793126
4829,80,80.5811492457829,36.4283180793126
4830,80,80.5811492457829,36.4283180793126
4831,80,80.5811492457829,36.4283180793126
4832,80,80.5811492457829,36.4283180793126
4833,80,80.5811492457829,36.4283180793126
4834,80,80.5811492457829,36.4283180793126
4835,80,80.5811492457829,36.4283180793126
4836,80,80.5811492457829,36.4283180793126
4837,80,80.5811492457829,36.4283180793126
4838,80,80.5811492457829,36.4283180793126
4839,80,80.5811492457829,36.4283180793126
4840,80,80.5811492457829,36.4283180793126
4841,80,80.5811492457829,36.4283180793126
4842,80,80.5811492457829,36.4283180793126
4843,80,80.5811492457829,36.4283180793126
4844,80,80.5811492457829,36.4283180793126
4845,80,80.5811492457829,36.4283180793126
4846,80,80.5811492457829,36.4283180793126
4847,80,80.5811492457829,36.4283180793126
4848,80,80.5811492457829,36.4283180793126
4849,80,80.5811492457829,36.4283180793126
4850,80,80.5811492457829,36.4283180793126
4851,80,80.5811492457829,36.4283180793126
4852,80,80.5811492457829,36.4283180793126
4853,80,80.5811492457829,36.4283180793126
4854,80,80.5811492457829,36.4283180793126
4855,80,80.5811492457829,36.4283180793126
4856,80,80.5811492457829,36.4283180793126
4857,80,80.5811492457829,36.4283180793126
4858,80,80.5811492457829,36.4283180793126
4859,80,80.5811492457829,36.4283180793126
4860,80,80.5811492457829,36.4283180793126
4861,80,80.5811492457829,36.4283180793126
4862,80,80.5811492457829,36.4283180793126
4863,80,80.5811492457829,36.4283180793126
4864,80,80.5811492457829,36.4283180793126
4865,80,80.5811492457829,36.4283180793126
4866,80,80.5811492457829,36.4283180793126
4867,80,80.5811492457829,36.4283180793126
4868,80,80.5811492457829,36.4283180793126
4869,80,80.5811492457829,36.4283180793126
4870,80,80.5811492457829,36.4283180793126
4871,80,80.5811492457829,36.4283180793126
4872,80,80.5811492457829,36.4283180793126
4873,80,80.5811492457829,36.4283180793126
4874,80,80.5811492457829,36.4283180793126
4875,80,80.5811492457829,36.4283180793126
4876,80,80.5811492457829,36.4283180793126
4877,80,80.5811492457829,36.4283180793126
4878,80,80.5811492457829,36.4283180793126
4879,80,80.5811492457829,36.4283180793126
4880,80,80.5811492457829,36.4283180793126
4881,80,80.5811492457829,36.4283180793126
4882,80,80.5811492457829,36.4283180793126
4883,80,80.5811492457829,36.4283180793126
4884,80,80.5811492457829,36.4283180793126
4885,80,80.5811492457829,36.4283180793126
4886,80,80.5811492457829,36.4283180793126
4887,80,80.5811492457829,36.4283180793126
4888,80,80.5811492457829,36.4283180793126
4889,80,80.5811492457829,36.4283180793126
4890,80,80.5811492457829,36.4283180793126
4891,80,80.5811492457829,36.4283180793126
4892,80,80.5811492457829,36.4283180793126
4893,80,80.5811492457829,36.4283180793126
4894,80,80.5811492457829,36.4283180793126
4895,80,80.5811492457829,36.4283180793126
4896,80,80.5811492457829,36.4283180793126
4897,80,80.5811492457829,36.4283180793126
4898,80,80.5811492457829,36.4283180793126
4899,80,80.5811492457829,36.4283180793126
4900,80,80.5811492457829,36.4283180793126
4901,80,80.5811492457829,36.4283180793126
4902,80,80.5811492457829,36.4283180793126
4903,80,80.5811492457829,36.4283180793126
4904,80,80.5811492457829,36.4283180793126
4905,80,80.5811492457829,36.4283180793126
4906,80,80.5811492457829,36.4283180793126
4907,80,80.5811492457829,36.4283180793126
4908,80,80.5811492457829,36.4283180793126
4909,80,80.5811492457829,36.4283180793126
4910,80,80.5811492457829,36.4283180793126
4911,80,80.5811492457829,36.4283180793126
4912,80,80.5811492457829,36.4283180793126
4913,80,80.5811492457829,36.4283180793126
4914,80,80.5811492457829,36.4283180793126
4915,80,80.5811492457829,36.4283180793126
4916,80,80.5811492457829,36.4283180793126
4917,80,80.5811492457829,36.4283180793126
4918,80,80.5811492457829,36.4283180793126
4919,80,80.5811492457829,36.4283180793126
4920,80,80.5811492457829,36.4283180793126
4921,80,80.5811492457829,36.4283180793126
4922,80,80.5811492457829,36.4283180793126
4923,80,80.5811492457829,36.4283180793126
4924,80,80.5811492457829,36.4283180793126
4925,80,80.5811492457829,36.4283180793126
4926,80,80.5811492457829,36.4283180793126
4927,80,80.5811492457829,36.4283180793126
4928,80,80.5811492457829,36.4283180793126
4929,80,80.5811492457829,36.4283180793126
4930,80,80.5811492457829,36.4283180793126
4931,80,80.5811492457829,36.4283180793126
4932,80,80.5811492457829,36.4283180793126
4933,80,80.5811492457829,36.4283180793126
4934,80,80.5811492457829,36.4283180793126
4935,80,80.5811492457829,36.4283180793126
4936,80,80.5811492457829,36.4283180793126
4937,80,80.5811492457829,36.4283180793126
4938,80,80.5811492457829,36.4283180793126
4939,80,80.5811492457829,36.4283180793126
4940,80,80.5811492457829,36.4283180793126
4941,80,80.5811492457829,36.4283180793126
4942,80,80.5811492457829,36.4283180793126
4943,80,80.5811492457829,36.4283180793126
4944,80,80.5811492457829,36.4283180793126
4945,80,80.5811492457829,36.4283180793126
4946,80,80.5811492457829,36.4283180793126
4947,80,80.5811492457829,36.4283180793126
4948,80,80.5811492457829,36.4283180793126
4949,80,80.5811492457829,36.4283180793126
4950,80,80.5811492457829,36.4283180793126
4951,80,80.5811492457829,36.4283180793126
4952,80,80.5811492457829,36.4283180793126
4953,80,80.5811492457829,36.4283180793126
4954,80,80.5811492457829,36.4283180793126
4955,80,80.5811492457829,36.4283180793126
4956,80,80.5811492457829,36.4283180793126
4957,80,80.5811492457829,36.4283180793126
4958,80,80.5811492457829,36.4283180793126
4959,80,80.5811492457829,36.4283180793126
4960,80,80.5811492457829,36.4283180793126
4961,80,80.5811492457829,36.4283180793126
4962,80,80.5811492457829,36.4283180793126
4963,80,80.5811492457829,36.4283180793126
4964,80,80.5811492457829,36.4283180793126
4965,80,80.5811492457829,36.4283180793126
4966,80,80.5811492457829,36.4283180793126
4967,80,80.5811492457829,36.4283180793126
4968,80,80.5811492457829,36.4283180793126
4969,80,80.5811492457829,36.4283180793126
4970,80,80.5811492457829,36.4283180793126
4971,80,80.5811492457829,36.4283180793126
4972,80,80.5811492457829,36.4283180793126
4973,80,80.5811492457829,36.4283180793126
4974,80,80.5811492457829,36.4283180793126
4975,80,80.5811492457829,36.4283180793126
4976,80,80.5811492457829,36.4283180793126
4977,80,80.5811492457829,36.4283180793126
4978,80,80.5811492457829,36.4283180793126
4979,80,80.5811492457829,36.4283180793126
4980,80,80.6362849711806,36.2621254601651
4981,80,80.6362849711806,36.2621254601651
4982,80,80.6362849711806,36.2621254601651
4983,80,80.6362849711806,36.2621254601651
4984,80,80.6362849711806,36.2621254601651
4985,80,80.6362849711806,36.2621254601651
4986,80,80.6362849711806,36.2621254601651
4987,80,80.6362849711806,36.2621254601651
4988,80,80.6362849711806,36.2621254601651
4989,80,80.6362849711806,36.2621254601651
4990,80,80.6362849711806,36.2621254601651
4991,80,80.6362849711806,36.2621254601651
4992,80,80.6362849711806,36.2621254601651
4993,80,80.6362849711806,36.2621254601651
4994,80,80.6362849711806,36.2621254601651
4995,80,80.6362849711806,36.2621254601651
4996,80,80.6362849711806,36.2621254601651
4997,80,80.6362849711806,36.2621254601651
4998,80,80.6362849711806,36.2621254601651
4999,80,80.6362849711806,36.2621254601651
5000,80,80.6362849711806,36.2621254601651
5001,80,80.6362849711806,36.2621254601651
5002,80,80.6362849711806,36.2621254601651
5003,80,80.6362849711806,36.2621254601651
5004,80,80.6362849711806,36.2621254601651
5005,80,80.6362849711806,36.2621254601651
5006,80,80.6362849711806,36.2621254601651
5007,80,80.6362849711806,36.2621254601651
5008,80,80.6362849711806,36.2621254601651
5009,80,80.6362849711806,36.2621254601651
5010,80,80.6362849711806,36.2621254601651
5011,80,80.6362849711806,36.2621254601651
5012,80,80.6362849711806,36.2621254601651
5013,80,80.6362849711806,36.2621254601651
5014,80,80.6362849711806,36.2621254601651
5015,80,80.6362849711806,36.2621254601651
5016,80,80.6362849711806,36.2621254601651
5017,80,80.6362849711806,36.2621254601651
5018,80,80.6362849711806,36.2621254601651
5019,80,80.6362849711806,36.2621254601651
5020,80,80.6362849711806,36.2621254601651
5021,80,80.6362849711806,36.2621254601651
5022,80,80.6362849711806,36.2621254601651
5023,80,80.6362849711806,36.2621254601651
5024,80,80.6362849711806,36.2621254601651
5025,80,80.6362849711806,36.2621254601651
5026,80,80.6362849711806,36.2621254601651
5027,80,80.6362849711806,36.2621254601651
5028,80,80.6362849711806,36.2621254601651
5029,80,80.6362849711806,36.2621254601651
5030,80,80.6362849711806,36.2621254601651
5031,80,80.6362849711806,36.2621254601651
5032,80,80.6362849711806,36.2621254601651
5033,80,80.6362849711806,36.2621254601651
5034,80,80.6362849711806,36.2621254601651
5035,80,80.6362849711806,36.2621254601651
5036,80,80.6362849711806,36.2621254601651
5037,80,80.6362849711806,36.2621254601651
5038,80,80.6362849711806,36.2621254601651
5039,80,80.6362849711806,36.2621254601651
5040,80,80.6362849711806,36.2621254601651
5041,80,80.6362849711806,36.2621254601651
5042,80,80.6362849711806,36.2621254601651
5043,80,80.6362849711806,36.2621254601651
5044,80,80.6362849711806,36.2621254601651
5045,80,80.6362849711806,36.2621254601651
5046,80,80.6362849711806,36.2621254601651
5047,80,80.6362849711806,36.2621254601651
5048,80,80.6362849711806,36.2621254601651
5049,80,80.6362849711806,36.2621254601651
5050,80,80.6362849711806,36.2621254601651
5051,80,80.6362849711806,36.2621254601651
5052,80,80.6362849711806,36.2621254601651
5053,80,80.6362849711806,36.2621254601651
5054,80,80.6362849711806,36.2621254601651
5055,80,80.6362849711806,36.2621254601651
5056,80,80.6362849711806,36.2621254601651
5057,80,80.6362849711806,36.2621254601651
5058,80,80.6362849711806,36.2621254601651
5059,80,80.6362849711806,36.2621254601651
5060,80,80.6362849711806,36.2621254601651
5061,80,80.6362849711806,36.2621254601651
5062,80,80.6362849711806,36.2621254601651
5063,80,80.6362849711806,36.2621254601651
5064,80,80.6362849711806,36.2621254601651
5065,80,80.6362849711806,36.2621254601651
5066,80,80.6362849711806,36.2621254601651
5067,80,80.6362849711806,36.2621254601651
5068,80,80.6362849711806,36.2621254601651
5069,80,80.6362849711806,36.2621254601651
5070,80,80.6362849711806,36.2621254601651
5071,80,80.6362849711806,36.2621254601651
5072,80,80.6362849711806,36.2621254601651
5073,80,80.6362849711806,36.2621254601651
5074,80,80.6362849711806,36.2621254601651
5075,80,80.6362849711806,36.2621254601651
5076,80,80.6362849711806,36.2621254601651
5077,80,80.6362849711806,36.2621254601651
5078,80,80.6362849711806,36.2621254601651
5079,80,80.6362849711806,36.2621254601651
5080,80,80.6362849711806,36.2621254601651
5081,80,80.6362849711806,36.2621254601651
5082,80,80.6362849711806,36.2621254601651
5083,80,80.6362849711806,36.2621254601651
5084,80,80.6362849711806,36.2621254601651
5085,80,80.6362849711806,36.2621254601651
5086,80,80.6362849711806,36.2621254601651
5087,80,80.6362849711806,36.2621254601651
5088,80,80.6362849711806,36.2621254601651
5089,80,80.6362849711806,36.2621254601651
5090,80,80.6362849711806,36.2621254601651
5091,80,80.6362849711806,36.2621254601651
5092,80,80.6362849711806,36.2621254601651
5093,80,80.6362849711806,36.2621254601651
5094,80,80.6362849711806,36.2621254601651
5095,80,80.6362849711806,36.2621254601651
5096,80,80.6362849711806,36.2621254601651
5097,80,80.6362849711806,36.2621254601651
5098,80,80.6362849711806,36.2621254601651
5099,80,80.6362849711806,36.2621254601651
5100,80,80.6362849711806,36.2621254601651
5101,80,80.6362849711806,36.2621254601651
5102,80,80.6362849711806,36.2621254601651
5103,80,80.6362849711806,36.2621254601651
5104,80,80.6362849711806,36.2621254601651
5105,80,80.6362849711806,36.2621254601651
5106,80,80.6362849711806,36.2621254601651
5107,80,80.6362849711806,36.2621254601651
5108,80,80.6362849711806,36.2621254601651
5109,80,80.6362849711806,36.2621254601651
5110,80,80.6362849711806,36.2621254601651
5111,80,80.6362849711806,36.2621254601651
5112,80,80.6362849711806,36.2621254601651
5113,80,80.6362849711806,36.2621254601651
5114,80,80.6362849711806,36.2621254601651
5115,80,80.6362849711806,36.2621254601651
5116,80,80.6362849711806,36.2621254601651
5117,80,80.6362849711806,36.2621254601651
5118,80,80.6362849711806,36.2621254601651
5119,80,80.6362849711806,36.2621254601651
5120,80,80.6362849711806,36.2621254601651
5121,80,80.6362849711806,36.2621254601651
5122,80,80.6362849711806,36.2621254601651
5123,80,80.6362849711806,36.2621254601651
5124,80,80.6362849711806,36.2621254601651
5125,80,80.6362849711806,36.2621254601651
5126,80,80.6362849711806,36.2621254601651
5127,80,80.6362849711806,36.2621254601651
5128,80,80.6362849711806,36.2621254601651
5129,80,80.6362849711806,36.2621254601651
5130,80,80.6362849711806,36.2621254601651
5131,80,80.6362849711806,36.2621254601651
5132,80,80.6362849711806,36.2621254601651
5133,80,80.6362849711806,36.2621254601651
5134,80,80.6362849711806,36.2621254601651
5135,80,80.6362849711806,36.2621254601651
5136,80,80.6362849711806,36.2621254601651
5137,80,80.6362849711806,36.2621254601651
5138,80,80.6362849711806,36.2621254601651
5139,80,80.6362849711806,36.2621254601651
5140,80,80.6362849711806,36.2621254601651
5141,80,80.6362849711806,36.2621254601651
5142,80,80.6362849711806,36.2621254601651
5143,80,80.6362849711806,36.2621254601651
5144,80,80.6362849711806,36.2621254601651
5145,80,80.6362849711806,36.2621254601651
5146,80,80.6362849711806,36.2621254601651
5147,80,80.6362849711806,36.2621254601651
5148,80,80.6362849711806,36.2621254601651
5149,80,80.6362849711806,36.2621254601651
5150,80,80.6362849711806,36.2621254601651
5151,80,80.6362849711806,36.2621254601651
5152,80,80.6362849711806,36.2621254601651
5153,80,80.6362849711806,36.2621254601651
5154,80,80.6362849711806,36.2621254601651
5155,80,80.6362849711806,36.2621254601651
5156,80,80.6362849711806,36.2621254601651
5157,80,80.6362849711806,36.2621254601651
5158,80,80.6362849711806,36.2621254601651
5159,80,80.6362849711806,36.2621254601651
5160,80,80.6362849711806,36.2621254601651
5161,80,80.6362849711806,36.2621254601651
5162,80,80.6362849711806,36.2621254601651
5163,80,80.6362849711806,36.2621254601651
5164,80,80.6362849711806,36.2621254601651
5165,80,80.6362849711806,36.2621254601651
5166,80,80.6362849711806,36.2621254601651
5167,80,80.6362849711806,36.2621254601651
5168,80,80.6362849711806,36.2621254601651
5169,80,80.6362849711806,36.2621254601651
5170,80,80.6362849711806,36.2621254601651
5171,80,80.6362849711806,36.2621254601651
5172,80,80.6362849711806,36.2621254601651
5173,80,80.6362849711806,36.2621254601651
5174,80,80.6362849711806,36.2621254601651
5175,80,80.6362849711806,36.2621254601651
5176,80,80.6362849711806,36.2621254601651
5177,80,80.6362849711806,36.2621254601651
5178,80,80.6362849711806,36.2621254601651
5179,80,80.6362849711806,36.2621254601651
5180,80,80.6362849711806,36.2621254601651
5181,80,80.6362849711806,36.2621254601651
5182,80,80.6362849711806,36.2621254601651
5183,80,80.6362849711806,36.2621254601651
5184,80,80.6362849711806,36.2621254601651
5185,80,80.6362849711806,36.2621254601651
5186,80,80.6362849711806,36.2621254601651
5187,80,80.6362849711806,36.2621254601651
5188,80,80.6362849711806,36.2621254601651
5189,80,80.6362849711806,36.2621254601651
5190,80,80.6362849711806,36.2621254601651
5191,80,80.6362849711806,36.2621254601651
5192,80,80.6362849711806,36.2621254601651
5193,80,80.6362849711806,36.2621254601651
5194,80,80.6362849711806,36.2621254601651
5195,80,80.6362849711806,36.2621254601651
5196,80,80.6362849711806,36.2621254601651
5197,80,80.6362849711806,36.2621254601651
5198,80,80.6362849711806,36.2621254601651
5199,80,80.6362849711806,36.2621254601651
5200,80,80.6362849711806,36.2621254601651
5201,80,80.6362849711806,36.2621254601651
5202,80,80.6362849711806,36.2621254601651
5203,80,80.6362849711806,36.2621254601651
5204,80,80.6362849711806,36.2621254601651
5205,80,80.6362849711806,36.2621254601651
5206,80,80.6362849711806,36.2621254601651
5207,80,80.6362849711806,36.2621254601651
5208,80,80.6362849711806,36.2621254601651
5209,80,80.6362849711806,36.2621254601651
5210,80,80.6362849711806,36.2621254601651
5211,80,80.6362849711806,36.2621254601651
5212,80,80.6362849711806,36.2621254601651
5213,80,80.6362849711806,36.2621254601651
5214,80,80.6362849711806,36.2621254601651
5215,80,80.6362849711806,36.2621254601651
5216,80,80.6362849711806,36.2621254601651
5217,80,80.6362849711806,36.2621254601651
5218,80,80.6362849711806,36.2621254601651
5219,80,80.6362849711806,36.2621254601651
5220,80,80.6362849711806,36.2621254601651
5221,80,80.6362849711806,36.2621254601651
5222,80,80.6362849711806,36.2621254601651
5223,80,80.6362849711806,36.2621254601651
5224,80,80.6362849711806,36.2621254601651
5225,80,80.6362849711806,36.2621254601651
5226,80,80.6362849711806,36.2621254601651
5227,80,80.6362849711806,36.2621254601651
5228,80,80.6362849711806,36.2621254601651
5229,80,80.6270536412121,36.4125870437555
5230,80,80.6270536412121,36.4125870437555
5231,80,80.6270536412121,36.4125870437555
5232,80,80.6270536412121,36.4125870437555
5233,80,80.6270536412121,36.4125870437555
5234,80,80.6270536412121,36.4125870437555
5235,80,80.6270536412121,36.4125870437555
5236,80,80.6270536412121,36.4125870437555
5237,80,80.6270536412121,36.4125870437555
5238,80,80.6270536412121,36.4125870437555
5239,80,80.6270536412121,36.4125870437555
5240,80,80.6270536412121,36.4125870437555
5241,80,80.6270536412121,36.4125870437555
5242,80,80.6270536412121,36.4125870437555
5243,80,80.6270536412121,36.4125870437555
5244,80,80.6270536412121,36.4125870437555
5245,80,80.6270536412121,36.4125870437555
5246,80,80.6270536412121,36.4125870437555
5247,80,80.6270536412121,36.4125870437555
5248,80,80.6270536412121,36.4125870437555
5249,80,80.6270536412121,36.4125870437555
5250,80,80.6270536412121,36.4125870437555
5251,80,80.6270536412121,36.4125870437555
5252,80,80.6270536412121,36.4125870437555
5253,80,80.6270536412121,36.4125870437555
5254,80,80.6270536412121,36.4125870437555
5255,80,80.6270536412121,36.4125870437555
5256,80,80.6270536412121,36.4125870437555
5257,80,80.6270536412121,36.4125870437555
5258,80,80.6270536412121,36.4125870437555
5259,80,80.6270536412121,36.4125870437555
5260,80,80.6270536412121,36.4125870437555
5261,80,80.6270536412121,36.4125870437555
5262,80,80.6270536412121,36.4125870437555
5263,80,80.6270536412121,36.4125870437555
5264,80,80.6270536412121,36.4125870437555
5265,80,80.6270536412121,36.4125870437555
5266,80,80.6270536412121,36.4125870437555
5267,80,80.6270536412121,36.4125870437555
5268,80,80.6270536412121,36.4125870437555
5269,80,80.6270536412121,36.4125870437555
5270,80,80.6270536412121,36.4125870437555
5271,80,80.6270536412121,36.4125870437555
5272,80,80.6270536412121,36.4125870437555
5273,80,80.6270536412121,36.4125870437555
5274,80,80.6270536412121,36.4125870437555
5275,80,80.6270536412121,36.4125870437555
5276,80,80.6270536412121,36.4125870437555
5277,80,80.6270536412121,36.4125870437555
5278,80,80.6270536412121,36.4125870437555
5279,80,80.6270536412121,36.4125870437555
5280,80,80.6270536412121,36.4125870437555
5281,80,80.6270536412121,36.4125870437555
5282,80,80.6270536412121,36.4125870437555
5283,80,80.6270536412121,36.4125870437555
5284,80,80.6270536412121,36.4125870437555
5285,80,80.6270536412121,36.4125870437555
5286,80,80.6270536412121,36.4125870437555
5287,80,80.6270536412121,36.4125870437555
5288,80,80.6270536412121,36.4125870437555
5289,80,80.6270536412121,36.4125870437555
5290,80,80.6270536412121,36.4125870437555
5291,80,80.6270536412121,36.4125870437555
5292,80,80.6270536412121,36.4125870437555
5293,80,80.6270536412121,36.4125870437555
5294,80,80.6270536412121,36.4125870437555
5295,80,80.6270536412121,36.4125870437555
5296,80,80.6270536412121,36.4125870437555
5297,80,80.6270536412121,36.4125870437555
5298,80,80.6270536412121,36.4125870437555
5299,80,80.6270536412121,36.4125870437555
5300,80,80.6270536412121,36.4125870437555
5301,80,80.6270536412121,36.4125870437555
5302,80,80.6270536412121,36.4125870437555
5303,80,80.6270536412121,36.4125870437555
5304,80,80.6270536412121,36.4125870437555
5305,80,80.6270536412121,36.4125870437555
5306,80,80.6270536412121,36.4125870437555
5307,80,80.6270536412121,36.4125870437555
5308,80,80.6270536412121,36.4125870437555
5309,80,80.6270536412121,36.4125870437555
5310,80,80.6270536412121,36.4125870437555
5311,80,80.6270536412121,36.4125870437555
5312,80,80.6270536412121,36.4125870437555
5313,80,80.6270536412121,36.4125870437555
5314,80,80.6270536412121,36.4125870437555
5315,80,80.6270536412121,36.4125870437555
5316,80,80.6270536412121,36.4125870437555
5317,80,80.6270536412121,36.4125870437555
5318,80,80.6270536412121,36.4125870437555
5319,80,80.6270536412121,36.4125870437555
5320,80,80.6270536412121,36.4125870437555
5321,80,80.6270536412121,36.4125870437555
5322,80,80.6270536412121,36.4125870437555
5323,80,80.6270536412121,36.4125870437555
5324,80,80.6270536412121,36.4125870437555
5325,80,80.6270536412121,36.4125870437555
5326,80,80.6270536412121,36.4125870437555
5327,80,80.6270536412121,36.4125870437555
5328,80,80.6270536412121,36.4125870437555
5329,80,80.6270536412121,36.4125870437555
5330,80,80.6270536412121,36.4125870437555
5331,80,80.6270536412121,36.4125870437555
5332,80,80.6270536412121,36.4125870437555
5333,80,80.6270536412121,36.4125870437555
5334,80,80.6270536412121,36.4125870437555
5335,80,80.6270536412121,36.4125870437555
5336,80,80.6270536412121,36.4125870437555
5337,80,80.6270536412121,36.4125870437555
5338,80,80.6270536412121,36.4125870437555
5339,80,80.6270536412121,36.4125870437555
5340,80,80.6270536412121,36.4125870437555
5341,80,80.6270536412121,36.4125870437555
5342,80,80.6270536412121,36.4125870437555
5343,80,80.6270536412121,36.4125870437555
5344,80,80.6270536412121,36.4125870437555
5345,80,80.6270536412121,36.4125870437555
5346,80,80.6270536412121,36.4125870437555
5347,80,80.6270536412121,36.4125870437555
5348,80,80.6270536412121,36.4125870437555
5349,80,80.6270536412121,36.4125870437555
5350,80,80.6270536412121,36.4125870437555
5351,80,80.6270536412121,36.4125870437555
5352,80,80.6270536412121,36.4125870437555
5353,80,80.6270536412121,36.4125870437555
5354,80,80.6270536412121,36.4125870437555
5355,80,80.6270536412121,36.4125870437555
5356,80,80.6270536412121,36.4125870437555
5357,80,80.6270536412121,36.4125870437555
5358,80,80.6270536412121,36.4125870437555
5359,80,80.6270536412121,36.4125870437555
5360,80,80.6270536412121,36.4125870437555
5361,80,80.6270536412121,36.4125870437555
5362,80,80.6270536412121,36.4125870437555
5363,80,80.6270536412121,36.4125870437555
5364,80,80.6270536412121,36.4125870437555
5365,80,80.6270536412121,36.4125870437555
5366,80,80.6270536412121,36.4125870437555
5367,80,80.6270536412121,36.4125870437555
5368,80,80.6270536412121,36.4125870437555
5369,80,80.6270536412121,36.4125870437555
5370,80,80.6270536412121,36.4125870437555
5371,80,80.6270536412121,36.4125870437555
5372,80,80.6270536412121,36.4125870437555
5373,80,80.6270536412121,36.4125870437555
5374,80,80.6270536412121,36.4125870437555
5375,80,80.6270536412121,36.4125870437555
5376,80,80.6270536412121,36.4125870437555
5377,80,80.6270536412121,36.4125870437555
5378,80,80.6270536412121,36.4125870437555
5379,80,80.6270536412121,36.4125870437555
5380,80,80.6270536412121,36.4125870437555
5381,80,80.6270536412121,36.4125870437555
5382,80,80.6270536412121,36.4125870437555
5383,80,80.6270536412121,36.4125870437555
5384,80,80.6270536412121,36.4125870437555
5385,80,80.6270536412121,36.4125870437555
5386,80,80.6270536412121,36.4125870437555
5387,80,80.6270536412121,36.4125870437555
5388,80,80.6270536412121,36.4125870437555
5389,80,80.6270536412121,36.4125870437555
5390,80,80.6270536412121,36.4125870437555
5391,80,80.6270536412121,36.4125870437555
5392,80,80.6270536412121,36.4125870437555
5393,80,80.6270536412121,36.4125870437555
5394,80,80.6270536412121,36.4125870437555
5395,80,80.6270536412121,36.4125870437555
5396,80,80.6270536412121,36.4125870437555
5397,80,80.6270536412121,36.4125870437555
5398,80,80.6270536412121,36.4125870437555
5399,80,80.6270536412121,36.4125870437555
5400,80,80.6270536412121,36.4125870437555
5401,80,80.6270536412121,36.4125870437555
5402,80,80.6270536412121,36.4125870437555
5403,80,80.6270536412121,36.4125870437555
5404,80,80.6270536412121,36.4125870437555
5405,80,80.6270536412121,36.4125870437555
5406,80,80.6270536412121,36.4125870437555
5407,80,80.6270536412121,36.4125870437555
5408,80,80.6270536412121,36.4125870437555
5409,80,80.6270536412121,36.4125870437555
5410,80,80.6270536412121,36.4125870437555
5411,80,80.6270536412121,36.4125870437555
5412,80,80.6270536412121,36.4125870437555
5413,80,80.6270536412121,36.4125870437555
5414,80,80.6270536412121,36.4125870437555
5415,80,80.6270536412121,36.4125870437555
5416,80,80.6270536412121,36.4125870437555
5417,80,80.6270536412121,36.4125870437555
5418,80,80.6270536412121,36.4125870437555
5419,80,80.6270536412121,36.4125870437555
5420,80,80.6270536412121,36.4125870437555
5421,80,80.6270536412121,36.4125870437555
5422,80,80.6270536412121,36.4125870437555
5423,80,80.6270536412121,36.4125870437555
5424,80,80.6270536412121,36.4125870437555
5425,80,80.6270536412121,36.4125870437555
5426,80,80.6270536412121,36.4125870437555
5427,80,80.6270536412121,36.4125870437555
5428,80,80.6270536412121,36.4125870437555
5429,80,80.6270536412121,36.4125870437555
5430,80,80.6270536412121,36.4125870437555
5431,80,80.6270536412121,36.4125870437555
5432,80,80.6270536412121,36.4125870437555
5433,80,80.6270536412121,36.4125870437555
5434,80,80.6270536412121,36.4125870437555
5435,80,80.6270536412121,36.4125870437555
5436,80,80.6270536412121,36.4125870437555
5437,80,80.6270536412121,36.4125870437555
5438,80,80.6270536412121,36.4125870437555
5439,80,80.6270536412121,36.4125870437555
5440,80,80.6270536412121,36.4125870437555
5441,80,80.6270536412121,36.4125870437555
5442,80,80.6270536412121,36.4125870437555
5443,80,80.6270536412121,36.4125870437555
5444,80,80.6270536412121,36.4125870437555
5445,80,80.6270536412121,36.4125870437555
5446,80,80.6270536412121,36.4125870437555
5447,80,80.6270536412121,36.4125870437555
5448,80,80.6270536412121,36.4125870437555
5449,80,80.6270536412121,36.4125870437555
5450,80,80.6270536412121,36.4125870437555
5451,80,80.6270536412121,36.4125870437555
5452,80,80.6270536412121,36.4125870437555
5453,80,80.6270536412121,36.4125870437555
5454,80,80.6270536412121,36.4125870437555
5455,80,80.6270536412121,36.4125870437555
5456,80,80.6270536412121,36.4125870437555
5457,80,80.6270536412121,36.4125870437555
5458,80,80.6270536412121,36.4125870437555
5459,80,80.6270536412121,36.4125870437555
5460,80,80.6270536412121,36.4125870437555
5461,80,80.6270536412121,36.4125870437555
5462,80,80.6270536412121,36.4125870437555
5463,80,80.6270536412121,36.4125870437555
5464,80,80.6270536412121,36.4125870437555
5465,80,80.6270536412121,36.4125870437555
5466,80,80.6270536412121,36.4125870437555
5467,80,80.6270536412121,36.4125870437555
5468,80,80.6270536412121,36.4125870437555
5469,80,80.6270536412121,36.4125870437555
5470,80,80.6270536412121,36.4125870437555
5471,80,80.6270536412121,36.4125870437555
5472,80,80.6270536412121,36.4125870437555
5473,80,80.6270536412121,36.4125870437555
5474,80,80.6270536412121,36.4125870437555
5475,80,80.6270536412121,36.4125870437555
5476,80,80.6270536412121,36.4125870437555
5477,80,80.6270536412121,36.4125870437555
5478,80,80.7676425463717,35.9829123616116
5479,80,80.7676425463717,35.9829123616116
5480,80,80.7676425463717,35.9829123616116
5481,80,80.7676425463717,35.9829123616116
5482,80,80.7676425463717,35.9829123616116
5483,80,80.7676425463717,35.9829123616116
5484,80,80.7676425463717,35.9829123616116
5485,80,80.7676425463717,35.9829123616116
5486,80,80.7676425463717,35.9829123616116
5487,80,80.7676425463717,35.9829123616116
5488,80,80.7676425463717,35.9829123616116
5489,80,80.7676425463717,35.9829123616116
5490,80,80.7676425463717,35.9829123616116
5491,80,80.7676425463717,35.9829123616116
5492,80,80.7676425463717,35.9829123616116
5493,80,80.7676425463717,35.9829123616116
5494,80,80.7676425463717,35.9829123616116
5495,80,80.7676425463717,35.9829123616116
5496,80,80.7676425463717,35.9829123616116
5497,80,80.7676425463717,35.9829123616116
5498,80,80.7676425463717,35.9829123616116
5499,80,80.7676425463717,35.9829123616116
5500,80,80.7676425463717,35.9829123616116
5501,80,80.7676425463717,35.9829123616116
5502,80,80.7676425463717,35.9829123616116
5503,80,80.7676425463717,35.9829123616116
5504,80,80.7676425463717,35.9829123616116
5505,80,80.7676425463717,35.9829123616116
5506,80,80.7676425463717,35.9829123616116
5507,80,80.7676425463717,35.9829123616116
5508,80,80.7676425463717,35.9829123616116
5509,80,80.7676425463717,35.9829123616116
5510,80,80.7676425463717,35.9829123616116
5511,80,80.7676425463717,35.9829123616116
5512,80,80.7676425463717,35.9829123616116
5513,80,80.7676425463717,35.9829123616116
5514,80,80.7676425463717,35.9829123616116
5515,80,80.7676425463717,35.9829123616116
5516,80,80.7676425463717,35.9829123616116
5517,80,80.7676425463717,35.9829123616116
5518,80,80.7676425463717,35.9829123616116
5519,80,80.7676425463717,35.9829123616116
5520,80,80.7676425463717,35.9829123616116
5521,80,80.7676425463717,35.9829123616116
5522,80,80.7676425463717,35.9829123616116
5523,80,80.7676425463717,35.9829123616116
5524,80,80.7676425463717,35.9829123616116
5525,80,80.7676425463717,35.9829123616116
5526,80,80.7676425463717,35.9829123616116
5527,80,80.7676425463717,35.9829123616116
5528,80,80.7676425463717,35.9829123616116
5529,80,80.7676425463717,35.9829123616116
5530,80,80.7676425463717,35.9829123616116
5531,80,80.7676425463717,35.9829123616116
5532,80,80.7676425463717,35.9829123616116
5533,80,80.7676425463717,35.9829123616116
5534,80,80.7676425463717,35.9829123616116
5535,80,80.7676425463717,35.9829123616116
5536,80,80.7676425463717,35.9829123616116
5537,80,80.7676425463717,35.9829123616116
5538,80,80.7676425463717,35.9829123616116
5539,80,80.7676425463717,35.9829123616116
5540,80,80.7676425463717,35.9829123616116
5541,80,80.7676425463717,35.9829123616116
5542,80,80.7676425463717,35.9829123616116
5543,80,80.7676425463717,35.9829123616116
5544,80,80.7676425463717,35.9829123616116
5545,80,80.7676425463717,35.9829123616116
5546,80,80.7676425463717,35.9829123616116
5547,80,80.7676425463717,35.9829123616116
5548,80,80.7676425463717,35.9829123616116
5549,80,80.7676425463717,35.9829123616116
5550,80,80.7676425463717,35.9829123616116
5551,80,80.7676425463717,35.9829123616116
5552,80,80.7676425463717,35.9829123616116
5553,80,80.7676425463717,35.9829123616116
5554,80,80.7676425463717,35.9829123616116
5555,80,80.7676425463717,35.9829123616116
5556,80,80.7676425463717,35.9829123616116
5557,80,80.7676425463717,35.9829123616116
5558,80,80.7676425463717,35.9829123616116
5559,80,80.7676425463717,35.9829123616116
5560,80,80.7676425463717,35.9829123616116
5561,80,80.7676425463717,35.9829123616116
5562,80,80.7676425463717,35.9829123616116
5563,80,80.7676425463717,35.9829123616116
5564,80,80.7676425463717,35.9829123616116
5565,80,80.7676425463717,35.9829123616116
5566,80,80.7676425463717,35.9829123616116
5567,80,80.7676425463717,35.9829123616116
5568,80,80.7676425463717,35.9829123616116
5569,80,80.7676425463717,35.9829123616116
5570,80,80.7676425463717,35.9829123616116
5571,80,80.7676425463717,35.9829123616116
5572,80,80.7676425463717,35.9829123616116
5573,80,80.7676425463717,35.9829123616116
5574,80,80.7676425463717,35.9829123616116
5575,80,80.7676425463717,35.9829123616116
5576,80,80.7676425463717,35.9829123616116
5577,80,80.7676425463717,35.9829123616116
5578,80,80.7676425463717,35.9829123616116
5579,80,80.7676425463717,35.9829123616116
5580,80,80.7676425463717,35.9829123616116
5581,80,80.7676425463717,35.9829123616116
5582,80,80.7676425463717,35.9829123616116
5583,80,80.7676425463717,35.9829123616116
5584,80,80.7676425463717,35.9829123616116
5585,80,80.7676425463717,35.9829123616116
5586,80,80.7676425463717,35.9829123616116
5587,80,80.7676425463717,35.9829123616116
5588,80,80.7676425463717,35.9829123616116
5589,80,80.7676425463717,35.9829123616116
5590,80,80.7676425463717,35.9829123616116
5591,80,80.7676425463717,35.9829123616116
5592,80,80.7676425463717,35.9829123616116
5593,80,80.7676425463717,35.9829123616116
5594,80,80.7676425463717,35.9829123616116
5595,80,80.7676425463717,35.9829123616116
5596,80,80.7676425463717,35.9829123616116
5597,80,80.7676425463717,35.9829123616116
5598,80,80.7676425463717,35.9829123616116
5599,80,80.7676425463717,35.9829123616116
5600,80,80.7676425463717,35.9829123616116
5601,80,80.7676425463717,35.9829123616116
5602,80,80.7676425463717,35.9829123616116
5603,80,80.7676425463717,35.9829123616116
5604,80,80.7676425463717,35.9829123616116
5605,80,80.7676425463717,35.9829123616116
5606,80,80.7676425463717,35.9829123616116
5607,80,80.7676425463717,35.9829123616116
5608,80,80.7676425463717,35.9829123616116
5609,80,80.7676425463717,35.9829123616116
5610,80,80.7676425463717,35.9829123616116
5611,80,80.7676425463717,35.9829123616116
5612,80,80.7676425463717,35.9829123616116
5613,80,80.7676425463717,35.9829123616116
5614,80,80.7676425463717,35.9829123616116
5615,80,80.7676425463717,35.9829123616116
5616,80,80.7676425463717,35.9829123616116
5617,80,80.7676425463717,35.9829123616116
5618,80,80.7676425463717,35.9829123616116
5619,80,80.7676425463717,35.9829123616116
5620,80,80.7676425463717,35.9829123616116
5621,80,80.7676425463717,35.9829123616116
5622,80,80.7676425463717,35.9829123616116
5623,80,80.7676425463717,35.9829123616116
5624,80,80.7676425463717,35.9829123616116
5625,80,80.7676425463717,35.9829123616116
5626,80,80.7676425463717,35.9829123616116
5627,80,80.7676425463717,35.9829123616116
5628,80,80.7676425463717,35.9829123616116
5629,80,80.7676425463717,35.9829123616116
5630,80,80.7676425463717,35.9829123616116
5631,80,80.7676425463717,35.9829123616116
5632,80,80.7676425463717,35.9829123616116
5633,80,80.7676425463717,35.9829123616116
5634,80,80.7676425463717,35.9829123616116
5635,80,80.7676425463717,35.9829123616116
5636,80,80.7676425463717,35.9829123616116
5637,80,80.7676425463717,35.9829123616116
5638,80,80.7676425463717,35.9829123616116
5639,80,80.7676425463717,35.9829123616116
5640,80,80.7676425463717,35.9829123616116
5641,80,80.7676425463717,35.9829123616116
5642,80,80.7676425463717,35.9829123616116
5643,80,80.7676425463717,35.9829123616116
5644,80,80.7676425463717,35.9829123616116
5645,80,80.7676425463717,35.9829123616116
5646,80,80.7676425463717,35.9829123616116
5647,80,80.7676425463717,35.9829123616116
5648,80,80.7676425463717,35.9829123616116
5649,80,80.7676425463717,35.9829123616116
5650,80,80.7676425463717,35.9829123616116
5651,80,80.7676425463717,35.9829123616116
5652,80,80.7676425463717,35.9829123616116
5653,80,80.7676425463717,35.9829123616116
5654,80,80.7676425463717,35.9829123616116
5655,80,80.7676425463717,35.9829123616116
5656,80,80.7676425463717,35.9829123616116
5657,80,80.7676425463717,35.9829123616116
5658,80,80.7676425463717,35.9829123616116
5659,80,80.7676425463717,35.9829123616116
5660,80,80.7676425463717,35.9829123616116
5661,80,80.7676425463717,35.9829123616116
5662,80,80.7676425463717,35.9829123616116
5663,80,80.7676425463717,35.9829123616116
5664,80,80.7676425463717,35.9829123616116
5665,80,80.7676425463717,35.9829123616116
5666,80,80.7676425463717,35.9829123616116
5667,80,80.7676425463717,35.9829123616116
5668,80,80.7676425463717,35.9829123616116
5669,80,80.7676425463717,35.9829123616116
5670,80,80.7676425463717,35.9829123616116
5671,80,80.7676425463717,35.9829123616116
5672,80,80.7676425463717,35.9829123616116
5673,80,80.7676425463717,35.9829123616116
5674,80,80.7676425463717,35.9829123616116
5675,80,80.7676425463717,35.9829123616116
5676,80,80.7676425463717,35.9829123616116
5677,80,80.7676425463717,35.9829123616116
5678,80,80.7676425463717,35.9829123616116
5679,80,80.7676425463717,35.9829123616116
5680,80,80.7676425463717,35.9829123616116
5681,80,80.7676425463717,35.9829123616116
5682,80,80.7676425463717,35.9829123616116
5683,80,80.7676425463717,35.9829123616116
5684,80,80.7676425463717,35.9829123616116
5685,80,80.7676425463717,35.9829123616116
5686,80,80.7676425463717,35.9829123616116
5687,80,80.7676425463717,35.9829123616116
5688,80,80.7676425463717,35.9829123616116
5689,80,80.7676425463717,35.9829123616116
5690,80,80.7676425463717,35.9829123616116
5691,80,80.7676425463717,35.9829123616116
5692,80,80.7676425463717,35.9829123616116
5693,80,80.7676425463717,35.9829123616116
5694,80,80.7676425463717,35.9829123616116
5695,80,80.7676425463717,35.9829123616116
5696,80,80.7676425463717,35.9829123616116
5697,80,80.7676425463717,35.9829123616116
5698,80,80.7676425463717,35.9829123616116
5699,80,80.7676425463717,35.9829123616116
5700,80,80.7676425463717,35.9829123616116
5701,80,80.7676425463717,35.9829123616116
5702,80,80.7676425463717,35.9829123616116
5703,80,80.7676425463717,35.9829123616116
5704,80,80.7676425463717,35.9829123616116
5705,80,80.7676425463717,35.9829123616116
5706,80,80.7676425463717,35.9829123616116
5707,80,80.7676425463717,35.9829123616116
5708,80,80.7676425463717,35.9829123616116
5709,80,80.7676425463717,35.9829123616116
5710,80,80.7676425463717,35.9829123616116
5711,80,80.7676425463717,35.9829123616116
5712,80,80.7676425463717,35.9829123616116
5713,80,80.7676425463717,35.9829123616116
5714,80,80.7676425463717,35.9829123616116
5715,80,80.7676425463717,35.9829123616116
5716,80,80.7676425463717,35.9829123616116
5717,80,80.7676425463717,35.9829123616116
5718,80,80.7676425463717,35.9829123616116
5719,80,80.7676425463717,35.9829123616116
5720,80,80.7676425463717,35.9829123616116
5721,80,80.7676425463717,35.9829123616116
5722,80,80.7676425463717,35.9829123616116
5723,80,80.7676425463717,35.9829123616116
5724,80,80.7676425463717,35.9829123616116
5725,80,80.7676425463717,35.9829123616116
5726,80,80.7676425463717,35.9829123616116
5727,80,80.6783224795389,35.8956859787508
5728,80,80.6783224795389,35.8956859787508
5729,80,80.6783224795389,35.8956859787508
5730,80,80.6783224795389,35.8956859787508
5731,80,80.6783224795389,35.8956859787508
5732,80,80.6783224795389,35.8956859787508
5733,80,80.6783224795389,35.8956859787508
5734,80,80.6783224795389,35.8956859787508
5735,80,80.6783224795389,35.8956859787508
5736,80,80.6783224795389,35.8956859787508
5737,80,80.6783224795389,35.8956859787508
5738,80,80.6783224795389,35.8956859787508
5739,80,80.6783224795389,35.8956859787508
5740,80,80.6783224795389,35.8956859787508
5741,80,80.6783224795389,35.8956859787508
5742,80,80.6783224795389,35.8956859787508
5743,80,80.6783224795389,35.8956859787508
5744,80,80.6783224795389,35.8956859787508
5745,80,80.6783224795389,35.8956859787508
5746,80,80.6783224795389,35.8956859787508
5747,80,80.6783224795389,35.8956859787508
5748,80,80.6783224795389,35.8956859787508
5749,80,80.6783224795389,35.8956859787508
5750,80,80.6783224795389,35.8956859787508
5751,80,80.6783224795389,35.8956859787508
5752,80,80.6783224795389,35.8956859787508
5753,80,80.6783224795389,35.8956859787508
5754,80,80.6783224795389,35.8956859787508
5755,80,80.6783224795389,35.8956859787508
5756,80,80.6783224795389,35.8956859787508
5757,80,80.6783224795389,35.8956859787508
5758,80,80.6783224795389,35.8956859787508
5759,80,80.6783224795389,35.8956859787508
5760,80,80.6783224795389,35.8956859787508
5761,80,80.6783224795389,35.8956859787508
5762,80,80.6783224795389,35.8956859787508
5763,80,80.6783224795389,35.8956859787508
5764,80,80.6783224795389,35.8956859787508
5765,80,80.6783224795389,35.8956859787508
5766,80,80.6783224795389,35.8956859787508
5767,80,80.6783224795389,35.8956859787508
5768,80,80.6783224795389,35.8956859787508
5769,80,80.6783224795389,35.8956859787508
5770,80,80.6783224795389,35.8956859787508
5771,80,80.6783224795389,35.8956859787508
5772,80,80.6783224795389,35.8956859787508
5773,80,80.6783224795389,35.8956859787508
5774,80,80.6783224795389,35.8956859787508
5775,80,80.6783224795389,35.8956859787508
5776,80,80.6783224795389,35.8956859787508
5777,80,80.6783224795389,35.8956859787508
5778,80,80.6783224795389,35.8956859787508
5779,80,80.6783224795389,35.8956859787508
5780,80,80.6783224795389,35.8956859787508
5781,80,80.6783224795389,35.8956859787508
5782,80,80.6783224795389,35.8956859787508
5783,80,80.6783224795389,35.8956859787508
5784,80,80.6783224795389,35.8956859787508
5785,80,80.6783224795389,35.8956859787508
5786,80,80.6783224795389,35.8956859787508
5787,80,80.6783224795389,35.8956859787508
5788,80,80.6783224795389,35.8956859787508
5789,80,80.6783224795389,35.8956859787508
5790,80,80.6783224795389,35.8956859787508
5791,80,80.6783224795389,35.8956859787508
5792,80,80.6783224795389,35.8956859787508
5793,80,80.6783224795389,35.8956859787508
5794,80,80.6783224795389,35.8956859787508
5795,80,80.6783224795389,35.8956859787508
5796,80,80.6783224795389,35.8956859787508
5797,80,80.6783224795389,35.8956859787508
5798,80,80.6783224795389,35.8956859787508
5799,80,80.6783224795389,35.8956859787508
5800,80,80.6783224795389,35.8956859787508
5801,80,80.6783224795389,35.8956859787508
5802,80,80.6783224795389,35.8956859787508
5803,80,80.6783224795389,35.8956859787508
5804,80,80.6783224795389,35.8956859787508
5805,80,80.6783224795389,35.8956859787508
5806,80,80.6783224795389,35.8956859787508
5807,80,80.6783224795389,35.8956859787508
5808,80,80.6783224795389,35.8956859787508
5809,80,80.6783224795389,35.8956859787508
5810,80,80.6783224795389,35.8956859787508
5811,80,80.6783224795389,35.8956859787508
5812,80,80.6783224795389,35.8956859787508
5813,80,80.6783224795389,35.8956859787508
5814,80,80.6783224795389,35.8956859787508
5815,80,80.6783224795389,35.8956859787508
5816,80,80.6783224795389,35.8956859787508
5817,80,80.6783224795389,35.8956859787508
5818,80,80.6783224795389,35.8956859787508
5819,80,80.6783224795389,35.8956859787508
5820,80,80.6783224795389,35.8956859787508
5821,80,80.6783224795389,35.8956859787508
5822,80,80.6783224795389,35.8956859787508
5823,80,80.6783224795389,35.8956859787508
5824,80,80.6783224795389,35.8956859787508
5825,80,80.6783224795389,35.8956859787508
5826,80,80.6783224795389,35.8956859787508
5827,80,80.6783224795389,35.8956859787508
5828,80,80.6783224795389,35.8956859787508
5829,80,80.6783224795389,35.8956859787508
5830,80,80.6783224795389,35.8956859787508
5831,80,80.6783224795389,35.8956859787508
5832,80,80.6783224795389,35.8956859787508
5833,80,80.6783224795389,35.8956859787508
5834,80,80.6783224795389,35.8956859787508
5835,80,80.6783224795389,35.8956859787508
5836,80,80.6783224795389,35.8956859787508
5837,80,80.6783224795389,35.8956859787508
5838,80,80.6783224795389,35.8956859787508
5839,80,80.6783224795389,35.8956859787508
5840,80,80.6783224795389,35.8956859787508
5841,80,80.6783224795389,35.8956859787508
5842,80,80.6783224795389,35.8956859787508
5843,80,80.6783224795389,35.8956859787508
5844,80,80.6783224795389,35.8956859787508
5845,80,80.6783224795389,35.8956859787508
5846,80,80.6783224795389,35.8956859787508
5847,80,80.6783224795389,35.8956859787508
5848,80,80.6783224795389,35.8956859787508
5849,80,80.6783224795389,35.8956859787508
5850,80,80.6783224795389,35.8956859787508
5851,80,80.6783224795389,35.8956859787508
5852,80,80.6783224795389,35.8956859787508
5853,80,80.6783224795389,35.8956859787508
5854,80,80.6783224795389,35.8956859787508
5855,80,80.6783224795389,35.8956859787508
5856,80,80.6783224795389,35.8956859787508
5857,80,80.6783224795389,35.8956859787508
5858,80,80.6783224795389,35.8956859787508
5859,80,80.6783224795389,35.8956859787508
5860,80,80.6783224795389,35.8956859787508
5861,80,80.6783224795389,35.8956859787508
5862,80,80.6783224795389,35.8956859787508
5863,80,80.6783224795389,35.8956859787508
5864,80,80.6783224795389,35.8956859787508
5865,80,80.6783224795389,35.8956859787508
5866,80,80.6783224795389,35.8956859787508
5867,80,80.6783224795389,35.8956859787508
5868,80,80.6783224795389,35.8956859787508
5869,80,80.6783224795389,35.8956859787508
5870,80,80.6783224795389,35.8956859787508
5871,80,80.6783224795389,35.8956859787508
5872,80,80.6783224795389,35.8956859787508
5873,80,80.6783224795389,35.8956859787508
5874,80,80.6783224795389,35.8956859787508
5875,80,80.6783224795389,35.8956859787508
5876,80,80.6783224795389,35.8956859787508
5877,80,80.6783224795389,35.8956859787508
5878,80,80.6783224795389,35.8956859787508
5879,80,80.6783224795389,35.8956859787508
5880,80,80.6783224795389,35.8956859787508
5881,80,80.6783224795389,35.8956859787508
5882,80,80.6783224795389,35.8956859787508
5883,80,80.6783224795389,35.8956859787508
5884,80,80.6783224795389,35.8956859787508
5885,80,80.6783224795389,35.8956859787508
5886,80,80.6783224795389,35.8956859787508
5887,80,80.6783224795389,35.8956859787508
5888,80,80.6783224795389,35.8956859787508
5889,80,80.6783224795389,35.8956859787508
5890,80,80.6783224795389,35.8956859787508
5891,80,80.6783224795389,35.8956859787508
5892,80,80.6783224795389,35.8956859787508
5893,80,80.6783224795389,35.8956859787508
5894,80,80.6783224795389,35.8956859787508
5895,80,80.6783224795389,35.8956859787508
5896,80,80.6783224795389,35.8956859787508
5897,80,80.6783224795389,35.8956859787508
5898,80,80.6783224795389,35.8956859787508
5899,80,80.6783224795389,35.8956859787508
5900,80,80.6783224795389,35.8956859787508
5901,80,80.6783224795389,35.8956859787508
5902,80,80.6783224795389,35.8956859787508
5903,80,80.6783224795389,35.8956859787508
5904,80,80.6783224795389,35.8956859787508
5905,80,80.6783224795389,35.8956859787508
5906,80,80.6783224795389,35.8956859787508
5907,80,80.6783224795389,35.8956859787508
5908,80,80.6783224795389,35.8956859787508
5909,80,80.6783224795389,35.8956859787508
5910,80,80.6783224795389,35.8956859787508
5911,80,80.6783224795389,35.8956859787508
5912,80,80.6783224795389,35.8956859787508
5913,80,80.6783224795389,35.8956859787508
5914,80,80.6783224795389,35.8956859787508
5915,80,80.6783224795389,35.8956859787508
5916,80,80.6783224795389,35.8956859787508
5917,80,80.6783224795389,35.8956859787508
5918,80,80.6783224795389,35.8956859787508
5919,80,80.6783224795389,35.8956859787508
5920,80,80.6783224795389,35.8956859787508
5921,80,80.6783224795389,35.8956859787508
5922,80,80.6783224795389,35.8956859787508
5923,80,80.6783224795389,35.8956859787508
5924,80,80.6783224795389,35.8956859787508
5925,80,80.6783224795389,35.8956859787508
5926,80,80.6783224795389,35.8956859787508
5927,80,80.6783224795389,35.8956859787508
5928,80,80.6783224795389,35.8956859787508
5929,80,80.6783224795389,35.8956859787508
5930,80,80.6783224795389,35.8956859787508
5931,80,80.6783224795389,35.8956859787508
5932,80,80.6783224795389,35.8956859787508
5933,80,80.6783224795389,35.8956859787508
5934,80,80.6783224795389,35.8956859787508
5935,80,80.6783224795389,35.8956859787508
5936,80,80.6783224795389,35.8956859787508
5937,80,80.6783224795389,35.8956859787508
5938,80,80.6783224795389,35.8956859787508
5939,80,80.6783224795389,35.8956859787508
5940,80,80.6783224795389,35.8956859787508
5941,80,80.6783224795389,35.8956859787508
5942,80,80.6783224795389,35.8956859787508
5943,80,80.6783224795389,35.8956859787508
5944,80,80.6783224795389,35.8956859787508
5945,80,80.6783224795389,35.8956859787508
5946,80,80.6783224795389,35.8956859787508
5947,80,80.6783224795389,35.8956859787508
5948,80,80.6783224795389,35.8956859787508
5949,80,80.6783224795389,35.8956859787508
5950,80,80.6783224795389,35.8956859787508
5951,80,80.6783224795389,35.8956859787508
5952,80,80.6783224795389,35.8956859787508
5953,80,80.6783224795389,35.8956859787508
5954,80,80.6783224795389,35.8956859787508
5955,80,80.6783224795389,35.8956859787508
5956,80,80.6783224795389,35.8956859787508
5957,80,80.6783224795389,35.8956859787508
5958,80,80.6783224795389,35.8956859787508
5959,80,80.6783224795389,35.8956859787508
5960,80,80.6783224795389,35.8956859787508
5961,80,80.6783224795389,35.8956859787508
5962,80,80.6783224795389,35.8956859787508
5963,80,80.6783224795389,35.8956859787508
5964,80,80.6783224795389,35.8956859787508
5965,80,80.6783224795389,35.8956859787508
5966,80,80.6783224795389,35.8956859787508
5967,80,80.6783224795389,35.8956859787508
5968,80,80.6783224795389,35.8956859787508
5969,80,80.6783224795389,35.8956859787508
5970,80,80.6783224795389,35.8956859787508
5971,80,80.6783224795389,35.8956859787508
5972,80,80.6783224795389,35.8956859787508
5973,80,80.6783224795389,35.8956859787508
5974,80,80.6783224795389,35.8956859787508
5975,80,80.6783224795389,35.8956859787508
5976,80,80.7740316711973,36.3616321316922
5977,80,80.7740316711973,36.3616321316922
5978,80,80.7740316711973,36.3616321316922
5979,80,80.7740316711973,36.3616321316922
5980,80,80.7740316711973,36.3616321316922
5981,80,80.7740316711973,36.3616321316922
5982,80,80.7740316711973,36.3616321316922
5983,80,80.7740316711973,36.3616321316922
5984,80,80.7740316711973,36.3616321316922
5985,80,80.7740316711973,36.3616321316922
5986,80,80.7740316711973,36.3616321316922
5987,80,80.7740316711973,36.3616321316922
5988,80,80.7740316711973,36.3616321316922
5989,80,80.7740316711973,36.3616321316922
5990,80,80.7740316711973,36.3616321316922
5991,80,80.7740316711973,36.3616321316922
5992,80,80.7740316711973,36.3616321316922
5993,80,80.7740316711973,36.3616321316922
5994,80,80.7740316711973,36.3616321316922
5995,80,80.7740316711973,36.3616321316922
5996,80,80.7740316711973,36.3616321316922
5997,80,80.7740316711973,36.3616321316922
5998,80,80.7740316711973,36.3616321316922
5999,80,80.7740316711973,36.3616321316922
6000,80,80.7740316711973,36.3616321316922
6001,80,80.7740316711973,36.3616321316922
6002,80,80.7740316711973,36.3616321316922
6003,80,80.7740316711973,36.3616321316922
6004,80,80.7740316711973,36.3616321316922
6005,80,80.7740316711973,36.3616321316922
6006,80,80.7740316711973,36.3616321316922
6007,80,80.7740316711973,36.3616321316922
6008,80,80.7740316711973,36.3616321316922
6009,80,80.7740316711973,36.3616321316922
6010,80,80.7740316711973,36.3616321316922
6011,80,80.7740316711973,36.3616321316922
6012,80,80.7740316711973,36.3616321316922
6013,80,80.7740316711973,36.3616321316922
6014,80,80.7740316711973,36.3616321316922
6015,80,80.7740316711973,36.3616321316922
6016,80,80.7740316711973,36.3616321316922
6017,80,80.7740316711973,36.3616321316922
6018,80,80.7740316711973,36.3616321316922
6019,80,80.7740316711973,36.3616321316922
6020,80,80.7740316711973,36.3616321316922
6021,80,80.7740316711973,36.3616321316922
6022,80,80.7740316711973,36.3616321316922
6023,80,80.7740316711973,36.3616321316922
6024,80,80.7740316711973,36.3616321316922
6025,80,80.7740316711973,36.3616321316922
6026,80,80.7740316711973,36.3616321316922
6027,80,80.7740316711973,36.3616321316922
6028,80,80.7740316711973,36.3616321316922
6029,80,80.7740316711973,36.3616321316922
6030,80,80.7740316711973,36.3616321316922
6031,80,80.7740316711973,36.3616321316922
6032,80,80.7740316711973,36.3616321316922
6033,80,80.7740316711973,36.3616321316922
6034,80,80.7740316711973,36.3616321316922
6035,80,80.7740316711973,36.3616321316922
6036,80,80.7740316711973,36.3616321316922
6037,80,80.7740316711973,36.3616321316922
6038,80,80.7740316711973,36.3616321316922
6039,80,80.7740316711973,36.3616321316922
6040,80,80.7740316711973,36.3616321316922
6041,80,80.7740316711973,36.3616321316922
6042,80,80.7740316711973,36.3616321316922
6043,80,80.7740316711973,36.3616321316922
6044,80,80.7740316711973,36.3616321316922
6045,80,80.7740316711973,36.3616321316922
6046,80,80.7740316711973,36.3616321316922
6047,80,80.7740316711973,36.3616321316922
6048,80,80.7740316711973,36.3616321316922
6049,80,80.7740316711973,36.3616321316922
6050,80,80.7740316711973,36.3616321316922
6051,80,80.7740316711973,36.3616321316922
6052,80,80.7740316711973,36.3616321316922
6053,80,80.7740316711973,36.3616321316922
6054,80,80.7740316711973,36.3616321316922
6055,80,80.7740316711973,36.3616321316922
6056,80,80.7740316711973,36.3616321316922
6057,80,80.7740316711973,36.3616321316922
6058,80,80.7740316711973,36.3616321316922
6059,80,80.7740316711973,36.3616321316922
6060,80,80.7740316711973,36.3616321316922
6061,80,80.7740316711973,36.3616321316922
6062,80,80.7740316711973,36.3616321316922
6063,80,80.7740316711973,36.3616321316922
6064,80,80.7740316711973,36.3616321316922
6065,80,80.7740316711973,36.3616321316922
6066,80,80.7740316711973,36.3616321316922
6067,80,80.7740316711973,36.3616321316922
6068,80,80.7740316711973,36.3616321316922
6069,80,80.7740316711973,36.3616321316922
6070,80,80.7740316711973,36.3616321316922
6071,80,80.7740316711973,36.3616321316922
6072,80,80.7740316711973,36.3616321316922
6073,80,80.7740316711973,36.3616321316922
6074,80,80.7740316711973,36.3616321316922
6075,80,80.7740316711973,36.3616321316922
6076,80,80.7740316711973,36.3616321316922
6077,80,80.7740316711973,36.3616321316922
6078,80,80.7740316711973,36.3616321316922
6079,80,80.7740316711973,36.3616321316922
6080,80,80.7740316711973,36.3616321316922
6081,80,80.7740316711973,36.3616321316922
6082,80,80.7740316711973,36.3616321316922
6083,80,80.7740316711973,36.3616321316922
6084,80,80.7740316711973,36.3616321316922
6085,80,80.7740316711973,36.3616321316922
6086,80,80.7740316711973,36.3616321316922
6087,80,80.7740316711973,36.3616321316922
6088,80,80.7740316711973,36.3616321316922
6089,80,80.7740316711973,36.3616321316922
6090,80,80.7740316711973,36.3616321316922
6091,80,80.7740316711973,36.3616321316922
6092,80,80.7740316711973,36.3616321316922
6093,80,80.7740316711973,36.3616321316922
6094,80,80.7740316711973,36.3616321316922
6095,80,80.7740316711973,36.3616321316922
6096,80,80.7740316711973,36.3616321316922
6097,80,80.7740316711973,36.3616321316922
6098,80,80.7740316711973,36.3616321316922
6099,80,80.7740316711973,36.3616321316922
6100,80,80.7740316711973,36.3616321316922
6101,80,80.7740316711973,36.3616321316922
6102,80,80.7740316711973,36.3616321316922
6103,80,80.7740316711973,36.3616321316922
6104,80,80.7740316711973,36.3616321316922
6105,80,80.7740316711973,36.3616321316922
6106,80,80.7740316711973,36.3616321316922
6107,80,80.7740316711973,36.3616321316922
6108,80,80.7740316711973,36.3616321316922
6109,80,80.7740316711973,36.3616321316922
6110,80,80.7740316711973,36.3616321316922
6111,80,80.7740316711973,36.3616321316922
6112,80,80.7740316711973,36.3616321316922
6113,80,80.7740316711973,36.3616321316922
6114,80,80.7740316711973,36.3616321316922
6115,80,80.7740316711973,36.3616321316922
6116,80,80.7740316711973,36.3616321316922
6117,80,80.7740316711973,36.3616321316922
6118,80,80.7740316711973,36.3616321316922
6119,80,80.7740316711973,36.3616321316922
6120,80,80.7740316711973,36.3616321316922
6121,80,80.7740316711973,36.3616321316922
6122,80,80.7740316711973,36.3616321316922
6123,80,80.7740316711973,36.3616321316922
6124,80,80.7740316711973,36.3616321316922
6125,80,80.7740316711973,36.3616321316922
6126,80,80.7740316711973,36.3616321316922
6127,80,80.7740316711973,36.3616321316922
6128,80,80.7740316711973,36.3616321316922
6129,80,80.7740316711973,36.3616321316922
6130,80,80.7740316711973,36.3616321316922
6131,80,80.7740316711973,36.3616321316922
6132,80,80.7740316711973,36.3616321316922
6133,80,80.7740316711973,36.3616321316922
6134,80,80.7740316711973,36.3616321316922
6135,80,80.7740316711973,36.3616321316922
6136,80,80.7740316711973,36.3616321316922
6137,80,80.7740316711973,36.3616321316922
6138,80,80.7740316711973,36.3616321316922
6139,80,80.7740316711973,36.3616321316922
6140,80,80.7740316711973,36.3616321316922
6141,80,80.7740316711973,36.3616321316922
6142,80,80.7740316711973,36.3616321316922
6143,80,80.7740316711973,36.3616321316922
6144,80,80.7740316711973,36.3616321316922
6145,80,80.7740316711973,36.3616321316922
6146,80,80.7740316711973,36.3616321316922
6147,80,80.7740316711973,36.3616321316922
6148,80,80.7740316711973,36.3616321316922
6149,80,80.7740316711973,36.3616321316922
6150,80,80.7740316711973,36.3616321316922
6151,80,80.7740316711973,36.3616321316922
6152,80,80.7740316711973,36.3616321316922
6153,80,80.7740316711973,36.3616321316922
6154,80,80.7740316711973,36.3616321316922
6155,80,80.7740316711973,36.3616321316922
6156,80,80.7740316711973,36.3616321316922
6157,80,80.7740316711973,36.3616321316922
6158,80,80.7740316711973,36.3616321316922
6159,80,80.7740316711973,36.3616321316922
6160,80,80.7740316711973,36.3616321316922
6161,80,80.7740316711973,36.3616321316922
6162,80,80.7740316711973,36.3616321316922
6163,80,80.7740316711973,36.3616321316922
6164,80,80.7740316711973,36.3616321316922
6165,80,80.7740316711973,36.3616321316922
6166,80,80.7740316711973,36.3616321316922
6167,80,80.7740316711973,36.3616321316922
6168,80,80.7740316711973,36.3616321316922
6169,80,80.7740316711973,36.3616321316922
6170,80,80.7740316711973,36.3616321316922
6171,80,80.7740316711973,36.3616321316922
6172,80,80.7740316711973,36.3616321316922
6173,80,80.7740316711973,36.3616321316922
6174,80,80.7740316711973,36.3616321316922
6175,80,80.7740316711973,36.3616321316922
6176,80,80.7740316711973,36.3616321316922
6177,80,80.7740316711973,36.3616321316922
6178,80,80.7740316711973,36.3616321316922
6179,80,80.7740316711973,36.3616321316922
6180,80,80.7740316711973,36.3616321316922
6181,80,80.7740316711973,36.3616321316922
6182,80,80.7740316711973,36.3616321316922
6183,80,80.7740316711973,36.3616321316922
6184,80,80.7740316711973,36.3616321316922
6185,80,80.7740316711973,36.3616321316922
6186,80,80.7740316711973,36.3616321316922
6187,80,80.7740316711973,36.3616321316922
6188,80,80.7740316711973,36.3616321316922
6189,80,80.7740316711973,36.3616321316922
6190,80,80.7740316711973,36.3616321316922
6191,80,80.7740316711973,36.3616321316922
6192,80,80.7740316711973,36.3616321316922
6193,80,80.7740316711973,36.3616321316922
6194,80,80.7740316711973,36.3616321316922
6195,80,80.7740316711973,36.3616321316922
6196,80,80.7740316711973,36.3616321316922
6197,80,80.7740316711973,36.3616321316922
6198,80,80.7740316711973,36.3616321316922
6199,80,80.7740316711973,36.3616321316922
6200,80,80.7740316711973,36.3616321316922
6201,80,80.7740316711973,36.3616321316922
6202,80,80.7740316711973,36.3616321316922
6203,80,80.7740316711973,36.3616321316922
6204,80,80.7740316711973,36.3616321316922
6205,80,80.7740316711973,36.3616321316922
6206,80,80.7740316711973,36.3616321316922
6207,80,80.7740316711973,36.3616321316922
6208,80,80.7740316711973,36.3616321316922
6209,80,80.7740316711973,36.3616321316922
6210,80,80.7740316711973,36.3616321316922
6211,80,80.7740316711973,36.3616321316922
6212,80,80.7740316711973,36.3616321316922
6213,80,80.7740316711973,36.3616321316922
6214,80,80.7740316711973,36.3616321316922
6215,80,80.7740316711973,36.3616321316922
6216,80,80.7740316711973,36.3616321316922
6217,80,80.7740316711973,36.3616321316922
6218,80,80.7740316711973,36.3616321316922
6219,80,80.7740316711973,36.3616321316922
6220,80,80.7740316711973,36.3616321316922
6221,80,80.7740316711973,36.3616321316922
6222,80,80.7740316711973,36.3616321316922
6223,80,80.7740316711973,36.3616321316922
6224,80,80.7740316711973,36.3616321316922
6225,80,80.5498540279383,36.124462436384
6226,80,80.5498540279383,36.124462436384
6227,80,80.5498540279383,36.124462436384
6228,80,80.5498540279383,36.124462436384
6229,80,80.5498540279383,36.124462436384
6230,80,80.5498540279383,36.124462436384
6231,80,80.5498540279383,36.124462436384
6232,80,80.5498540279383,36.124462436384
6233,80,80.5498540279383,36.124462436384
6234,80,80.5498540279383,36.124462436384
6235,80,80.5498540279383,36.124462436384
6236,80,80.5498540279383,36.124462436384
6237,80,80.5498540279383,36.124462436384
6238,80,80.5498540279383,36.124462436384
6239,80,80.5498540279383,36.124462436384
6240,80,80.5498540279383,36.124462436384
6241,80,80.5498540279383,36.124462436384
6242,80,80.5498540279383,36.124462436384
6243,80,80.5498540279383,36.124462436384
6244,80,80.5498540279383,36.124462436384
6245,80,80.5498540279383,36.124462436384
6246,80,80.5498540279383,36.124462436384
6247,80,80.5498540279383,36.124462436384
6248,80,80.5498540279383,36.124462436384
6249,80,80.5498540279383,36.124462436384
6250,80,80.5498540279383,36.124462436384
6251,80,80.5498540279383,36.124462436384
6252,80,80.5498540279383,36.124462436384
6253,80,80.5498540279383,36.124462436384
6254,80,80.5498540279383,36.124462436384
6255,80,80.5498540279383,36.124462436384
6256,80,80.5498540279383,36.124462436384
6257,80,80.5498540279383,36.124462436384
6258,80,80.5498540279383,36.124462436384
6259,80,80.5498540279383,36.124462436384
6260,80,80.5498540279383,36.124462436384
6261,80,80.5498540279383,36.124462436384
6262,80,80.5498540279383,36.124462436384
6263,80,80.5498540279383,36.124462436384
6264,80,80.5498540279383,36.124462436384
6265,80,80.5498540279383,36.124462436384
6266,80,80.5498540279383,36.124462436384
6267,80,80.5498540279383,36.124462436384
6268,80,80.5498540279383,36.124462436384
6269,80,80.5498540279383,36.124462436384
6270,80,80.5498540279383,36.124462436384
6271,80,80.5498540279383,36.124462436384
6272,80,80.5498540279383,36.124462436384
6273,80,80.5498540279383,36.124462436384
6274,80,80.5498540279383,36.124462436384
6275,80,80.5498540279383,36.124462436384
6276,80,80.5498540279383,36.124462436384
6277,80,80.5498540279383,36.124462436384
6278,80,80.5498540279383,36.124462436384
6279,80,80.5498540279383,36.124462436384
6280,80,80.5498540279383,36.124462436384
6281,80,80.5498540279383,36.124462436384
6282,80,80.5498540279383,36.124462436384
6283,80,80.5498540279383,36.124462436384
6284,80,80.5498540279383,36.124462436384
6285,80,80.5498540279383,36.124462436384
6286,80,80.5498540279383,36.124462436384
6287,80,80.5498540279383,36.124462436384
6288,80,80.5498540279383,36.124462436384
6289,80,80.5498540279383,36.124462436384
6290,80,80.5498540279383,36.124462436384
6291,80,80.5498540279383,36.124462436384
6292,80,80.5498540279383,36.124462436384
6293,80,80.5498540279383,36.124462436384
6294,80,80.5498540279383,36.124462436384
6295,80,80.5498540279383,36.124462436384
6296,80,80.5498540279383,36.124462436384
6297,80,80.5498540279383,36.124462436384
6298,80,80.5498540279383,36.124462436384
6299,80,80.5498540279383,36.124462436384
6300,80,80.5498540279383,36.124462436384
6301,80,80.5498540279383,36.124462436384
6302,80,80.5498540279383,36.124462436384
6303,80,80.5498540279383,36.124462436384
6304,80,80.5498540279383,36.124462436384
6305,80,80.5498540279383,36.124462436384
6306,80,80.5498540279383,36.124462436384
6307,80,80.5498540279383,36.124462436384
6308,80,80.5498540279383,36.124462436384
6309,80,80.5498540279383,36.124462436384
6310,80,80.5498540279383,36.124462436384
6311,80,80.5498540279383,36.124462436384
6312,80,80.5498540279383,36.124462436384
6313,80,80.5498540279383,36.124462436384
6314,80,80.5498540279383,36.124462436384
6315,80,80.5498540279383,36.124462436384
6316,80,80.5498540279383,36.124462436384
6317,80,80.5498540279383,36.124462436384
6318,80,80.5498540279383,36.124462436384
6319,80,80.5498540279383,36.124462436384
6320,80,80.5498540279383,36.124462436384
6321,80,80.5498540279383,36.124462436384
6322,80,80.5498540279383,36.124462436384
6323,80,80.5498540279383,36.124462436384
6324,80,80.5498540279383,36.124462436384
6325,80,80.5498540279383,36.124462436384
6326,80,80.5498540279383,36.124462436384
6327,80,80.5498540279383,36.124462436384
6328,80,80.5498540279383,36.124462436384
6329,80,80.5498540279383,36.124462436384
6330,80,80.5498540279383,36.124462436384
6331,80,80.5498540279383,36.124462436384
6332,80,80.5498540279383,36.124462436384
6333,80,80.5498540279383,36.124462436384
6334,80,80.5498540279383,36.124462436384
6335,80,80.5498540279383,36.124462436384
6336,80,80.5498540279383,36.124462436384
6337,80,80.5498540279383,36.124462436384
6338,80,80.5498540279383,36.124462436384
6339,80,80.5498540279383,36.124462436384
6340,80,80.5498540279383,36.124462436384
6341,80,80.5498540279383,36.124462436384
6342,80,80.5498540279383,36.124462436384
6343,80,80.5498540279383,36.124462436384
6344,80,80.5498540279383,36.124462436384
6345,80,80.5498540279383,36.124462436384
6346,80,80.5498540279383,36.124462436384
6347,80,80.5498540279383,36.124462436384
6348,80,80.5498540279383,36.124462436384
6349,80,80.5498540279383,36.124462436384
6350,80,80.5498540279383,36.124462436384
6351,80,80.5498540279383,36.124462436384
6352,80,80.5498540279383,36.124462436384
6353,80,80.5498540279383,36.124462436384
6354,80,80.5498540279383,36.124462436384
6355,80,80.5498540279383,36.124462436384
6356,80,80.5498540279383,36.124462436384
6357,80,80.5498540279383,36.124462436384
6358,80,80.5498540279383,36.124462436384
6359,80,80.5498540279383,36.124462436384
6360,80,80.5498540279383,36.124462436384
6361,80,80.5498540279383,36.124462436384
6362,80,80.5498540279383,36.124462436384
6363,80,80.5498540279383,36.124462436384
6364,80,80.5498540279383,36.124462436384
6365,80,80.5498540279383,36.124462436384
6366,80,80.5498540279383,36.124462436384
6367,80,80.5498540279383,36.124462436384
6368,80,80.5498540279383,36.124462436384
6369,80,80.5498540279383,36.124462436384
6370,80,80.5498540279383,36.124462436384
6371,80,80.5498540279383,36.124462436384
6372,80,80.5498540279383,36.124462436384
6373,80,80.5498540279383,36.124462436384
6374,80,80.5498540279383,36.124462436384
6375,80,80.5498540279383,36.124462436384
6376,80,80.5498540279383,36.124462436384
6377,80,80.5498540279383,36.124462436384
6378,80,80.5498540279383,36.124462436384
6379,80,80.5498540279383,36.124462436384
6380,80,80.5498540279383,36.124462436384
6381,80,80.5498540279383,36.124462436384
6382,80,80.5498540279383,36.124462436384
6383,80,80.5498540279383,36.124462436384
6384,80,80.5498540279383,36.124462436384
6385,80,80.5498540279383,36.124462436384
6386,80,80.5498540279383,36.124462436384
6387,80,80.5498540279383,36.124462436384
6388,80,80.5498540279383,36.124462436384
6389,80,80.5498540279383,36.124462436384
6390,80,80.5498540279383,36.124462436384
6391,80,80.5498540279383,36.124462436384
6392,80,80.5498540279383,36.124462436384
6393,80,80.5498540279383,36.124462436384
6394,80,80.5498540279383,36.124462436384
6395,80,80.5498540279383,36.124462436384
6396,80,80.5498540279383,36.124462436384
6397,80,80.5498540279383,36.124462436384
6398,80,80.5498540279383,36.124462436384
6399,80,80.5498540279383,36.124462436384
6400,80,80.5498540279383,36.124462436384
6401,80,80.5498540279383,36.124462436384
6402,80,80.5498540279383,36.124462436384
6403,80,80.5498540279383,36.124462436384
6404,80,80.5498540279383,36.124462436384
6405,80,80.5498540279383,36.124462436384
6406,80,80.5498540279383,36.124462436384
6407,80,80.5498540279383,36.124462436384
6408,80,80.5498540279383,36.124462436384
6409,80,80.5498540279383,36.124462436384
6410,80,80.5498540279383,36.124462436384
6411,80,80.5498540279383,36.124462436384
6412,80,80.5498540279383,36.124462436384
6413,80,80.5498540279383,36.124462436384
6414,80,80.5498540279383,36.124462436384
6415,80,80.5498540279383,36.124462436384
6416,80,80.5498540279383,36.124462436384
6417,80,80.5498540279383,36.124462436384
6418,80,80.5498540279383,36.124462436384
6419,80,80.5498540279383,36.124462436384
6420,80,80.5498540279383,36.124462436384
6421,80,80.5498540279383,36.124462436384
6422,80,80.5498540279383,36.124462436384
6423,80,80.5498540279383,36.124462436384
6424,80,80.5498540279383,36.124462436384
6425,80,80.5498540279383,36.124462436384
6426,80,80.5498540279383,36.124462436384
6427,80,80.5498540279383,36.124462436384
6428,80,80.5498540279383,36.124462436384
6429,80,80.5498540279383,36.124462436384
6430,80,80.5498540279383,36.124462436384
6431,80,80.5498540279383,36.124462436384
6432,80,80.5498540279383,36.124462436384
6433,80,80.5498540279383,36.124462436384
6434,80,80.5498540279383,36.124462436384
6435,80,80.5498540279383,36.124462436384
6436,80,80.5498540279383,36.124462436384
6437,80,80.5498540279383,36.124462436384
6438,80,80.5498540279383,36.124462436384
6439,80,80.5498540279383,36.124462436384
6440,80,80.5498540279383,36.124462436384
6441,80,80.5498540279383,36.124462436384
6442,80,80.5498540279383,36.124462436384
6443,80,80.5498540279383,36.124462436384
6444,80,80.5498540279383,36.124462436384
6445,80,80.5498540279383,36.124462436384
6446,80,80.5498540279383,36.124462436384
6447,80,80.5498540279383,36.124462436384
6448,80,80.5498540279383,36.124462436384
6449,80,80.5498540279383,36.124462436384
6450,80,80.5498540279383,36.124462436384
6451,80,80.5498540279383,36.124462436384
6452,80,80.5498540279383,36.124462436384
6453,80,80.5498540279383,36.124462436384
6454,80,80.5498540279383,36.124462436384
6455,80,80.5498540279383,36.124462436384
6456,80,80.5498540279383,36.124462436384
6457,80,80.5498540279383,36.124462436384
6458,80,80.5498540279383,36.124462436384
6459,80,80.5498540279383,36.124462436384
6460,80,80.5498540279383,36.124462436384
6461,80,80.5498540279383,36.124462436384
6462,80,80.5498540279383,36.124462436384
6463,80,80.5498540279383,36.124462436384
6464,80,80.5498540279383,36.124462436384
6465,80,80.5498540279383,36.124462436384
6466,80,80.5498540279383,36.124462436384
6467,80,80.5498540279383,36.124462436384
6468,80,80.5498540279383,36.124462436384
6469,80,80.5498540279383,36.124462436384
6470,80,80.5498540279383,36.124462436384
6471,80,80.5498540279383,36.124462436384
6472,80,80.5498540279383,36.124462436384
6473,80,80.5498540279383,36.124462436384
6474,80,80.663019344811,36.0130183714081
6475,80,80.663019344811,36.0130183714081
6476,80,80.663019344811,36.0130183714081
6477,80,80.663019344811,36.0130183714081
6478,80,80.663019344811,36.0130183714081
6479,80,80.663019344811,36.0130183714081
6480,80,80.663019344811,36.0130183714081
6481,80,80.663019344811,36.0130183714081
6482,80,80.663019344811,36.0130183714081
6483,80,80.663019344811,36.0130183714081
6484,80,80.663019344811,36.0130183714081
6485,80,80.663019344811,36.0130183714081
6486,80,80.663019344811,36.0130183714081
6487,80,80.663019344811,36.0130183714081
6488,80,80.663019344811,36.0130183714081
6489,80,80.663019344811,36.0130183714081
6490,80,80.663019344811,36.0130183714081
6491,80,80.663019344811,36.0130183714081
6492,80,80.663019344811,36.0130183714081
6493,80,80.663019344811,36.0130183714081
6494,80,80.663019344811,36.0130183714081
6495,80,80.663019344811,36.0130183714081
6496,80,80.663019344811,36.0130183714081
6497,80,80.663019344811,36.0130183714081
6498,80,80.663019344811,36.0130183714081
6499,80,80.663019344811,36.0130183714081
6500,80,80.663019344811,36.0130183714081
6501,80,80.663019344811,36.0130183714081
6502,80,80.663019344811,36.0130183714081
6503,80,80.663019344811,36.0130183714081
6504,80,80.663019344811,36.0130183714081
6505,80,80.663019344811,36.0130183714081
6506,80,80.663019344811,36.0130183714081
6507,80,80.663019344811,36.0130183714081
6508,80,80.663019344811,36.0130183714081
6509,80,80.663019344811,36.0130183714081
6510,80,80.663019344811,36.0130183714081
6511,80,80.663019344811,36.0130183714081
6512,80,80.663019344811,36.0130183714081
6513,80,80.663019344811,36.0130183714081
6514,80,80.663019344811,36.0130183714081
6515,80,80.663019344811,36.0130183714081
6516,80,80.663019344811,36.0130183714081
6517,80,80.663019344811,36.0130183714081
6518,80,80.663019344811,36.0130183714081
6519,80,80.663019344811,36.0130183714081
6520,80,80.663019344811,36.0130183714081
6521,80,80.663019344811,36.0130183714081
6522,80,80.663019344811,36.0130183714081
6523,80,80.663019344811,36.0130183714081
6524,80,80.663019344811,36.0130183714081
6525,80,80.663019344811,36.0130183714081
6526,80,80.663019344811,36.0130183714081
6527,80,80.663019344811,36.0130183714081
6528,80,80.663019344811,36.0130183714081
6529,80,80.663019344811,36.0130183714081
6530,80,80.663019344811,36.0130183714081
6531,80,80.663019344811,36.0130183714081
6532,80,80.663019344811,36.0130183714081
6533,80,80.663019344811,36.0130183714081
6534,80,80.663019344811,36.0130183714081
6535,80,80.663019344811,36.0130183714081
6536,80,80.663019344811,36.0130183714081
6537,80,80.663019344811,36.0130183714081
6538,80,80.663019344811,36.0130183714081
6539,80,80.663019344811,36.0130183714081
6540,80,80.663019344811,36.0130183714081
6541,80,80.663019344811,36.0130183714081
6542,80,80.663019344811,36.0130183714081
6543,80,80.663019344811,36.0130183714081
6544,80,80.663019344811,36.0130183714081
6545,80,80.663019344811,36.0130183714081
6546,80,80.663019344811,36.0130183714081
6547,80,80.663019344811,36.0130183714081
6548,80,80.663019344811,36.0130183714081
6549,80,80.663019344811,36.0130183714081
6550,80,80.663019344811,36.0130183714081
6551,80,80.663019344811,36.0130183714081
6552,80,80.663019344811,36.0130183714081
6553,80,80.663019344811,36.0130183714081
6554,80,80.663019344811,36.0130183714081
6555,80,80.663019344811,36.0130183714081
6556,80,80.663019344811,36.0130183714081
6557,80,80.663019344811,36.0130183714081
6558,80,80.663019344811,36.0130183714081
6559,80,80.663019344811,36.0130183714081
6560,80,80.663019344811,36.0130183714081
6561,80,80.663019344811,36.0130183714081
6562,80,80.663019344811,36.0130183714081
6563,80,80.663019344811,36.0130183714081
6564,80,80.663019344811,36.0130183714081
6565,80,80.663019344811,36.0130183714081
6566,80,80.663019344811,36.0130183714081
6567,80,80.663019344811,36.0130183714081
6568,80,80.663019344811,36.0130183714081
6569,80,80.663019344811,36.0130183714081
6570,80,80.663019344811,36.0130183714081
6571,80,80.663019344811,36.0130183714081
6572,80,80.663019344811,36.0130183714081
6573,80,80.663019344811,36.0130183714081
6574,80,80.663019344811,36.0130183714081
6575,80,80.663019344811,36.0130183714081
6576,80,80.663019344811,36.0130183714081
6577,80,80.663019344811,36.0130183714081
6578,80,80.663019344811,36.0130183714081
6579,80,80.663019344811,36.0130183714081
6580,80,80.663019344811,36.0130183714081
6581,80,80.663019344811,36.0130183714081
6582,80,80.663019344811,36.0130183714081
6583,80,80.663019344811,36.0130183714081
6584,80,80.663019344811,36.0130183714081
6585,80,80.663019344811,36.0130183714081
6586,80,80.663019344811,36.0130183714081
6587,80,80.663019344811,36.0130183714081
6588,80,80.663019344811,36.0130183714081
6589,80,80.663019344811,36.0130183714081
6590,80,80.663019344811,36.0130183714081
6591,80,80.663019344811,36.0130183714081
6592,80,80.663019344811,36.0130183714081
6593,80,80.663019344811,36.0130183714081
6594,80,80.663019344811,36.0130183714081
6595,80,80.663019344811,36.0130183714081
6596,80,80.663019344811,36.0130183714081
6597,80,80.663019344811,36.0130183714081
6598,80,80.663019344811,36.0130183714081
6599,80,80.663019344811,36.0130183714081
6600,80,80.663019344811,36.0130183714081
6601,80,80.663019344811,36.0130183714081
6602,80,80.663019344811,36.0130183714081
6603,80,80.663019344811,36.0130183714081
6604,80,80.663019344811,36.0130183714081
6605,80,80.663019344811,36.0130183714081
6606,80,80.663019344811,36.0130183714081
6607,80,80.663019344811,36.0130183714081
6608,80,80.663019344811,36.0130183714081
6609,80,80.663019344811,36.0130183714081
6610,80,80.663019344811,36.0130183714081
6611,80,80.663019344811,36.0130183714081
6612,80,80.663019344811,36.0130183714081
6613,80,80.663019344811,36.0130183714081
6614,80,80.663019344811,36.0130183714081
6615,80,80.663019344811,36.0130183714081
6616,80,80.663019344811,36.0130183714081
6617,80,80.663019344811,36.0130183714081
6618,80,80.663019344811,36.0130183714081
6619,80,80.663019344811,36.0130183714081
6620,80,80.663019344811,36.0130183714081
6621,80,80.663019344811,36.0130183714081
6622,80,80.663019344811,36.0130183714081
6623,80,80.663019344811,36.0130183714081
6624,80,80.663019344811,36.0130183714081
6625,80,80.663019344811,36.0130183714081
6626,80,80.663019344811,36.0130183714081
6627,80,80.663019344811,36.0130183714081
6628,80,80.663019344811,36.0130183714081
6629,80,80.663019344811,36.0130183714081
6630,80,80.663019344811,36.0130183714081
6631,80,80.663019344811,36.0130183714081
6632,80,80.663019344811,36.0130183714081
6633,80,80.663019344811,36.0130183714081
6634,80,80.663019344811,36.0130183714081
6635,80,80.663019344811,36.0130183714081
6636,80,80.663019344811,36.0130183714081
6637,80,80.663019344811,36.0130183714081
6638,80,80.663019344811,36.0130183714081
6639,80,80.663019344811,36.0130183714081
6640,80,80.663019344811,36.0130183714081
6641,80,80.663019344811,36.0130183714081
6642,80,80.663019344811,36.0130183714081
6643,80,80.663019344811,36.0130183714081
6644,80,80.663019344811,36.0130183714081
6645,80,80.663019344811,36.0130183714081
6646,80,80.663019344811,36.0130183714081
6647,80,80.663019344811,36.0130183714081
6648,80,80.663019344811,36.0130183714081
6649,80,80.663019344811,36.0130183714081
6650,80,80.663019344811,36.0130183714081
6651,80,80.663019344811,36.0130183714081
6652,80,80.663019344811,36.0130183714081
6653,80,80.663019344811,36.0130183714081
6654,80,80.663019344811,36.0130183714081
6655,80,80.663019344811,36.0130183714081
6656,80,80.663019344811,36.0130183714081
6657,80,80.663019344811,36.0130183714081
6658,80,80.663019344811,36.0130183714081
6659,80,80.663019344811,36.0130183714081
6660,80,80.663019344811,36.0130183714081
6661,80,80.663019344811,36.0130183714081
6662,80,80.663019344811,36.0130183714081
6663,80,80.663019344811,36.0130183714081
6664,80,80.663019344811,36.0130183714081
6665,80,80.663019344811,36.0130183714081
6666,80,80.663019344811,36.0130183714081
6667,80,80.663019344811,36.0130183714081
6668,80,80.663019344811,36.0130183714081
6669,80,80.663019344811,36.0130183714081
6670,80,80.663019344811,36.0130183714081
6671,80,80.663019344811,36.0130183714081
6672,80,80.663019344811,36.0130183714081
6673,80,80.663019344811,36.0130183714081
6674,80,80.663019344811,36.0130183714081
6675,80,80.663019344811,36.0130183714081
6676,80,80.663019344811,36.0130183714081
6677,80,80.663019344811,36.0130183714081
6678,80,80.663019344811,36.0130183714081
6679,80,80.663019344811,36.0130183714081
6680,80,80.663019344811,36.0130183714081
6681,80,80.663019344811,36.0130183714081
6682,80,80.663019344811,36.0130183714081
6683,80,80.663019344811,36.0130183714081
6684,80,80.663019344811,36.0130183714081
6685,80,80.663019344811,36.0130183714081
6686,80,80.663019344811,36.0130183714081
6687,80,80.663019344811,36.0130183714081
6688,80,80.663019344811,36.0130183714081
6689,80,80.663019344811,36.0130183714081
6690,80,80.663019344811,36.0130183714081
6691,80,80.663019344811,36.0130183714081
6692,80,80.663019344811,36.0130183714081
6693,80,80.663019344811,36.0130183714081
6694,80,80.663019344811,36.0130183714081
6695,80,80.663019344811,36.0130183714081
6696,80,80.663019344811,36.0130183714081
6697,80,80.663019344811,36.0130183714081
6698,80,80.663019344811,36.0130183714081
6699,80,80.663019344811,36.0130183714081
6700,80,80.663019344811,36.0130183714081
6701,80,80.663019344811,36.0130183714081
6702,80,80.663019344811,36.0130183714081
6703,80,80.663019344811,36.0130183714081
6704,80,80.663019344811,36.0130183714081
6705,80,80.663019344811,36.0130183714081
6706,80,80.663019344811,36.0130183714081
6707,80,80.663019344811,36.0130183714081
6708,80,80.663019344811,36.0130183714081
6709,80,80.663019344811,36.0130183714081
6710,80,80.663019344811,36.0130183714081
6711,80,80.663019344811,36.0130183714081
6712,80,80.663019344811,36.0130183714081
6713,80,80.663019344811,36.0130183714081
6714,80,80.663019344811,36.0130183714081
6715,80,80.663019344811,36.0130183714081
6716,80,80.663019344811,36.0130183714081
6717,80,80.663019344811,36.0130183714081
6718,80,80.663019344811,36.0130183714081
6719,80,80.663019344811,36.0130183714081
6720,80,80.663019344811,36.0130183714081
6721,80,80.663019344811,36.0130183714081
6722,80,80.663019344811,36.0130183714081
6723,80,80.7809344648488,36.0521102072321
6724,80,80.7809344648488,36.0521102072321
6725,80,80.7809344648488,36.0521102072321
6726,80,80.7809344648488,36.0521102072321
6727,80,80.7809344648488,36.0521102072321
6728,80,80.7809344648488,36.0521102072321
6729,80,80.7809344648488,36.0521102072321
6730,80,80.7809344648488,36.0521102072321
6731,80,80.7809344648488,36.0521102072321
6732,80,80.7809344648488,36.0521102072321
6733,80,80.7809344648488,36.0521102072321
6734,80,80.7809344648488,36.0521102072321
6735,80,80.7809344648488,36.0521102072321
6736,80,80.7809344648488,36.0521102072321
6737,80,80.7809344648488,36.0521102072321
6738,80,80.7809344648488,36.0521102072321
6739,80,80.7809344648488,36.0521102072321
6740,80,80.7809344648488,36.0521102072321
6741,80,80.7809344648488,36.0521102072321
6742,80,80.7809344648488,36.0521102072321
6743,80,80.7809344648488,36.0521102072321
6744,80,80.7809344648488,36.0521102072321
6745,80,80.7809344648488,36.0521102072321
6746,80,80.7809344648488,36.0521102072321
6747,80,80.7809344648488,36.0521102072321
6748,80,80.7809344648488,36.0521102072321
6749,80,80.7809344648488,36.0521102072321
6750,80,80.7809344648488,36.0521102072321
6751,80,80.7809344648488,36.0521102072321
6752,80,80.7809344648488,36.0521102072321
6753,80,80.7809344648488,36.0521102072321
6754,80,80.7809344648488,36.0521102072321
6755,80,80.7809344648488,36.0521102072321
6756,80,80.7809344648488,36.0521102072321
6757,80,80.7809344648488,36.0521102072321
6758,80,80.7809344648488,36.0521102072321
6759,80,80.7809344648488,36.0521102072321
6760,80,80.7809344648488,36.0521102072321
6761,80,80.7809344648488,36.0521102072321
6762,80,80.7809344648488,36.0521102072321
6763,80,80.7809344648488,36.0521102072321
6764,80,80.7809344648488,36.0521102072321
6765,80,80.7809344648488,36.0521102072321
6766,80,80.7809344648488,36.0521102072321
6767,80,80.7809344648488,36.0521102072321
6768,80,80.7809344648488,36.0521102072321
6769,80,80.7809344648488,36.0521102072321
6770,80,80.7809344648488,36.0521102072321
6771,80,80.7809344648488,36.0521102072321
6772,80,80.7809344648488,36.0521102072321
6773,80,80.7809344648488,36.0521102072321
6774,80,80.7809344648488,36.0521102072321
6775,80,80.7809344648488,36.0521102072321
6776,80,80.7809344648488,36.0521102072321
6777,80,80.7809344648488,36.0521102072321
6778,80,80.7809344648488,36.0521102072321
6779,80,80.7809344648488,36.0521102072321
6780,80,80.7809344648488,36.0521102072321
6781,80,80.7809344648488,36.0521102072321
6782,80,80.7809344648488,36.0521102072321
6783,80,80.7809344648488,36.0521102072321
6784,80,80.7809344648488,36.0521102072321
6785,80,80.7809344648488,36.0521102072321
6786,80,80.7809344648488,36.0521102072321
6787,80,80.7809344648488,36.0521102072321
6788,80,80.7809344648488,36.0521102072321
6789,80,80.7809344648488,36.0521102072321
6790,80,80.7809344648488,36.0521102072321
6791,80,80.7809344648488,36.0521102072321
6792,80,80.7809344648488,36.0521102072321
6793,80,80.7809344648488,36.0521102072321
6794,80,80.7809344648488,36.0521102072321
6795,80,80.7809344648488,36.0521102072321
6796,80,80.7809344648488,36.0521102072321
6797,80,80.7809344648488,36.0521102072321
6798,80,80.7809344648488,36.0521102072321
6799,80,80.7809344648488,36.0521102072321
6800,80,80.7809344648488,36.0521102072321
6801,80,80.7809344648488,36.0521102072321
6802,80,80.7809344648488,36.0521102072321
6803,80,80.7809344648488,36.0521102072321
6804,80,80.7809344648488,36.0521102072321
6805,80,80.7809344648488,36.0521102072321
6806,80,80.7809344648488,36.0521102072321
6807,80,80.7809344648488,36.0521102072321
6808,80,80.7809344648488,36.0521102072321
6809,80,80.7809344648488,36.0521102072321
6810,80,80.7809344648488,36.0521102072321
6811,80,80.7809344648488,36.0521102072321
6812,80,80.7809344648488,36.0521102072321
6813,80,80.7809344648488,36.0521102072321
6814,80,80.7809344648488,36.0521102072321
6815,80,80.7809344648488,36.0521102072321
6816,80,80.7809344648488,36.0521102072321
6817,80,80.7809344648488,36.0521102072321
6818,80,80.7809344648488,36.0521102072321
6819,80,80.7809344648488,36.0521102072321
6820,80,80.7809344648488,36.0521102072321
6821,80,80.7809344648488,36.0521102072321
6822,80,80.7809344648488,36.0521102072321
6823,80,80.7809344648488,36.0521102072321
6824,80,80.7809344648488,36.0521102072321
6825,80,80.7809344648488,36.0521102072321
6826,80,80.7809344648488,36.0521102072321
6827,80,80.7809344648488,36.0521102072321
6828,80,80.7809344648488,36.0521102072321
6829,80,80.7809344648488,36.0521102072321
6830,80,80.7809344648488,36.0521102072321
6831,80,80.7809344648488,36.0521102072321
6832,80,80.7809344648488,36.0521102072321
6833,80,80.7809344648488,36.0521102072321
6834,80,80.7809344648488,36.0521102072321
6835,80,80.7809344648488,36.0521102072321
6836,80,80.7809344648488,36.0521102072321
6837,80,80.7809344648488,36.0521102072321
6838,80,80.7809344648488,36.0521102072321
6839,80,80.7809344648488,36.0521102072321
6840,80,80.7809344648488,36.0521102072321
6841,80,80.7809344648488,36.0521102072321
6842,80,80.7809344648488,36.0521102072321
6843,80,80.7809344648488,36.0521102072321
6844,80,80.7809344648488,36.0521102072321
6845,80,80.7809344648488,36.0521102072321
6846,80,80.7809344648488,36.0521102072321
6847,80,80.7809344648488,36.0521102072321
6848,80,80.7809344648488,36.0521102072321
6849,80,80.7809344648488,36.0521102072321
6850,80,80.7809344648488,36.0521102072321
6851,80,80.7809344648488,36.0521102072321
6852,80,80.7809344648488,36.0521102072321
6853,80,80.7809344648488,36.0521102072321
6854,80,80.7809344648488,36.0521102072321
6855,80,80.7809344648488,36.0521102072321
6856,80,80.7809344648488,36.0521102072321
6857,80,80.7809344648488,36.0521102072321
6858,80,80.7809344648488,36.0521102072321
6859,80,80.7809344648488,36.0521102072321
6860,80,80.7809344648488,36.0521102072321
6861,80,80.7809344648488,36.0521102072321
6862,80,80.7809344648488,36.0521102072321
6863,80,80.7809344648488,36.0521102072321
6864,80,80.7809344648488,36.0521102072321
6865,80,80.7809344648488,36.0521102072321
6866,80,80.7809344648488,36.0521102072321
6867,80,80.7809344648488,36.0521102072321
6868,80,80.7809344648488,36.0521102072321
6869,80,80.7809344648488,36.0521102072321
6870,80,80.7809344648488,36.0521102072321
6871,80,80.7809344648488,36.0521102072321
6872,80,80.7809344648488,36.0521102072321
6873,80,80.7809344648488,36.0521102072321
6874,80,80.7809344648488,36.0521102072321
6875,80,80.7809344648488,36.0521102072321
6876,80,80.7809344648488,36.0521102072321
6877,80,80.7809344648488,36.0521102072321
6878,80,80.7809344648488,36.0521102072321
6879,80,80.7809344648488,36.0521102072321
6880,80,80.7809344648488,36.0521102072321
6881,80,80.7809344648488,36.0521102072321
6882,80,80.7809344648488,36.0521102072321
6883,80,80.7809344648488,36.0521102072321
6884,80,80.7809344648488,36.0521102072321
6885,80,80.7809344648488,36.0521102072321
6886,80,80.7809344648488,36.0521102072321
6887,80,80.7809344648488,36.0521102072321
6888,80,80.7809344648488,36.0521102072321
6889,80,80.7809344648488,36.0521102072321
6890,80,80.7809344648488,36.0521102072321
6891,80,80.7809344648488,36.0521102072321
6892,80,80.7809344648488,36.0521102072321
6893,80,80.7809344648488,36.0521102072321
6894,80,80.7809344648488,36.0521102072321
6895,80,80.7809344648488,36.0521102072321
6896,80,80.7809344648488,36.0521102072321
6897,80,80.7809344648488,36.0521102072321
6898,80,80.7809344648488,36.0521102072321
6899,80,80.7809344648488,36.0521102072321
6900,80,80.7809344648488,36.0521102072321
6901,80,80.7809344648488,36.0521102072321
6902,80,80.7809344648488,36.0521102072321
6903,80,80.7809344648488,36.0521102072321
6904,80,80.7809344648488,36.0521102072321
6905,80,80.7809344648488,36.0521102072321
6906,80,80.7809344648488,36.0521102072321
6907,80,80.7809344648488,36.0521102072321
6908,80,80.7809344648488,36.0521102072321
6909,80,80.7809344648488,36.0521102072321
6910,80,80.7809344648488,36.0521102072321
6911,80,80.7809344648488,36.0521102072321
6912,80,80.7809344648488,36.0521102072321
6913,80,80.7809344648488,36.0521102072321
6914,80,80.7809344648488,36.0521102072321
6915,80,80.7809344648488,36.0521102072321
6916,80,80.7809344648488,36.0521102072321
6917,80,80.7809344648488,36.0521102072321
6918,80,80.7809344648488,36.0521102072321
6919,80,80.7809344648488,36.0521102072321
6920,80,80.7809344648488,36.0521102072321
6921,80,80.7809344648488,36.0521102072321
6922,80,80.7809344648488,36.0521102072321
6923,80,80.7809344648488,36.0521102072321
6924,80,80.7809344648488,36.0521102072321
6925,80,80.7809344648488,36.0521102072321
6926,80,80.7809344648488,36.0521102072321
6927,80,80.7809344648488,36.0521102072321
6928,80,80.7809344648488,36.0521102072321
6929,80,80.7809344648488,36.0521102072321
6930,80,80.7809344648488,36.0521102072321
6931,80,80.7809344648488,36.0521102072321
6932,80,80.7809344648488,36.0521102072321
6933,80,80.7809344648488,36.0521102072321
6934,80,80.7809344648488,36.0521102072321
6935,80,80.7809344648488,36.0521102072321
6936,80,80.7809344648488,36.0521102072321
6937,80,80.7809344648488,36.0521102072321
6938,80,80.7809344648488,36.0521102072321
6939,80,80.7809344648488,36.0521102072321
6940,80,80.7809344648488,36.0521102072321
6941,80,80.7809344648488,36.0521102072321
6942,80,80.7809344648488,36.0521102072321
6943,80,80.7809344648488,36.0521102072321
6944,80,80.7809344648488,36.0521102072321
6945,80,80.7809344648488,36.0521102072321
6946,80,80.7809344648488,36.0521102072321
6947,80,80.7809344648488,36.0521102072321
6948,80,80.7809344648488,36.0521102072321
6949,80,80.7809344648488,36.0521102072321
6950,80,80.7809344648488,36.0521102072321
6951,80,80.7809344648488,36.0521102072321
6952,80,80.7809344648488,36.0521102072321
6953,80,80.7809344648488,36.0521102072321
6954,80,80.7809344648488,36.0521102072321
6955,80,80.7809344648488,36.0521102072321
6956,80,80.7809344648488,36.0521102072321
6957,80,80.7809344648488,36.0521102072321
6958,80,80.7809344648488,36.0521102072321
6959,80,80.7809344648488,36.0521102072321
6960,80,80.7809344648488,36.0521102072321
6961,80,80.7809344648488,36.0521102072321
6962,80,80.7809344648488,36.0521102072321
6963,80,80.7809344648488,36.0521102072321
6964,80,80.7809344648488,36.0521102072321
6965,80,80.7809344648488,36.0521102072321
6966,80,80.7809344648488,36.0521102072321
6967,80,80.7809344648488,36.0521102072321
6968,80,80.7809344648488,36.0521102072321
6969,80,80.7809344648488,36.0521102072321
6970,80,80.7809344648488,36.0521102072321
6971,80,80.7809344648488,36.0521102072321
6972,80,80.647099053021,35.7047122853067
6973,80,80.647099053021,35.7047122853067
6974,80,80.647099053021,35.7047122853067
6975,80,80.647099053021,35.7047122853067
6976,80,80.647099053021,35.7047122853067
6977,80,80.647099053021,35.7047122853067
6978,80,80.647099053021,35.7047122853067
6979,80,80.647099053021,35.7047122853067
6980,80,80.647099053021,35.7047122853067
6981,80,80.647099053021,35.7047122853067
6982,80,80.647099053021,35.7047122853067
6983,80,80.647099053021,35.7047122853067
6984,80,80.647099053021,35.7047122853067
6985,80,80.647099053021,35.7047122853067
6986,80,80.647099053021,35.7047122853067
6987,80,80.647099053021,35.7047122853067
6988,80,80.647099053021,35.7047122853067
6989,80,80.647099053021,35.7047122853067
6990,80,80.647099053021,35.7047122853067
6991,80,80.647099053021,35.7047122853067
6992,80,80.647099053021,35.7047122853067
6993,80,80.647099053021,35.7047122853067
6994,80,80.647099053021,35.7047122853067
6995,80,80.647099053021,35.7047122853067
6996,80,80.647099053021,35.7047122853067
6997,80,80.647099053021,35.7047122853067
6998,80,80.647099053021,35.7047122853067
6999,80,80.647099053021,35.7047122853067
7000,80,80.647099053021,35.7047122853067
7001,80,80.647099053021,35.7047122853067
7002,80,80.647099053021,35.7047122853067
7003,80,80.647099053021,35.7047122853067
7004,80,80.647099053021,35.7047122853067
7005,80,80.647099053021,35.7047122853067
7006,80,80.647099053021,35.7047122853067
7007,80,80.647099053021,35.7047122853067
7008,80,80.647099053021,35.7047122853067
7009,80,80.647099053021,35.7047122853067
7010,80,80.647099053021,35.7047122853067
7011,80,80.647099053021,35.7047122853067
7012,80,80.647099053021,35.7047122853067
7013,80,80.647099053021,35.7047122853067
7014,80,80.647099053021,35.7047122853067
7015,80,80.647099053021,35.7047122853067
7016,80,80.647099053021,35.7047122853067
7017,80,80.647099053021,35.7047122853067
7018,80,80.647099053021,35.7047122853067
7019,80,80.647099053021,35.7047122853067
7020,80,80.647099053021,35.7047122853067
7021,80,80.647099053021,35.7047122853067
7022,80,80.647099053021,35.7047122853067
7023,80,80.647099053021,35.7047122853067
7024,80,80.647099053021,35.7047122853067
7025,80,80.647099053021,35.7047122853067
7026,80,80.647099053021,35.7047122853067
7027,80,80.647099053021,35.7047122853067
7028,80,80.647099053021,35.7047122853067
7029,80,80.647099053021,35.7047122853067
7030,80,80.647099053021,35.7047122853067
7031,80,80.647099053021,35.7047122853067
7032,80,80.647099053021,35.7047122853067
7033,80,80.647099053021,35.7047122853067
7034,80,80.647099053021,35.7047122853067
7035,80,80.647099053021,35.7047122853067
7036,80,80.647099053021,35.7047122853067
7037,80,80.647099053021,35.7047122853067
7038,80,80.647099053021,35.7047122853067
7039,80,80.647099053021,35.7047122853067
7040,80,80.647099053021,35.7047122853067
7041,80,80.647099053021,35.7047122853067
7042,80,80.647099053021,35.7047122853067
7043,80,80.647099053021,35.7047122853067
7044,80,80.647099053021,35.7047122853067
7045,80,80.647099053021,35.7047122853067
7046,80,80.647099053021,35.7047122853067
7047,80,80.647099053021,35.7047122853067
7048,80,80.647099053021,35.7047122853067
7049,80,80.647099053021,35.7047122853067
7050,80,80.647099053021,35.7047122853067
7051,80,80.647099053021,35.7047122853067
7052,80,80.647099053021,35.7047122853067
7053,80,80.647099053021,35.7047122853067
7054,80,80.647099053021,35.7047122853067
7055,80,80.647099053021,35.7047122853067
7056,80,80.647099053021,35.7047122853067
7057,80,80.647099053021,35.7047122853067
7058,80,80.647099053021,35.7047122853067
7059,80,80.647099053021,35.7047122853067
7060,80,80.647099053021,35.7047122853067
7061,80,80.647099053021,35.7047122853067
7062,80,80.647099053021,35.7047122853067
7063,80,80.647099053021,35.7047122853067
7064,80,80.647099053021,35.7047122853067
7065,80,80.647099053021,35.7047122853067
7066,80,80.647099053021,35.7047122853067
7067,80,80.647099053021,35.7047122853067
7068,80,80.647099053021,35.7047122853067
7069,80,80.647099053021,35.7047122853067
7070,80,80.647099053021,35.7047122853067
7071,80,80.647099053021,35.7047122853067
7072,80,80.647099053021,35.7047122853067
7073,80,80.647099053021,35.7047122853067
7074,80,80.647099053021,35.7047122853067
7075,80,80.647099053021,35.7047122853067
7076,80,80.647099053021,35.7047122853067
7077,80,80.647099053021,35.7047122853067
7078,80,80.647099053021,35.7047122853067
7079,80,80.647099053021,35.7047122853067
7080,80,80.647099053021,35.7047122853067
7081,80,80.647099053021,35.7047122853067
7082,80,80.647099053021,35.7047122853067
7083,80,80.647099053021,35.7047122853067
7084,80,80.647099053021,35.7047122853067
7085,80,80.647099053021,35.7047122853067
7086,80,80.647099053021,35.7047122853067
7087,80,80.647099053021,35.7047122853067
7088,80,80.647099053021,35.7047122853067
7089,80,80.647099053021,35.7047122853067
7090,80,80.647099053021,35.7047122853067
7091,80,80.647099053021,35.7047122853067
7092,80,80.647099053021,35.7047122853067
7093,80,80.647099053021,35.7047122853067
7094,80,80.647099053021,35.7047122853067
7095,80,80.647099053021,35.7047122853067
7096,80,80.647099053021,35.7047122853067
7097,80,80.647099053021,35.7047122853067
7098,80,80.647099053021,35.7047122853067
7099,80,80.647099053021,35.7047122853067
7100,80,80.647099053021,35.7047122853067
7101,80,80.647099053021,35.7047122853067
7102,80,80.647099053021,35.7047122853067
7103,80,80.647099053021,35.7047122853067
7104,80,80.647099053021,35.7047122853067
7105,80,80.647099053021,35.7047122853067
7106,80,80.647099053021,35.7047122853067
7107,80,80.647099053021,35.7047122853067
7108,80,80.647099053021,35.7047122853067
7109,80,80.647099053021,35.7047122853067
7110,80,80.647099053021,35.7047122853067
7111,80,80.647099053021,35.7047122853067
7112,80,80.647099053021,35.7047122853067
7113,80,80.647099053021,35.7047122853067
7114,80,80.647099053021,35.7047122853067
7115,80,80.647099053021,35.7047122853067
7116,80,80.647099053021,35.7047122853067
7117,80,80.647099053021,35.7047122853067
7118,80,80.647099053021,35.7047122853067
7119,80,80.647099053021,35.7047122853067
7120,80,80.647099053021,35.7047122853067
7121,80,80.647099053021,35.7047122853067
7122,80,80.647099053021,35.7047122853067
7123,80,80.647099053021,35.7047122853067
7124,80,80.647099053021,35.7047122853067
7125,80,80.647099053021,35.7047122853067
7126,80,80.647099053021,35.7047122853067
7127,80,80.647099053021,35.7047122853067
7128,80,80.647099053021,35.7047122853067
7129,80,80.647099053021,35.7047122853067
7130,80,80.647099053021,35.7047122853067
7131,80,80.647099053021,35.7047122853067
7132,80,80.647099053021,35.7047122853067
7133,80,80.647099053021,35.7047122853067
7134,80,80.647099053021,35.7047122853067
7135,80,80.647099053021,35.7047122853067
7136,80,80.647099053021,35.7047122853067
7137,80,80.647099053021,35.7047122853067
7138,80,80.647099053021,35.7047122853067
7139,80,80.647099053021,35.7047122853067
7140,80,80.647099053021,35.7047122853067
7141,80,80.647099053021,35.7047122853067
7142,80,80.647099053021,35.7047122853067
7143,80,80.647099053021,35.7047122853067
7144,80,80.647099053021,35.7047122853067
7145,80,80.647099053021,35.7047122853067
7146,80,80.647099053021,35.7047122853067
7147,80,80.647099053021,35.7047122853067
7148,80,80.647099053021,35.7047122853067
7149,80,80.647099053021,35.7047122853067
7150,80,80.647099053021,35.7047122853067
7151,80,80.647099053021,35.7047122853067
7152,80,80.647099053021,35.7047122853067
7153,80,80.647099053021,35.7047122853067
7154,80,80.647099053021,35.7047122853067
7155,80,80.647099053021,35.7047122853067
7156,80,80.647099053021,35.7047122853067
7157,80,80.647099053021,35.7047122853067
7158,80,80.647099053021,35.7047122853067
7159,80,80.647099053021,35.7047122853067
7160,80,80.647099053021,35.7047122853067
7161,80,80.647099053021,35.7047122853067
7162,80,80.647099053021,35.7047122853067
7163,80,80.647099053021,35.7047122853067
7164,80,80.647099053021,35.7047122853067
7165,80,80.647099053021,35.7047122853067
7166,80,80.647099053021,35.7047122853067
7167,80,80.647099053021,35.7047122853067
7168,80,80.647099053021,35.7047122853067
7169,80,80.647099053021,35.7047122853067
7170,80,80.647099053021,35.7047122853067
7171,80,80.647099053021,35.7047122853067
7172,80,80.647099053021,35.7047122853067
7173,80,80.647099053021,35.7047122853067
7174,80,80.647099053021,35.7047122853067
7175,80,80.647099053021,35.7047122853067
7176,80,80.647099053021,35.7047122853067
7177,80,80.647099053021,35.7047122853067
7178,80,80.647099053021,35.7047122853067
7179,80,80.647099053021,35.7047122853067
7180,80,80.647099053021,35.7047122853067
7181,80,80.647099053021,35.7047122853067
7182,80,80.647099053021,35.7047122853067
7183,80,80.647099053021,35.7047122853067
7184,80,80.647099053021,35.7047122853067
7185,80,80.647099053021,35.7047122853067
7186,80,80.647099053021,35.7047122853067
7187,80,80.647099053021,35.7047122853067
7188,80,80.647099053021,35.7047122853067
7189,80,80.647099053021,35.7047122853067
7190,80,80.647099053021,35.7047122853067
7191,80,80.647099053021,35.7047122853067
7192,80,80.647099053021,35.7047122853067
7193,80,80.647099053021,35.7047122853067
7194,80,80.647099053021,35.7047122853067
7195,80,80.647099053021,35.7047122853067
7196,80,80.647099053021,35.7047122853067
7197,80,80.647099053021,35.7047122853067
7198,80,80.647099053021,35.7047122853067
7199,80,80.647099053021,35.7047122853067
7200,80,80.647099053021,35.7047122853067
7201,80,80.647099053021,35.7047122853067
7202,80,80.647099053021,35.7047122853067
7203,80,80.647099053021,35.7047122853067
7204,80,80.647099053021,35.7047122853067
7205,80,80.647099053021,35.7047122853067
7206,80,80.647099053021,35.7047122853067
7207,80,80.647099053021,35.7047122853067
7208,80,80.647099053021,35.7047122853067
7209,80,80.647099053021,35.7047122853067
7210,80,80.647099053021,35.7047122853067
7211,80,80.647099053021,35.7047122853067
7212,80,80.647099053021,35.7047122853067
7213,80,80.647099053021,35.7047122853067
7214,80,80.647099053021,35.7047122853067
7215,80,80.647099053021,35.7047122853067
7216,80,80.647099053021,35.7047122853067
7217,80,80.647099053021,35.7047122853067
7218,80,80.647099053021,35.7047122853067
7219,80,80.647099053021,35.7047122853067
7220,80,80.647099053021,35.7047122853067
7221,80,80.5460311239591,35.6149241387367
7222,80,80.5460311239591,35.6149241387367
7223,80,80.5460311239591,35.6149241387367
7224,80,80.5460311239591,35.6149241387367
7225,80,80.5460311239591,35.6149241387367
7226,80,80.5460311239591,35.6149241387367
7227,80,80.5460311239591,35.6149241387367
7228,80,80.5460311239591,35.6149241387367
7229,80,80.5460311239591,35.6149241387367
7230,80,80.5460311239591,35.6149241387367
7231,80,80.5460311239591,35.6149241387367
7232,80,80.5460311239591,35.6149241387367
7233,80,80.5460311239591,35.6149241387367
7234,80,80.5460311239591,35.6149241387367
7235,80,80.5460311239591,35.6149241387367
7236,80,80.5460311239591,35.6149241387367
7237,80,80.5460311239591,35.6149241387367
7238,80,80.5460311239591,35.6149241387367
7239,80,80.5460311239591,35.6149241387367
7240,80,80.5460311239591,35.6149241387367
7241,80,80.5460311239591,35.6149241387367
7242,80,80.5460311239591,35.6149241387367
7243,80,80.5460311239591,35.6149241387367
7244,80,80.5460311239591,35.6149241387367
7245,80,80.5460311239591,35.6149241387367
7246,80,80.5460311239591,35.6149241387367
7247,80,80.5460311239591,35.6149241387367
7248,80,80.5460311239591,35.6149241387367
7249,80,80.5460311239591,35.6149241387367
7250,80,80.5460311239591,35.6149241387367
7251,80,80.5460311239591,35.6149241387367
7252,80,80.5460311239591,35.6149241387367
7253,80,80.5460311239591,35.6149241387367
7254,80,80.5460311239591,35.6149241387367
7255,80,80.5460311239591,35.6149241387367
7256,80,80.5460311239591,35.6149241387367
7257,80,80.5460311239591,35.6149241387367
7258,80,80.5460311239591,35.6149241387367
7259,80,80.5460311239591,35.6149241387367
7260,80,80.5460311239591,35.6149241387367
7261,80,80.5460311239591,35.6149241387367
7262,80,80.5460311239591,35.6149241387367
7263,80,80.5460311239591,35.6149241387367
7264,80,80.5460311239591,35.6149241387367
7265,80,80.5460311239591,35.6149241387367
7266,80,80.5460311239591,35.6149241387367
7267,80,80.5460311239591,35.6149241387367
7268,80,80.5460311239591,35.6149241387367
7269,80,80.5460311239591,35.6149241387367
7270,80,80.5460311239591,35.6149241387367
7271,80,80.5460311239591,35.6149241387367
7272,80,80.5460311239591,35.6149241387367
7273,80,80.5460311239591,35.6149241387367
7274,80,80.5460311239591,35.6149241387367
7275,80,80.5460311239591,35.6149241387367
7276,80,80.5460311239591,35.6149241387367
7277,80,80.5460311239591,35.6149241387367
7278,80,80.5460311239591,35.6149241387367
7279,80,80.5460311239591,35.6149241387367
7280,80,80.5460311239591,35.6149241387367
7281,80,80.5460311239591,35.6149241387367
7282,80,80.5460311239591,35.6149241387367
7283,80,80.5460311239591,35.6149241387367
7284,80,80.5460311239591,35.6149241387367
7285,80,80.5460311239591,35.6149241387367
7286,80,80.5460311239591,35.6149241387367
7287,80,80.5460311239591,35.6149241387367
7288,80,80.5460311239591,35.6149241387367
7289,80,80.5460311239591,35.6149241387367
7290,80,80.5460311239591,35.6149241387367
7291,80,80.5460311239591,35.6149241387367
7292,80,80.5460311239591,35.6149241387367
7293,80,80.5460311239591,35.6149241387367
7294,80,80.5460311239591,35.6149241387367
7295,80,80.5460311239591,35.6149241387367
7296,80,80.5460311239591,35.6149241387367
7297,80,80.5460311239591,35.6149241387367
7298,80,80.5460311239591,35.6149241387367
7299,80,80.5460311239591,35.6149241387367
7300,80,80.5460311239591,35.6149241387367
7301,80,80.5460311239591,35.6149241387367
7302,80,80.5460311239591,35.6149241387367
7303,80,80.5460311239591,35.6149241387367
7304,80,80.5460311239591,35.6149241387367
7305,80,80.5460311239591,35.6149241387367
7306,80,80.5460311239591,35.6149241387367
7307,80,80.5460311239591,35.6149241387367
7308,80,80.5460311239591,35.6149241387367
7309,80,80.5460311239591,35.6149241387367
7310,80,80.5460311239591,35.6149241387367
7311,80,80.5460311239591,35.6149241387367
7312,80,80.5460311239591,35.6149241387367
7313,80,80.5460311239591,35.6149241387367
7314,80,80.5460311239591,35.6149241387367
7315,80,80.5460311239591,35.6149241387367
7316,80,80.5460311239591,35.6149241387367
7317,80,80.5460311239591,35.6149241387367
7318,80,80.5460311239591,35.6149241387367
7319,80,80.5460311239591,35.6149241387367
7320,80,80.5460311239591,35.6149241387367
7321,80,80.5460311239591,35.6149241387367
7322,80,80.5460311239591,35.6149241387367
7323,80,80.5460311239591,35.6149241387367
7324,80,80.5460311239591,35.6149241387367
7325,80,80.5460311239591,35.6149241387367
7326,80,80.5460311239591,35.6149241387367
7327,80,80.5460311239591,35.6149241387367
7328,80,80.5460311239591,35.6149241387367
7329,80,80.5460311239591,35.6149241387367
7330,80,80.5460311239591,35.6149241387367
7331,80,80.5460311239591,35.6149241387367
7332,80,80.5460311239591,35.6149241387367
7333,80,80.5460311239591,35.6149241387367
7334,80,80.5460311239591,35.6149241387367
7335,80,80.5460311239591,35.6149241387367
7336,80,80.5460311239591,35.6149241387367
7337,80,80.5460311239591,35.6149241387367
7338,80,80.5460311239591,35.6149241387367
7339,80,80.5460311239591,35.6149241387367
7340,80,80.5460311239591,35.6149241387367
7341,80,80.5460311239591,35.6149241387367
7342,80,80.5460311239591,35.6149241387367
7343,80,80.5460311239591,35.6149241387367
7344,80,80.5460311239591,35.6149241387367
7345,80,80.5460311239591,35.6149241387367
7346,80,80.5460311239591,35.6149241387367
7347,80,80.5460311239591,35.6149241387367
7348,80,80.5460311239591,35.6149241387367
7349,80,80.5460311239591,35.6149241387367
7350,80,80.5460311239591,35.6149241387367
7351,80,80.5460311239591,35.6149241387367
7352,80,80.5460311239591,35.6149241387367
7353,80,80.5460311239591,35.6149241387367
7354,80,80.5460311239591,35.6149241387367
7355,80,80.5460311239591,35.6149241387367
7356,80,80.5460311239591,35.6149241387367
7357,80,80.5460311239591,35.6149241387367
7358,80,80.5460311239591,35.6149241387367
7359,80,80.5460311239591,35.6149241387367
7360,80,80.5460311239591,35.6149241387367
7361,80,80.5460311239591,35.6149241387367
7362,80,80.5460311239591,35.6149241387367
7363,80,80.5460311239591,35.6149241387367
7364,80,80.5460311239591,35.6149241387367
7365,80,80.5460311239591,35.6149241387367
7366,80,80.5460311239591,35.6149241387367
7367,80,80.5460311239591,35.6149241387367
7368,80,80.5460311239591,35.6149241387367
7369,80,80.5460311239591,35.6149241387367
7370,80,80.5460311239591,35.6149241387367
7371,80,80.5460311239591,35.6149241387367
7372,80,80.5460311239591,35.6149241387367
7373,80,80.5460311239591,35.6149241387367
7374,80,80.5460311239591,35.6149241387367
7375,80,80.5460311239591,35.6149241387367
7376,80,80.5460311239591,35.6149241387367
7377,80,80.5460311239591,35.6149241387367
7378,80,80.5460311239591,35.6149241387367
7379,80,80.5460311239591,35.6149241387367
7380,80,80.5460311239591,35.6149241387367
7381,80,80.5460311239591,35.6149241387367
7382,80,80.5460311239591,35.6149241387367
7383,80,80.5460311239591,35.6149241387367
7384,80,80.5460311239591,35.6149241387367
7385,80,80.5460311239591,35.6149241387367
7386,80,80.5460311239591,35.6149241387367
7387,80,80.5460311239591,35.6149241387367
7388,80,80.5460311239591,35.6149241387367
7389,80,80.5460311239591,35.6149241387367
7390,80,80.5460311239591,35.6149241387367
7391,80,80.5460311239591,35.6149241387367
7392,80,80.5460311239591,35.6149241387367
7393,80,80.5460311239591,35.6149241387367
7394,80,80.5460311239591,35.6149241387367
7395,80,80.5460311239591,35.6149241387367
7396,80,80.5460311239591,35.6149241387367
7397,80,80.5460311239591,35.6149241387367
7398,80,80.5460311239591,35.6149241387367
7399,80,80.5460311239591,35.6149241387367
7400,80,80.5460311239591,35.6149241387367
7401,80,80.5460311239591,35.6149241387367
7402,80,80.5460311239591,35.6149241387367
7403,80,80.5460311239591,35.6149241387367
7404,80,80.5460311239591,35.6149241387367
7405,80,80.5460311239591,35.6149241387367
7406,80,80.5460311239591,35.6149241387367
7407,80,80.5460311239591,35.6149241387367
7408,80,80.5460311239591,35.6149241387367
7409,80,80.5460311239591,35.6149241387367
7410,80,80.5460311239591,35.6149241387367
7411,80,80.5460311239591,35.6149241387367
7412,80,80.5460311239591,35.6149241387367
7413,80,80.5460311239591,35.6149241387367
7414,80,80.5460311239591,35.6149241387367
7415,80,80.5460311239591,35.6149241387367
7416,80,80.5460311239591,35.6149241387367
7417,80,80.5460311239591,35.6149241387367
7418,80,80.5460311239591,35.6149241387367
7419,80,80.5460311239591,35.6149241387367
7420,80,80.5460311239591,35.6149241387367
7421,80,80.5460311239591,35.6149241387367
7422,80,80.5460311239591,35.6149241387367
7423,80,80.5460311239591,35.6149241387367
7424,80,80.5460311239591,35.6149241387367
7425,80,80.5460311239591,35.6149241387367
7426,80,80.5460311239591,35.6149241387367
7427,80,80.5460311239591,35.6149241387367
7428,80,80.5460311239591,35.6149241387367
7429,80,80.5460311239591,35.6149241387367
7430,80,80.5460311239591,35.6149241387367
7431,80,80.5460311239591,35.6149241387367
7432,80,80.5460311239591,35.6149241387367
7433,80,80.5460311239591,35.6149241387367
7434,80,80.5460311239591,35.6149241387367
7435,80,80.5460311239591,35.6149241387367
7436,80,80.5460311239591,35.6149241387367
7437,80,80.5460311239591,35.6149241387367
7438,80,80.5460311239591,35.6149241387367
7439,80,80.5460311239591,35.6149241387367
7440,80,80.5460311239591,35.6149241387367
7441,80,80.5460311239591,35.6149241387367
7442,80,80.5460311239591,35.6149241387367
7443,80,80.5460311239591,35.6149241387367
7444,80,80.5460311239591,35.6149241387367
7445,80,80.5460311239591,35.6149241387367
7446,80,80.5460311239591,35.6149241387367
7447,80,80.5460311239591,35.6149241387367
7448,80,80.5460311239591,35.6149241387367
7449,80,80.5460311239591,35.6149241387367
7450,80,80.5460311239591,35.6149241387367
7451,80,80.5460311239591,35.6149241387367
7452,80,80.5460311239591,35.6149241387367
7453,80,80.5460311239591,35.6149241387367
7454,80,80.5460311239591,35.6149241387367
7455,80,80.5460311239591,35.6149241387367
7456,80,80.5460311239591,35.6149241387367
7457,80,80.5460311239591,35.6149241387367
7458,80,80.5460311239591,35.6149241387367
7459,80,80.5460311239591,35.6149241387367
7460,80,80.5460311239591,35.6149241387367
7461,80,80.5460311239591,35.6149241387367
7462,80,80.5460311239591,35.6149241387367
7463,80,80.5460311239591,35.6149241387367
7464,80,80.5460311239591,35.6149241387367
7465,80,80.5460311239591,35.6149241387367
7466,80,80.5460311239591,35.6149241387367
7467,80,80.5460311239591,35.6149241387367
7468,80,80.5460311239591,35.6149241387367
7469,80,80.5460311239591,35.6149241387367
7470,80,80.6488292029349,35.6959562473667
7471,80,80.6488292029349,35.6959562473667
7472,80,80.6488292029349,35.6959562473667
7473,80,80.6488292029349,35.6959562473667
7474,80,80.6488292029349,35.6959562473667
7475,80,80.6488292029349,35.6959562473667
7476,80,80.6488292029349,35.6959562473667
7477,80,80.6488292029349,35.6959562473667
7478,80,80.6488292029349,35.6959562473667
7479,80,80.6488292029349,35.6959562473667
7480,80,80.6488292029349,35.6959562473667
7481,80,80.6488292029349,35.6959562473667
7482,80,80.6488292029349,35.6959562473667
7483,80,80.6488292029349,35.6959562473667
7484,80,80.6488292029349,35.6959562473667
7485,80,80.6488292029349,35.6959562473667
7486,80,80.6488292029349,35.6959562473667
7487,80,80.6488292029349,35.6959562473667
7488,80,80.6488292029349,35.6959562473667
7489,80,80.6488292029349,35.6959562473667
7490,80,80.6488292029349,35.6959562473667
7491,80,80.6488292029349,35.6959562473667
7492,80,80.6488292029349,35.6959562473667
7493,80,80.6488292029349,35.6959562473667
7494,80,80.6488292029349,35.6959562473667
7495,80,80.6488292029349,35.6959562473667
7496,80,80.6488292029349,35.6959562473667
7497,80,80.6488292029349,35.6959562473667
7498,80,80.6488292029349,35.6959562473667
7499,80,80.6488292029349,35.6959562473667
7500,80,80.6488292029349,35.6959562473667
7501,80,80.6488292029349,35.6959562473667
7502,80,80.6488292029349,35.6959562473667
7503,80,80.6488292029349,35.6959562473667
7504,80,80.6488292029349,35.6959562473667
7505,80,80.6488292029349,35.6959562473667
7506,80,80.6488292029349,35.6959562473667
7507,80,80.6488292029349,35.6959562473667
7508,80,80.6488292029349,35.6959562473667
7509,80,80.6488292029349,35.6959562473667
7510,80,80.6488292029349,35.6959562473667
7511,80,80.6488292029349,35.6959562473667
7512,80,80.6488292029349,35.6959562473667
7513,80,80.6488292029349,35.6959562473667
7514,80,80.6488292029349,35.6959562473667
7515,80,80.6488292029349,35.6959562473667
7516,80,80.6488292029349,35.6959562473667
7517,80,80.6488292029349,35.6959562473667
7518,80,80.6488292029349,35.6959562473667
7519,80,80.6488292029349,35.6959562473667
7520,80,80.6488292029349,35.6959562473667
7521,80,80.6488292029349,35.6959562473667
7522,80,80.6488292029349,35.6959562473667
7523,80,80.6488292029349,35.6959562473667
7524,80,80.6488292029349,35.6959562473667
7525,80,80.6488292029349,35.6959562473667
7526,80,80.6488292029349,35.6959562473667
7527,80,80.6488292029349,35.6959562473667
7528,80,80.6488292029349,35.6959562473667
7529,80,80.6488292029349,35.6959562473667
7530,80,80.6488292029349,35.6959562473667
7531,80,80.6488292029349,35.6959562473667
7532,80,80.6488292029349,35.6959562473667
7533,80,80.6488292029349,35.6959562473667
7534,80,80.6488292029349,35.6959562473667
7535,80,80.6488292029349,35.6959562473667
7536,80,80.6488292029349,35.6959562473667
7537,80,80.6488292029349,35.6959562473667
7538,80,80.6488292029349,35.6959562473667
7539,80,80.6488292029349,35.6959562473667
7540,80,80.6488292029349,35.6959562473667
7541,80,80.6488292029349,35.6959562473667
7542,80,80.6488292029349,35.6959562473667
7543,80,80.6488292029349,35.6959562473667
7544,80,80.6488292029349,35.6959562473667
7545,80,80.6488292029349,35.6959562473667
7546,80,80.6488292029349,35.6959562473667
7547,80,80.6488292029349,35.6959562473667
7548,80,80.6488292029349,35.6959562473667
7549,80,80.6488292029349,35.6959562473667
7550,80,80.6488292029349,35.6959562473667
7551,80,80.6488292029349,35.6959562473667
7552,80,80.6488292029349,35.6959562473667
7553,80,80.6488292029349,35.6959562473667
7554,80,80.6488292029349,35.6959562473667
7555,80,80.6488292029349,35.6959562473667
7556,80,80.6488292029349,35.6959562473667
7557,80,80.6488292029349,35.6959562473667
7558,80,80.6488292029349,35.6959562473667
7559,80,80.6488292029349,35.6959562473667
7560,80,80.6488292029349,35.6959562473667
7561,80,80.6488292029349,35.6959562473667
7562,80,80.6488292029349,35.6959562473667
7563,80,80.6488292029349,35.6959562473667
7564,80,80.6488292029349,35.6959562473667
7565,80,80.6488292029349,35.6959562473667
7566,80,80.6488292029349,35.6959562473667
7567,80,80.6488292029349,35.6959562473667
7568,80,80.6488292029349,35.6959562473667
7569,80,80.6488292029349,35.6959562473667
7570,80,80.6488292029349,35.6959562473667
7571,80,80.6488292029349,35.6959562473667
7572,80,80.6488292029349,35.6959562473667
7573,80,80.6488292029349,35.6959562473667
7574,80,80.6488292029349,35.6959562473667
7575,80,80.6488292029349,35.6959562473667
7576,80,80.6488292029349,35.6959562473667
7577,80,80.6488292029349,35.6959562473667
7578,80,80.6488292029349,35.6959562473667
7579,80,80.6488292029349,35.6959562473667
7580,80,80.6488292029349,35.6959562473667
7581,80,80.6488292029349,35.6959562473667
7582,80,80.6488292029349,35.6959562473667
7583,80,80.6488292029349,35.6959562473667
7584,80,80.6488292029349,35.6959562473667
7585,80,80.6488292029349,35.6959562473667
7586,80,80.6488292029349,35.6959562473667
7587,80,80.6488292029349,35.6959562473667
7588,80,80.6488292029349,35.6959562473667
7589,80,80.6488292029349,35.6959562473667
7590,80,80.6488292029349,35.6959562473667
7591,80,80.6488292029349,35.6959562473667
7592,80,80.6488292029349,35.6959562473667
7593,80,80.6488292029349,35.6959562473667
7594,80,80.6488292029349,35.6959562473667
7595,80,80.6488292029349,35.6959562473667
7596,80,80.6488292029349,35.6959562473667
7597,80,80.6488292029349,35.6959562473667
7598,80,80.6488292029349,35.6959562473667
7599,80,80.6488292029349,35.6959562473667
7600,80,80.6488292029349,35.6959562473667
7601,80,80.6488292029349,35.6959562473667
7602,80,80.6488292029349,35.6959562473667
7603,80,80.6488292029349,35.6959562473667
7604,80,80.6488292029349,35.6959562473667
7605,80,80.6488292029349,35.6959562473667
7606,80,80.6488292029349,35.6959562473667
7607,80,80.6488292029349,35.6959562473667
7608,80,80.6488292029349,35.6959562473667
7609,80,80.6488292029349,35.6959562473667
7610,80,80.6488292029349,35.6959562473667
7611,80,80.6488292029349,35.6959562473667
7612,80,80.6488292029349,35.6959562473667
7613,80,80.6488292029349,35.6959562473667
7614,80,80.6488292029349,35.6959562473667
7615,80,80.6488292029349,35.6959562473667
7616,80,80.6488292029349,35.6959562473667
7617,80,80.6488292029349,35.6959562473667
7618,80,80.6488292029349,35.6959562473667
7619,80,80.6488292029349,35.6959562473667
7620,80,80.6488292029349,35.6959562473667
7621,80,80.6488292029349,35.6959562473667
7622,80,80.6488292029349,35.6959562473667
7623,80,80.6488292029349,35.6959562473667
7624,80,80.6488292029349,35.6959562473667
7625,80,80.6488292029349,35.6959562473667
7626,80,80.6488292029349,35.6959562473667
7627,80,80.6488292029349,35.6959562473667
7628,80,80.6488292029349,35.6959562473667
7629,80,80.6488292029349,35.6959562473667
7630,80,80.6488292029349,35.6959562473667
7631,80,80.6488292029349,35.6959562473667
7632,80,80.6488292029349,35.6959562473667
7633,80,80.6488292029349,35.6959562473667
7634,80,80.6488292029349,35.6959562473667
7635,80,80.6488292029349,35.6959562473667
7636,80,80.6488292029349,35.6959562473667
7637,80,80.6488292029349,35.6959562473667
7638,80,80.6488292029349,35.6959562473667
7639,80,80.6488292029349,35.6959562473667
7640,80,80.6488292029349,35.6959562473667
7641,80,80.6488292029349,35.6959562473667
7642,80,80.6488292029349,35.6959562473667
7643,80,80.6488292029349,35.6959562473667
7644,80,80.6488292029349,35.6959562473667
7645,80,80.6488292029349,35.6959562473667
7646,80,80.6488292029349,35.6959562473667
7647,80,80.6488292029349,35.6959562473667
7648,80,80.6488292029349,35.6959562473667
7649,80,80.6488292029349,35.6959562473667
7650,80,80.6488292029349,35.6959562473667
7651,80,80.6488292029349,35.6959562473667
7652,80,80.6488292029349,35.6959562473667
7653,80,80.6488292029349,35.6959562473667
7654,80,80.6488292029349,35.6959562473667
7655,80,80.6488292029349,35.6959562473667
7656,80,80.6488292029349,35.6959562473667
7657,80,80.6488292029349,35.6959562473667
7658,80,80.6488292029349,35.6959562473667
7659,80,80.6488292029349,35.6959562473667
7660,80,80.6488292029349,35.6959562473667
7661,80,80.6488292029349,35.6959562473667
7662,80,80.6488292029349,35.6959562473667
7663,80,80.6488292029349,35.6959562473667
7664,80,80.6488292029349,35.6959562473667
7665,80,80.6488292029349,35.6959562473667
7666,80,80.6488292029349,35.6959562473667
7667,80,80.6488292029349,35.6959562473667
7668,80,80.6488292029349,35.6959562473667
7669,80,80.6488292029349,35.6959562473667
7670,80,80.6488292029349,35.6959562473667
7671,80,80.6488292029349,35.6959562473667
7672,80,80.6488292029349,35.6959562473667
7673,80,80.6488292029349,35.6959562473667
7674,80,80.6488292029349,35.6959562473667
7675,80,80.6488292029349,35.6959562473667
7676,80,80.6488292029349,35.6959562473667
7677,80,80.6488292029349,35.6959562473667
7678,80,80.6488292029349,35.6959562473667
7679,80,80.6488292029349,35.6959562473667
7680,80,80.6488292029349,35.6959562473667
7681,80,80.6488292029349,35.6959562473667
7682,80,80.6488292029349,35.6959562473667
7683,80,80.6488292029349,35.6959562473667
7684,80,80.6488292029349,35.6959562473667
7685,80,80.6488292029349,35.6959562473667
7686,80,80.6488292029349,35.6959562473667
7687,80,80.6488292029349,35.6959562473667
7688,80,80.6488292029349,35.6959562473667
7689,80,80.6488292029349,35.6959562473667
7690,80,80.6488292029349,35.6959562473667
7691,80,80.6488292029349,35.6959562473667
7692,80,80.6488292029349,35.6959562473667
7693,80,80.6488292029349,35.6959562473667
7694,80,80.6488292029349,35.6959562473667
7695,80,80.6488292029349,35.6959562473667
7696,80,80.6488292029349,35.6959562473667
7697,80,80.6488292029349,35.6959562473667
7698,80,80.6488292029349,35.6959562473667
7699,80,80.6488292029349,35.6959562473667
7700,80,80.6488292029349,35.6959562473667
7701,80,80.6488292029349,35.6959562473667
7702,80,80.6488292029349,35.6959562473667
7703,80,80.6488292029349,35.6959562473667
7704,80,80.6488292029349,35.6959562473667
7705,80,80.6488292029349,35.6959562473667
7706,80,80.6488292029349,35.6959562473667
7707,80,80.6488292029349,35.6959562473667
7708,80,80.6488292029349,35.6959562473667
7709,80,80.6488292029349,35.6959562473667
7710,80,80.6488292029349,35.6959562473667
7711,80,80.6488292029349,35.6959562473667
7712,80,80.6488292029349,35.6959562473667
7713,80,80.6488292029349,35.6959562473667
7714,80,80.6488292029349,35.6959562473667
7715,80,80.6488292029349,35.6959562473667
7716,80,80.6488292029349,35.6959562473667
7717,80,80.6488292029349,35.6959562473667
7718,80,80.6488292029349,35.6959562473667
7719,80,80.6392517881605,36.1600556596337
7720,80,80.6392517881605,36.1600556596337
7721,80,80.6392517881605,36.1600556596337
7722,80,80.6392517881605,36.1600556596337
7723,80,80.6392517881605,36.1600556596337
7724,80,80.6392517881605,36.1600556596337
7725,80,80.6392517881605,36.1600556596337
7726,80,80.6392517881605,36.1600556596337
7727,80,80.6392517881605,36.1600556596337
7728,80,80.6392517881605,36.1600556596337
7729,80,80.6392517881605,36.1600556596337
7730,80,80.6392517881605,36.1600556596337
7731,80,80.6392517881605,36.1600556596337
7732,80,80.6392517881605,36.1600556596337
7733,80,80.6392517881605,36.1600556596337
7734,80,80.6392517881605,36.1600556596337
7735,80,80.6392517881605,36.1600556596337
7736,80,80.6392517881605,36.1600556596337
7737,80,80.6392517881605,36.1600556596337
7738,80,80.6392517881605,36.1600556596337
7739,80,80.6392517881605,36.1600556596337
7740,80,80.6392517881605,36.1600556596337
7741,80,80.6392517881605,36.1600556596337
7742,80,80.6392517881605,36.1600556596337
7743,80,80.6392517881605,36.1600556596337
7744,80,80.6392517881605,36.1600556596337
7745,80,80.6392517881605,36.1600556596337
7746,80,80.6392517881605,36.1600556596337
7747,80,80.6392517881605,36.1600556596337
7748,80,80.6392517881605,36.1600556596337
7749,80,80.6392517881605,36.1600556596337
7750,80,80.6392517881605,36.1600556596337
7751,80,80.6392517881605,36.1600556596337
7752,80,80.6392517881605,36.1600556596337
7753,80,80.6392517881605,36.1600556596337
7754,80,80.6392517881605,36.1600556596337
7755,80,80.6392517881605,36.1600556596337
7756,80,80.6392517881605,36.1600556596337
7757,80,80.6392517881605,36.1600556596337
7758,80,80.6392517881605,36.1600556596337
7759,80,80.6392517881605,36.1600556596337
7760,80,80.6392517881605,36.1600556596337
7761,80,80.6392517881605,36.1600556596337
7762,80,80.6392517881605,36.1600556596337
7763,80,80.6392517881605,36.1600556596337
7764,80,80.6392517881605,36.1600556596337
7765,80,80.6392517881605,36.1600556596337
7766,80,80.6392517881605,36.1600556596337
7767,80,80.6392517881605,36.1600556596337
7768,80,80.6392517881605,36.1600556596337
7769,80,80.6392517881605,36.1600556596337
7770,80,80.6392517881605,36.1600556596337
7771,80,80.6392517881605,36.1600556596337
7772,80,80.6392517881605,36.1600556596337
7773,80,80.6392517881605,36.1600556596337
7774,80,80.6392517881605,36.1600556596337
7775,80,80.6392517881605,36.1600556596337
7776,80,80.6392517881605,36.1600556596337
7777,80,80.6392517881605,36.1600556596337
7778,80,80.6392517881605,36.1600556596337
7779,80,80.6392517881605,36.1600556596337
7780,80,80.6392517881605,36.1600556596337
7781,80,80.6392517881605,36.1600556596337
7782,80,80.6392517881605,36.1600556596337
7783,80,80.6392517881605,36.1600556596337
7784,80,80.6392517881605,36.1600556596337
7785,80,80.6392517881605,36.1600556596337
7786,80,80.6392517881605,36.1600556596337
7787,80,80.6392517881605,36.1600556596337
7788,80,80.6392517881605,36.1600556596337
7789,80,80.6392517881605,36.1600556596337
7790,80,80.6392517881605,36.1600556596337
7791,80,80.6392517881605,36.1600556596337
7792,80,80.6392517881605,36.1600556596337
7793,80,80.6392517881605,36.1600556596337
7794,80,80.6392517881605,36.1600556596337
7795,80,80.6392517881605,36.1600556596337
7796,80,80.6392517881605,36.1600556596337
7797,80,80.6392517881605,36.1600556596337
7798,80,80.6392517881605,36.1600556596337
7799,80,80.6392517881605,36.1600556596337
7800,80,80.6392517881605,36.1600556596337
7801,80,80.6392517881605,36.1600556596337
7802,80,80.6392517881605,36.1600556596337
7803,80,80.6392517881605,36.1600556596337
7804,80,80.6392517881605,36.1600556596337
7805,80,80.6392517881605,36.1600556596337
7806,80,80.6392517881605,36.1600556596337
7807,80,80.6392517881605,36.1600556596337
7808,80,80.6392517881605,36.1600556596337
7809,80,80.6392517881605,36.1600556596337
7810,80,80.6392517881605,36.1600556596337
7811,80,80.6392517881605,36.1600556596337
7812,80,80.6392517881605,36.1600556596337
7813,80,80.6392517881605,36.1600556596337
7814,80,80.6392517881605,36.1600556596337
7815,80,80.6392517881605,36.1600556596337
7816,80,80.6392517881605,36.1600556596337
7817,80,80.6392517881605,36.1600556596337
7818,80,80.6392517881605,36.1600556596337
7819,80,80.6392517881605,36.1600556596337
7820,80,80.6392517881605,36.1600556596337
7821,80,80.6392517881605,36.1600556596337
7822,80,80.6392517881605,36.1600556596337
7823,80,80.6392517881605,36.1600556596337
7824,80,80.6392517881605,36.1600556596337
7825,80,80.6392517881605,36.1600556596337
7826,80,80.6392517881605,36.1600556596337
7827,80,80.6392517881605,36.1600556596337
7828,80,80.6392517881605,36.1600556596337
7829,80,80.6392517881605,36.1600556596337
7830,80,80.6392517881605,36.1600556596337
7831,80,80.6392517881605,36.1600556596337
7832,80,80.6392517881605,36.1600556596337
7833,80,80.6392517881605,36.1600556596337
7834,80,80.6392517881605,36.1600556596337
7835,80,80.6392517881605,36.1600556596337
7836,80,80.6392517881605,36.1600556596337
7837,80,80.6392517881605,36.1600556596337
7838,80,80.6392517881605,36.1600556596337
7839,80,80.6392517881605,36.1600556596337
7840,80,80.6392517881605,36.1600556596337
7841,80,80.6392517881605,36.1600556596337
7842,80,80.6392517881605,36.1600556596337
7843,80,80.6392517881605,36.1600556596337
7844,80,80.6392517881605,36.1600556596337
7845,80,80.6392517881605,36.1600556596337
7846,80,80.6392517881605,36.1600556596337
7847,80,80.6392517881605,36.1600556596337
7848,80,80.6392517881605,36.1600556596337
7849,80,80.6392517881605,36.1600556596337
7850,80,80.6392517881605,36.1600556596337
7851,80,80.6392517881605,36.1600556596337
7852,80,80.6392517881605,36.1600556596337
7853,80,80.6392517881605,36.1600556596337
7854,80,80.6392517881605,36.1600556596337
7855,80,80.6392517881605,36.1600556596337
7856,80,80.6392517881605,36.1600556596337
7857,80,80.6392517881605,36.1600556596337
7858,80,80.6392517881605,36.1600556596337
7859,80,80.6392517881605,36.1600556596337
7860,80,80.6392517881605,36.1600556596337
7861,80,80.6392517881605,36.1600556596337
7862,80,80.6392517881605,36.1600556596337
7863,80,80.6392517881605,36.1600556596337
7864,80,80.6392517881605,36.1600556596337
7865,80,80.6392517881605,36.1600556596337
7866,80,80.6392517881605,36.1600556596337
7867,80,80.6392517881605,36.1600556596337
7868,80,80.6392517881605,36.1600556596337
7869,80,80.6392517881605,36.1600556596337
7870,80,80.6392517881605,36.1600556596337
7871,80,80.6392517881605,36.1600556596337
7872,80,80.6392517881605,36.1600556596337
7873,80,80.6392517881605,36.1600556596337
7874,80,80.6392517881605,36.1600556596337
7875,80,80.6392517881605,36.1600556596337
7876,80,80.6392517881605,36.1600556596337
7877,80,80.6392517881605,36.1600556596337
7878,80,80.6392517881605,36.1600556596337
7879,80,80.6392517881605,36.1600556596337
7880,80,80.6392517881605,36.1600556596337
7881,80,80.6392517881605,36.1600556596337
7882,80,80.6392517881605,36.1600556596337
7883,80,80.6392517881605,36.1600556596337
7884,80,80.6392517881605,36.1600556596337
7885,80,80.6392517881605,36.1600556596337
7886,80,80.6392517881605,36.1600556596337
7887,80,80.6392517881605,36.1600556596337
7888,80,80.6392517881605,36.1600556596337
7889,80,80.6392517881605,36.1600556596337
7890,80,80.6392517881605,36.1600556596337
7891,80,80.6392517881605,36.1600556596337
7892,80,80.6392517881605,36.1600556596337
7893,80,80.6392517881605,36.1600556596337
7894,80,80.6392517881605,36.1600556596337
7895,80,80.6392517881605,36.1600556596337
7896,80,80.6392517881605,36.1600556596337
7897,80,80.6392517881605,36.1600556596337
7898,80,80.6392517881605,36.1600556596337
7899,80,80.6392517881605,36.1600556596337
7900,80,80.6392517881605,36.1600556596337
7901,80,80.6392517881605,36.1600556596337
7902,80,80.6392517881605,36.1600556596337
7903,80,80.6392517881605,36.1600556596337
7904,80,80.6392517881605,36.1600556596337
7905,80,80.6392517881605,36.1600556596337
7906,80,80.6392517881605,36.1600556596337
7907,80,80.6392517881605,36.1600556596337
7908,80,80.6392517881605,36.1600556596337
7909,80,80.6392517881605,36.1600556596337
7910,80,80.6392517881605,36.1600556596337
7911,80,80.6392517881605,36.1600556596337
7912,80,80.6392517881605,36.1600556596337
7913,80,80.6392517881605,36.1600556596337
7914,80,80.6392517881605,36.1600556596337
7915,80,80.6392517881605,36.1600556596337
7916,80,80.6392517881605,36.1600556596337
7917,80,80.6392517881605,36.1600556596337
7918,80,80.6392517881605,36.1600556596337
7919,80,80.6392517881605,36.1600556596337
7920,80,80.6392517881605,36.1600556596337
7921,80,80.6392517881605,36.1600556596337
7922,80,80.6392517881605,36.1600556596337
7923,80,80.6392517881605,36.1600556596337
7924,80,80.6392517881605,36.1600556596337
7925,80,80.6392517881605,36.1600556596337
7926,80,80.6392517881605,36.1600556596337
7927,80,80.6392517881605,36.1600556596337
7928,80,80.6392517881605,36.1600556596337
7929,80,80.6392517881605,36.1600556596337
7930,80,80.6392517881605,36.1600556596337
7931,80,80.6392517881605,36.1600556596337
7932,80,80.6392517881605,36.1600556596337
7933,80,80.6392517881605,36.1600556596337
7934,80,80.6392517881605,36.1600556596337
7935,80,80.6392517881605,36.1600556596337
7936,80,80.6392517881605,36.1600556596337
7937,80,80.6392517881605,36.1600556596337
7938,80,80.6392517881605,36.1600556596337
7939,80,80.6392517881605,36.1600556596337
7940,80,80.6392517881605,36.1600556596337
7941,80,80.6392517881605,36.1600556596337
7942,80,80.6392517881605,36.1600556596337
7943,80,80.6392517881605,36.1600556596337
7944,80,80.6392517881605,36.1600556596337
7945,80,80.6392517881605,36.1600556596337
7946,80,80.6392517881605,36.1600556596337
7947,80,80.6392517881605,36.1600556596337
7948,80,80.6392517881605,36.1600556596337
7949,80,80.6392517881605,36.1600556596337
7950,80,80.6392517881605,36.1600556596337
7951,80,80.6392517881605,36.1600556596337
7952,80,80.6392517881605,36.1600556596337
7953,80,80.6392517881605,36.1600556596337
7954,80,80.6392517881605,36.1600556596337
7955,80,80.6392517881605,36.1600556596337
7956,80,80.6392517881605,36.1600556596337
7957,80,80.6392517881605,36.1600556596337
7958,80,80.6392517881605,36.1600556596337
7959,80,80.6392517881605,36.1600556596337
7960,80,80.6392517881605,36.1600556596337
7961,80,80.6392517881605,36.1600556596337
7962,80,80.6392517881605,36.1600556596337
7963,80,80.6392517881605,36.1600556596337
7964,80,80.6392517881605,36.1600556596337
7965,80,80.6392517881605,36.1600556596337
7966,80,80.6392517881605,36.1600556596337
7967,80,80.6392517881605,36.1600556596337
7968,80,80.582964880874,36.3505980800371
7969,80,80.582964880874,36.3505980800371
7970,80,80.582964880874,36.3505980800371
7971,80,80.582964880874,36.3505980800371
7972,80,80.582964880874,36.3505980800371
7973,80,80.582964880874,36.3505980800371
7974,80,80.582964880874,36.3505980800371
7975,80,80.582964880874,36.3505980800371
7976,80,80.582964880874,36.3505980800371
7977,80,80.582964880874,36.3505980800371
7978,80,80.582964880874,36.3505980800371
7979,80,80.582964880874,36.3505980800371
7980,80,80.582964880874,36.3505980800371
7981,80,80.582964880874,36.3505980800371
7982,80,80.582964880874,36.3505980800371
7983,80,80.582964880874,36.3505980800371
7984,80,80.582964880874,36.3505980800371
7985,80,80.582964880874,36.3505980800371
7986,80,80.582964880874,36.3505980800371
7987,80,80.582964880874,36.3505980800371
7988,80,80.582964880874,36.3505980800371
7989,80,80.582964880874,36.3505980800371
7990,80,80.582964880874,36.3505980800371
7991,80,80.582964880874,36.3505980800371
7992,80,80.582964880874,36.3505980800371
7993,80,80.582964880874,36.3505980800371
7994,80,80.582964880874,36.3505980800371
7995,80,80.582964880874,36.3505980800371
7996,80,80.582964880874,36.3505980800371
7997,80,80.582964880874,36.3505980800371
7998,80,80.582964880874,36.3505980800371
7999,80,80.582964880874,36.3505980800371
8000,80,80.582964880874,36.3505980800371
8001,80,80.582964880874,36.3505980800371
8002,80,80.582964880874,36.3505980800371
8003,80,80.582964880874,36.3505980800371
8004,80,80.582964880874,36.3505980800371
8005,80,80.582964880874,36.3505980800371
8006,80,80.582964880874,36.3505980800371
8007,80,80.582964880874,36.3505980800371
8008,80,80.582964880874,36.3505980800371
8009,80,80.582964880874,36.3505980800371
8010,80,80.582964880874,36.3505980800371
8011,80,80.582964880874,36.3505980800371
8012,80,80.582964880874,36.3505980800371
8013,80,80.582964880874,36.3505980800371
8014,80,80.582964880874,36.3505980800371
8015,80,80.582964880874,36.3505980800371
8016,80,80.582964880874,36.3505980800371
8017,80,80.582964880874,36.3505980800371
8018,80,80.582964880874,36.3505980800371
8019,80,80.582964880874,36.3505980800371
8020,80,80.582964880874,36.3505980800371
8021,80,80.582964880874,36.3505980800371
8022,80,80.582964880874,36.3505980800371
8023,80,80.582964880874,36.3505980800371
8024,80,80.582964880874,36.3505980800371
8025,80,80.582964880874,36.3505980800371
8026,80,80.582964880874,36.3505980800371
8027,80,80.582964880874,36.3505980800371
8028,80,80.582964880874,36.3505980800371
8029,80,80.582964880874,36.3505980800371
8030,80,80.582964880874,36.3505980800371
8031,80,80.582964880874,36.3505980800371
8032,80,80.582964880874,36.3505980800371
8033,80,80.582964880874,36.3505980800371
8034,80,80.582964880874,36.3505980800371
8035,80,80.582964880874,36.3505980800371
8036,80,80.582964880874,36.3505980800371
8037,80,80.582964880874,36.3505980800371
8038,80,80.582964880874,36.3505980800371
8039,80,80.582964880874,36.3505980800371
8040,80,80.582964880874,36.3505980800371
8041,80,80.582964880874,36.3505980800371
8042,80,80.582964880874,36.3505980800371
8043,80,80.582964880874,36.3505980800371
8044,80,80.582964880874,36.3505980800371
8045,80,80.582964880874,36.3505980800371
8046,80,80.582964880874,36.3505980800371
8047,80,80.582964880874,36.3505980800371
8048,80,80.582964880874,36.3505980800371
8049,80,80.582964880874,36.3505980800371
8050,80,80.582964880874,36.3505980800371
8051,80,80.582964880874,36.3505980800371
8052,80,80.582964880874,36.3505980800371
8053,80,80.582964880874,36.3505980800371
8054,80,80.582964880874,36.3505980800371
8055,80,80.582964880874,36.3505980800371
8056,80,80.582964880874,36.3505980800371
8057,80,80.582964880874,36.3505980800371
8058,80,80.582964880874,36.3505980800371
8059,80,80.582964880874,36.3505980800371
8060,80,80.582964880874,36.3505980800371
8061,80,80.582964880874,36.3505980800371
8062,80,80.582964880874,36.3505980800371
8063,80,80.582964880874,36.3505980800371
8064,80,80.582964880874,36.3505980800371
8065,80,80.582964880874,36.3505980800371
8066,80,80.582964880874,36.3505980800371
8067,80,80.582964880874,36.3505980800371
8068,80,80.582964880874,36.3505980800371
8069,80,80.582964880874,36.3505980800371
8070,80,80.582964880874,36.3505980800371
8071,80,80.582964880874,36.3505980800371
8072,80,80.582964880874,36.3505980800371
8073,80,80.582964880874,36.3505980800371
8074,80,80.582964880874,36.3505980800371
8075,80,80.582964880874,36.3505980800371
8076,80,80.582964880874,36.3505980800371
8077,80,80.582964880874,36.3505980800371
8078,80,80.582964880874,36.3505980800371
8079,80,80.582964880874,36.3505980800371
8080,80,80.582964880874,36.3505980800371
8081,80,80.582964880874,36.3505980800371
8082,80,80.582964880874,36.3505980800371
8083,80,80.582964880874,36.3505980800371
8084,80,80.582964880874,36.3505980800371
8085,80,80.582964880874,36.3505980800371
8086,80,80.582964880874,36.3505980800371
8087,80,80.582964880874,36.3505980800371
8088,80,80.582964880874,36.3505980800371
8089,80,80.582964880874,36.3505980800371
8090,80,80.582964880874,36.3505980800371
8091,80,80.582964880874,36.3505980800371
8092,80,80.582964880874,36.3505980800371
8093,80,80.582964880874,36.3505980800371
8094,80,80.582964880874,36.3505980800371
8095,80,80.582964880874,36.3505980800371
8096,80,80.582964880874,36.3505980800371
8097,80,80.582964880874,36.3505980800371
8098,80,80.582964880874,36.3505980800371
8099,80,80.582964880874,36.3505980800371
8100,80,80.582964880874,36.3505980800371
8101,80,80.582964880874,36.3505980800371
8102,80,80.582964880874,36.3505980800371
8103,80,80.582964880874,36.3505980800371
8104,80,80.582964880874,36.3505980800371
8105,80,80.582964880874,36.3505980800371
8106,80,80.582964880874,36.3505980800371
8107,80,80.582964880874,36.3505980800371
8108,80,80.582964880874,36.3505980800371
8109,80,80.582964880874,36.3505980800371
8110,80,80.582964880874,36.3505980800371
8111,80,80.582964880874,36.3505980800371
8112,80,80.582964880874,36.3505980800371
8113,80,80.582964880874,36.3505980800371
8114,80,80.582964880874,36.3505980800371
8115,80,80.582964880874,36.3505980800371
8116,80,80.582964880874,36.3505980800371
8117,80,80.582964880874,36.3505980800371
8118,80,80.582964880874,36.3505980800371
8119,80,80.582964880874,36.3505980800371
8120,80,80.582964880874,36.3505980800371
8121,80,80.582964880874,36.3505980800371
8122,80,80.582964880874,36.3505980800371
8123,80,80.582964880874,36.3505980800371
8124,80,80.582964880874,36.3505980800371
8125,80,80.582964880874,36.3505980800371
8126,80,80.582964880874,36.3505980800371
8127,80,80.582964880874,36.3505980800371
8128,80,80.582964880874,36.3505980800371
8129,80,80.582964880874,36.3505980800371
8130,80,80.582964880874,36.3505980800371
8131,80,80.582964880874,36.3505980800371
8132,80,80.582964880874,36.3505980800371
8133,80,80.582964880874,36.3505980800371
8134,80,80.582964880874,36.3505980800371
8135,80,80.582964880874,36.3505980800371
8136,80,80.582964880874,36.3505980800371
8137,80,80.582964880874,36.3505980800371
8138,80,80.582964880874,36.3505980800371
8139,80,80.582964880874,36.3505980800371
8140,80,80.582964880874,36.3505980800371
8141,80,80.582964880874,36.3505980800371
8142,80,80.582964880874,36.3505980800371
8143,80,80.582964880874,36.3505980800371
8144,80,80.582964880874,36.3505980800371
8145,80,80.582964880874,36.3505980800371
8146,80,80.582964880874,36.3505980800371
8147,80,80.582964880874,36.3505980800371
8148,80,80.582964880874,36.3505980800371
8149,80,80.582964880874,36.3505980800371
8150,80,80.582964880874,36.3505980800371
8151,80,80.582964880874,36.3505980800371
8152,80,80.582964880874,36.3505980800371
8153,80,80.582964880874,36.3505980800371
8154,80,80.582964880874,36.3505980800371
8155,80,80.582964880874,36.3505980800371
8156,80,80.582964880874,36.3505980800371
8157,80,80.582964880874,36.3505980800371
8158,80,80.582964880874,36.3505980800371
8159,80,80.582964880874,36.3505980800371
8160,80,80.582964880874,36.3505980800371
8161,80,80.582964880874,36.3505980800371
8162,80,80.582964880874,36.3505980800371
8163,80,80.582964880874,36.3505980800371
8164,80,80.582964880874,36.3505980800371
8165,80,80.582964880874,36.3505980800371
8166,80,80.582964880874,36.3505980800371
8167,80,80.582964880874,36.3505980800371
8168,80,80.582964880874,36.3505980800371
8169,80,80.582964880874,36.3505980800371
8170,80,80.582964880874,36.3505980800371
8171,80,80.582964880874,36.3505980800371
8172,80,80.582964880874,36.3505980800371
8173,80,80.582964880874,36.3505980800371
8174,80,80.582964880874,36.3505980800371
8175,80,80.582964880874,36.3505980800371
8176,80,80.582964880874,36.3505980800371
8177,80,80.582964880874,36.3505980800371
8178,80,80.582964880874,36.3505980800371
8179,80,80.582964880874,36.3505980800371
8180,80,80.582964880874,36.3505980800371
8181,80,80.582964880874,36.3505980800371
8182,80,80.582964880874,36.3505980800371
8183,80,80.582964880874,36.3505980800371
8184,80,80.582964880874,36.3505980800371
8185,80,80.582964880874,36.3505980800371
8186,80,80.582964880874,36.3505980800371
8187,80,80.582964880874,36.3505980800371
8188,80,80.582964880874,36.3505980800371
8189,80,80.582964880874,36.3505980800371
8190,80,80.582964880874,36.3505980800371
8191,80,80.582964880874,36.3505980800371
8192,80,80.582964880874,36.3505980800371
8193,80,80.582964880874,36.3505980800371
8194,80,80.582964880874,36.3505980800371
8195,80,80.582964880874,36.3505980800371
8196,80,80.582964880874,36.3505980800371
8197,80,80.582964880874,36.3505980800371
8198,80,80.582964880874,36.3505980800371
8199,80,80.582964880874,36.3505980800371
8200,80,80.582964880874,36.3505980800371
8201,80,80.582964880874,36.3505980800371
8202,80,80.582964880874,36.3505980800371
8203,80,80.582964880874,36.3505980800371
8204,80,80.582964880874,36.3505980800371
8205,80,80.582964880874,36.3505980800371
8206,80,80.582964880874,36.3505980800371
8207,80,80.582964880874,36.3505980800371
8208,80,80.582964880874,36.3505980800371
8209,80,80.582964880874,36.3505980800371
8210,80,80.582964880874,36.3505980800371
8211,80,80.582964880874,36.3505980800371
8212,80,80.582964880874,36.3505980800371
8213,80,80.582964880874,36.3505980800371
8214,80,80.582964880874,36.3505980800371
8215,80,80.582964880874,36.3505980800371
8216,80,80.582964880874,36.3505980800371
8217,80,80.5971313859585,35.8845632013503
8218,80,80.5971313859585,35.8845632013503
8219,80,80.5971313859585,35.8845632013503
8220,80,80.5971313859585,35.8845632013503
8221,80,80.5971313859585,35.8845632013503
8222,80,80.5971313859585,35.8845632013503
8223,80,80.5971313859585,35.8845632013503
8224,80,80.5971313859585,35.8845632013503
8225,80,80.5971313859585,35.8845632013503
8226,80,80.5971313859585,35.8845632013503
8227,80,80.5971313859585,35.8845632013503
8228,80,80.5971313859585,35.8845632013503
8229,80,80.5971313859585,35.8845632013503
8230,80,80.5971313859585,35.8845632013503
8231,80,80.5971313859585,35.8845632013503
8232,80,80.5971313859585,35.8845632013503
8233,80,80.5971313859585,35.8845632013503
8234,80,80.5971313859585,35.8845632013503
8235,80,80.5971313859585,35.8845632013503
8236,80,80.5971313859585,35.8845632013503
8237,80,80.5971313859585,35.8845632013503
8238,80,80.5971313859585,35.8845632013503
8239,80,80.5971313859585,35.8845632013503
8240,80,80.5971313859585,35.8845632013503
8241,80,80.5971313859585,35.8845632013503
8242,80,80.5971313859585,35.8845632013503
8243,80,80.5971313859585,35.8845632013503
8244,80,80.5971313859585,35.8845632013503
8245,80,80.5971313859585,35.8845632013503
8246,80,80.5971313859585,35.8845632013503
8247,80,80.5971313859585,35.8845632013503
8248,80,80.5971313859585,35.8845632013503
8249,80,80.5971313859585,35.8845632013503
8250,80,80.5971313859585,35.8845632013503
8251,80,80.5971313859585,35.8845632013503
8252,80,80.5971313859585,35.8845632013503
8253,80,80.5971313859585,35.8845632013503
8254,80,80.5971313859585,35.8845632013503
8255,80,80.5971313859585,35.8845632013503
8256,80,80.5971313859585,35.8845632013503
8257,80,80.5971313859585,35.8845632013503
8258,80,80.5971313859585,35.8845632013503
8259,80,80.5971313859585,35.8845632013503
8260,80,80.5971313859585,35.8845632013503
8261,80,80.5971313859585,35.8845632013503
8262,80,80.5971313859585,35.8845632013503
8263,80,80.5971313859585,35.8845632013503
8264,80,80.5971313859585,35.8845632013503
8265,80,80.5971313859585,35.8845632013503
8266,80,80.5971313859585,35.8845632013503
8267,80,80.5971313859585,35.8845632013503
8268,80,80.5971313859585,35.8845632013503
8269,80,80.5971313859585,35.8845632013503
8270,80,80.5971313859585,35.8845632013503
8271,80,80.5971313859585,35.8845632013503
8272,80,80.5971313859585,35.8845632013503
8273,80,80.5971313859585,35.8845632013503
8274,80,80.5971313859585,35.8845632013503
8275,80,80.5971313859585,35.8845632013503
8276,80,80.5971313859585,35.8845632013503
8277,80,80.5971313859585,35.8845632013503
8278,80,80.5971313859585,35.8845632013503
8279,80,80.5971313859585,35.8845632013503
8280,80,80.5971313859585,35.8845632013503
8281,80,80.5971313859585,35.8845632013503
8282,80,80.5971313859585,35.8845632013503
8283,80,80.5971313859585,35.8845632013503
8284,80,80.5971313859585,35.8845632013503
8285,80,80.5971313859585,35.8845632013503
8286,80,80.5971313859585,35.8845632013503
8287,80,80.5971313859585,35.8845632013503
8288,80,80.5971313859585,35.8845632013503
8289,80,80.5971313859585,35.8845632013503
8290,80,80.5971313859585,35.8845632013503
8291,80,80.5971313859585,35.8845632013503
8292,80,80.5971313859585,35.8845632013503
8293,80,80.5971313859585,35.8845632013503
8294,80,80.5971313859585,35.8845632013503
8295,80,80.5971313859585,35.8845632013503
8296,80,80.5971313859585,35.8845632013503
8297,80,80.5971313859585,35.8845632013503
8298,80,80.5971313859585,35.8845632013503
8299,80,80.5971313859585,35.8845632013503
8300,80,80.5971313859585,35.8845632013503
8301,80,80.5971313859585,35.8845632013503
8302,80,80.5971313859585,35.8845632013503
8303,80,80.5971313859585,35.8845632013503
8304,80,80.5971313859585,35.8845632013503
8305,80,80.5971313859585,35.8845632013503
8306,80,80.5971313859585,35.8845632013503
8307,80,80.5971313859585,35.8845632013503
8308,80,80.5971313859585,35.8845632013503
8309,80,80.5971313859585,35.8845632013503
8310,80,80.5971313859585,35.8845632013503
8311,80,80.5971313859585,35.8845632013503
8312,80,80.5971313859585,35.8845632013503
8313,80,80.5971313859585,35.8845632013503
8314,80,80.5971313859585,35.8845632013503
8315,80,80.5971313859585,35.8845632013503
8316,80,80.5971313859585,35.8845632013503
8317,80,80.5971313859585,35.8845632013503
8318,80,80.5971313859585,35.8845632013503
8319,80,80.5971313859585,35.8845632013503
8320,80,80.5971313859585,35.8845632013503
8321,80,80.5971313859585,35.8845632013503
8322,80,80.5971313859585,35.8845632013503
8323,80,80.5971313859585,35.8845632013503
8324,80,80.5971313859585,35.8845632013503
8325,80,80.5971313859585,35.8845632013503
8326,80,80.5971313859585,35.8845632013503
8327,80,80.5971313859585,35.8845632013503
8328,80,80.5971313859585,35.8845632013503
8329,80,80.5971313859585,35.8845632013503
8330,80,80.5971313859585,35.8845632013503
8331,80,80.5971313859585,35.8845632013503
8332,80,80.5971313859585,35.8845632013503
8333,80,80.5971313859585,35.8845632013503
8334,80,80.5971313859585,35.8845632013503
8335,80,80.5971313859585,35.8845632013503
8336,80,80.5971313859585,35.8845632013503
8337,80,80.5971313859585,35.8845632013503
8338,80,80.5971313859585,35.8845632013503
8339,80,80.5971313859585,35.8845632013503
8340,80,80.5971313859585,35.8845632013503
8341,80,80.5971313859585,35.8845632013503
8342,80,80.5971313859585,35.8845632013503
8343,80,80.5971313859585,35.8845632013503
8344,80,80.5971313859585,35.8845632013503
8345,80,80.5971313859585,35.8845632013503
8346,80,80.5971313859585,35.8845632013503
8347,80,80.5971313859585,35.8845632013503
8348,80,80.5971313859585,35.8845632013503
8349,80,80.5971313859585,35.8845632013503
8350,80,80.5971313859585,35.8845632013503
8351,80,80.5971313859585,35.8845632013503
8352,80,80.5971313859585,35.8845632013503
8353,80,80.5971313859585,35.8845632013503
8354,80,80.5971313859585,35.8845632013503
8355,80,80.5971313859585,35.8845632013503
8356,80,80.5971313859585,35.8845632013503
8357,80,80.5971313859585,35.8845632013503
8358,80,80.5971313859585,35.8845632013503
8359,80,80.5971313859585,35.8845632013503
8360,80,80.5971313859585,35.8845632013503
8361,80,80.5971313859585,35.8845632013503
8362,80,80.5971313859585,35.8845632013503
8363,80,80.5971313859585,35.8845632013503
8364,80,80.5971313859585,35.8845632013503
8365,80,80.5971313859585,35.8845632013503
8366,80,80.5971313859585,35.8845632013503
8367,80,80.5971313859585,35.8845632013503
8368,80,80.5971313859585,35.8845632013503
8369,80,80.5971313859585,35.8845632013503
8370,80,80.5971313859585,35.8845632013503
8371,80,80.5971313859585,35.8845632013503
8372,80,80.5971313859585,35.8845632013503
8373,80,80.5971313859585,35.8845632013503
8374,80,80.5971313859585,35.8845632013503
8375,80,80.5971313859585,35.8845632013503
8376,80,80.5971313859585,35.8845632013503
8377,80,80.5971313859585,35.8845632013503
8378,80,80.5971313859585,35.8845632013503
8379,80,80.5971313859585,35.8845632013503
8380,80,80.5971313859585,35.8845632013503
8381,80,80.5971313859585,35.8845632013503
8382,80,80.5971313859585,35.8845632013503
8383,80,80.5971313859585,35.8845632013503
8384,80,80.5971313859585,35.8845632013503
8385,80,80.5971313859585,35.8845632013503
8386,80,80.5971313859585,35.8845632013503
8387,80,80.5971313859585,35.8845632013503
8388,80,80.5971313859585,35.8845632013503
8389,80,80.5971313859585,35.8845632013503
8390,80,80.5971313859585,35.8845632013503
8391,80,80.5971313859585,35.8845632013503
8392,80,80.5971313859585,35.8845632013503
8393,80,80.5971313859585,35.8845632013503
8394,80,80.5971313859585,35.8845632013503
8395,80,80.5971313859585,35.8845632013503
8396,80,80.5971313859585,35.8845632013503
8397,80,80.5971313859585,35.8845632013503
8398,80,80.5971313859585,35.8845632013503
8399,80,80.5971313859585,35.8845632013503
8400,80,80.5971313859585,35.8845632013503
8401,80,80.5971313859585,35.8845632013503
8402,80,80.5971313859585,35.8845632013503
8403,80,80.5971313859585,35.8845632013503
8404,80,80.5971313859585,35.8845632013503
8405,80,80.5971313859585,35.8845632013503
8406,80,80.5971313859585,35.8845632013503
8407,80,80.5971313859585,35.8845632013503
8408,80,80.5971313859585,35.8845632013503
8409,80,80.5971313859585,35.8845632013503
8410,80,80.5971313859585,35.8845632013503
8411,80,80.5971313859585,35.8845632013503
8412,80,80.5971313859585,35.8845632013503
8413,80,80.5971313859585,35.8845632013503
8414,80,80.5971313859585,35.8845632013503
8415,80,80.5971313859585,35.8845632013503
8416,80,80.5971313859585,35.8845632013503
8417,80,80.5971313859585,35.8845632013503
8418,80,80.5971313859585,35.8845632013503
8419,80,80.5971313859585,35.8845632013503
8420,80,80.5971313859585,35.8845632013503
8421,80,80.5971313859585,35.8845632013503
8422,80,80.5971313859585,35.8845632013503
8423,80,80.5971313859585,35.8845632013503
8424,80,80.5971313859585,35.8845632013503
8425,80,80.5971313859585,35.8845632013503
8426,80,80.5971313859585,35.8845632013503
8427,80,80.5971313859585,35.8845632013503
8428,80,80.5971313859585,35.8845632013503
8429,80,80.5971313859585,35.8845632013503
8430,80,80.5971313859585,35.8845632013503
8431,80,80.5971313859585,35.8845632013503
8432,80,80.5971313859585,35.8845632013503
8433,80,80.5971313859585,35.8845632013503
8434,80,80.5971313859585,35.8845632013503
8435,80,80.5971313859585,35.8845632013503
8436,80,80.5971313859585,35.8845632013503
8437,80,80.5971313859585,35.8845632013503
8438,80,80.5971313859585,35.8845632013503
8439,80,80.5971313859585,35.8845632013503
8440,80,80.5971313859585,35.8845632013503
8441,80,80.5971313859585,35.8845632013503
8442,80,80.5971313859585,35.8845632013503
8443,80,80.5971313859585,35.8845632013503
8444,80,80.5971313859585,35.8845632013503
8445,80,80.5971313859585,35.8845632013503
8446,80,80.5971313859585,35.8845632013503
8447,80,80.5971313859585,35.8845632013503
8448,80,80.5971313859585,35.8845632013503
8449,80,80.5971313859585,35.8845632013503
8450,80,80.5971313859585,35.8845632013503
8451,80,80.5971313859585,35.8845632013503
8452,80,80.5971313859585,35.8845632013503
8453,80,80.5971313859585,35.8845632013503
8454,80,80.5971313859585,35.8845632013503
8455,80,80.5971313859585,35.8845632013503
8456,80,80.5971313859585,35.8845632013503
8457,80,80.5971313859585,35.8845632013503
8458,80,80.5971313859585,35.8845632013503
8459,80,80.5971313859585,35.8845632013503
8460,80,80.5971313859585,35.8845632013503
8461,80,80.5971313859585,35.8845632013503
8462,80,80.5971313859585,35.8845632013503
8463,80,80.5971313859585,35.8845632013503
8464,80,80.5971313859585,35.8845632013503
8465,80,80.5971313859585,35.8845632013503
8466,80,80.5311374074043,35.3443792184377
8467,80,80.5311374074043,35.3443792184377
8468,80,80.5311374074043,35.3443792184377
8469,80,80.5311374074043,35.3443792184377
8470,80,80.5311374074043,35.3443792184377
8471,80,80.5311374074043,35.3443792184377
8472,80,80.5311374074043,35.3443792184377
8473,80,80.5311374074043,35.3443792184377
8474,80,80.5311374074043,35.3443792184377
8475,80,80.5311374074043,35.3443792184377
8476,80,80.5311374074043,35.3443792184377
8477,80,80.5311374074043,35.3443792184377
8478,80,80.5311374074043,35.3443792184377
8479,80,80.5311374074043,35.3443792184377
8480,80,80.5311374074043,35.3443792184377
8481,80,80.5311374074043,35.3443792184377
8482,80,80.5311374074043,35.3443792184377
8483,80,80.5311374074043,35.3443792184377
8484,80,80.5311374074043,35.3443792184377
8485,80,80.5311374074043,35.3443792184377
8486,80,80.5311374074043,35.3443792184377
8487,80,80.5311374074043,35.3443792184377
8488,80,80.5311374074043,35.3443792184377
8489,80,80.5311374074043,35.3443792184377
8490,80,80.5311374074043,35.3443792184377
8491,80,80.5311374074043,35.3443792184377
8492,80,80.5311374074043,35.3443792184377
8493,80,80.5311374074043,35.3443792184377
8494,80,80.5311374074043,35.3443792184377
8495,80,80.5311374074043,35.3443792184377
8496,80,80.5311374074043,35.3443792184377
8497,80,80.5311374074043,35.3443792184377
8498,80,80.5311374074043,35.3443792184377
8499,80,80.5311374074043,35.3443792184377
8500,80,80.5311374074043,35.3443792184377
8501,80,80.5311374074043,35.3443792184377
8502,80,80.5311374074043,35.3443792184377
8503,80,80.5311374074043,35.3443792184377
8504,80,80.5311374074043,35.3443792184377
8505,80,80.5311374074043,35.3443792184377
8506,80,80.5311374074043,35.3443792184377
8507,80,80.5311374074043,35.3443792184377
8508,80,80.5311374074043,35.3443792184377
8509,80,80.5311374074043,35.3443792184377
8510,80,80.5311374074043,35.3443792184377
8511,80,80.5311374074043,35.3443792184377
8512,80,80.5311374074043,35.3443792184377
8513,80,80.5311374074043,35.3443792184377
8514,80,80.5311374074043,35.3443792184377
8515,80,80.5311374074043,35.3443792184377
8516,80,80.5311374074043,35.3443792184377
8517,80,80.5311374074043,35.3443792184377
8518,80,80.5311374074043,35.3443792184377
8519,80,80.5311374074043,35.3443792184377
8520,80,80.5311374074043,35.3443792184377
8521,80,80.5311374074043,35.3443792184377
8522,80,80.5311374074043,35.3443792184377
8523,80,80.5311374074043,35.3443792184377
8524,80,80.5311374074043,35.3443792184377
8525,80,80.5311374074043,35.3443792184377
8526,80,80.5311374074043,35.3443792184377
8527,80,80.5311374074043,35.3443792184377
8528,80,80.5311374074043,35.3443792184377
8529,80,80.5311374074043,35.3443792184377
8530,80,80.5311374074043,35.3443792184377
8531,80,80.5311374074043,35.3443792184377
8532,80,80.5311374074043,35.3443792184377
8533,80,80.5311374074043,35.3443792184377
8534,80,80.5311374074043,35.3443792184377
8535,80,80.5311374074043,35.3443792184377
8536,80,80.5311374074043,35.3443792184377
8537,80,80.5311374074043,35.3443792184377
8538,80,80.5311374074043,35.3443792184377
8539,80,80.5311374074043,35.3443792184377
8540,80,80.5311374074043,35.3443792184377
8541,80,80.5311374074043,35.3443792184377
8542,80,80.5311374074043,35.3443792184377
8543,80,80.5311374074043,35.3443792184377
8544,80,80.5311374074043,35.3443792184377
8545,80,80.5311374074043,35.3443792184377
8546,80,80.5311374074043,35.3443792184377
8547,80,80.5311374074043,35.3443792184377
8548,80,80.5311374074043,35.3443792184377
8549,80,80.5311374074043,35.3443792184377
8550,80,80.5311374074043,35.3443792184377
8551,80,80.5311374074043,35.3443792184377
8552,80,80.5311374074043,35.3443792184377
8553,80,80.5311374074043,35.3443792184377
8554,80,80.5311374074043,35.3443792184377
8555,80,80.5311374074043,35.3443792184377
8556,80,80.5311374074043,35.3443792184377
8557,80,80.5311374074043,35.3443792184377
8558,80,80.5311374074043,35.3443792184377
8559,80,80.5311374074043,35.3443792184377
8560,80,80.5311374074043,35.3443792184377
8561,80,80.5311374074043,35.3443792184377
8562,80,80.5311374074043,35.3443792184377
8563,80,80.5311374074043,35.3443792184377
8564,80,80.5311374074043,35.3443792184377
8565,80,80.5311374074043,35.3443792184377
8566,80,80.5311374074043,35.3443792184377
8567,80,80.5311374074043,35.3443792184377
8568,80,80.5311374074043,35.3443792184377
8569,80,80.5311374074043,35.3443792184377
8570,80,80.5311374074043,35.3443792184377
8571,80,80.5311374074043,35.3443792184377
8572,80,80.5311374074043,35.3443792184377
8573,80,80.5311374074043,35.3443792184377
8574,80,80.5311374074043,35.3443792184377
8575,80,80.5311374074043,35.3443792184377
8576,80,80.5311374074043,35.3443792184377
8577,80,80.5311374074043,35.3443792184377
8578,80,80.5311374074043,35.3443792184377
8579,80,80.5311374074043,35.3443792184377
8580,80,80.5311374074043,35.3443792184377
8581,80,80.5311374074043,35.3443792184377
8582,80,80.5311374074043,35.3443792184377
8583,80,80.5311374074043,35.3443792184377
8584,80,80.5311374074043,35.3443792184377
8585,80,80.5311374074043,35.3443792184377
8586,80,80.5311374074043,35.3443792184377
8587,80,80.5311374074043,35.3443792184377
8588,80,80.5311374074043,35.3443792184377
8589,80,80.5311374074043,35.3443792184377
8590,80,80.5311374074043,35.3443792184377
8591,80,80.5311374074043,35.3443792184377
8592,80,80.5311374074043,35.3443792184377
8593,80,80.5311374074043,35.3443792184377
8594,80,80.5311374074043,35.3443792184377
8595,80,80.5311374074043,35.3443792184377
8596,80,80.5311374074043,35.3443792184377
8597,80,80.5311374074043,35.3443792184377
8598,80,80.5311374074043,35.3443792184377
8599,80,80.5311374074043,35.3443792184377
8600,80,80.5311374074043,35.3443792184377
8601,80,80.5311374074043,35.3443792184377
8602,80,80.5311374074043,35.3443792184377
8603,80,80.5311374074043,35.3443792184377
8604,80,80.5311374074043,35.3443792184377
8605,80,80.5311374074043,35.3443792184377
8606,80,80.5311374074043,35.3443792184377
8607,80,80.5311374074043,35.3443792184377
8608,80,80.5311374074043,35.3443792184377
8609,80,80.5311374074043,35.3443792184377
8610,80,80.5311374074043,35.3443792184377
8611,80,80.5311374074043,35.3443792184377
8612,80,80.5311374074043,35.3443792184377
8613,80,80.5311374074043,35.3443792184377
8614,80,80.5311374074043,35.3443792184377
8615,80,80.5311374074043,35.3443792184377
8616,80,80.5311374074043,35.3443792184377
8617,80,80.5311374074043,35.3443792184377
8618,80,80.5311374074043,35.3443792184377
8619,80,80.5311374074043,35.3443792184377
8620,80,80.5311374074043,35.3443792184377
8621,80,80.5311374074043,35.3443792184377
8622,80,80.5311374074043,35.3443792184377
8623,80,80.5311374074043,35.3443792184377
8624,80,80.5311374074043,35.3443792184377
8625,80,80.5311374074043,35.3443792184377
8626,80,80.5311374074043,35.3443792184377
8627,80,80.5311374074043,35.3443792184377
8628,80,80.5311374074043,35.3443792184377
8629,80,80.5311374074043,35.3443792184377
8630,80,80.5311374074043,35.3443792184377
8631,80,80.5311374074043,35.3443792184377
8632,80,80.5311374074043,35.3443792184377
8633,80,80.5311374074043,35.3443792184377
8634,80,80.5311374074043,35.3443792184377
8635,80,80.5311374074043,35.3443792184377
8636,80,80.5311374074043,35.3443792184377
8637,80,80.5311374074043,35.3443792184377
8638,80,80.5311374074043,35.3443792184377
8639,80,80.5311374074043,35.3443792184377
8640,80,80.5311374074043,35.3443792184377
8641,80,80.5311374074043,35.3443792184377
8642,80,80.5311374074043,35.3443792184377
8643,80,80.5311374074043,35.3443792184377
8644,80,80.5311374074043,35.3443792184377
8645,80,80.5311374074043,35.3443792184377
8646,80,80.5311374074043,35.3443792184377
8647,80,80.5311374074043,35.3443792184377
8648,80,80.5311374074043,35.3443792184377
8649,80,80.5311374074043,35.3443792184377
8650,80,80.5311374074043,35.3443792184377
8651,80,80.5311374074043,35.3443792184377
8652,80,80.5311374074043,35.3443792184377
8653,80,80.5311374074043,35.3443792184377
8654,80,80.5311374074043,35.3443792184377
8655,80,80.5311374074043,35.3443792184377
8656,80,80.5311374074043,35.3443792184377
8657,80,80.5311374074043,35.3443792184377
8658,80,80.5311374074043,35.3443792184377
8659,80,80.5311374074043,35.3443792184377
8660,80,80.5311374074043,35.3443792184377
8661,80,80.5311374074043,35.3443792184377
8662,80,80.5311374074043,35.3443792184377
8663,80,80.5311374074043,35.3443792184377
8664,80,80.5311374074043,35.3443792184377
8665,80,80.5311374074043,35.3443792184377
8666,80,80.5311374074043,35.3443792184377
8667,80,80.5311374074043,35.3443792184377
8668,80,80.5311374074043,35.3443792184377
8669,80,80.5311374074043,35.3443792184377
8670,80,80.5311374074043,35.3443792184377
8671,80,80.5311374074043,35.3443792184377
8672,80,80.5311374074043,35.3443792184377
8673,80,80.5311374074043,35.3443792184377
8674,80,80.5311374074043,35.3443792184377
8675,80,80.5311374074043,35.3443792184377
8676,80,80.5311374074043,35.3443792184377
8677,80,80.5311374074043,35.3443792184377
8678,80,80.5311374074043,35.3443792184377
8679,80,80.5311374074043,35.3443792184377
8680,80,80.5311374074043,35.3443792184377
8681,80,80.5311374074043,35.3443792184377
8682,80,80.5311374074043,35.3443792184377
8683,80,80.5311374074043,35.3443792184377
8684,80,80.5311374074043,35.3443792184377
8685,80,80.5311374074043,35.3443792184377
8686,80,80.5311374074043,35.3443792184377
8687,80,80.5311374074043,35.3443792184377
8688,80,80.5311374074043,35.3443792184377
8689,80,80.5311374074043,35.3443792184377
8690,80,80.5311374074043,35.3443792184377
8691,80,80.5311374074043,35.3443792184377
8692,80,80.5311374074043,35.3443792184377
8693,80,80.5311374074043,35.3443792184377
8694,80,80.5311374074043,35.3443792184377
8695,80,80.5311374074043,35.3443792184377
8696,80,80.5311374074043,35.3443792184377
8697,80,80.5311374074043,35.3443792184377
8698,80,80.5311374074043,35.3443792184377
8699,80,80.5311374074043,35.3443792184377
8700,80,80.5311374074043,35.3443792184377
8701,80,80.5311374074043,35.3443792184377
8702,80,80.5311374074043,35.3443792184377
8703,80,80.5311374074043,35.3443792184377
8704,80,80.5311374074043,35.3443792184377
8705,80,80.5311374074043,35.3443792184377
8706,80,80.5311374074043,35.3443792184377
8707,80,80.5311374074043,35.3443792184377
8708,80,80.5311374074043,35.3443792184377
8709,80,80.5311374074043,35.3443792184377
8710,80,80.5311374074043,35.3443792184377
8711,80,80.5311374074043,35.3443792184377
8712,80,80.5311374074043,35.3443792184377
8713,80,80.5311374074043,35.3443792184377
8714,80,80.5311374074043,35.3443792184377
8715,80,80.4734395556083,35.3205247886822
8716,80,80.4734395556083,35.3205247886822
8717,80,80.4734395556083,35.3205247886822
8718,80,80.4734395556083,35.3205247886822
8719,80,80.4734395556083,35.3205247886822
8720,80,80.4734395556083,35.3205247886822
8721,80,80.4734395556083,35.3205247886822
8722,80,80.4734395556083,35.3205247886822
8723,80,80.4734395556083,35.3205247886822
8724,80,80.4734395556083,35.3205247886822
8725,80,80.4734395556083,35.3205247886822
8726,80,80.4734395556083,35.3205247886822
8727,80,80.4734395556083,35.3205247886822
8728,80,80.4734395556083,35.3205247886822
8729,80,80.4734395556083,35.3205247886822
8730,80,80.4734395556083,35.3205247886822
8731,80,80.4734395556083,35.3205247886822
8732,80,80.4734395556083,35.3205247886822
8733,80,80.4734395556083,35.3205247886822
8734,80,80.4734395556083,35.3205247886822
8735,80,80.4734395556083,35.3205247886822
8736,80,80.4734395556083,35.3205247886822
8737,80,80.4734395556083,35.3205247886822
8738,80,80.4734395556083,35.3205247886822
8739,80,80.4734395556083,35.3205247886822
8740,80,80.4734395556083,35.3205247886822
8741,80,80.4734395556083,35.3205247886822
8742,80,80.4734395556083,35.3205247886822
8743,80,80.4734395556083,35.3205247886822
8744,80,80.4734395556083,35.3205247886822
8745,80,80.4734395556083,35.3205247886822
8746,80,80.4734395556083,35.3205247886822
8747,80,80.4734395556083,35.3205247886822
8748,80,80.4734395556083,35.3205247886822
8749,80,80.4734395556083,35.3205247886822
8750,80,80.4734395556083,35.3205247886822
8751,80,80.4734395556083,35.3205247886822
8752,80,80.4734395556083,35.3205247886822
8753,80,80.4734395556083,35.3205247886822
8754,80,80.4734395556083,35.3205247886822
8755,80,80.4734395556083,35.3205247886822
8756,80,80.4734395556083,35.3205247886822
8757,80,80.4734395556083,35.3205247886822
8758,80,80.4734395556083,35.3205247886822
8759,80,80.4734395556083,35.3205247886822
8760,80,80.4734395556083,35.3205247886822
8761,80,80.4734395556083,35.3205247886822
8762,80,80.4734395556083,35.3205247886822
8763,80,80.4734395556083,35.3205247886822
8764,80,80.4734395556083,35.3205247886822
8765,80,80.4734395556083,35.3205247886822
8766,80,80.4734395556083,35.3205247886822
8767,80,80.4734395556083,35.3205247886822
8768,80,80.4734395556083,35.3205247886822
8769,80,80.4734395556083,35.3205247886822
8770,80,80.4734395556083,35.3205247886822
8771,80,80.4734395556083,35.3205247886822
8772,80,80.4734395556083,35.3205247886822
8773,80,80.4734395556083,35.3205247886822
8774,80,80.4734395556083,35.3205247886822
8775,80,80.4734395556083,35.3205247886822
8776,80,80.4734395556083,35.3205247886822
8777,80,80.4734395556083,35.3205247886822
8778,80,80.4734395556083,35.3205247886822
8779,80,80.4734395556083,35.3205247886822
8780,80,80.4734395556083,35.3205247886822
8781,80,80.4734395556083,35.3205247886822
8782,80,80.4734395556083,35.3205247886822
8783,80,80.4734395556083,35.3205247886822
8784,80,80.4734395556083,35.3205247886822
8785,80,80.4734395556083,35.3205247886822
8786,80,80.4734395556083,35.3205247886822
8787,80,80.4734395556083,35.3205247886822
8788,80,80.4734395556083,35.3205247886822
8789,80,80.4734395556083,35.3205247886822
8790,80,80.4734395556083,35.3205247886822
8791,80,80.4734395556083,35.3205247886822
8792,80,80.4734395556083,35.3205247886822
8793,80,80.4734395556083,35.3205247886822
8794,80,80.4734395556083,35.3205247886822
8795,80,80.4734395556083,35.3205247886822
8796,80,80.4734395556083,35.3205247886822
8797,80,80.4734395556083,35.3205247886822
8798,80,80.4734395556083,35.3205247886822
8799,80,80.4734395556083,35.3205247886822
8800,80,80.4734395556083,35.3205247886822
8801,80,80.4734395556083,35.3205247886822
8802,80,80.4734395556083,35.3205247886822
8803,80,80.4734395556083,35.3205247886822
8804,80,80.4734395556083,35.3205247886822
8805,80,80.4734395556083,35.3205247886822
8806,80,80.4734395556083,35.3205247886822
8807,80,80.4734395556083,35.3205247886822
8808,80,80.4734395556083,35.3205247886822
8809,80,80.4734395556083,35.3205247886822
8810,80,80.4734395556083,35.3205247886822
8811,80,80.4734395556083,35.3205247886822
8812,80,80.4734395556083,35.3205247886822
8813,80,80.4734395556083,35.3205247886822
8814,80,80.4734395556083,35.3205247886822
8815,80,80.4734395556083,35.3205247886822
8816,80,80.4734395556083,35.3205247886822
8817,80,80.4734395556083,35.3205247886822
8818,80,80.4734395556083,35.3205247886822
8819,80,80.4734395556083,35.3205247886822
8820,80,80.4734395556083,35.3205247886822
8821,80,80.4734395556083,35.3205247886822
8822,80,80.4734395556083,35.3205247886822
8823,80,80.4734395556083,35.3205247886822
8824,80,80.4734395556083,35.3205247886822
8825,80,80.4734395556083,35.3205247886822
8826,80,80.4734395556083,35.3205247886822
8827,80,80.4734395556083,35.3205247886822
8828,80,80.4734395556083,35.3205247886822
8829,80,80.4734395556083,35.3205247886822
8830,80,80.4734395556083,35.3205247886822
8831,80,80.4734395556083,35.3205247886822
8832,80,80.4734395556083,35.3205247886822
8833,80,80.4734395556083,35.3205247886822
8834,80,80.4734395556083,35.3205247886822
8835,80,80.4734395556083,35.3205247886822
8836,80,80.4734395556083,35.3205247886822
8837,80,80.4734395556083,35.3205247886822
8838,80,80.4734395556083,35.3205247886822
8839,80,80.4734395556083,35.3205247886822
8840,80,80.4734395556083,35.3205247886822
8841,80,80.4734395556083,35.3205247886822
8842,80,80.4734395556083,35.3205247886822
8843,80,80.4734395556083,35.3205247886822
8844,80,80.4734395556083,35.3205247886822
8845,80,80.4734395556083,35.3205247886822
8846,80,80.4734395556083,35.3205247886822
8847,80,80.4734395556083,35.3205247886822
8848,80,80.4734395556083,35.3205247886822
8849,80,80.4734395556083,35.3205247886822
8850,80,80.4734395556083,35.3205247886822
8851,80,80.4734395556083,35.3205247886822
8852,80,80.4734395556083,35.3205247886822
8853,80,80.4734395556083,35.3205247886822
8854,80,80.4734395556083,35.3205247886822
8855,80,80.4734395556083,35.3205247886822
8856,80,80.4734395556083,35.3205247886822
8857,80,80.4734395556083,35.3205247886822
8858,80,80.4734395556083,35.3205247886822
8859,80,80.4734395556083,35.3205247886822
8860,80,80.4734395556083,35.3205247886822
8861,80,80.4734395556083,35.3205247886822
8862,80,80.4734395556083,35.3205247886822
8863,80,80.4734395556083,35.3205247886822
8864,80,80.4734395556083,35.3205247886822
8865,80,80.4734395556083,35.3205247886822
8866,80,80.4734395556083,35.3205247886822
8867,80,80.4734395556083,35.3205247886822
8868,80,80.4734395556083,35.3205247886822
8869,80,80.4734395556083,35.3205247886822
8870,80,80.4734395556083,35.3205247886822
8871,80,80.4734395556083,35.3205247886822
8872,80,80.4734395556083,35.3205247886822
8873,80,80.4734395556083,35.3205247886822
8874,80,80.4734395556083,35.3205247886822
8875,80,80.4734395556083,35.3205247886822
8876,80,80.4734395556083,35.3205247886822
8877,80,80.4734395556083,35.3205247886822
8878,80,80.4734395556083,35.3205247886822
8879,80,80.4734395556083,35.3205247886822
8880,80,80.4734395556083,35.3205247886822
8881,80,80.4734395556083,35.3205247886822
8882,80,80.4734395556083,35.3205247886822
8883,80,80.4734395556083,35.3205247886822
8884,80,80.4734395556083,35.3205247886822
8885,80,80.4734395556083,35.3205247886822
8886,80,80.4734395556083,35.3205247886822
8887,80,80.4734395556083,35.3205247886822
8888,80,80.4734395556083,35.3205247886822
8889,80,80.4734395556083,35.3205247886822
8890,80,80.4734395556083,35.3205247886822
8891,80,80.4734395556083,35.3205247886822
8892,80,80.4734395556083,35.3205247886822
8893,80,80.4734395556083,35.3205247886822
8894,80,80.4734395556083,35.3205247886822
8895,80,80.4734395556083,35.3205247886822
8896,80,80.4734395556083,35.3205247886822
8897,80,80.4734395556083,35.3205247886822
8898,80,80.4734395556083,35.3205247886822
8899,80,80.4734395556083,35.3205247886822
8900,80,80.4734395556083,35.3205247886822
8901,80,80.4734395556083,35.3205247886822
8902,80,80.4734395556083,35.3205247886822
8903,80,80.4734395556083,35.3205247886822
8904,80,80.4734395556083,35.3205247886822
8905,80,80.4734395556083,35.3205247886822
8906,80,80.4734395556083,35.3205247886822
8907,80,80.4734395556083,35.3205247886822
8908,80,80.4734395556083,35.3205247886822
8909,80,80.4734395556083,35.3205247886822
8910,80,80.4734395556083,35.3205247886822
8911,80,80.4734395556083,35.3205247886822
8912,80,80.4734395556083,35.3205247886822
8913,80,80.4734395556083,35.3205247886822
8914,80,80.4734395556083,35.3205247886822
8915,80,80.4734395556083,35.3205247886822
8916,80,80.4734395556083,35.3205247886822
8917,80,80.4734395556083,35.3205247886822
8918,80,80.4734395556083,35.3205247886822
8919,80,80.4734395556083,35.3205247886822
8920,80,80.4734395556083,35.3205247886822
8921,80,80.4734395556083,35.3205247886822
8922,80,80.4734395556083,35.3205247886822
8923,80,80.4734395556083,35.3205247886822
8924,80,80.4734395556083,35.3205247886822
8925,80,80.4734395556083,35.3205247886822
8926,80,80.4734395556083,35.3205247886822
8927,80,80.4734395556083,35.3205247886822
8928,80,80.4734395556083,35.3205247886822
8929,80,80.4734395556083,35.3205247886822
8930,80,80.4734395556083,35.3205247886822
8931,80,80.4734395556083,35.3205247886822
8932,80,80.4734395556083,35.3205247886822
8933,80,80.4734395556083,35.3205247886822
8934,80,80.4734395556083,35.3205247886822
8935,80,80.4734395556083,35.3205247886822
8936,80,80.4734395556083,35.3205247886822
8937,80,80.4734395556083,35.3205247886822
8938,80,80.4734395556083,35.3205247886822
8939,80,80.4734395556083,35.3205247886822
8940,80,80.4734395556083,35.3205247886822
8941,80,80.4734395556083,35.3205247886822
8942,80,80.4734395556083,35.3205247886822
8943,80,80.4734395556083,35.3205247886822
8944,80,80.4734395556083,35.3205247886822
8945,80,80.4734395556083,35.3205247886822
8946,80,80.4734395556083,35.3205247886822
8947,80,80.4734395556083,35.3205247886822
8948,80,80.4734395556083,35.3205247886822
8949,80,80.4734395556083,35.3205247886822
8950,80,80.4734395556083,35.3205247886822
8951,80,80.4734395556083,35.3205247886822
8952,80,80.4734395556083,35.3205247886822
8953,80,80.4734395556083,35.3205247886822
8954,80,80.4734395556083,35.3205247886822
8955,80,80.4734395556083,35.3205247886822
8956,80,80.4734395556083,35.3205247886822
8957,80,80.4734395556083,35.3205247886822
8958,80,80.4734395556083,35.3205247886822
8959,80,80.4734395556083,35.3205247886822
8960,80,80.4734395556083,35.3205247886822
8961,80,80.4734395556083,35.3205247886822
8962,80,80.4734395556083,35.3205247886822
8963,80,80.4734395556083,35.3205247886822
8964,80,80.4813126247596,35.435623556344
8965,80,80.4813126247596,35.435623556344
8966,80,80.4813126247596,35.435623556344
8967,80,80.4813126247596,35.435623556344
8968,80,80.4813126247596,35.435623556344
8969,80,80.4813126247596,35.435623556344
8970,80,80.4813126247596,35.435623556344
8971,80,80.4813126247596,35.435623556344
8972,80,80.4813126247596,35.435623556344
8973,80,80.4813126247596,35.435623556344
8974,80,80.4813126247596,35.435623556344
8975,80,80.4813126247596,35.435623556344
8976,80,80.4813126247596,35.435623556344
8977,80,80.4813126247596,35.435623556344
8978,80,80.4813126247596,35.435623556344
8979,80,80.4813126247596,35.435623556344
8980,80,80.4813126247596,35.435623556344
8981,80,80.4813126247596,35.435623556344
8982,80,80.4813126247596,35.435623556344
8983,80,80.4813126247596,35.435623556344
8984,80,80.4813126247596,35.435623556344
8985,80,80.4813126247596,35.435623556344
8986,80,80.4813126247596,35.435623556344
8987,80,80.4813126247596,35.435623556344
8988,80,80.4813126247596,35.435623556344
8989,80,80.4813126247596,35.435623556344
8990,80,80.4813126247596,35.435623556344
8991,80,80.4813126247596,35.435623556344
8992,80,80.4813126247596,35.435623556344
8993,80,80.4813126247596,35.435623556344
8994,80,80.4813126247596,35.435623556344
8995,80,80.4813126247596,35.435623556344
8996,80,80.4813126247596,35.435623556344
8997,80,80.4813126247596,35.435623556344
8998,80,80.4813126247596,35.435623556344
8999,80,80.4813126247596,35.435623556344
9000,80,80.4813126247596,35.435623556344
9001,80,80.4813126247596,35.435623556344
9002,80,80.4813126247596,35.435623556344
9003,80,80.4813126247596,35.435623556344
9004,80,80.4813126247596,35.435623556344
9005,80,80.4813126247596,35.435623556344
9006,80,80.4813126247596,35.435623556344
9007,80,80.4813126247596,35.435623556344
9008,80,80.4813126247596,35.435623556344
9009,80,80.4813126247596,35.435623556344
9010,80,80.4813126247596,35.435623556344
9011,80,80.4813126247596,35.435623556344
9012,80,80.4813126247596,35.435623556344
9013,80,80.4813126247596,35.435623556344
9014,80,80.4813126247596,35.435623556344
9015,80,80.4813126247596,35.435623556344
9016,80,80.4813126247596,35.435623556344
9017,80,80.4813126247596,35.435623556344
9018,80,80.4813126247596,35.435623556344
9019,80,80.4813126247596,35.435623556344
9020,80,80.4813126247596,35.435623556344
9021,80,80.4813126247596,35.435623556344
9022,80,80.4813126247596,35.435623556344
9023,80,80.4813126247596,35.435623556344
9024,80,80.4813126247596,35.435623556344
9025,80,80.4813126247596,35.435623556344
9026,80,80.4813126247596,35.435623556344
9027,80,80.4813126247596,35.435623556344
9028,80,80.4813126247596,35.435623556344
9029,80,80.4813126247596,35.435623556344
9030,80,80.4813126247596,35.435623556344
9031,80,80.4813126247596,35.435623556344
9032,80,80.4813126247596,35.435623556344
9033,80,80.4813126247596,35.435623556344
9034,80,80.4813126247596,35.435623556344
9035,80,80.4813126247596,35.435623556344
9036,80,80.4813126247596,35.435623556344
9037,80,80.4813126247596,35.435623556344
9038,80,80.4813126247596,35.435623556344
9039,80,80.4813126247596,35.435623556344
9040,80,80.4813126247596,35.435623556344
9041,80,80.4813126247596,35.435623556344
9042,80,80.4813126247596,35.435623556344
9043,80,80.4813126247596,35.435623556344
9044,80,80.4813126247596,35.435623556344
9045,80,80.4813126247596,35.435623556344
9046,80,80.4813126247596,35.435623556344
9047,80,80.4813126247596,35.435623556344
9048,80,80.4813126247596,35.435623556344
9049,80,80.4813126247596,35.435623556344
9050,80,80.4813126247596,35.435623556344
9051,80,80.4813126247596,35.435623556344
9052,80,80.4813126247596,35.435623556344
9053,80,80.4813126247596,35.435623556344
9054,80,80.4813126247596,35.435623556344
9055,80,80.4813126247596,35.435623556344
9056,80,80.4813126247596,35.435623556344
9057,80,80.4813126247596,35.435623556344
9058,80,80.4813126247596,35.435623556344
9059,80,80.4813126247596,35.435623556344
9060,80,80.4813126247596,35.435623556344
9061,80,80.4813126247596,35.435623556344
9062,80,80.4813126247596,35.435623556344
9063,80,80.4813126247596,35.435623556344
9064,80,80.4813126247596,35.435623556344
9065,80,80.4813126247596,35.435623556344
9066,80,80.4813126247596,35.435623556344
9067,80,80.4813126247596,35.435623556344
9068,80,80.4813126247596,35.435623556344
9069,80,80.4813126247596,35.435623556344
9070,80,80.4813126247596,35.435623556344
9071,80,80.4813126247596,35.435623556344
9072,80,80.4813126247596,35.435623556344
9073,80,80.4813126247596,35.435623556344
9074,80,80.4813126247596,35.435623556344
9075,80,80.4813126247596,35.435623556344
9076,80,80.4813126247596,35.435623556344
9077,80,80.4813126247596,35.435623556344
9078,80,80.4813126247596,35.435623556344
9079,80,80.4813126247596,35.435623556344
9080,80,80.4813126247596,35.435623556344
9081,80,80.4813126247596,35.435623556344
9082,80,80.4813126247596,35.435623556344
9083,80,80.4813126247596,35.435623556344
9084,80,80.4813126247596,35.435623556344
9085,80,80.4813126247596,35.435623556344
9086,80,80.4813126247596,35.435623556344
9087,80,80.4813126247596,35.435623556344
9088,80,80.4813126247596,35.435623556344
9089,80,80.4813126247596,35.435623556344
9090,80,80.4813126247596,35.435623556344
9091,80,80.4813126247596,35.435623556344
9092,80,80.4813126247596,35.435623556344
9093,80,80.4813126247596,35.435623556344
9094,80,80.4813126247596,35.435623556344
9095,80,80.4813126247596,35.435623556344
9096,80,80.4813126247596,35.435623556344
9097,80,80.4813126247596,35.435623556344
9098,80,80.4813126247596,35.435623556344
9099,80,80.4813126247596,35.435623556344
9100,80,80.4813126247596,35.435623556344
9101,80,80.4813126247596,35.435623556344
9102,80,80.4813126247596,35.435623556344
9103,80,80.4813126247596,35.435623556344
9104,80,80.4813126247596,35.435623556344
9105,80,80.4813126247596,35.435623556344
9106,80,80.4813126247596,35.435623556344
9107,80,80.4813126247596,35.435623556344
9108,80,80.4813126247596,35.435623556344
9109,80,80.4813126247596,35.435623556344
9110,80,80.4813126247596,35.435623556344
9111,80,80.4813126247596,35.435623556344
9112,80,80.4813126247596,35.435623556344
9113,80,80.4813126247596,35.435623556344
9114,80,80.4813126247596,35.435623556344
9115,80,80.4813126247596,35.435623556344
9116,80,80.4813126247596,35.435623556344
9117,80,80.4813126247596,35.435623556344
9118,80,80.4813126247596,35.435623556344
9119,80,80.4813126247596,35.435623556344
9120,80,80.4813126247596,35.435623556344
9121,80,80.4813126247596,35.435623556344
9122,80,80.4813126247596,35.435623556344
9123,80,80.4813126247596,35.435623556344
9124,80,80.4813126247596,35.435623556344
9125,80,80.4813126247596,35.435623556344
9126,80,80.4813126247596,35.435623556344
9127,80,80.4813126247596,35.435623556344
9128,80,80.4813126247596,35.435623556344
9129,80,80.4813126247596,35.435623556344
9130,80,80.4813126247596,35.435623556344
9131,80,80.4813126247596,35.435623556344
9132,80,80.4813126247596,35.435623556344
9133,80,80.4813126247596,35.435623556344
9134,80,80.4813126247596,35.435623556344
9135,80,80.4813126247596,35.435623556344
9136,80,80.4813126247596,35.435623556344
9137,80,80.4813126247596,35.435623556344
9138,80,80.4813126247596,35.435623556344
9139,80,80.4813126247596,35.435623556344
9140,80,80.4813126247596,35.435623556344
9141,80,80.4813126247596,35.435623556344
9142,80,80.4813126247596,35.435623556344
9143,80,80.4813126247596,35.435623556344
9144,80,80.4813126247596,35.435623556344
9145,80,80.4813126247596,35.435623556344
9146,80,80.4813126247596,35.435623556344
9147,80,80.4813126247596,35.435623556344
9148,80,80.4813126247596,35.435623556344
9149,80,80.4813126247596,35.435623556344
9150,80,80.4813126247596,35.435623556344
9151,80,80.4813126247596,35.435623556344
9152,80,80.4813126247596,35.435623556344
9153,80,80.4813126247596,35.435623556344
9154,80,80.4813126247596,35.435623556344
9155,80,80.4813126247596,35.435623556344
9156,80,80.4813126247596,35.435623556344
9157,80,80.4813126247596,35.435623556344
9158,80,80.4813126247596,35.435623556344
9159,80,80.4813126247596,35.435623556344
9160,80,80.4813126247596,35.435623556344
9161,80,80.4813126247596,35.435623556344
9162,80,80.4813126247596,35.435623556344
9163,80,80.4813126247596,35.435623556344
9164,80,80.4813126247596,35.435623556344
9165,80,80.4813126247596,35.435623556344
9166,80,80.4813126247596,35.435623556344
9167,80,80.4813126247596,35.435623556344
9168,80,80.4813126247596,35.435623556344
9169,80,80.4813126247596,35.435623556344
9170,80,80.4813126247596,35.435623556344
9171,80,80.4813126247596,35.435623556344
9172,80,80.4813126247596,35.435623556344
9173,80,80.4813126247596,35.435623556344
9174,80,80.4813126247596,35.435623556344
9175,80,80.4813126247596,35.435623556344
9176,80,80.4813126247596,35.435623556344
9177,80,80.4813126247596,35.435623556344
9178,80,80.4813126247596,35.435623556344
9179,80,80.4813126247596,35.435623556344
9180,80,80.4813126247596,35.435623556344
9181,80,80.4813126247596,35.435623556344
9182,80,80.4813126247596,35.435623556344
9183,80,80.4813126247596,35.435623556344
9184,80,80.4813126247596,35.435623556344
9185,80,80.4813126247596,35.435623556344
9186,80,80.4813126247596,35.435623556344
9187,80,80.4813126247596,35.435623556344
9188,80,80.4813126247596,35.435623556344
9189,80,80.4813126247596,35.435623556344
9190,80,80.4813126247596,35.435623556344
9191,80,80.4813126247596,35.435623556344
9192,80,80.4813126247596,35.435623556344
9193,80,80.4813126247596,35.435623556344
9194,80,80.4813126247596,35.435623556344
9195,80,80.4813126247596,35.435623556344
9196,80,80.4813126247596,35.435623556344
9197,80,80.4813126247596,35.435623556344
9198,80,80.4813126247596,35.435623556344
9199,80,80.4813126247596,35.435623556344
9200,80,80.4813126247596,35.435623556344
9201,80,80.4813126247596,35.435623556344
9202,80,80.4813126247596,35.435623556344
9203,80,80.4813126247596,35.435623556344
9204,80,80.4813126247596,35.435623556344
9205,80,80.4813126247596,35.435623556344
9206,80,80.4813126247596,35.435623556344
9207,80,80.4813126247596,35.435623556344
9208,80,80.4813126247596,35.435623556344
9209,80,80.4813126247596,35.435623556344
9210,80,80.4813126247596,35.435623556344
9211,80,80.4813126247596,35.435623556344
9212,80,80.4813126247596,35.435623556344
9213,80,80.3767588192075,35.7539585788507
9214,80,80.3767588192075,35.7539585788507
9215,80,80.3767588192075,35.7539585788507
9216,80,80.3767588192075,35.7539585788507
9217,80,80.3767588192075,35.7539585788507
9218,80,80.3767588192075,35.7539585788507
9219,80,80.3767588192075,35.7539585788507
9220,80,80.3767588192075,35.7539585788507
9221,80,80.3767588192075,35.7539585788507
9222,80,80.3767588192075,35.7539585788507
9223,80,80.3767588192075,35.7539585788507
9224,80,80.3767588192075,35.7539585788507
9225,80,80.3767588192075,35.7539585788507
9226,80,80.3767588192075,35.7539585788507
9227,80,80.3767588192075,35.7539585788507
9228,80,80.3767588192075,35.7539585788507
9229,80,80.3767588192075,35.7539585788507
9230,80,80.3767588192075,35.7539585788507
9231,80,80.3767588192075,35.7539585788507
9232,80,80.3767588192075,35.7539585788507
9233,80,80.3767588192075,35.7539585788507
9234,80,80.3767588192075,35.7539585788507
9235,80,80.3767588192075,35.7539585788507
9236,80,80.3767588192075,35.7539585788507
9237,80,80.3767588192075,35.7539585788507
9238,80,80.3767588192075,35.7539585788507
9239,80,80.3767588192075,35.7539585788507
9240,80,80.3767588192075,35.7539585788507
9241,80,80.3767588192075,35.7539585788507
9242,80,80.3767588192075,35.7539585788507
9243,80,80.3767588192075,35.7539585788507
9244,80,80.3767588192075,35.7539585788507
9245,80,80.3767588192075,35.7539585788507
9246,80,80.3767588192075,35.7539585788507
9247,80,80.3767588192075,35.7539585788507
9248,80,80.3767588192075,35.7539585788507
9249,80,80.3767588192075,35.7539585788507
9250,80,80.3767588192075,35.7539585788507
9251,80,80.3767588192075,35.7539585788507
9252,80,80.3767588192075,35.7539585788507
9253,80,80.3767588192075,35.7539585788507
9254,80,80.3767588192075,35.7539585788507
9255,80,80.3767588192075,35.7539585788507
9256,80,80.3767588192075,35.7539585788507
9257,80,80.3767588192075,35.7539585788507
9258,80,80.3767588192075,35.7539585788507
9259,80,80.3767588192075,35.7539585788507
9260,80,80.3767588192075,35.7539585788507
9261,80,80.3767588192075,35.7539585788507
9262,80,80.3767588192075,35.7539585788507
9263,80,80.3767588192075,35.7539585788507
9264,80,80.3767588192075,35.7539585788507
9265,80,80.3767588192075,35.7539585788507
9266,80,80.3767588192075,35.7539585788507
9267,80,80.3767588192075,35.7539585788507
9268,80,80.3767588192075,35.7539585788507
9269,80,80.3767588192075,35.7539585788507
9270,80,80.3767588192075,35.7539585788507
9271,80,80.3767588192075,35.7539585788507
9272,80,80.3767588192075,35.7539585788507
9273,80,80.3767588192075,35.7539585788507
9274,80,80.3767588192075,35.7539585788507
9275,80,80.3767588192075,35.7539585788507
9276,80,80.3767588192075,35.7539585788507
9277,80,80.3767588192075,35.7539585788507
9278,80,80.3767588192075,35.7539585788507
9279,80,80.3767588192075,35.7539585788507
9280,80,80.3767588192075,35.7539585788507
9281,80,80.3767588192075,35.7539585788507
9282,80,80.3767588192075,35.7539585788507
9283,80,80.3767588192075,35.7539585788507
9284,80,80.3767588192075,35.7539585788507
9285,80,80.3767588192075,35.7539585788507
9286,80,80.3767588192075,35.7539585788507
9287,80,80.3767588192075,35.7539585788507
9288,80,80.3767588192075,35.7539585788507
9289,80,80.3767588192075,35.7539585788507
9290,80,80.3767588192075,35.7539585788507
9291,80,80.3767588192075,35.7539585788507
9292,80,80.3767588192075,35.7539585788507
9293,80,80.3767588192075,35.7539585788507
9294,80,80.3767588192075,35.7539585788507
9295,80,80.3767588192075,35.7539585788507
9296,80,80.3767588192075,35.7539585788507
9297,80,80.3767588192075,35.7539585788507
9298,80,80.3767588192075,35.7539585788507
9299,80,80.3767588192075,35.7539585788507
9300,80,80.3767588192075,35.7539585788507
9301,80,80.3767588192075,35.7539585788507
9302,80,80.3767588192075,35.7539585788507
9303,80,80.3767588192075,35.7539585788507
9304,80,80.3767588192075,35.7539585788507
9305,80,80.3767588192075,35.7539585788507
9306,80,80.3767588192075,35.7539585788507
9307,80,80.3767588192075,35.7539585788507
9308,80,80.3767588192075,35.7539585788507
9309,80,80.3767588192075,35.7539585788507
9310,80,80.3767588192075,35.7539585788507
9311,80,80.3767588192075,35.7539585788507
9312,80,80.3767588192075,35.7539585788507
9313,80,80.3767588192075,35.7539585788507
9314,80,80.3767588192075,35.7539585788507
9315,80,80.3767588192075,35.7539585788507
9316,80,80.3767588192075,35.7539585788507
9317,80,80.3767588192075,35.7539585788507
9318,80,80.3767588192075,35.7539585788507
9319,80,80.3767588192075,35.7539585788507
9320,80,80.3767588192075,35.7539585788507
9321,80,80.3767588192075,35.7539585788507
9322,80,80.3767588192075,35.7539585788507
9323,80,80.3767588192075,35.7539585788507
9324,80,80.3767588192075,35.7539585788507
9325,80,80.3767588192075,35.7539585788507
9326,80,80.3767588192075,35.7539585788507
9327,80,80.3767588192075,35.7539585788507
9328,80,80.3767588192075,35.7539585788507
9329,80,80.3767588192075,35.7539585788507
9330,80,80.3767588192075,35.7539585788507
9331,80,80.3767588192075,35.7539585788507
9332,80,80.3767588192075,35.7539585788507
9333,80,80.3767588192075,35.7539585788507
9334,80,80.3767588192075,35.7539585788507
9335,80,80.3767588192075,35.7539585788507
9336,80,80.3767588192075,35.7539585788507
9337,80,80.3767588192075,35.7539585788507
9338,80,80.3767588192075,35.7539585788507
9339,80,80.3767588192075,35.7539585788507
9340,80,80.3767588192075,35.7539585788507
9341,80,80.3767588192075,35.7539585788507
9342,80,80.3767588192075,35.7539585788507
9343,80,80.3767588192075,35.7539585788507
9344,80,80.3767588192075,35.7539585788507
9345,80,80.3767588192075,35.7539585788507
9346,80,80.3767588192075,35.7539585788507
9347,80,80.3767588192075,35.7539585788507
9348,80,80.3767588192075,35.7539585788507
9349,80,80.3767588192075,35.7539585788507
9350,80,80.3767588192075,35.7539585788507
9351,80,80.3767588192075,35.7539585788507
9352,80,80.3767588192075,35.7539585788507
9353,80,80.3767588192075,35.7539585788507
9354,80,80.3767588192075,35.7539585788507
9355,80,80.3767588192075,35.7539585788507
9356,80,80.3767588192075,35.7539585788507
9357,80,80.3767588192075,35.7539585788507
9358,80,80.3767588192075,35.7539585788507
9359,80,80.3767588192075,35.7539585788507
9360,80,80.3767588192075,35.7539585788507
9361,80,80.3767588192075,35.7539585788507
9362,80,80.3767588192075,35.7539585788507
9363,80,80.3767588192075,35.7539585788507
9364,80,80.3767588192075,35.7539585788507
9365,80,80.3767588192075,35.7539585788507
9366,80,80.3767588192075,35.7539585788507
9367,80,80.3767588192075,35.7539585788507
9368,80,80.3767588192075,35.7539585788507
9369,80,80.3767588192075,35.7539585788507
9370,80,80.3767588192075,35.7539585788507
9371,80,80.3767588192075,35.7539585788507
9372,80,80.3767588192075,35.7539585788507
9373,80,80.3767588192075,35.7539585788507
9374,80,80.3767588192075,35.7539585788507
9375,80,80.3767588192075,35.7539585788507
9376,80,80.3767588192075,35.7539585788507
9377,80,80.3767588192075,35.7539585788507
9378,80,80.3767588192075,35.7539585788507
9379,80,80.3767588192075,35.7539585788507
9380,80,80.3767588192075,35.7539585788507
9381,80,80.3767588192075,35.7539585788507
9382,80,80.3767588192075,35.7539585788507
9383,80,80.3767588192075,35.7539585788507
9384,80,80.3767588192075,35.7539585788507
9385,80,80.3767588192075,35.7539585788507
9386,80,80.3767588192075,35.7539585788507
9387,80,80.3767588192075,35.7539585788507
9388,80,80.3767588192075,35.7539585788507
9389,80,80.3767588192075,35.7539585788507
9390,80,80.3767588192075,35.7539585788507
9391,80,80.3767588192075,35.7539585788507
9392,80,80.3767588192075,35.7539585788507
9393,80,80.3767588192075,35.7539585788507
9394,80,80.3767588192075,35.7539585788507
9395,80,80.3767588192075,35.7539585788507
9396,80,80.3767588192075,35.7539585788507
9397,80,80.3767588192075,35.7539585788507
9398,80,80.3767588192075,35.7539585788507
9399,80,80.3767588192075,35.7539585788507
9400,80,80.3767588192075,35.7539585788507
9401,80,80.3767588192075,35.7539585788507
9402,80,80.3767588192075,35.7539585788507
9403,80,80.3767588192075,35.7539585788507
9404,80,80.3767588192075,35.7539585788507
9405,80,80.3767588192075,35.7539585788507
9406,80,80.3767588192075,35.7539585788507
9407,80,80.3767588192075,35.7539585788507
9408,80,80.3767588192075,35.7539585788507
9409,80,80.3767588192075,35.7539585788507
9410,80,80.3767588192075,35.7539585788507
9411,80,80.3767588192075,35.7539585788507
9412,80,80.3767588192075,35.7539585788507
9413,80,80.3767588192075,35.7539585788507
9414,80,80.3767588192075,35.7539585788507
9415,80,80.3767588192075,35.7539585788507
9416,80,80.3767588192075,35.7539585788507
9417,80,80.3767588192075,35.7539585788507
9418,80,80.3767588192075,35.7539585788507
9419,80,80.3767588192075,35.7539585788507
9420,80,80.3767588192075,35.7539585788507
9421,80,80.3767588192075,35.7539585788507
9422,80,80.3767588192075,35.7539585788507
9423,80,80.3767588192075,35.7539585788507
9424,80,80.3767588192075,35.7539585788507
9425,80,80.3767588192075,35.7539585788507
9426,80,80.3767588192075,35.7539585788507
9427,80,80.3767588192075,35.7539585788507
9428,80,80.3767588192075,35.7539585788507
9429,80,80.3767588192075,35.7539585788507
9430,80,80.3767588192075,35.7539585788507
9431,80,80.3767588192075,35.7539585788507
9432,80,80.3767588192075,35.7539585788507
9433,80,80.3767588192075,35.7539585788507
9434,80,80.3767588192075,35.7539585788507
9435,80,80.3767588192075,35.7539585788507
9436,80,80.3767588192075,35.7539585788507
9437,80,80.3767588192075,35.7539585788507
9438,80,80.3767588192075,35.7539585788507
9439,80,80.3767588192075,35.7539585788507
9440,80,80.3767588192075,35.7539585788507
9441,80,80.3767588192075,35.7539585788507
9442,80,80.3767588192075,35.7539585788507
9443,80,80.3767588192075,35.7539585788507
9444,80,80.3767588192075,35.7539585788507
9445,80,80.3767588192075,35.7539585788507
9446,80,80.3767588192075,35.7539585788507
9447,80,80.3767588192075,35.7539585788507
9448,80,80.3767588192075,35.7539585788507
9449,80,80.3767588192075,35.7539585788507
9450,80,80.3767588192075,35.7539585788507
9451,80,80.3767588192075,35.7539585788507
9452,80,80.3767588192075,35.7539585788507
9453,80,80.3767588192075,35.7539585788507
9454,80,80.3767588192075,35.7539585788507
9455,80,80.3767588192075,35.7539585788507
9456,80,80.3767588192075,35.7539585788507
9457,80,80.3767588192075,35.7539585788507
9458,80,80.3767588192075,35.7539585788507
9459,80,80.3767588192075,35.7539585788507
9460,80,80.3767588192075,35.7539585788507
9461,80,80.3767588192075,35.7539585788507
9462,80,80.3861580183489,37.4886129567155
9463,80,80.3861580183489,37.4886129567155
9464,80,80.3861580183489,37.4886129567155
9465,80,80.3861580183489,37.4886129567155
9466,80,80.3861580183489,37.4886129567155
9467,80,80.3861580183489,37.4886129567155
9468,80,80.3861580183489,37.4886129567155
9469,80,80.3861580183489,37.4886129567155
9470,80,80.3861580183489,37.4886129567155
9471,80,80.3861580183489,37.4886129567155
9472,80,80.3861580183489,37.4886129567155
9473,80,80.3861580183489,37.4886129567155
9474,80,80.3861580183489,37.4886129567155
9475,80,80.3861580183489,37.4886129567155
9476,80,80.3861580183489,37.4886129567155
9477,80,80.3861580183489,37.4886129567155
9478,80,80.3861580183489,37.4886129567155
9479,80,80.3861580183489,37.4886129567155
9480,80,80.3861580183489,37.4886129567155
9481,80,80.3861580183489,37.4886129567155
9482,80,80.3861580183489,37.4886129567155
9483,80,80.3861580183489,37.4886129567155
9484,80,80.3861580183489,37.4886129567155
9485,80,80.3861580183489,37.4886129567155
9486,80,80.3861580183489,37.4886129567155
9487,80,80.3861580183489,37.4886129567155
9488,80,80.3861580183489,37.4886129567155
9489,80,80.3861580183489,37.4886129567155
9490,80,80.3861580183489,37.4886129567155
9491,80,80.3861580183489,37.4886129567155
9492,80,80.3861580183489,37.4886129567155
9493,80,80.3861580183489,37.4886129567155
9494,80,80.3861580183489,37.4886129567155
9495,80,80.3861580183489,37.4886129567155
9496,80,80.3861580183489,37.4886129567155
9497,80,80.3861580183489,37.4886129567155
9498,80,80.3861580183489,37.4886129567155
9499,80,80.3861580183489,37.4886129567155
9500,80,80.3861580183489,37.4886129567155
9501,80,80.3861580183489,37.4886129567155
9502,80,80.3861580183489,37.4886129567155
9503,80,80.3861580183489,37.4886129567155
9504,80,80.3861580183489,37.4886129567155
9505,80,80.3861580183489,37.4886129567155
9506,80,80.3861580183489,37.4886129567155
9507,80,80.3861580183489,37.4886129567155
9508,80,80.3861580183489,37.4886129567155
9509,80,80.3861580183489,37.4886129567155
9510,80,80.3861580183489,37.4886129567155
9511,80,80.3861580183489,37.4886129567155
9512,80,80.3861580183489,37.4886129567155
9513,80,80.3861580183489,37.4886129567155
9514,80,80.3861580183489,37.4886129567155
9515,80,80.3861580183489,37.4886129567155
9516,80,80.3861580183489,37.4886129567155
9517,80,80.3861580183489,37.4886129567155
9518,80,80.3861580183489,37.4886129567155
9519,80,80.3861580183489,37.4886129567155
9520,80,80.3861580183489,37.4886129567155
9521,80,80.3861580183489,37.4886129567155
9522,80,80.3861580183489,37.4886129567155
9523,80,80.3861580183489,37.4886129567155
9524,80,80.3861580183489,37.4886129567155
9525,80,80.3861580183489,37.4886129567155
9526,80,80.3861580183489,37.4886129567155
9527,80,80.3861580183489,37.4886129567155
9528,80,80.3861580183489,37.4886129567155
9529,80,80.3861580183489,37.4886129567155
9530,80,80.3861580183489,37.4886129567155
9531,80,80.3861580183489,37.4886129567155
9532,80,80.3861580183489,37.4886129567155
9533,80,80.3861580183489,37.4886129567155
9534,80,80.3861580183489,37.4886129567155
9535,80,80.3861580183489,37.4886129567155
9536,80,80.3861580183489,37.4886129567155
9537,80,80.3861580183489,37.4886129567155
9538,80,80.3861580183489,37.4886129567155
9539,80,80.3861580183489,37.4886129567155
9540,80,80.3861580183489,37.4886129567155
9541,80,80.3861580183489,37.4886129567155
9542,80,80.3861580183489,37.4886129567155
9543,80,80.3861580183489,37.4886129567155
9544,80,80.3861580183489,37.4886129567155
9545,80,80.3861580183489,37.4886129567155
9546,80,80.3861580183489,37.4886129567155
9547,80,80.3861580183489,37.4886129567155
9548,80,80.3861580183489,37.4886129567155
9549,80,80.3861580183489,37.4886129567155
9550,80,80.3861580183489,37.4886129567155
9551,80,80.3861580183489,37.4886129567155
9552,80,80.3861580183489,37.4886129567155
9553,80,80.3861580183489,37.4886129567155
9554,80,80.3861580183489,37.4886129567155
9555,80,80.3861580183489,37.4886129567155
9556,80,80.3861580183489,37.4886129567155
9557,80,80.3861580183489,37.4886129567155
9558,80,80.3861580183489,37.4886129567155
9559,80,80.3861580183489,37.4886129567155
9560,80,80.3861580183489,37.4886129567155
9561,80,80.3861580183489,37.4886129567155
9562,80,80.3861580183489,37.4886129567155
9563,80,80.3861580183489,37.4886129567155
9564,80,80.3861580183489,37.4886129567155
9565,80,80.3861580183489,37.4886129567155
9566,80,80.3861580183489,37.4886129567155
9567,80,80.3861580183489,37.4886129567155
9568,80,80.3861580183489,37.4886129567155
9569,80,80.3861580183489,37.4886129567155
9570,80,80.3861580183489,37.4886129567155
9571,80,80.3861580183489,37.4886129567155
9572,80,80.3861580183489,37.4886129567155
9573,80,80.3861580183489,37.4886129567155
9574,80,80.3861580183489,37.4886129567155
9575,80,80.3861580183489,37.4886129567155
9576,80,80.3861580183489,37.4886129567155
9577,80,80.3861580183489,37.4886129567155
9578,80,80.3861580183489,37.4886129567155
9579,80,80.3861580183489,37.4886129567155
9580,80,80.3861580183489,37.4886129567155
9581,80,80.3861580183489,37.4886129567155
9582,80,80.3861580183489,37.4886129567155
9583,80,80.3861580183489,37.4886129567155
9584,80,80.3861580183489,37.4886129567155
9585,80,80.3861580183489,37.4886129567155
9586,80,80.3861580183489,37.4886129567155
9587,80,80.3861580183489,37.4886129567155
9588,80,80.3861580183489,37.4886129567155
9589,80,80.3861580183489,37.4886129567155
9590,80,80.3861580183489,37.4886129567155
9591,80,80.3861580183489,37.4886129567155
9592,80,80.3861580183489,37.4886129567155
9593,80,80.3861580183489,37.4886129567155
9594,80,80.3861580183489,37.4886129567155
9595,80,80.3861580183489,37.4886129567155
9596,80,80.3861580183489,37.4886129567155
9597,80,80.3861580183489,37.4886129567155
9598,80,80.3861580183489,37.4886129567155
9599,80,80.3861580183489,37.4886129567155
9600,80,80.3861580183489,37.4886129567155
9601,80,80.3861580183489,37.4886129567155
9602,80,80.3861580183489,37.4886129567155
9603,80,80.3861580183489,37.4886129567155
9604,80,80.3861580183489,37.4886129567155
9605,80,80.3861580183489,37.4886129567155
9606,80,80.3861580183489,37.4886129567155
9607,80,80.3861580183489,37.4886129567155
9608,80,80.3861580183489,37.4886129567155
9609,80,80.3861580183489,37.4886129567155
9610,80,80.3861580183489,37.4886129567155
9611,80,80.3861580183489,37.4886129567155
9612,80,80.3861580183489,37.4886129567155
9613,80,80.3861580183489,37.4886129567155
9614,80,80.3861580183489,37.4886129567155
9615,80,80.3861580183489,37.4886129567155
9616,80,80.3861580183489,37.4886129567155
9617,80,80.3861580183489,37.4886129567155
9618,80,80.3861580183489,37.4886129567155
9619,80,80.3861580183489,37.4886129567155
9620,80,80.3861580183489,37.4886129567155
9621,80,80.3861580183489,37.4886129567155
9622,80,80.3861580183489,37.4886129567155
9623,80,80.3861580183489,37.4886129567155
9624,80,80.3861580183489,37.4886129567155
9625,80,80.3861580183489,37.4886129567155
9626,80,80.3861580183489,37.4886129567155
9627,80,80.3861580183489,37.4886129567155
9628,80,80.3861580183489,37.4886129567155
9629,80,80.3861580183489,37.4886129567155
9630,80,80.3861580183489,37.4886129567155
9631,80,80.3861580183489,37.4886129567155
9632,80,80.3861580183489,37.4886129567155
9633,80,80.3861580183489,37.4886129567155
9634,80,80.3861580183489,37.4886129567155
9635,80,80.3861580183489,37.4886129567155
9636,80,80.3861580183489,37.4886129567155
9637,80,80.3861580183489,37.4886129567155
9638,80,80.3861580183489,37.4886129567155
9639,80,80.3861580183489,37.4886129567155
9640,80,80.3861580183489,37.4886129567155
9641,80,80.3861580183489,37.4886129567155
9642,80,80.3861580183489,37.4886129567155
9643,80,80.3861580183489,37.4886129567155
9644,80,80.3861580183489,37.4886129567155
9645,80,80.3861580183489,37.4886129567155
9646,80,80.3861580183489,37.4886129567155
9647,80,80.3861580183489,37.4886129567155
9648,80,80.3861580183489,37.4886129567155
9649,80,80.3861580183489,37.4886129567155
9650,80,80.3861580183489,37.4886129567155
9651,80,80.3861580183489,37.4886129567155
9652,80,80.3861580183489,37.4886129567155
9653,80,80.3861580183489,37.4886129567155
9654,80,80.3861580183489,37.4886129567155
9655,80,80.3861580183489,37.4886129567155
9656,80,80.3861580183489,37.4886129567155
9657,80,80.3861580183489,37.4886129567155
9658,80,80.3861580183489,37.4886129567155
9659,80,80.3861580183489,37.4886129567155
9660,80,80.3861580183489,37.4886129567155
9661,80,80.3861580183489,37.4886129567155
9662,80,80.3861580183489,37.4886129567155
9663,80,80.3861580183489,37.4886129567155
9664,80,80.3861580183489,37.4886129567155
9665,80,80.3861580183489,37.4886129567155
9666,80,80.3861580183489,37.4886129567155
9667,80,80.3861580183489,37.4886129567155
9668,80,80.3861580183489,37.4886129567155
9669,80,80.3861580183489,37.4886129567155
9670,80,80.3861580183489,37.4886129567155
9671,80,80.3861580183489,37.4886129567155
9672,80,80.3861580183489,37.4886129567155
9673,80,80.3861580183489,37.4886129567155
9674,80,80.3861580183489,37.4886129567155
9675,80,80.3861580183489,37.4886129567155
9676,80,80.3861580183489,37.4886129567155
9677,80,80.3861580183489,37.4886129567155
9678,80,80.3861580183489,37.4886129567155
9679,80,80.3861580183489,37.4886129567155
9680,80,80.3861580183489,37.4886129567155
9681,80,80.3861580183489,37.4886129567155
9682,80,80.3861580183489,37.4886129567155
9683,80,80.3861580183489,37.4886129567155
9684,80,80.3861580183489,37.4886129567155
9685,80,80.3861580183489,37.4886129567155
9686,80,80.3861580183489,37.4886129567155
9687,80,80.3861580183489,37.4886129567155
9688,80,80.3861580183489,37.4886129567155
9689,80,80.3861580183489,37.4886129567155
9690,80,80.3861580183489,37.4886129567155
9691,80,80.3861580183489,37.4886129567155
9692,80,80.3861580183489,37.4886129567155
9693,80,80.3861580183489,37.4886129567155
9694,80,80.3861580183489,37.4886129567155
9695,80,80.3861580183489,37.4886129567155
9696,80,80.3861580183489,37.4886129567155
9697,80,80.3861580183489,37.4886129567155
9698,80,80.3861580183489,37.4886129567155
9699,80,80.3861580183489,37.4886129567155
9700,80,80.3861580183489,37.4886129567155
9701,80,80.3861580183489,37.4886129567155
9702,80,80.3861580183489,37.4886129567155
9703,80,80.3861580183489,37.4886129567155
9704,80,80.3861580183489,37.4886129567155
9705,80,80.3861580183489,37.4886129567155
9706,80,80.3861580183489,37.4886129567155
9707,80,80.3861580183489,37.4886129567155
9708,80,80.3861580183489,37.4886129567155
9709,80,80.3861580183489,37.4886129567155
9710,80,80.3861580183489,37.4886129567155
9711,80,80.2985339615102,35.9678468224221
9712,80,80.2985339615102,35.9678468224221
9713,80,80.2985339615102,35.9678468224221
9714,80,80.2985339615102,35.9678468224221
9715,80,80.2985339615102,35.9678468224221
9716,80,80.2985339615102,35.9678468224221
9717,80,80.2985339615102,35.9678468224221
9718,80,80.2985339615102,35.9678468224221
9719,80,80.2985339615102,35.9678468224221
9720,80,80.2985339615102,35.9678468224221
9721,80,80.2985339615102,35.9678468224221
9722,80,80.2985339615102,35.9678468224221
9723,80,80.2985339615102,35.9678468224221
9724,80,80.2985339615102,35.9678468224221
9725,80,80.2985339615102,35.9678468224221
9726,80,80.2985339615102,35.9678468224221
9727,80,80.2985339615102,35.9678468224221
9728,80,80.2985339615102,35.9678468224221
9729,80,80.2985339615102,35.9678468224221
9730,80,80.2985339615102,35.9678468224221
9731,80,80.2985339615102,35.9678468224221
9732,80,80.2985339615102,35.9678468224221
9733,80,80.2985339615102,35.9678468224221
9734,80,80.2985339615102,35.9678468224221
9735,80,80.2985339615102,35.9678468224221
9736,80,80.2985339615102,35.9678468224221
9737,80,80.2985339615102,35.9678468224221
9738,80,80.2985339615102,35.9678468224221
9739,80,80.2985339615102,35.9678468224221
9740,80,80.2985339615102,35.9678468224221
9741,80,80.2985339615102,35.9678468224221
9742,80,80.2985339615102,35.9678468224221
9743,80,80.2985339615102,35.9678468224221
9744,80,80.2985339615102,35.9678468224221
9745,80,80.2985339615102,35.9678468224221
9746,80,80.2985339615102,35.9678468224221
9747,80,80.2985339615102,35.9678468224221
9748,80,80.2985339615102,35.9678468224221
9749,80,80.2985339615102,35.9678468224221
9750,80,80.2985339615102,35.9678468224221
9751,80,80.2985339615102,35.9678468224221
9752,80,80.2985339615102,35.9678468224221
9753,80,80.2985339615102,35.9678468224221
9754,80,80.2985339615102,35.9678468224221
9755,80,80.2985339615102,35.9678468224221
9756,80,80.2985339615102,35.9678468224221
9757,80,80.2985339615102,35.9678468224221
9758,80,80.2985339615102,35.9678468224221
9759,80,80.2985339615102,35.9678468224221
9760,80,80.2985339615102,35.9678468224221
9761,80,80.2985339615102,35.9678468224221
9762,80,80.2985339615102,35.9678468224221
9763,80,80.2985339615102,35.9678468224221
9764,80,80.2985339615102,35.9678468224221
9765,80,80.2985339615102,35.9678468224221
9766,80,80.2985339615102,35.9678468224221
9767,80,80.2985339615102,35.9678468224221
9768,80,80.2985339615102,35.9678468224221
9769,80,80.2985339615102,35.9678468224221
9770,80,80.2985339615102,35.9678468224221
9771,80,80.2985339615102,35.9678468224221
9772,80,80.2985339615102,35.9678468224221
9773,80,80.2985339615102,35.9678468224221
9774,80,80.2985339615102,35.9678468224221
9775,80,80.2985339615102,35.9678468224221
9776,80,80.2985339615102,35.9678468224221
9777,80,80.2985339615102,35.9678468224221
9778,80,80.2985339615102,35.9678468224221
9779,80,80.2985339615102,35.9678468224221
9780,80,80.2985339615102,35.9678468224221
9781,80,80.2985339615102,35.9678468224221
9782,80,80.2985339615102,35.9678468224221
9783,80,80.2985339615102,35.9678468224221
9784,80,80.2985339615102,35.9678468224221
9785,80,80.2985339615102,35.9678468224221
9786,80,80.2985339615102,35.9678468224221
9787,80,80.2985339615102,35.9678468224221
9788,80,80.2985339615102,35.9678468224221
9789,80,80.2985339615102,35.9678468224221
9790,80,80.2985339615102,35.9678468224221
9791,80,80.2985339615102,35.9678468224221
9792,80,80.2985339615102,35.9678468224221
9793,80,80.2985339615102,35.9678468224221
9794,80,80.2985339615102,35.9678468224221
9795,80,80.2985339615102,35.9678468224221
9796,80,80.2985339615102,35.9678468224221
9797,80,80.2985339615102,35.9678468224221
9798,80,80.2985339615102,35.9678468224221
9799,80,80.2985339615102,35.9678468224221
9800,80,80.2985339615102,35.9678468224221
9801,80,80.2985339615102,35.9678468224221
9802,80,80.2985339615102,35.9678468224221
9803,80,80.2985339615102,35.9678468224221
9804,80,80.2985339615102,35.9678468224221
9805,80,80.2985339615102,35.9678468224221
9806,80,80.2985339615102,35.9678468224221
9807,80,80.2985339615102,35.9678468224221
9808,80,80.2985339615102,35.9678468224221
9809,80,80.2985339615102,35.9678468224221
9810,80,80.2985339615102,35.9678468224221
9811,80,80.2985339615102,35.9678468224221
9812,80,80.2985339615102,35.9678468224221
9813,80,80.2985339615102,35.9678468224221
9814,80,80.2985339615102,35.9678468224221
9815,80,80.2985339615102,35.9678468224221
9816,80,80.2985339615102,35.9678468224221
9817,80,80.2985339615102,35.9678468224221
9818,80,80.2985339615102,35.9678468224221
9819,80,80.2985339615102,35.9678468224221
9820,80,80.2985339615102,35.9678468224221
9821,80,80.2985339615102,35.9678468224221
9822,80,80.2985339615102,35.9678468224221
9823,80,80.2985339615102,35.9678468224221
9824,80,80.2985339615102,35.9678468224221
9825,80,80.2985339615102,35.9678468224221
9826,80,80.2985339615102,35.9678468224221
9827,80,80.2985339615102,35.9678468224221
9828,80,80.2985339615102,35.9678468224221
9829,80,80.2985339615102,35.9678468224221
9830,80,80.2985339615102,35.9678468224221
9831,80,80.2985339615102,35.9678468224221
9832,80,80.2985339615102,35.9678468224221
9833,80,80.2985339615102,35.9678468224221
9834,80,80.2985339615102,35.9678468224221
9835,80,80.2985339615102,35.9678468224221
9836,80,80.2985339615102,35.9678468224221
9837,80,80.2985339615102,35.9678468224221
9838,80,80.2985339615102,35.9678468224221
9839,80,80.2985339615102,35.9678468224221
9840,80,80.2985339615102,35.9678468224221
9841,80,80.2985339615102,35.9678468224221
9842,80,80.2985339615102,35.9678468224221
9843,80,80.2985339615102,35.9678468224221
9844,80,80.2985339615102,35.9678468224221
9845,80,80.2985339615102,35.9678468224221
9846,80,80.2985339615102,35.9678468224221
9847,80,80.2985339615102,35.9678468224221
9848,80,80.2985339615102,35.9678468224221
9849,80,80.2985339615102,35.9678468224221
9850,80,80.2985339615102,35.9678468224221
9851,80,80.2985339615102,35.9678468224221
9852,80,80.2985339615102,35.9678468224221
9853,80,80.2985339615102,35.9678468224221
9854,80,80.2985339615102,35.9678468224221
9855,80,80.2985339615102,35.9678468224221
9856,80,80.2985339615102,35.9678468224221
9857,80,80.2985339615102,35.9678468224221
9858,80,80.2985339615102,35.9678468224221
9859,80,80.2985339615102,35.9678468224221
9860,80,80.2985339615102,35.9678468224221
9861,80,80.2985339615102,35.9678468224221
9862,80,80.2985339615102,35.9678468224221
9863,80,80.2985339615102,35.9678468224221
9864,80,80.2985339615102,35.9678468224221
9865,80,80.2985339615102,35.9678468224221
9866,80,80.2985339615102,35.9678468224221
9867,80,80.2985339615102,35.9678468224221
9868,80,80.2985339615102,35.9678468224221
9869,80,80.2985339615102,35.9678468224221
9870,80,80.2985339615102,35.9678468224221
9871,80,80.2985339615102,35.9678468224221
9872,80,80.2985339615102,35.9678468224221
9873,80,80.2985339615102,35.9678468224221
9874,80,80.2985339615102,35.9678468224221
9875,80,80.2985339615102,35.9678468224221
9876,80,80.2985339615102,35.9678468224221
9877,80,80.2985339615102,35.9678468224221
9878,80,80.2985339615102,35.9678468224221
9879,80,80.2985339615102,35.9678468224221
9880,80,80.2985339615102,35.9678468224221
9881,80,80.2985339615102,35.9678468224221
9882,80,80.2985339615102,35.9678468224221
9883,80,80.2985339615102,35.9678468224221
9884,80,80.2985339615102,35.9678468224221
9885,80,80.2985339615102,35.9678468224221
9886,80,80.2985339615102,35.9678468224221
9887,80,80.2985339615102,35.9678468224221
9888,80,80.2985339615102,35.9678468224221
9889,80,80.2985339615102,35.9678468224221
9890,80,80.2985339615102,35.9678468224221
9891,80,80.2985339615102,35.9678468224221
9892,80,80.2985339615102,35.9678468224221
9893,80,80.2985339615102,35.9678468224221
9894,80,80.2985339615102,35.9678468224221
9895,80,80.2985339615102,35.9678468224221
9896,80,80.2985339615102,35.9678468224221
9897,80,80.2985339615102,35.9678468224221
9898,80,80.2985339615102,35.9678468224221
9899,80,80.2985339615102,35.9678468224221
9900,80,80.2985339615102,35.9678468224221
9901,80,80.2985339615102,35.9678468224221
9902,80,80.2985339615102,35.9678468224221
9903,80,80.2985339615102,35.9678468224221
9904,80,80.2985339615102,35.9678468224221
9905,80,80.2985339615102,35.9678468224221
9906,80,80.2985339615102,35.9678468224221
9907,80,80.2985339615102,35.9678468224221
9908,80,80.2985339615102,35.9678468224221
9909,80,80.2985339615102,35.9678468224221
9910,80,80.2985339615102,35.9678468224221
9911,80,80.2985339615102,35.9678468224221
9912,80,80.2985339615102,35.9678468224221
9913,80,80.2985339615102,35.9678468224221
9914,80,80.2985339615102,35.9678468224221
9915,80,80.2985339615102,35.9678468224221
9916,80,80.2985339615102,35.9678468224221
9917,80,80.2985339615102,35.9678468224221
9918,80,80.2985339615102,35.9678468224221
9919,80,80.2985339615102,35.9678468224221
9920,80,80.2985339615102,35.9678468224221
9921,80,80.2985339615102,35.9678468224221
9922,80,80.2985339615102,35.9678468224221
9923,80,80.2985339615102,35.9678468224221
9924,80,80.2985339615102,35.9678468224221
9925,80,80.2985339615102,35.9678468224221
9926,80,80.2985339615102,35.9678468224221
9927,80,80.2985339615102,35.9678468224221
9928,80,80.2985339615102,35.9678468224221
9929,80,80.2985339615102,35.9678468224221
9930,80,80.2985339615102,35.9678468224221
9931,80,80.2985339615102,35.9678468224221
9932,80,80.2985339615102,35.9678468224221
9933,80,80.2985339615102,35.9678468224221
9934,80,80.2985339615102,35.9678468224221
9935,80,80.2985339615102,35.9678468224221
9936,80,80.2985339615102,35.9678468224221
9937,80,80.2985339615102,35.9678468224221
9938,80,80.2985339615102,35.9678468224221
9939,80,80.2985339615102,35.9678468224221
9940,80,80.2985339615102,35.9678468224221
9941,80,80.2985339615102,35.9678468224221
9942,80,80.2985339615102,35.9678468224221
9943,80,80.2985339615102,35.9678468224221
9944,80,80.2985339615102,35.9678468224221
9945,80,80.2985339615102,35.9678468224221
9946,80,80.2985339615102,35.9678468224221
9947,80,80.2985339615102,35.9678468224221
9948,80,80.2985339615102,35.9678468224221
9949,80,80.2985339615102,35.9678468224221
9950,80,80.2985339615102,35.9678468224221
9951,80,80.2985339615102,35.9678468224221
9952,80,80.2985339615102,35.9678468224221
9953,80,80.2985339615102,35.9678468224221
9954,80,80.2985339615102,35.9678468224221
9955,80,80.2985339615102,35.9678468224221
9956,80,80.2985339615102,35.9678468224221
9957,80,80.2985339615102,35.9678468224221
9958,80,80.2985339615102,35.9678468224221
9959,80,80.2985339615102,35.9678468224221
9960,80,68.0755173592766,68.0850663758152
9961,80,68.0755173592766,68.0850663758152
9962,80,68.0755173592766,68.0850663758152
9963,80,68.0755173592766,68.0850663758152
9964,80,68.0755173592766,68.0850663758152
9965,80,68.0755173592766,68.0850663758152
9966,80,68.0755173592766,68.0850663758152
9967,80,68.0755173592766,68.0850663758152
9968,80,68.0755173592766,68.0850663758152
9969,80,68.0755173592766,68.0850663758152
9970,80,68.0755173592766,68.0850663758152
9971,80,68.0755173592766,68.0850663758152
9972,80,68.0755173592766,68.0850663758152
9973,80,68.0755173592766,68.0850663758152
9974,80,68.0755173592766,68.0850663758152
9975,80,68.0755173592766,68.0850663758152
9976,80,68.0755173592766,68.0850663758152
9977,80,68.0755173592766,68.0850663758152
9978,80,68.0755173592766,68.0850663758152
9979,80,68.0755173592766,68.0850663758152
9980,80,68.0755173592766,68.0850663758152
9981,80,68.0755173592766,68.0850663758152
9982,80,68.0755173592766,68.0850663758152
9983,80,68.0755173592766,68.0850663758152
9984,80,68.0755173592766,68.0850663758152
9985,80,68.0755173592766,68.0850663758152
9986,80,68.0755173592766,68.0850663758152
9987,80,68.0755173592766,68.0850663758152
9988,80,68.0755173592766,68.0850663758152
9989,80,68.0755173592766,68.0850663758152
9990,80,68.0755173592766,68.0850663758152
9991,80,68.0755173592766,68.0850663758152
9992,80,68.0755173592766,68.0850663758152
9993,80,68.0755173592766,68.0850663758152
9994,80,68.0755173592766,68.0850663758152
9995,80,68.0755173592766,68.0850663758152
9996,80,68.0755173592766,68.0850663758152
9997,80,68.0755173592766,68.0850663758152
9998,80,68.0755173592766,68.0850663758152
9999,80,68.0755173592766,68.0850663758152
10000,80,68.0755173592766,68.0850663758152
10001,80,68.0755173592766,68.0850663758152
10002,80,68.0755173592766,68.0850663758152
10003,80,68.0755173592766,68.0850663758152
10004,80,68.0755173592766,68.0850663758152
10005,80,68.0755173592766,68.0850663758152
10006,80,68.0755173592766,68.0850663758152
10007,80,68.0755173592766,68.0850663758152
10008,80,68.0755173592766,68.0850663758152
10009,80,68.0755173592766,68.0850663758152
10010,80,68.0755173592766,68.0850663758152
10011,80,68.0755173592766,68.0850663758152
10012,80,68.0755173592766,68.0850663758152
10013,80,68.0755173592766,68.0850663758152
10014,80,68.0755173592766,68.0850663758152
10015,80,68.0755173592766,68.0850663758152
10016,80,68.0755173592766,68.0850663758152
10017,80,68.0755173592766,68.0850663758152
10018,80,68.0755173592766,68.0850663758152
10019,80,68.0755173592766,68.0850663758152
10020,80,68.0755173592766,68.0850663758152
10021,80,68.0755173592766,68.0850663758152
10022,80,68.0755173592766,68.0850663758152
10023,80,68.0755173592766,68.0850663758152
10024,80,68.0755173592766,68.0850663758152
10025,80,68.0755173592766,68.0850663758152
10026,80,68.0755173592766,68.0850663758152
10027,80,68.0755173592766,68.0850663758152
10028,80,68.0755173592766,68.0850663758152
10029,80,68.0755173592766,68.0850663758152
10030,80,68.0755173592766,68.0850663758152
10031,80,68.0755173592766,68.0850663758152
10032,80,68.0755173592766,68.0850663758152
10033,80,68.0755173592766,68.0850663758152
10034,80,68.0755173592766,68.0850663758152
10035,80,68.0755173592766,68.0850663758152
10036,80,68.0755173592766,68.0850663758152
10037,80,68.0755173592766,68.0850663758152
10038,80,68.0755173592766,68.0850663758152
10039,80,68.0755173592766,68.0850663758152
10040,80,68.0755173592766,68.0850663758152
10041,80,68.0755173592766,68.0850663758152
10042,80,68.0755173592766,68.0850663758152
10043,80,68.0755173592766,68.0850663758152
10044,80,68.0755173592766,68.0850663758152
10045,80,68.0755173592766,68.0850663758152
10046,80,68.0755173592766,68.0850663758152
10047,80,68.0755173592766,68.0850663758152
10048,80,68.0755173592766,68.0850663758152
10049,80,68.0755173592766,68.0850663758152
10050,80,68.0755173592766,68.0850663758152
10051,80,68.0755173592766,68.0850663758152
10052,80,68.0755173592766,68.0850663758152
10053,80,68.0755173592766,68.0850663758152
10054,80,68.0755173592766,68.0850663758152
10055,80,68.0755173592766,68.0850663758152
10056,80,68.0755173592766,68.0850663758152
10057,80,68.0755173592766,68.0850663758152
10058,80,68.0755173592766,68.0850663758152
10059,80,68.0755173592766,68.0850663758152
10060,80,68.0755173592766,68.0850663758152
10061,80,68.0755173592766,68.0850663758152
10062,80,68.0755173592766,68.0850663758152
10063,80,68.0755173592766,68.0850663758152
10064,80,68.0755173592766,68.0850663758152
10065,80,68.0755173592766,68.0850663758152
10066,80,68.0755173592766,68.0850663758152
10067,80,68.0755173592766,68.0850663758152
10068,80,68.0755173592766,68.0850663758152
10069,80,68.0755173592766,68.0850663758152
10070,80,68.0755173592766,68.0850663758152
10071,80,68.0755173592766,68.0850663758152
10072,80,68.0755173592766,68.0850663758152
10073,80,68.0755173592766,68.0850663758152
10074,80,68.0755173592766,68.0850663758152
10075,80,68.0755173592766,68.0850663758152
10076,80,68.0755173592766,68.0850663758152
10077,80,68.0755173592766,68.0850663758152
10078,80,68.0755173592766,68.0850663758152
10079,80,68.0755173592766,68.0850663758152
10080,80,68.0755173592766,68.0850663758152
10081,80,68.0755173592766,68.0850663758152
10082,80,68.0755173592766,68.0850663758152
10083,80,68.0755173592766,68.0850663758152
10084,80,68.0755173592766,68.0850663758152
10085,80,68.0755173592766,68.0850663758152
10086,80,68.0755173592766,68.0850663758152
10087,80,68.0755173592766,68.0850663758152
10088,80,68.0755173592766,68.0850663758152
10089,80,68.0755173592766,68.0850663758152
10090,80,68.0755173592766,68.0850663758152
10091,80,68.0755173592766,68.0850663758152
10092,80,68.0755173592766,68.0850663758152
10093,80,68.0755173592766,68.0850663758152
10094,80,68.0755173592766,68.0850663758152
10095,80,68.0755173592766,68.0850663758152
10096,80,68.0755173592766,68.0850663758152
10097,80,68.0755173592766,68.0850663758152
10098,80,68.0755173592766,68.0850663758152
10099,80,68.0755173592766,68.0850663758152
10100,80,68.0755173592766,68.0850663758152
10101,80,68.0755173592766,68.0850663758152
10102,80,68.0755173592766,68.0850663758152
10103,80,68.0755173592766,68.0850663758152
10104,80,68.0755173592766,68.0850663758152
10105,80,68.0755173592766,68.0850663758152
10106,80,68.0755173592766,68.0850663758152
10107,80,68.0755173592766,68.0850663758152
10108,80,68.0755173592766,68.0850663758152
10109,80,68.0755173592766,68.0850663758152
10110,80,68.0755173592766,68.0850663758152
10111,80,68.0755173592766,68.0850663758152
10112,80,68.0755173592766,68.0850663758152
10113,80,68.0755173592766,68.0850663758152
10114,80,68.0755173592766,68.0850663758152
10115,80,68.0755173592766,68.0850663758152
10116,80,68.0755173592766,68.0850663758152
10117,80,68.0755173592766,68.0850663758152
10118,80,68.0755173592766,68.0850663758152
10119,80,68.0755173592766,68.0850663758152
10120,80,68.0755173592766,68.0850663758152
10121,80,68.0755173592766,68.0850663758152
10122,80,68.0755173592766,68.0850663758152
10123,80,68.0755173592766,68.0850663758152
10124,80,68.0755173592766,68.0850663758152
10125,80,68.0755173592766,68.0850663758152
10126,80,68.0755173592766,68.0850663758152
10127,80,68.0755173592766,68.0850663758152
10128,80,68.0755173592766,68.0850663758152
10129,80,68.0755173592766,68.0850663758152
10130,80,68.0755173592766,68.0850663758152
10131,80,68.0755173592766,68.0850663758152
10132,80,68.0755173592766,68.0850663758152
10133,80,68.0755173592766,68.0850663758152
10134,80,68.0755173592766,68.0850663758152
10135,80,68.0755173592766,68.0850663758152
10136,80,68.0755173592766,68.0850663758152
10137,80,68.0755173592766,68.0850663758152
10138,80,68.0755173592766,68.0850663758152
10139,80,68.0755173592766,68.0850663758152
10140,80,68.0755173592766,68.0850663758152
10141,80,68.0755173592766,68.0850663758152
10142,80,68.0755173592766,68.0850663758152
10143,80,68.0755173592766,68.0850663758152
10144,80,68.0755173592766,68.0850663758152
10145,80,68.0755173592766,68.0850663758152
10146,80,68.0755173592766,68.0850663758152
10147,80,68.0755173592766,68.0850663758152
10148,80,68.0755173592766,68.0850663758152
10149,80,68.0755173592766,68.0850663758152
10150,80,68.0755173592766,68.0850663758152
10151,80,68.0755173592766,68.0850663758152
10152,80,68.0755173592766,68.0850663758152
10153,80,68.0755173592766,68.0850663758152
10154,80,68.0755173592766,68.0850663758152
10155,80,68.0755173592766,68.0850663758152
10156,80,68.0755173592766,68.0850663758152
10157,80,68.0755173592766,68.0850663758152
10158,80,68.0755173592766,68.0850663758152
10159,80,68.0755173592766,68.0850663758152
10160,80,68.0755173592766,68.0850663758152
10161,80,68.0755173592766,68.0850663758152
10162,80,68.0755173592766,68.0850663758152
10163,80,68.0755173592766,68.0850663758152
10164,80,68.0755173592766,68.0850663758152
10165,80,68.0755173592766,68.0850663758152
10166,80,68.0755173592766,68.0850663758152
10167,80,68.0755173592766,68.0850663758152
10168,80,68.0755173592766,68.0850663758152
10169,80,68.0755173592766,68.0850663758152
10170,80,68.0755173592766,68.0850663758152
10171,80,68.0755173592766,68.0850663758152
10172,80,68.0755173592766,68.0850663758152
10173,80,68.0755173592766,68.0850663758152
10174,80,68.0755173592766,68.0850663758152
10175,80,68.0755173592766,68.0850663758152
10176,80,68.0755173592766,68.0850663758152
10177,80,68.0755173592766,68.0850663758152
10178,80,68.0755173592766,68.0850663758152
10179,80,68.0755173592766,68.0850663758152
10180,80,68.0755173592766,68.0850663758152
10181,80,68.0755173592766,68.0850663758152
10182,80,68.0755173592766,68.0850663758152
10183,80,68.0755173592766,68.0850663758152
10184,80,68.0755173592766,68.0850663758152
10185,80,68.0755173592766,68.0850663758152
10186,80,68.0755173592766,68.0850663758152
10187,80,68.0755173592766,68.0850663758152
10188,80,68.0755173592766,68.0850663758152
10189,80,68.0755173592766,68.0850663758152
10190,80,68.0755173592766,68.0850663758152
10191,80,68.0755173592766,68.0850663758152
10192,80,68.0755173592766,68.0850663758152
10193,80,68.0755173592766,68.0850663758152
10194,80,68.0755173592766,68.0850663758152
10195,80,68.0755173592766,68.0850663758152
10196,80,68.0755173592766,68.0850663758152
10197,80,68.0755173592766,68.0850663758152
10198,80,68.0755173592766,68.0850663758152
10199,80,68.0755173592766,68.0850663758152
10200,80,68.0755173592766,68.0850663758152
10201,80,68.0755173592766,68.0850663758152
10202,80,68.0755173592766,68.0850663758152
10203,80,68.0755173592766,68.0850663758152
10204,80,68.0755173592766,68.0850663758152
10205,80,68.0755173592766,68.0850663758152
10206,80,68.0755173592766,68.0850663758152
10207,80,68.0755173592766,68.0850663758152
10208,80,68.0755173592766,68.0850663758152
10209,80,85.2411091527635,64.7443495559004
10210,80,85.2411091527635,64.7443495559004
10211,80,85.2411091527635,64.7443495559004
10212,80,85.2411091527635,64.7443495559004
10213,80,85.2411091527635,64.7443495559004
10214,80,85.2411091527635,64.7443495559004
10215,80,85.2411091527635,64.7443495559004
10216,80,85.2411091527635,64.7443495559004
10217,80,85.2411091527635,64.7443495559004
10218,80,85.2411091527635,64.7443495559004
10219,80,85.2411091527635,64.7443495559004
10220,80,85.2411091527635,64.7443495559004
10221,80,85.2411091527635,64.7443495559004
10222,80,85.2411091527635,64.7443495559004
10223,80,85.2411091527635,64.7443495559004
10224,80,85.2411091527635,64.7443495559004
10225,80,85.2411091527635,64.7443495559004
10226,80,85.2411091527635,64.7443495559004
10227,80,85.2411091527635,64.7443495559004
10228,80,85.2411091527635,64.7443495559004
10229,80,85.2411091527635,64.7443495559004
10230,80,85.2411091527635,64.7443495559004
10231,80,85.2411091527635,64.7443495559004
10232,80,85.2411091527635,64.7443495559004
10233,80,85.2411091527635,64.7443495559004
10234,80,85.2411091527635,64.7443495559004
10235,80,85.2411091527635,64.7443495559004
10236,80,85.2411091527635,64.7443495559004
10237,80,85.2411091527635,64.7443495559004
10238,80,85.2411091527635,64.7443495559004
10239,80,85.2411091527635,64.7443495559004
10240,80,85.2411091527635,64.7443495559004
10241,80,85.2411091527635,64.7443495559004
10242,80,85.2411091527635,64.7443495559004
10243,80,85.2411091527635,64.7443495559004
10244,80,85.2411091527635,64.7443495559004
10245,80,85.2411091527635,64.7443495559004
10246,80,85.2411091527635,64.7443495559004
10247,80,85.2411091527635,64.7443495559004
10248,80,85.2411091527635,64.7443495559004
10249,80,85.2411091527635,64.7443495559004
10250,80,85.2411091527635,64.7443495559004
10251,80,85.2411091527635,64.7443495559004
10252,80,85.2411091527635,64.7443495559004
10253,80,85.2411091527635,64.7443495559004
10254,80,85.2411091527635,64.7443495559004
10255,80,85.2411091527635,64.7443495559004
10256,80,85.2411091527635,64.7443495559004
10257,80,85.2411091527635,64.7443495559004
10258,80,85.2411091527635,64.7443495559004
10259,80,85.2411091527635,64.7443495559004
10260,80,85.2411091527635,64.7443495559004
10261,80,85.2411091527635,64.7443495559004
10262,80,85.2411091527635,64.7443495559004
10263,80,85.2411091527635,64.7443495559004
10264,80,85.2411091527635,64.7443495559004
10265,80,85.2411091527635,64.7443495559004
10266,80,85.2411091527635,64.7443495559004
10267,80,85.2411091527635,64.7443495559004
10268,80,85.2411091527635,64.7443495559004
10269,80,85.2411091527635,64.7443495559004
10270,80,85.2411091527635,64.7443495559004
10271,80,85.2411091527635,64.7443495559004
10272,80,85.2411091527635,64.7443495559004
10273,80,85.2411091527635,64.7443495559004
10274,80,85.2411091527635,64.7443495559004
10275,80,85.2411091527635,64.7443495559004
10276,80,85.2411091527635,64.7443495559004
10277,80,85.2411091527635,64.7443495559004
10278,80,85.2411091527635,64.7443495559004
10279,80,85.2411091527635,64.7443495559004
10280,80,85.2411091527635,64.7443495559004
10281,80,85.2411091527635,64.7443495559004
10282,80,85.2411091527635,64.7443495559004
10283,80,85.2411091527635,64.7443495559004
10284,80,85.2411091527635,64.7443495559004
10285,80,85.2411091527635,64.7443495559004
10286,80,85.2411091527635,64.7443495559004
10287,80,85.2411091527635,64.7443495559004
10288,80,85.2411091527635,64.7443495559004
10289,80,85.2411091527635,64.7443495559004
10290,80,85.2411091527635,64.7443495559004
10291,80,85.2411091527635,64.7443495559004
10292,80,85.2411091527635,64.7443495559004
10293,80,85.2411091527635,64.7443495559004
10294,80,85.2411091527635,64.7443495559004
10295,80,85.2411091527635,64.7443495559004
10296,80,85.2411091527635,64.7443495559004
10297,80,85.2411091527635,64.7443495559004
10298,80,85.2411091527635,64.7443495559004
10299,80,85.2411091527635,64.7443495559004
10300,80,85.2411091527635,64.7443495559004
10301,80,85.2411091527635,64.7443495559004
10302,80,85.2411091527635,64.7443495559004
10303,80,85.2411091527635,64.7443495559004
10304,80,85.2411091527635,64.7443495559004
10305,80,85.2411091527635,64.7443495559004
10306,80,85.2411091527635,64.7443495559004
10307,80,85.2411091527635,64.7443495559004
10308,80,85.2411091527635,64.7443495559004
10309,80,85.2411091527635,64.7443495559004
10310,80,85.2411091527635,64.7443495559004
10311,80,85.2411091527635,64.7443495559004
10312,80,85.2411091527635,64.7443495559004
10313,80,85.2411091527635,64.7443495559004
10314,80,85.2411091527635,64.7443495559004
10315,80,85.2411091527635,64.7443495559004
10316,80,85.2411091527635,64.7443495559004
10317,80,85.2411091527635,64.7443495559004
10318,80,85.2411091527635,64.7443495559004
10319,80,85.2411091527635,64.7443495559004
10320,80,85.2411091527635,64.7443495559004
10321,80,85.2411091527635,64.7443495559004
10322,80,85.2411091527635,64.7443495559004
10323,80,85.2411091527635,64.7443495559004
10324,80,85.2411091527635,64.7443495559004
10325,80,85.2411091527635,64.7443495559004
10326,80,85.2411091527635,64.7443495559004
10327,80,85.2411091527635,64.7443495559004
10328,80,85.2411091527635,64.7443495559004
10329,80,85.2411091527635,64.7443495559004
10330,80,85.2411091527635,64.7443495559004
10331,80,85.2411091527635,64.7443495559004
10332,80,85.2411091527635,64.7443495559004
10333,80,85.2411091527635,64.7443495559004
10334,80,85.2411091527635,64.7443495559004
10335,80,85.2411091527635,64.7443495559004
10336,80,85.2411091527635,64.7443495559004
10337,80,85.2411091527635,64.7443495559004
10338,80,85.2411091527635,64.7443495559004
10339,80,85.2411091527635,64.7443495559004
10340,80,85.2411091527635,64.7443495559004
10341,80,85.2411091527635,64.7443495559004
10342,80,85.2411091527635,64.7443495559004
10343,80,85.2411091527635,64.7443495559004
10344,80,85.2411091527635,64.7443495559004
10345,80,85.2411091527635,64.7443495559004
10346,80,85.2411091527635,64.7443495559004
10347,80,85.2411091527635,64.7443495559004
10348,80,85.2411091527635,64.7443495559004
10349,80,85.2411091527635,64.7443495559004
10350,80,85.2411091527635,64.7443495559004
10351,80,85.2411091527635,64.7443495559004
10352,80,85.2411091527635,64.7443495559004
10353,80,85.2411091527635,64.7443495559004
10354,80,85.2411091527635,64.7443495559004
10355,80,85.2411091527635,64.7443495559004
10356,80,85.2411091527635,64.7443495559004
10357,80,85.2411091527635,64.7443495559004
10358,80,85.2411091527635,64.7443495559004
10359,80,85.2411091527635,64.7443495559004
10360,80,85.2411091527635,64.7443495559004
10361,80,85.2411091527635,64.7443495559004
10362,80,85.2411091527635,64.7443495559004
10363,80,85.2411091527635,64.7443495559004
10364,80,85.2411091527635,64.7443495559004
10365,80,85.2411091527635,64.7443495559004
10366,80,85.2411091527635,64.7443495559004
10367,80,85.2411091527635,64.7443495559004
10368,80,85.2411091527635,64.7443495559004
10369,80,85.2411091527635,64.7443495559004
10370,80,85.2411091527635,64.7443495559004
10371,80,85.2411091527635,64.7443495559004
10372,80,85.2411091527635,64.7443495559004
10373,80,85.2411091527635,64.7443495559004
10374,80,85.2411091527635,64.7443495559004
10375,80,85.2411091527635,64.7443495559004
10376,80,85.2411091527635,64.7443495559004
10377,80,85.2411091527635,64.7443495559004
10378,80,85.2411091527635,64.7443495559004
10379,80,85.2411091527635,64.7443495559004
10380,80,85.2411091527635,64.7443495559004
10381,80,85.2411091527635,64.7443495559004
10382,80,85.2411091527635,64.7443495559004
10383,80,85.2411091527635,64.7443495559004
10384,80,85.2411091527635,64.7443495559004
10385,80,85.2411091527635,64.7443495559004
10386,80,85.2411091527635,64.7443495559004
10387,80,85.2411091527635,64.7443495559004
10388,80,85.2411091527635,64.7443495559004
10389,80,85.2411091527635,64.7443495559004
10390,80,85.2411091527635,64.7443495559004
10391,80,85.2411091527635,64.7443495559004
10392,80,85.2411091527635,64.7443495559004
10393,80,85.2411091527635,64.7443495559004
10394,80,85.2411091527635,64.7443495559004
10395,80,85.2411091527635,64.7443495559004
10396,80,85.2411091527635,64.7443495559004
10397,80,85.2411091527635,64.7443495559004
10398,80,85.2411091527635,64.7443495559004
10399,80,85.2411091527635,64.7443495559004
10400,80,85.2411091527635,64.7443495559004
10401,80,85.2411091527635,64.7443495559004
10402,80,85.2411091527635,64.7443495559004
10403,80,85.2411091527635,64.7443495559004
10404,80,85.2411091527635,64.7443495559004
10405,80,85.2411091527635,64.7443495559004
10406,80,85.2411091527635,64.7443495559004
10407,80,85.2411091527635,64.7443495559004
10408,80,85.2411091527635,64.7443495559004
10409,80,85.2411091527635,64.7443495559004
10410,80,85.2411091527635,64.7443495559004
10411,80,85.2411091527635,64.7443495559004
10412,80,85.2411091527635,64.7443495559004
10413,80,85.2411091527635,64.7443495559004
10414,80,85.2411091527635,64.7443495559004
10415,80,85.2411091527635,64.7443495559004
10416,80,85.2411091527635,64.7443495559004
10417,80,85.2411091527635,64.7443495559004
10418,80,85.2411091527635,64.7443495559004
10419,80,85.2411091527635,64.7443495559004
10420,80,85.2411091527635,64.7443495559004
10421,80,85.2411091527635,64.7443495559004
10422,80,85.2411091527635,64.7443495559004
10423,80,85.2411091527635,64.7443495559004
10424,80,85.2411091527635,64.7443495559004
10425,80,85.2411091527635,64.7443495559004
10426,80,85.2411091527635,64.7443495559004
10427,80,85.2411091527635,64.7443495559004
10428,80,85.2411091527635,64.7443495559004
10429,80,85.2411091527635,64.7443495559004
10430,80,85.2411091527635,64.7443495559004
10431,80,85.2411091527635,64.7443495559004
10432,80,85.2411091527635,64.7443495559004
10433,80,85.2411091527635,64.7443495559004
10434,80,85.2411091527635,64.7443495559004
10435,80,85.2411091527635,64.7443495559004
10436,80,85.2411091527635,64.7443495559004
10437,80,85.2411091527635,64.7443495559004
10438,80,85.2411091527635,64.7443495559004
10439,80,85.2411091527635,64.7443495559004
10440,80,85.2411091527635,64.7443495559004
10441,80,85.2411091527635,64.7443495559004
10442,80,85.2411091527635,64.7443495559004
10443,80,85.2411091527635,64.7443495559004
10444,80,85.2411091527635,64.7443495559004
10445,80,85.2411091527635,64.7443495559004
10446,80,85.2411091527635,64.7443495559004
10447,80,85.2411091527635,64.7443495559004
10448,80,85.2411091527635,64.7443495559004
10449,80,85.2411091527635,64.7443495559004
10450,80,85.2411091527635,64.7443495559004
10451,80,85.2411091527635,64.7443495559004
10452,80,85.2411091527635,64.7443495559004
10453,80,85.2411091527635,64.7443495559004
10454,80,85.2411091527635,64.7443495559004
10455,80,85.2411091527635,64.7443495559004
10456,80,85.2411091527635,64.7443495559004
10457,80,85.2411091527635,64.7443495559004
10458,80,80.5539703332959,37.7426565422089
10459,80,80.5539703332959,37.7426565422089
10460,80,80.5539703332959,37.7426565422089
10461,80,80.5539703332959,37.7426565422089
10462,80,80.5539703332959,37.7426565422089
10463,80,80.5539703332959,37.7426565422089
10464,80,80.5539703332959,37.7426565422089
10465,80,80.5539703332959,37.7426565422089
10466,80,80.5539703332959,37.7426565422089
10467,80,80.5539703332959,37.7426565422089
10468,80,80.5539703332959,37.7426565422089
10469,80,80.5539703332959,37.7426565422089
10470,80,80.5539703332959,37.7426565422089
10471,80,80.5539703332959,37.7426565422089
10472,80,80.5539703332959,37.7426565422089
10473,80,80.5539703332959,37.7426565422089
10474,80,80.5539703332959,37.7426565422089
10475,80,80.5539703332959,37.7426565422089
10476,80,80.5539703332959,37.7426565422089
10477,80,80.5539703332959,37.7426565422089
10478,80,80.5539703332959,37.7426565422089
10479,80,80.5539703332959,37.7426565422089
10480,80,80.5539703332959,37.7426565422089
10481,80,80.5539703332959,37.7426565422089
10482,80,80.5539703332959,37.7426565422089
10483,80,80.5539703332959,37.7426565422089
10484,80,80.5539703332959,37.7426565422089
10485,80,80.5539703332959,37.7426565422089
10486,80,80.5539703332959,37.7426565422089
10487,80,80.5539703332959,37.7426565422089
10488,80,80.5539703332959,37.7426565422089
10489,80,80.5539703332959,37.7426565422089
10490,80,80.5539703332959,37.7426565422089
10491,80,80.5539703332959,37.7426565422089
10492,80,80.5539703332959,37.7426565422089
10493,80,80.5539703332959,37.7426565422089
10494,80,80.5539703332959,37.7426565422089
10495,80,80.5539703332959,37.7426565422089
10496,80,80.5539703332959,37.7426565422089
10497,80,80.5539703332959,37.7426565422089
10498,80,80.5539703332959,37.7426565422089
10499,80,80.5539703332959,37.7426565422089
10500,80,80.5539703332959,37.7426565422089
10501,80,80.5539703332959,37.7426565422089
10502,80,80.5539703332959,37.7426565422089
10503,80,80.5539703332959,37.7426565422089
10504,80,80.5539703332959,37.7426565422089
10505,80,80.5539703332959,37.7426565422089
10506,80,80.5539703332959,37.7426565422089
10507,80,80.5539703332959,37.7426565422089
10508,80,80.5539703332959,37.7426565422089
10509,80,80.5539703332959,37.7426565422089
10510,80,80.5539703332959,37.7426565422089
10511,80,80.5539703332959,37.7426565422089
10512,80,80.5539703332959,37.7426565422089
10513,80,80.5539703332959,37.7426565422089
10514,80,80.5539703332959,37.7426565422089
10515,80,80.5539703332959,37.7426565422089
10516,80,80.5539703332959,37.7426565422089
10517,80,80.5539703332959,37.7426565422089
10518,80,80.5539703332959,37.7426565422089
10519,80,80.5539703332959,37.7426565422089
10520,80,80.5539703332959,37.7426565422089
10521,80,80.5539703332959,37.7426565422089
10522,80,80.5539703332959,37.7426565422089
10523,80,80.5539703332959,37.7426565422089
10524,80,80.5539703332959,37.7426565422089
10525,80,80.5539703332959,37.7426565422089
10526,80,80.5539703332959,37.7426565422089
10527,80,80.5539703332959,37.7426565422089
10528,80,80.5539703332959,37.7426565422089
10529,80,80.5539703332959,37.7426565422089
10530,80,80.5539703332959,37.7426565422089
10531,80,80.5539703332959,37.7426565422089
10532,80,80.5539703332959,37.7426565422089
10533,80,80.5539703332959,37.7426565422089
10534,80,80.5539703332959,37.7426565422089
10535,80,80.5539703332959,37.7426565422089
10536,80,80.5539703332959,37.7426565422089
10537,80,80.5539703332959,37.7426565422089
10538,80,80.5539703332959,37.7426565422089
10539,80,80.5539703332959,37.7426565422089
10540,80,80.5539703332959,37.7426565422089
10541,80,80.5539703332959,37.7426565422089
10542,80,80.5539703332959,37.7426565422089
10543,80,80.5539703332959,37.7426565422089
10544,80,80.5539703332959,37.7426565422089
10545,80,80.5539703332959,37.7426565422089
10546,80,80.5539703332959,37.7426565422089
10547,80,80.5539703332959,37.7426565422089
10548,80,80.5539703332959,37.7426565422089
10549,80,80.5539703332959,37.7426565422089
10550,80,80.5539703332959,37.7426565422089
10551,80,80.5539703332959,37.7426565422089
10552,80,80.5539703332959,37.7426565422089
10553,80,80.5539703332959,37.7426565422089
10554,80,80.5539703332959,37.7426565422089
10555,80,80.5539703332959,37.7426565422089
10556,80,80.5539703332959,37.7426565422089
10557,80,80.5539703332959,37.7426565422089
10558,80,80.5539703332959,37.7426565422089
10559,80,80.5539703332959,37.7426565422089
10560,80,80.5539703332959,37.7426565422089
10561,80,80.5539703332959,37.7426565422089
10562,80,80.5539703332959,37.7426565422089
10563,80,80.5539703332959,37.7426565422089
10564,80,80.5539703332959,37.7426565422089
10565,80,80.5539703332959,37.7426565422089
10566,80,80.5539703332959,37.7426565422089
10567,80,80.5539703332959,37.7426565422089
10568,80,80.5539703332959,37.7426565422089
10569,80,80.5539703332959,37.7426565422089
10570,80,80.5539703332959,37.7426565422089
10571,80,80.5539703332959,37.7426565422089
10572,80,80.5539703332959,37.7426565422089
10573,80,80.5539703332959,37.7426565422089
10574,80,80.5539703332959,37.7426565422089
10575,80,80.5539703332959,37.7426565422089
10576,80,80.5539703332959,37.7426565422089
10577,80,80.5539703332959,37.7426565422089
10578,80,80.5539703332959,37.7426565422089
10579,80,80.5539703332959,37.7426565422089
10580,80,80.5539703332959,37.7426565422089
10581,80,80.5539703332959,37.7426565422089
10582,80,80.5539703332959,37.7426565422089
10583,80,80.5539703332959,37.7426565422089
10584,80,80.5539703332959,37.7426565422089
10585,80,80.5539703332959,37.7426565422089
10586,80,80.5539703332959,37.7426565422089
10587,80,80.5539703332959,37.7426565422089
10588,80,80.5539703332959,37.7426565422089
10589,80,80.5539703332959,37.7426565422089
10590,80,80.5539703332959,37.7426565422089
10591,80,80.5539703332959,37.7426565422089
10592,80,80.5539703332959,37.7426565422089
10593,80,80.5539703332959,37.7426565422089
10594,80,80.5539703332959,37.7426565422089
10595,80,80.5539703332959,37.7426565422089
10596,80,80.5539703332959,37.7426565422089
10597,80,80.5539703332959,37.7426565422089
10598,80,80.5539703332959,37.7426565422089
10599,80,80.5539703332959,37.7426565422089
10600,80,80.5539703332959,37.7426565422089
10601,80,80.5539703332959,37.7426565422089
10602,80,80.5539703332959,37.7426565422089
10603,80,80.5539703332959,37.7426565422089
10604,80,80.5539703332959,37.7426565422089
10605,80,80.5539703332959,37.7426565422089
10606,80,80.5539703332959,37.7426565422089
10607,80,80.5539703332959,37.7426565422089
10608,80,80.5539703332959,37.7426565422089
10609,80,80.5539703332959,37.7426565422089
10610,80,80.5539703332959,37.7426565422089
10611,80,80.5539703332959,37.7426565422089
10612,80,80.5539703332959,37.7426565422089
10613,80,80.5539703332959,37.7426565422089
10614,80,80.5539703332959,37.7426565422089
10615,80,80.5539703332959,37.7426565422089
10616,80,80.5539703332959,37.7426565422089
10617,80,80.5539703332959,37.7426565422089
10618,80,80.5539703332959,37.7426565422089
10619,80,80.5539703332959,37.7426565422089
10620,80,80.5539703332959,37.7426565422089
10621,80,80.5539703332959,37.7426565422089
10622,80,80.5539703332959,37.7426565422089
10623,80,80.5539703332959,37.7426565422089
10624,80,80.5539703332959,37.7426565422089
10625,80,80.5539703332959,37.7426565422089
10626,80,80.5539703332959,37.7426565422089
10627,80,80.5539703332959,37.7426565422089
10628,80,80.5539703332959,37.7426565422089
10629,80,80.5539703332959,37.7426565422089
10630,80,80.5539703332959,37.7426565422089
10631,80,80.5539703332959,37.7426565422089
10632,80,80.5539703332959,37.7426565422089
10633,80,80.5539703332959,37.7426565422089
10634,80,80.5539703332959,37.7426565422089
10635,80,80.5539703332959,37.7426565422089
10636,80,80.5539703332959,37.7426565422089
10637,80,80.5539703332959,37.7426565422089
10638,80,80.5539703332959,37.7426565422089
10639,80,80.5539703332959,37.7426565422089
10640,80,80.5539703332959,37.7426565422089
10641,80,80.5539703332959,37.7426565422089
10642,80,80.5539703332959,37.7426565422089
10643,80,80.5539703332959,37.7426565422089
10644,80,80.5539703332959,37.7426565422089
10645,80,80.5539703332959,37.7426565422089
10646,80,80.5539703332959,37.7426565422089
10647,80,80.5539703332959,37.7426565422089
10648,80,80.5539703332959,37.7426565422089
10649,80,80.5539703332959,37.7426565422089
10650,80,80.5539703332959,37.7426565422089
10651,80,80.5539703332959,37.7426565422089
10652,80,80.5539703332959,37.7426565422089
10653,80,80.5539703332959,37.7426565422089
10654,80,80.5539703332959,37.7426565422089
10655,80,80.5539703332959,37.7426565422089
10656,80,80.5539703332959,37.7426565422089
10657,80,80.5539703332959,37.7426565422089
10658,80,80.5539703332959,37.7426565422089
10659,80,80.5539703332959,37.7426565422089
10660,80,80.5539703332959,37.7426565422089
10661,80,80.5539703332959,37.7426565422089
10662,80,80.5539703332959,37.7426565422089
10663,80,80.5539703332959,37.7426565422089
10664,80,80.5539703332959,37.7426565422089
10665,80,80.5539703332959,37.7426565422089
10666,80,80.5539703332959,37.7426565422089
10667,80,80.5539703332959,37.7426565422089
10668,80,80.5539703332959,37.7426565422089
10669,80,80.5539703332959,37.7426565422089
10670,80,80.5539703332959,37.7426565422089
10671,80,80.5539703332959,37.7426565422089
10672,80,80.5539703332959,37.7426565422089
10673,80,80.5539703332959,37.7426565422089
10674,80,80.5539703332959,37.7426565422089
10675,80,80.5539703332959,37.7426565422089
10676,80,80.5539703332959,37.7426565422089
10677,80,80.5539703332959,37.7426565422089
10678,80,80.5539703332959,37.7426565422089
10679,80,80.5539703332959,37.7426565422089
10680,80,80.5539703332959,37.7426565422089
10681,80,80.5539703332959,37.7426565422089
10682,80,80.5539703332959,37.7426565422089
10683,80,80.5539703332959,37.7426565422089
10684,80,80.5539703332959,37.7426565422089
10685,80,80.5539703332959,37.7426565422089
10686,80,80.5539703332959,37.7426565422089
10687,80,80.5539703332959,37.7426565422089
10688,80,80.5539703332959,37.7426565422089
10689,80,80.5539703332959,37.7426565422089
10690,80,80.5539703332959,37.7426565422089
10691,80,80.5539703332959,37.7426565422089
10692,80,80.5539703332959,37.7426565422089
10693,80,80.5539703332959,37.7426565422089
10694,80,80.5539703332959,37.7426565422089
10695,80,80.5539703332959,37.7426565422089
10696,80,80.5539703332959,37.7426565422089
10697,80,80.5539703332959,37.7426565422089
10698,80,80.5539703332959,37.7426565422089
10699,80,80.5539703332959,37.7426565422089
10700,80,80.5539703332959,37.7426565422089
10701,80,80.5539703332959,37.7426565422089
10702,80,80.5539703332959,37.7426565422089
10703,80,80.5539703332959,37.7426565422089
10704,80,80.5539703332959,37.7426565422089
10705,80,80.5539703332959,37.7426565422089
10706,80,80.5539703332959,37.7426565422089
10707,80,80.6472905060815,37.2313010083152
10708,80,80.6472905060815,37.2313010083152
10709,80,80.6472905060815,37.2313010083152
10710,80,80.6472905060815,37.2313010083152
10711,80,80.6472905060815,37.2313010083152
10712,80,80.6472905060815,37.2313010083152
10713,80,80.6472905060815,37.2313010083152
10714,80,80.6472905060815,37.2313010083152
10715,80,80.6472905060815,37.2313010083152
10716,80,80.6472905060815,37.2313010083152
10717,80,80.6472905060815,37.2313010083152
10718,80,80.6472905060815,37.2313010083152
10719,80,80.6472905060815,37.2313010083152
10720,80,80.6472905060815,37.2313010083152
10721,80,80.6472905060815,37.2313010083152
10722,80,80.6472905060815,37.2313010083152
10723,80,80.6472905060815,37.2313010083152
10724,80,80.6472905060815,37.2313010083152
10725,80,80.6472905060815,37.2313010083152
10726,80,80.6472905060815,37.2313010083152
10727,80,80.6472905060815,37.2313010083152
10728,80,80.6472905060815,37.2313010083152
10729,80,80.6472905060815,37.2313010083152
10730,80,80.6472905060815,37.2313010083152
10731,80,80.6472905060815,37.2313010083152
10732,80,80.6472905060815,37.2313010083152
10733,80,80.6472905060815,37.2313010083152
10734,80,80.6472905060815,37.2313010083152
10735,80,80.6472905060815,37.2313010083152
10736,80,80.6472905060815,37.2313010083152
10737,80,80.6472905060815,37.2313010083152
10738,80,80.6472905060815,37.2313010083152
10739,80,80.6472905060815,37.2313010083152
10740,80,80.6472905060815,37.2313010083152
10741,80,80.6472905060815,37.2313010083152
10742,80,80.6472905060815,37.2313010083152
10743,80,80.6472905060815,37.2313010083152
10744,80,80.6472905060815,37.2313010083152
10745,80,80.6472905060815,37.2313010083152
10746,80,80.6472905060815,37.2313010083152
10747,80,80.6472905060815,37.2313010083152
10748,80,80.6472905060815,37.2313010083152
10749,80,80.6472905060815,37.2313010083152
10750,80,80.6472905060815,37.2313010083152
10751,80,80.6472905060815,37.2313010083152
10752,80,80.6472905060815,37.2313010083152
10753,80,80.6472905060815,37.2313010083152
10754,80,80.6472905060815,37.2313010083152
10755,80,80.6472905060815,37.2313010083152
10756,80,80.6472905060815,37.2313010083152
10757,80,80.6472905060815,37.2313010083152
10758,80,80.6472905060815,37.2313010083152
10759,80,80.6472905060815,37.2313010083152
10760,80,80.6472905060815,37.2313010083152
10761,80,80.6472905060815,37.2313010083152
10762,80,80.6472905060815,37.2313010083152
10763,80,80.6472905060815,37.2313010083152
10764,80,80.6472905060815,37.2313010083152
10765,80,80.6472905060815,37.2313010083152
10766,80,80.6472905060815,37.2313010083152
10767,80,80.6472905060815,37.2313010083152
10768,80,80.6472905060815,37.2313010083152
10769,80,80.6472905060815,37.2313010083152
10770,80,80.6472905060815,37.2313010083152
10771,80,80.6472905060815,37.2313010083152
10772,80,80.6472905060815,37.2313010083152
10773,80,80.6472905060815,37.2313010083152
10774,80,80.6472905060815,37.2313010083152
10775,80,80.6472905060815,37.2313010083152
10776,80,80.6472905060815,37.2313010083152
10777,80,80.6472905060815,37.2313010083152
10778,80,80.6472905060815,37.2313010083152
10779,80,80.6472905060815,37.2313010083152
10780,80,80.6472905060815,37.2313010083152
10781,80,80.6472905060815,37.2313010083152
10782,80,80.6472905060815,37.2313010083152
10783,80,80.6472905060815,37.2313010083152
10784,80,80.6472905060815,37.2313010083152
10785,80,80.6472905060815,37.2313010083152
10786,80,80.6472905060815,37.2313010083152
10787,80,80.6472905060815,37.2313010083152
10788,80,80.6472905060815,37.2313010083152
10789,80,80.6472905060815,37.2313010083152
10790,80,80.6472905060815,37.2313010083152
10791,80,80.6472905060815,37.2313010083152
10792,80,80.6472905060815,37.2313010083152
10793,80,80.6472905060815,37.2313010083152
10794,80,80.6472905060815,37.2313010083152
10795,80,80.6472905060815,37.2313010083152
10796,80,80.6472905060815,37.2313010083152
10797,80,80.6472905060815,37.2313010083152
10798,80,80.6472905060815,37.2313010083152
10799,80,80.6472905060815,37.2313010083152
10800,80,80.6472905060815,37.2313010083152
10801,80,80.6472905060815,37.2313010083152
10802,80,80.6472905060815,37.2313010083152
10803,80,80.6472905060815,37.2313010083152
10804,80,80.6472905060815,37.2313010083152
10805,80,80.6472905060815,37.2313010083152
10806,80,80.6472905060815,37.2313010083152
10807,80,80.6472905060815,37.2313010083152
10808,80,80.6472905060815,37.2313010083152
10809,80,80.6472905060815,37.2313010083152
10810,80,80.6472905060815,37.2313010083152
10811,80,80.6472905060815,37.2313010083152
10812,80,80.6472905060815,37.2313010083152
10813,80,80.6472905060815,37.2313010083152
10814,80,80.6472905060815,37.2313010083152
10815,80,80.6472905060815,37.2313010083152
10816,80,80.6472905060815,37.2313010083152
10817,80,80.6472905060815,37.2313010083152
10818,80,80.6472905060815,37.2313010083152
10819,80,80.6472905060815,37.2313010083152
10820,80,80.6472905060815,37.2313010083152
10821,80,80.6472905060815,37.2313010083152
10822,80,80.6472905060815,37.2313010083152
10823,80,80.6472905060815,37.2313010083152
10824,80,80.6472905060815,37.2313010083152
10825,80,80.6472905060815,37.2313010083152
10826,80,80.6472905060815,37.2313010083152
10827,80,80.6472905060815,37.2313010083152
10828,80,80.6472905060815,37.2313010083152
10829,80,80.6472905060815,37.2313010083152
10830,80,80.6472905060815,37.2313010083152
10831,80,80.6472905060815,37.2313010083152
10832,80,80.6472905060815,37.2313010083152
10833,80,80.6472905060815,37.2313010083152
10834,80,80.6472905060815,37.2313010083152
10835,80,80.6472905060815,37.2313010083152
10836,80,80.6472905060815,37.2313010083152
10837,80,80.6472905060815,37.2313010083152
10838,80,80.6472905060815,37.2313010083152
10839,80,80.6472905060815,37.2313010083152
10840,80,80.6472905060815,37.2313010083152
10841,80,80.6472905060815,37.2313010083152
10842,80,80.6472905060815,37.2313010083152
10843,80,80.6472905060815,37.2313010083152
10844,80,80.6472905060815,37.2313010083152
10845,80,80.6472905060815,37.2313010083152
10846,80,80.6472905060815,37.2313010083152
10847,80,80.6472905060815,37.2313010083152
10848,80,80.6472905060815,37.2313010083152
10849,80,80.6472905060815,37.2313010083152
10850,80,80.6472905060815,37.2313010083152
10851,80,80.6472905060815,37.2313010083152
10852,80,80.6472905060815,37.2313010083152
10853,80,80.6472905060815,37.2313010083152
10854,80,80.6472905060815,37.2313010083152
10855,80,80.6472905060815,37.2313010083152
10856,80,80.6472905060815,37.2313010083152
10857,80,80.6472905060815,37.2313010083152
10858,80,80.6472905060815,37.2313010083152
10859,80,80.6472905060815,37.2313010083152
10860,80,80.6472905060815,37.2313010083152
10861,80,80.6472905060815,37.2313010083152
10862,80,80.6472905060815,37.2313010083152
10863,80,80.6472905060815,37.2313010083152
10864,80,80.6472905060815,37.2313010083152
10865,80,80.6472905060815,37.2313010083152
10866,80,80.6472905060815,37.2313010083152
10867,80,80.6472905060815,37.2313010083152
10868,80,80.6472905060815,37.2313010083152
10869,80,80.6472905060815,37.2313010083152
10870,80,80.6472905060815,37.2313010083152
10871,80,80.6472905060815,37.2313010083152
10872,80,80.6472905060815,37.2313010083152
10873,80,80.6472905060815,37.2313010083152
10874,80,80.6472905060815,37.2313010083152
10875,80,80.6472905060815,37.2313010083152
10876,80,80.6472905060815,37.2313010083152
10877,80,80.6472905060815,37.2313010083152
10878,80,80.6472905060815,37.2313010083152
10879,80,80.6472905060815,37.2313010083152
10880,80,80.6472905060815,37.2313010083152
10881,80,80.6472905060815,37.2313010083152
10882,80,80.6472905060815,37.2313010083152
10883,80,80.6472905060815,37.2313010083152
10884,80,80.6472905060815,37.2313010083152
10885,80,80.6472905060815,37.2313010083152
10886,80,80.6472905060815,37.2313010083152
10887,80,80.6472905060815,37.2313010083152
10888,80,80.6472905060815,37.2313010083152
10889,80,80.6472905060815,37.2313010083152
10890,80,80.6472905060815,37.2313010083152
10891,80,80.6472905060815,37.2313010083152
10892,80,80.6472905060815,37.2313010083152
10893,80,80.6472905060815,37.2313010083152
10894,80,80.6472905060815,37.2313010083152
10895,80,80.6472905060815,37.2313010083152
10896,80,80.6472905060815,37.2313010083152
10897,80,80.6472905060815,37.2313010083152
10898,80,80.6472905060815,37.2313010083152
10899,80,80.6472905060815,37.2313010083152
10900,80,80.6472905060815,37.2313010083152
10901,80,80.6472905060815,37.2313010083152
10902,80,80.6472905060815,37.2313010083152
10903,80,80.6472905060815,37.2313010083152
10904,80,80.6472905060815,37.2313010083152
10905,80,80.6472905060815,37.2313010083152
10906,80,80.6472905060815,37.2313010083152
10907,80,80.6472905060815,37.2313010083152
10908,80,80.6472905060815,37.2313010083152
10909,80,80.6472905060815,37.2313010083152
10910,80,80.6472905060815,37.2313010083152
10911,80,80.6472905060815,37.2313010083152
10912,80,80.6472905060815,37.2313010083152
10913,80,80.6472905060815,37.2313010083152
10914,80,80.6472905060815,37.2313010083152
10915,80,80.6472905060815,37.2313010083152
10916,80,80.6472905060815,37.2313010083152
10917,80,80.6472905060815,37.2313010083152
10918,80,80.6472905060815,37.2313010083152
10919,80,80.6472905060815,37.2313010083152
10920,80,80.6472905060815,37.2313010083152
10921,80,80.6472905060815,37.2313010083152
10922,80,80.6472905060815,37.2313010083152
10923,80,80.6472905060815,37.2313010083152
10924,80,80.6472905060815,37.2313010083152
10925,80,80.6472905060815,37.2313010083152
10926,80,80.6472905060815,37.2313010083152
10927,80,80.6472905060815,37.2313010083152
10928,80,80.6472905060815,37.2313010083152
10929,80,80.6472905060815,37.2313010083152
10930,80,80.6472905060815,37.2313010083152
10931,80,80.6472905060815,37.2313010083152
10932,80,80.6472905060815,37.2313010083152
10933,80,80.6472905060815,37.2313010083152
10934,80,80.6472905060815,37.2313010083152
10935,80,80.6472905060815,37.2313010083152
10936,80,80.6472905060815,37.2313010083152
10937,80,80.6472905060815,37.2313010083152
10938,80,80.6472905060815,37.2313010083152
10939,80,80.6472905060815,37.2313010083152
10940,80,80.6472905060815,37.2313010083152
10941,80,80.6472905060815,37.2313010083152
10942,80,80.6472905060815,37.2313010083152
10943,80,80.6472905060815,37.2313010083152
10944,80,80.6472905060815,37.2313010083152
10945,80,80.6472905060815,37.2313010083152
10946,80,80.6472905060815,37.2313010083152
10947,80,80.6472905060815,37.2313010083152
10948,80,80.6472905060815,37.2313010083152
10949,80,80.6472905060815,37.2313010083152
10950,80,80.6472905060815,37.2313010083152
10951,80,80.6472905060815,37.2313010083152
10952,80,80.6472905060815,37.2313010083152
10953,80,80.6472905060815,37.2313010083152
10954,80,80.6472905060815,37.2313010083152
10955,80,80.6472905060815,37.2313010083152
10956,80,80.4944782454853,36.0978641060345
10957,80,80.4944782454853,36.0978641060345
10958,80,80.4944782454853,36.0978641060345
10959,80,80.4944782454853,36.0978641060345
10960,80,80.4944782454853,36.0978641060345
10961,80,80.4944782454853,36.0978641060345
10962,80,80.4944782454853,36.0978641060345
10963,80,80.4944782454853,36.0978641060345
10964,80,80.4944782454853,36.0978641060345
10965,80,80.4944782454853,36.0978641060345
10966,80,80.4944782454853,36.0978641060345
10967,80,80.4944782454853,36.0978641060345
10968,80,80.4944782454853,36.0978641060345
10969,80,80.4944782454853,36.0978641060345
10970,80,80.4944782454853,36.0978641060345
10971,80,80.4944782454853,36.0978641060345
10972,80,80.4944782454853,36.0978641060345
10973,80,80.4944782454853,36.0978641060345
10974,80,80.4944782454853,36.0978641060345
10975,80,80.4944782454853,36.0978641060345
10976,80,80.4944782454853,36.0978641060345
10977,80,80.4944782454853,36.0978641060345
10978,80,80.4944782454853,36.0978641060345
10979,80,80.4944782454853,36.0978641060345
10980,80,80.4944782454853,36.0978641060345
10981,80,80.4944782454853,36.0978641060345
10982,80,80.4944782454853,36.0978641060345
10983,80,80.4944782454853,36.0978641060345
10984,80,80.4944782454853,36.0978641060345
10985,80,80.4944782454853,36.0978641060345
10986,80,80.4944782454853,36.0978641060345
10987,80,80.4944782454853,36.0978641060345
10988,80,80.4944782454853,36.0978641060345
10989,80,80.4944782454853,36.0978641060345
10990,80,80.4944782454853,36.0978641060345
10991,80,80.4944782454853,36.0978641060345
10992,80,80.4944782454853,36.0978641060345
10993,80,80.4944782454853,36.0978641060345
10994,80,80.4944782454853,36.0978641060345
10995,80,80.4944782454853,36.0978641060345
10996,80,80.4944782454853,36.0978641060345
10997,80,80.4944782454853,36.0978641060345
10998,80,80.4944782454853,36.0978641060345
10999,80,80.4944782454853,36.0978641060345
11000,80,80.4944782454853,36.0978641060345
11001,80,80.4944782454853,36.0978641060345
11002,80,80.4944782454853,36.0978641060345
11003,80,80.4944782454853,36.0978641060345
11004,80,80.4944782454853,36.0978641060345
11005,80,80.4944782454853,36.0978641060345
11006,80,80.4944782454853,36.0978641060345
11007,80,80.4944782454853,36.0978641060345
11008,80,80.4944782454853,36.0978641060345
11009,80,80.4944782454853,36.0978641060345
11010,80,80.4944782454853,36.0978641060345
11011,80,80.4944782454853,36.0978641060345
11012,80,80.4944782454853,36.0978641060345
11013,80,80.4944782454853,36.0978641060345
11014,80,80.4944782454853,36.0978641060345
11015,80,80.4944782454853,36.0978641060345
11016,80,80.4944782454853,36.0978641060345
11017,80,80.4944782454853,36.0978641060345
11018,80,80.4944782454853,36.0978641060345
11019,80,80.4944782454853,36.0978641060345
11020,80,80.4944782454853,36.0978641060345
11021,80,80.4944782454853,36.0978641060345
11022,80,80.4944782454853,36.0978641060345
11023,80,80.4944782454853,36.0978641060345
11024,80,80.4944782454853,36.0978641060345
11025,80,80.4944782454853,36.0978641060345
11026,80,80.4944782454853,36.0978641060345
11027,80,80.4944782454853,36.0978641060345
11028,80,80.4944782454853,36.0978641060345
11029,80,80.4944782454853,36.0978641060345
11030,80,80.4944782454853,36.0978641060345
11031,80,80.4944782454853,36.0978641060345
11032,80,80.4944782454853,36.0978641060345
11033,80,80.4944782454853,36.0978641060345
11034,80,80.4944782454853,36.0978641060345
11035,80,80.4944782454853,36.0978641060345
11036,80,80.4944782454853,36.0978641060345
11037,80,80.4944782454853,36.0978641060345
11038,80,80.4944782454853,36.0978641060345
11039,80,80.4944782454853,36.0978641060345
11040,80,80.4944782454853,36.0978641060345
11041,80,80.4944782454853,36.0978641060345
11042,80,80.4944782454853,36.0978641060345
11043,80,80.4944782454853,36.0978641060345
11044,80,80.4944782454853,36.0978641060345
11045,80,80.4944782454853,36.0978641060345
11046,80,80.4944782454853,36.0978641060345
11047,80,80.4944782454853,36.0978641060345
11048,80,80.4944782454853,36.0978641060345
11049,80,80.4944782454853,36.0978641060345
11050,80,80.4944782454853,36.0978641060345
11051,80,80.4944782454853,36.0978641060345
11052,80,80.4944782454853,36.0978641060345
11053,80,80.4944782454853,36.0978641060345
11054,80,80.4944782454853,36.0978641060345
11055,80,80.4944782454853,36.0978641060345
11056,80,80.4944782454853,36.0978641060345
11057,80,80.4944782454853,36.0978641060345
11058,80,80.4944782454853,36.0978641060345
11059,80,80.4944782454853,36.0978641060345
11060,80,80.4944782454853,36.0978641060345
11061,80,80.4944782454853,36.0978641060345
11062,80,80.4944782454853,36.0978641060345
11063,80,80.4944782454853,36.0978641060345
11064,80,80.4944782454853,36.0978641060345
11065,80,80.4944782454853,36.0978641060345
11066,80,80.4944782454853,36.0978641060345
11067,80,80.4944782454853,36.0978641060345
11068,80,80.4944782454853,36.0978641060345
11069,80,80.4944782454853,36.0978641060345
11070,80,80.4944782454853,36.0978641060345
11071,80,80.4944782454853,36.0978641060345
11072,80,80.4944782454853,36.0978641060345
11073,80,80.4944782454853,36.0978641060345
11074,80,80.4944782454853,36.0978641060345
11075,80,80.4944782454853,36.0978641060345
11076,80,80.4944782454853,36.0978641060345
11077,80,80.4944782454853,36.0978641060345
11078,80,80.4944782454853,36.0978641060345
11079,80,80.4944782454853,36.0978641060345
11080,80,80.4944782454853,36.0978641060345
11081,80,80.4944782454853,36.0978641060345
11082,80,80.4944782454853,36.0978641060345
11083,80,80.4944782454853,36.0978641060345
11084,80,80.4944782454853,36.0978641060345
11085,80,80.4944782454853,36.0978641060345
11086,80,80.4944782454853,36.0978641060345
11087,80,80.4944782454853,36.0978641060345
11088,80,80.4944782454853,36.0978641060345
11089,80,80.4944782454853,36.0978641060345
11090,80,80.4944782454853,36.0978641060345
11091,80,80.4944782454853,36.0978641060345
11092,80,80.4944782454853,36.0978641060345
11093,80,80.4944782454853,36.0978641060345
11094,80,80.4944782454853,36.0978641060345
11095,80,80.4944782454853,36.0978641060345
11096,80,80.4944782454853,36.0978641060345
11097,80,80.4944782454853,36.0978641060345
11098,80,80.4944782454853,36.0978641060345
11099,80,80.4944782454853,36.0978641060345
11100,80,80.4944782454853,36.0978641060345
11101,80,80.4944782454853,36.0978641060345
11102,80,80.4944782454853,36.0978641060345
11103,80,80.4944782454853,36.0978641060345
11104,80,80.4944782454853,36.0978641060345
11105,80,80.4944782454853,36.0978641060345
11106,80,80.4944782454853,36.0978641060345
11107,80,80.4944782454853,36.0978641060345
11108,80,80.4944782454853,36.0978641060345
11109,80,80.4944782454853,36.0978641060345
11110,80,80.4944782454853,36.0978641060345
11111,80,80.4944782454853,36.0978641060345
11112,80,80.4944782454853,36.0978641060345
11113,80,80.4944782454853,36.0978641060345
11114,80,80.4944782454853,36.0978641060345
11115,80,80.4944782454853,36.0978641060345
11116,80,80.4944782454853,36.0978641060345
11117,80,80.4944782454853,36.0978641060345
11118,80,80.4944782454853,36.0978641060345
11119,80,80.4944782454853,36.0978641060345
11120,80,80.4944782454853,36.0978641060345
11121,80,80.4944782454853,36.0978641060345
11122,80,80.4944782454853,36.0978641060345
11123,80,80.4944782454853,36.0978641060345
11124,80,80.4944782454853,36.0978641060345
11125,80,80.4944782454853,36.0978641060345
11126,80,80.4944782454853,36.0978641060345
11127,80,80.4944782454853,36.0978641060345
11128,80,80.4944782454853,36.0978641060345
11129,80,80.4944782454853,36.0978641060345
11130,80,80.4944782454853,36.0978641060345
11131,80,80.4944782454853,36.0978641060345
11132,80,80.4944782454853,36.0978641060345
11133,80,80.4944782454853,36.0978641060345
11134,80,80.4944782454853,36.0978641060345
11135,80,80.4944782454853,36.0978641060345
11136,80,80.4944782454853,36.0978641060345
11137,80,80.4944782454853,36.0978641060345
11138,80,80.4944782454853,36.0978641060345
11139,80,80.4944782454853,36.0978641060345
11140,80,80.4944782454853,36.0978641060345
11141,80,80.4944782454853,36.0978641060345
11142,80,80.4944782454853,36.0978641060345
11143,80,80.4944782454853,36.0978641060345
11144,80,80.4944782454853,36.0978641060345
11145,80,80.4944782454853,36.0978641060345
11146,80,80.4944782454853,36.0978641060345
11147,80,80.4944782454853,36.0978641060345
11148,80,80.4944782454853,36.0978641060345
11149,80,80.4944782454853,36.0978641060345
11150,80,80.4944782454853,36.0978641060345
11151,80,80.4944782454853,36.0978641060345
11152,80,80.4944782454853,36.0978641060345
11153,80,80.4944782454853,36.0978641060345
11154,80,80.4944782454853,36.0978641060345
11155,80,80.4944782454853,36.0978641060345
11156,80,80.4944782454853,36.0978641060345
11157,80,80.4944782454853,36.0978641060345
11158,80,80.4944782454853,36.0978641060345
11159,80,80.4944782454853,36.0978641060345
11160,80,80.4944782454853,36.0978641060345
11161,80,80.4944782454853,36.0978641060345
11162,80,80.4944782454853,36.0978641060345
11163,80,80.4944782454853,36.0978641060345
11164,80,80.4944782454853,36.0978641060345
11165,80,80.4944782454853,36.0978641060345
11166,80,80.4944782454853,36.0978641060345
11167,80,80.4944782454853,36.0978641060345
11168,80,80.4944782454853,36.0978641060345
11169,80,80.4944782454853,36.0978641060345
11170,80,80.4944782454853,36.0978641060345
11171,80,80.4944782454853,36.0978641060345
11172,80,80.4944782454853,36.0978641060345
11173,80,80.4944782454853,36.0978641060345
11174,80,80.4944782454853,36.0978641060345
11175,80,80.4944782454853,36.0978641060345
11176,80,80.4944782454853,36.0978641060345
11177,80,80.4944782454853,36.0978641060345
11178,80,80.4944782454853,36.0978641060345
11179,80,80.4944782454853,36.0978641060345
11180,80,80.4944782454853,36.0978641060345
11181,80,80.4944782454853,36.0978641060345
11182,80,80.4944782454853,36.0978641060345
11183,80,80.4944782454853,36.0978641060345
11184,80,80.4944782454853,36.0978641060345
11185,80,80.4944782454853,36.0978641060345
11186,80,80.4944782454853,36.0978641060345
11187,80,80.4944782454853,36.0978641060345
11188,80,80.4944782454853,36.0978641060345
11189,80,80.4944782454853,36.0978641060345
11190,80,80.4944782454853,36.0978641060345
11191,80,80.4944782454853,36.0978641060345
11192,80,80.4944782454853,36.0978641060345
11193,80,80.4944782454853,36.0978641060345
11194,80,80.4944782454853,36.0978641060345
11195,80,80.4944782454853,36.0978641060345
11196,80,80.4944782454853,36.0978641060345
11197,80,80.4944782454853,36.0978641060345
11198,80,80.4944782454853,36.0978641060345
11199,80,80.4944782454853,36.0978641060345
11200,80,80.4944782454853,36.0978641060345
11201,80,80.4944782454853,36.0978641060345
11202,80,80.4944782454853,36.0978641060345
11203,80,80.4944782454853,36.0978641060345
11204,80,80.4944782454853,36.0978641060345
11205,80,83.5935242099849,35.8895659843548
11206,80,83.5935242099849,35.8895659843548
11207,80,83.5935242099849,35.8895659843548
11208,80,83.5935242099849,35.8895659843548
11209,80,83.5935242099849,35.8895659843548
11210,80,83.5935242099849,35.8895659843548
11211,80,83.5935242099849,35.8895659843548
11212,80,83.5935242099849,35.8895659843548
11213,80,83.5935242099849,35.8895659843548
11214,80,83.5935242099849,35.8895659843548
11215,80,83.5935242099849,35.8895659843548
11216,80,83.5935242099849,35.8895659843548
11217,80,83.5935242099849,35.8895659843548
11218,80,83.5935242099849,35.8895659843548
11219,80,83.5935242099849,35.8895659843548
11220,80,83.5935242099849,35.8895659843548
11221,80,83.5935242099849,35.8895659843548
11222,80,83.5935242099849,35.8895659843548
11223,80,83.5935242099849,35.8895659843548
11224,80,83.5935242099849,35.8895659843548
11225,80,83.5935242099849,35.8895659843548
11226,80,83.5935242099849,35.8895659843548
11227,80,83.5935242099849,35.8895659843548
11228,80,83.5935242099849,35.8895659843548
11229,80,83.5935242099849,35.8895659843548
11230,80,83.5935242099849,35.8895659843548
11231,80,83.5935242099849,35.8895659843548
11232,80,83.5935242099849,35.8895659843548
11233,80,83.5935242099849,35.8895659843548
11234,80,83.5935242099849,35.8895659843548
11235,80,83.5935242099849,35.8895659843548
11236,80,83.5935242099849,35.8895659843548
11237,80,83.5935242099849,35.8895659843548
11238,80,83.5935242099849,35.8895659843548
11239,80,83.5935242099849,35.8895659843548
11240,80,83.5935242099849,35.8895659843548
11241,80,83.5935242099849,35.8895659843548
11242,80,83.5935242099849,35.8895659843548
11243,80,83.5935242099849,35.8895659843548
11244,80,83.5935242099849,35.8895659843548
11245,80,83.5935242099849,35.8895659843548
11246,80,83.5935242099849,35.8895659843548
11247,80,83.5935242099849,35.8895659843548
11248,80,83.5935242099849,35.8895659843548
11249,80,83.5935242099849,35.8895659843548
11250,80,83.5935242099849,35.8895659843548
11251,80,83.5935242099849,35.8895659843548
11252,80,83.5935242099849,35.8895659843548
11253,80,83.5935242099849,35.8895659843548
11254,80,83.5935242099849,35.8895659843548
11255,80,83.5935242099849,35.8895659843548
11256,80,83.5935242099849,35.8895659843548
11257,80,83.5935242099849,35.8895659843548
11258,80,83.5935242099849,35.8895659843548
11259,80,83.5935242099849,35.8895659843548
11260,80,83.5935242099849,35.8895659843548
11261,80,83.5935242099849,35.8895659843548
11262,80,83.5935242099849,35.8895659843548
11263,80,83.5935242099849,35.8895659843548
11264,80,83.5935242099849,35.8895659843548
11265,80,83.5935242099849,35.8895659843548
11266,80,83.5935242099849,35.8895659843548
11267,80,83.5935242099849,35.8895659843548
11268,80,83.5935242099849,35.8895659843548
11269,80,83.5935242099849,35.8895659843548
11270,80,83.5935242099849,35.8895659843548
11271,80,83.5935242099849,35.8895659843548
11272,80,83.5935242099849,35.8895659843548
11273,80,83.5935242099849,35.8895659843548
11274,80,83.5935242099849,35.8895659843548
11275,80,83.5935242099849,35.8895659843548
11276,80,83.5935242099849,35.8895659843548
11277,80,83.5935242099849,35.8895659843548
11278,80,83.5935242099849,35.8895659843548
11279,80,83.5935242099849,35.8895659843548
11280,80,83.5935242099849,35.8895659843548
11281,80,83.5935242099849,35.8895659843548
11282,80,83.5935242099849,35.8895659843548
11283,80,83.5935242099849,35.8895659843548
11284,80,83.5935242099849,35.8895659843548
11285,80,83.5935242099849,35.8895659843548
11286,80,83.5935242099849,35.8895659843548
11287,80,83.5935242099849,35.8895659843548
11288,80,83.5935242099849,35.8895659843548
11289,80,83.5935242099849,35.8895659843548
11290,80,83.5935242099849,35.8895659843548
11291,80,83.5935242099849,35.8895659843548
11292,80,83.5935242099849,35.8895659843548
11293,80,83.5935242099849,35.8895659843548
11294,80,83.5935242099849,35.8895659843548
11295,80,83.5935242099849,35.8895659843548
11296,80,83.5935242099849,35.8895659843548
11297,80,83.5935242099849,35.8895659843548
11298,80,83.5935242099849,35.8895659843548
11299,80,83.5935242099849,35.8895659843548
11300,80,83.5935242099849,35.8895659843548
11301,80,83.5935242099849,35.8895659843548
11302,80,83.5935242099849,35.8895659843548
11303,80,83.5935242099849,35.8895659843548
11304,80,83.5935242099849,35.8895659843548
11305,80,83.5935242099849,35.8895659843548
11306,80,83.5935242099849,35.8895659843548
11307,80,83.5935242099849,35.8895659843548
11308,80,83.5935242099849,35.8895659843548
11309,80,83.5935242099849,35.8895659843548
11310,80,83.5935242099849,35.8895659843548
11311,80,83.5935242099849,35.8895659843548
11312,80,83.5935242099849,35.8895659843548
11313,80,83.5935242099849,35.8895659843548
11314,80,83.5935242099849,35.8895659843548
11315,80,83.5935242099849,35.8895659843548
11316,80,83.5935242099849,35.8895659843548
11317,80,83.5935242099849,35.8895659843548
11318,80,83.5935242099849,35.8895659843548
11319,80,83.5935242099849,35.8895659843548
11320,80,83.5935242099849,35.8895659843548
11321,80,83.5935242099849,35.8895659843548
11322,80,83.5935242099849,35.8895659843548
11323,80,83.5935242099849,35.8895659843548
11324,80,83.5935242099849,35.8895659843548
11325,80,83.5935242099849,35.8895659843548
11326,80,83.5935242099849,35.8895659843548
11327,80,83.5935242099849,35.8895659843548
11328,80,83.5935242099849,35.8895659843548
11329,80,83.5935242099849,35.8895659843548
11330,80,83.5935242099849,35.8895659843548
11331,80,83.5935242099849,35.8895659843548
11332,80,83.5935242099849,35.8895659843548
11333,80,83.5935242099849,35.8895659843548
11334,80,83.5935242099849,35.8895659843548
11335,80,83.5935242099849,35.8895659843548
11336,80,83.5935242099849,35.8895659843548
11337,80,83.5935242099849,35.8895659843548
11338,80,83.5935242099849,35.8895659843548
11339,80,83.5935242099849,35.8895659843548
11340,80,83.5935242099849,35.8895659843548
11341,80,83.5935242099849,35.8895659843548
11342,80,83.5935242099849,35.8895659843548
11343,80,83.5935242099849,35.8895659843548
11344,80,83.5935242099849,35.8895659843548
11345,80,83.5935242099849,35.8895659843548
11346,80,83.5935242099849,35.8895659843548
11347,80,83.5935242099849,35.8895659843548
11348,80,83.5935242099849,35.8895659843548
11349,80,83.5935242099849,35.8895659843548
11350,80,83.5935242099849,35.8895659843548
11351,80,83.5935242099849,35.8895659843548
11352,80,83.5935242099849,35.8895659843548
11353,80,83.5935242099849,35.8895659843548
11354,80,83.5935242099849,35.8895659843548
11355,80,83.5935242099849,35.8895659843548
11356,80,83.5935242099849,35.8895659843548
11357,80,83.5935242099849,35.8895659843548
11358,80,83.5935242099849,35.8895659843548
11359,80,83.5935242099849,35.8895659843548
11360,80,83.5935242099849,35.8895659843548
11361,80,83.5935242099849,35.8895659843548
11362,80,83.5935242099849,35.8895659843548
11363,80,83.5935242099849,35.8895659843548
11364,80,83.5935242099849,35.8895659843548
11365,80,83.5935242099849,35.8895659843548
11366,80,83.5935242099849,35.8895659843548
11367,80,83.5935242099849,35.8895659843548
11368,80,83.5935242099849,35.8895659843548
11369,80,83.5935242099849,35.8895659843548
11370,80,83.5935242099849,35.8895659843548
11371,80,83.5935242099849,35.8895659843548
11372,80,83.5935242099849,35.8895659843548
11373,80,83.5935242099849,35.8895659843548
11374,80,83.5935242099849,35.8895659843548
11375,80,83.5935242099849,35.8895659843548
11376,80,83.5935242099849,35.8895659843548
11377,80,83.5935242099849,35.8895659843548
11378,80,83.5935242099849,35.8895659843548
11379,80,83.5935242099849,35.8895659843548
11380,80,83.5935242099849,35.8895659843548
11381,80,83.5935242099849,35.8895659843548
11382,80,83.5935242099849,35.8895659843548
11383,80,83.5935242099849,35.8895659843548
11384,80,83.5935242099849,35.8895659843548
11385,80,83.5935242099849,35.8895659843548
11386,80,83.5935242099849,35.8895659843548
11387,80,83.5935242099849,35.8895659843548
11388,80,83.5935242099849,35.8895659843548
11389,80,83.5935242099849,35.8895659843548
11390,80,83.5935242099849,35.8895659843548
11391,80,83.5935242099849,35.8895659843548
11392,80,83.5935242099849,35.8895659843548
11393,80,83.5935242099849,35.8895659843548
11394,80,83.5935242099849,35.8895659843548
11395,80,83.5935242099849,35.8895659843548
11396,80,83.5935242099849,35.8895659843548
11397,80,83.5935242099849,35.8895659843548
11398,80,83.5935242099849,35.8895659843548
11399,80,83.5935242099849,35.8895659843548
11400,80,83.5935242099849,35.8895659843548
11401,80,83.5935242099849,35.8895659843548
11402,80,83.5935242099849,35.8895659843548
11403,80,83.5935242099849,35.8895659843548
11404,80,83.5935242099849,35.8895659843548
11405,80,83.5935242099849,35.8895659843548
11406,80,83.5935242099849,35.8895659843548
11407,80,83.5935242099849,35.8895659843548
11408,80,83.5935242099849,35.8895659843548
11409,80,83.5935242099849,35.8895659843548
11410,80,83.5935242099849,35.8895659843548
11411,80,83.5935242099849,35.8895659843548
11412,80,83.5935242099849,35.8895659843548
11413,80,83.5935242099849,35.8895659843548
11414,80,83.5935242099849,35.8895659843548
11415,80,83.5935242099849,35.8895659843548
11416,80,83.5935242099849,35.8895659843548
11417,80,83.5935242099849,35.8895659843548
11418,80,83.5935242099849,35.8895659843548
11419,80,83.5935242099849,35.8895659843548
11420,80,83.5935242099849,35.8895659843548
11421,80,83.5935242099849,35.8895659843548
11422,80,83.5935242099849,35.8895659843548
11423,80,83.5935242099849,35.8895659843548
11424,80,83.5935242099849,35.8895659843548
11425,80,83.5935242099849,35.8895659843548
11426,80,83.5935242099849,35.8895659843548
11427,80,83.5935242099849,35.8895659843548
11428,80,83.5935242099849,35.8895659843548
11429,80,83.5935242099849,35.8895659843548
11430,80,83.5935242099849,35.8895659843548
11431,80,83.5935242099849,35.8895659843548
11432,80,83.5935242099849,35.8895659843548
11433,80,83.5935242099849,35.8895659843548
11434,80,83.5935242099849,35.8895659843548
11435,80,83.5935242099849,35.8895659843548
11436,80,83.5935242099849,35.8895659843548
11437,80,83.5935242099849,35.8895659843548
11438,80,83.5935242099849,35.8895659843548
11439,80,83.5935242099849,35.8895659843548
11440,80,83.5935242099849,35.8895659843548
11441,80,83.5935242099849,35.8895659843548
11442,80,83.5935242099849,35.8895659843548
11443,80,83.5935242099849,35.8895659843548
11444,80,83.5935242099849,35.8895659843548
11445,80,83.5935242099849,35.8895659843548
11446,80,83.5935242099849,35.8895659843548
11447,80,83.5935242099849,35.8895659843548
11448,80,83.5935242099849,35.8895659843548
11449,80,83.5935242099849,35.8895659843548
11450,80,83.5935242099849,35.8895659843548
11451,80,83.5935242099849,35.8895659843548
11452,80,83.5935242099849,35.8895659843548
11453,80,83.5935242099849,35.8895659843548
11454,80,88.3172889162424,12.9027367076811
11455,80,88.3172889162424,12.9027367076811
11456,80,88.3172889162424,12.9027367076811
11457,80,88.3172889162424,12.9027367076811
11458,80,88.3172889162424,12.9027367076811
11459,80,88.3172889162424,12.9027367076811
11460,80,88.3172889162424,12.9027367076811
11461,80,88.3172889162424,12.9027367076811
11462,80,88.3172889162424,12.9027367076811
11463,80,88.3172889162424,12.9027367076811
11464,80,88.3172889162424,12.9027367076811
11465,80,88.3172889162424,12.9027367076811
11466,80,88.3172889162424,12.9027367076811
11467,80,88.3172889162424,12.9027367076811
11468,80,88.3172889162424,12.9027367076811
11469,80,88.3172889162424,12.9027367076811
11470,80,88.3172889162424,12.9027367076811
11471,80,88.3172889162424,12.9027367076811
11472,80,88.3172889162424,12.9027367076811
11473,80,88.3172889162424,12.9027367076811
11474,80,88.3172889162424,12.9027367076811
11475,80,88.3172889162424,12.9027367076811
11476,80,88.3172889162424,12.9027367076811
11477,80,88.3172889162424,12.9027367076811
11478,80,88.3172889162424,12.9027367076811
11479,80,88.3172889162424,12.9027367076811
11480,80,88.3172889162424,12.9027367076811
11481,80,88.3172889162424,12.9027367076811
11482,80,88.3172889162424,12.9027367076811
11483,80,88.3172889162424,12.9027367076811
11484,80,88.3172889162424,12.9027367076811
11485,80,88.3172889162424,12.9027367076811
11486,80,88.3172889162424,12.9027367076811
11487,80,88.3172889162424,12.9027367076811
11488,80,88.3172889162424,12.9027367076811
11489,80,88.3172889162424,12.9027367076811
11490,80,88.3172889162424,12.9027367076811
11491,80,88.3172889162424,12.9027367076811
11492,80,88.3172889162424,12.9027367076811
11493,80,88.3172889162424,12.9027367076811
11494,80,88.3172889162424,12.9027367076811
11495,80,88.3172889162424,12.9027367076811
11496,80,88.3172889162424,12.9027367076811
11497,80,88.3172889162424,12.9027367076811
11498,80,88.3172889162424,12.9027367076811
11499,80,88.3172889162424,12.9027367076811
11500,80,88.3172889162424,12.9027367076811
11501,80,88.3172889162424,12.9027367076811
11502,80,88.3172889162424,12.9027367076811
11503,80,88.3172889162424,12.9027367076811
11504,80,88.3172889162424,12.9027367076811
11505,80,88.3172889162424,12.9027367076811
11506,80,88.3172889162424,12.9027367076811
11507,80,88.3172889162424,12.9027367076811
11508,80,88.3172889162424,12.9027367076811
11509,80,88.3172889162424,12.9027367076811
11510,80,88.3172889162424,12.9027367076811
11511,80,88.3172889162424,12.9027367076811
11512,80,88.3172889162424,12.9027367076811
11513,80,88.3172889162424,12.9027367076811
11514,80,88.3172889162424,12.9027367076811
11515,80,88.3172889162424,12.9027367076811
11516,80,88.3172889162424,12.9027367076811
11517,80,88.3172889162424,12.9027367076811
11518,80,88.3172889162424,12.9027367076811
11519,80,88.3172889162424,12.9027367076811
11520,80,88.3172889162424,12.9027367076811
11521,80,88.3172889162424,12.9027367076811
11522,80,88.3172889162424,12.9027367076811
11523,80,88.3172889162424,12.9027367076811
11524,80,88.3172889162424,12.9027367076811
11525,80,88.3172889162424,12.9027367076811
11526,80,88.3172889162424,12.9027367076811
11527,80,88.3172889162424,12.9027367076811
11528,80,88.3172889162424,12.9027367076811
11529,80,88.3172889162424,12.9027367076811
11530,80,88.3172889162424,12.9027367076811
11531,80,88.3172889162424,12.9027367076811
11532,80,88.3172889162424,12.9027367076811
11533,80,88.3172889162424,12.9027367076811
11534,80,88.3172889162424,12.9027367076811
11535,80,88.3172889162424,12.9027367076811
11536,80,88.3172889162424,12.9027367076811
11537,80,88.3172889162424,12.9027367076811
11538,80,88.3172889162424,12.9027367076811
11539,80,88.3172889162424,12.9027367076811
11540,80,88.3172889162424,12.9027367076811
11541,80,88.3172889162424,12.9027367076811
11542,80,88.3172889162424,12.9027367076811
11543,80,88.3172889162424,12.9027367076811
11544,80,88.3172889162424,12.9027367076811
11545,80,88.3172889162424,12.9027367076811
11546,80,88.3172889162424,12.9027367076811
11547,80,88.3172889162424,12.9027367076811
11548,80,88.3172889162424,12.9027367076811
11549,80,88.3172889162424,12.9027367076811
11550,80,88.3172889162424,12.9027367076811
11551,80,88.3172889162424,12.9027367076811
11552,80,88.3172889162424,12.9027367076811
11553,80,88.3172889162424,12.9027367076811
11554,80,88.3172889162424,12.9027367076811
11555,80,88.3172889162424,12.9027367076811
11556,80,88.3172889162424,12.9027367076811
11557,80,88.3172889162424,12.9027367076811
11558,80,88.3172889162424,12.9027367076811
11559,80,88.3172889162424,12.9027367076811
11560,80,88.3172889162424,12.9027367076811
11561,80,88.3172889162424,12.9027367076811
11562,80,88.3172889162424,12.9027367076811
11563,80,88.3172889162424,12.9027367076811
11564,80,88.3172889162424,12.9027367076811
11565,80,88.3172889162424,12.9027367076811
11566,80,88.3172889162424,12.9027367076811
11567,80,88.3172889162424,12.9027367076811
11568,80,88.3172889162424,12.9027367076811
11569,80,88.3172889162424,12.9027367076811
11570,80,88.3172889162424,12.9027367076811
11571,80,88.3172889162424,12.9027367076811
11572,80,88.3172889162424,12.9027367076811
11573,80,88.3172889162424,12.9027367076811
11574,80,88.3172889162424,12.9027367076811
11575,80,88.3172889162424,12.9027367076811
11576,80,88.3172889162424,12.9027367076811
11577,80,88.3172889162424,12.9027367076811
11578,80,88.3172889162424,12.9027367076811
11579,80,88.3172889162424,12.9027367076811
11580,80,88.3172889162424,12.9027367076811
11581,80,88.3172889162424,12.9027367076811
11582,80,88.3172889162424,12.9027367076811
11583,80,88.3172889162424,12.9027367076811
11584,80,88.3172889162424,12.9027367076811
11585,80,88.3172889162424,12.9027367076811
11586,80,88.3172889162424,12.9027367076811
11587,80,88.3172889162424,12.9027367076811
11588,80,88.3172889162424,12.9027367076811
11589,80,88.3172889162424,12.9027367076811
11590,80,88.3172889162424,12.9027367076811
11591,80,88.3172889162424,12.9027367076811
11592,80,88.3172889162424,12.9027367076811
11593,80,88.3172889162424,12.9027367076811
11594,80,88.3172889162424,12.9027367076811
11595,80,88.3172889162424,12.9027367076811
11596,80,88.3172889162424,12.9027367076811
11597,80,88.3172889162424,12.9027367076811
11598,80,88.3172889162424,12.9027367076811
11599,80,88.3172889162424,12.9027367076811
11600,80,88.3172889162424,12.9027367076811
11601,80,88.3172889162424,12.9027367076811
11602,80,88.3172889162424,12.9027367076811
11603,80,88.3172889162424,12.9027367076811
11604,80,88.3172889162424,12.9027367076811
11605,80,88.3172889162424,12.9027367076811
11606,80,88.3172889162424,12.9027367076811
11607,80,88.3172889162424,12.9027367076811
11608,80,88.3172889162424,12.9027367076811
11609,80,88.3172889162424,12.9027367076811
11610,80,88.3172889162424,12.9027367076811
11611,80,88.3172889162424,12.9027367076811
11612,80,88.3172889162424,12.9027367076811
11613,80,88.3172889162424,12.9027367076811
11614,80,88.3172889162424,12.9027367076811
11615,80,88.3172889162424,12.9027367076811
11616,80,88.3172889162424,12.9027367076811
11617,80,88.3172889162424,12.9027367076811
11618,80,88.3172889162424,12.9027367076811
11619,80,88.3172889162424,12.9027367076811
11620,80,88.3172889162424,12.9027367076811
11621,80,88.3172889162424,12.9027367076811
11622,80,88.3172889162424,12.9027367076811
11623,80,88.3172889162424,12.9027367076811
11624,80,88.3172889162424,12.9027367076811
11625,80,88.3172889162424,12.9027367076811
11626,80,88.3172889162424,12.9027367076811
11627,80,88.3172889162424,12.9027367076811
11628,80,88.3172889162424,12.9027367076811
11629,80,88.3172889162424,12.9027367076811
11630,80,88.3172889162424,12.9027367076811
11631,80,88.3172889162424,12.9027367076811
11632,80,88.3172889162424,12.9027367076811
11633,80,88.3172889162424,12.9027367076811
11634,80,88.3172889162424,12.9027367076811
11635,80,88.3172889162424,12.9027367076811
11636,80,88.3172889162424,12.9027367076811
11637,80,88.3172889162424,12.9027367076811
11638,80,88.3172889162424,12.9027367076811
11639,80,88.3172889162424,12.9027367076811
11640,80,88.3172889162424,12.9027367076811
11641,80,88.3172889162424,12.9027367076811
11642,80,88.3172889162424,12.9027367076811
11643,80,88.3172889162424,12.9027367076811
11644,80,88.3172889162424,12.9027367076811
11645,80,88.3172889162424,12.9027367076811
11646,80,88.3172889162424,12.9027367076811
11647,80,88.3172889162424,12.9027367076811
11648,80,88.3172889162424,12.9027367076811
11649,80,88.3172889162424,12.9027367076811
11650,80,88.3172889162424,12.9027367076811
11651,80,88.3172889162424,12.9027367076811
11652,80,88.3172889162424,12.9027367076811
11653,80,88.3172889162424,12.9027367076811
11654,80,88.3172889162424,12.9027367076811
11655,80,88.3172889162424,12.9027367076811
11656,80,88.3172889162424,12.9027367076811
11657,80,88.3172889162424,12.9027367076811
11658,80,88.3172889162424,12.9027367076811
11659,80,88.3172889162424,12.9027367076811
11660,80,88.3172889162424,12.9027367076811
11661,80,88.3172889162424,12.9027367076811
11662,80,88.3172889162424,12.9027367076811
11663,80,88.3172889162424,12.9027367076811
11664,80,88.3172889162424,12.9027367076811
11665,80,88.3172889162424,12.9027367076811
11666,80,88.3172889162424,12.9027367076811
11667,80,88.3172889162424,12.9027367076811
11668,80,88.3172889162424,12.9027367076811
11669,80,88.3172889162424,12.9027367076811
11670,80,88.3172889162424,12.9027367076811
11671,80,88.3172889162424,12.9027367076811
11672,80,88.3172889162424,12.9027367076811
11673,80,88.3172889162424,12.9027367076811
11674,80,88.3172889162424,12.9027367076811
11675,80,88.3172889162424,12.9027367076811
11676,80,88.3172889162424,12.9027367076811
11677,80,88.3172889162424,12.9027367076811
11678,80,88.3172889162424,12.9027367076811
11679,80,88.3172889162424,12.9027367076811
11680,80,88.3172889162424,12.9027367076811
11681,80,88.3172889162424,12.9027367076811
11682,80,88.3172889162424,12.9027367076811
11683,80,88.3172889162424,12.9027367076811
11684,80,88.3172889162424,12.9027367076811
11685,80,88.3172889162424,12.9027367076811
11686,80,88.3172889162424,12.9027367076811
11687,80,88.3172889162424,12.9027367076811
11688,80,88.3172889162424,12.9027367076811
11689,80,88.3172889162424,12.9027367076811
11690,80,88.3172889162424,12.9027367076811
11691,80,88.3172889162424,12.9027367076811
11692,80,88.3172889162424,12.9027367076811
11693,80,88.3172889162424,12.9027367076811
11694,80,88.3172889162424,12.9027367076811
11695,80,88.3172889162424,12.9027367076811
11696,80,88.3172889162424,12.9027367076811
11697,80,88.3172889162424,12.9027367076811
11698,80,88.3172889162424,12.9027367076811
11699,80,88.3172889162424,12.9027367076811
11700,80,88.3172889162424,12.9027367076811
11701,80,88.3172889162424,12.9027367076811
11702,80,88.3172889162424,12.9027367076811
11703,80,80.8178671859291,36.0568922109611
11704,80,80.8178671859291,36.0568922109611
11705,80,80.8178671859291,36.0568922109611
11706,80,80.8178671859291,36.0568922109611
11707,80,80.8178671859291,36.0568922109611
11708,80,80.8178671859291,36.0568922109611
11709,80,80.8178671859291,36.0568922109611
11710,80,80.8178671859291,36.0568922109611
11711,80,80.8178671859291,36.0568922109611
11712,80,80.8178671859291,36.0568922109611
11713,80,80.8178671859291,36.0568922109611
11714,80,80.8178671859291,36.0568922109611
11715,80,80.8178671859291,36.0568922109611
11716,80,80.8178671859291,36.0568922109611
11717,80,80.8178671859291,36.0568922109611
11718,80,80.8178671859291,36.0568922109611
11719,80,80.8178671859291,36.0568922109611
11720,80,80.8178671859291,36.0568922109611
11721,80,80.8178671859291,36.0568922109611
11722,80,80.8178671859291,36.0568922109611
11723,80,80.8178671859291,36.0568922109611
11724,80,80.8178671859291,36.0568922109611
11725,80,80.8178671859291,36.0568922109611
11726,80,80.8178671859291,36.0568922109611
11727,80,80.8178671859291,36.0568922109611
11728,80,80.8178671859291,36.0568922109611
11729,80,80.8178671859291,36.0568922109611
11730,80,80.8178671859291,36.0568922109611
11731,80,80.8178671859291,36.0568922109611
11732,80,80.8178671859291,36.0568922109611
11733,80,80.8178671859291,36.0568922109611
11734,80,80.8178671859291,36.0568922109611
11735,80,80.8178671859291,36.0568922109611
11736,80,80.8178671859291,36.0568922109611
11737,80,80.8178671859291,36.0568922109611
11738,80,80.8178671859291,36.0568922109611
11739,80,80.8178671859291,36.0568922109611
11740,80,80.8178671859291,36.0568922109611
11741,80,80.8178671859291,36.0568922109611
11742,80,80.8178671859291,36.0568922109611
11743,80,80.8178671859291,36.0568922109611
11744,80,80.8178671859291,36.0568922109611
11745,80,80.8178671859291,36.0568922109611
11746,80,80.8178671859291,36.0568922109611
11747,80,80.8178671859291,36.0568922109611
11748,80,80.8178671859291,36.0568922109611
11749,80,80.8178671859291,36.0568922109611
11750,80,80.8178671859291,36.0568922109611
11751,80,80.8178671859291,36.0568922109611
11752,80,80.8178671859291,36.0568922109611
11753,80,80.8178671859291,36.0568922109611
11754,80,80.8178671859291,36.0568922109611
11755,80,80.8178671859291,36.0568922109611
11756,80,80.8178671859291,36.0568922109611
11757,80,80.8178671859291,36.0568922109611
11758,80,80.8178671859291,36.0568922109611
11759,80,80.8178671859291,36.0568922109611
11760,80,80.8178671859291,36.0568922109611
11761,80,80.8178671859291,36.0568922109611
11762,80,80.8178671859291,36.0568922109611
11763,80,80.8178671859291,36.0568922109611
11764,80,80.8178671859291,36.0568922109611
11765,80,80.8178671859291,36.0568922109611
11766,80,80.8178671859291,36.0568922109611
11767,80,80.8178671859291,36.0568922109611
11768,80,80.8178671859291,36.0568922109611
11769,80,80.8178671859291,36.0568922109611
11770,80,80.8178671859291,36.0568922109611
11771,80,80.8178671859291,36.0568922109611
11772,80,80.8178671859291,36.0568922109611
11773,80,80.8178671859291,36.0568922109611
11774,80,80.8178671859291,36.0568922109611
11775,80,80.8178671859291,36.0568922109611
11776,80,80.8178671859291,36.0568922109611
11777,80,80.8178671859291,36.0568922109611
11778,80,80.8178671859291,36.0568922109611
11779,80,80.8178671859291,36.0568922109611
11780,80,80.8178671859291,36.0568922109611
11781,80,80.8178671859291,36.0568922109611
11782,80,80.8178671859291,36.0568922109611
11783,80,80.8178671859291,36.0568922109611
11784,80,80.8178671859291,36.0568922109611
11785,80,80.8178671859291,36.0568922109611
11786,80,80.8178671859291,36.0568922109611
11787,80,80.8178671859291,36.0568922109611
11788,80,80.8178671859291,36.0568922109611
11789,80,80.8178671859291,36.0568922109611
11790,80,80.8178671859291,36.0568922109611
11791,80,80.8178671859291,36.0568922109611
11792,80,80.8178671859291,36.0568922109611
11793,80,80.8178671859291,36.0568922109611
11794,80,80.8178671859291,36.0568922109611
11795,80,80.8178671859291,36.0568922109611
11796,80,80.8178671859291,36.0568922109611
11797,80,80.8178671859291,36.0568922109611
11798,80,80.8178671859291,36.0568922109611
11799,80,80.8178671859291,36.0568922109611
11800,80,80.8178671859291,36.0568922109611
11801,80,80.8178671859291,36.0568922109611
11802,80,80.8178671859291,36.0568922109611
11803,80,80.8178671859291,36.0568922109611
11804,80,80.8178671859291,36.0568922109611
11805,80,80.8178671859291,36.0568922109611
11806,80,80.8178671859291,36.0568922109611
11807,80,80.8178671859291,36.0568922109611
11808,80,80.8178671859291,36.0568922109611
11809,80,80.8178671859291,36.0568922109611
11810,80,80.8178671859291,36.0568922109611
11811,80,80.8178671859291,36.0568922109611
11812,80,80.8178671859291,36.0568922109611
11813,80,80.8178671859291,36.0568922109611
11814,80,80.8178671859291,36.0568922109611
11815,80,80.8178671859291,36.0568922109611
11816,80,80.8178671859291,36.0568922109611
11817,80,80.8178671859291,36.0568922109611
11818,80,80.8178671859291,36.0568922109611
11819,80,80.8178671859291,36.0568922109611
11820,80,80.8178671859291,36.0568922109611
11821,80,80.8178671859291,36.0568922109611
11822,80,80.8178671859291,36.0568922109611
11823,80,80.8178671859291,36.0568922109611
11824,80,80.8178671859291,36.0568922109611
11825,80,80.8178671859291,36.0568922109611
11826,80,80.8178671859291,36.0568922109611
11827,80,80.8178671859291,36.0568922109611
11828,80,80.8178671859291,36.0568922109611
11829,80,80.8178671859291,36.0568922109611
11830,80,80.8178671859291,36.0568922109611
11831,80,80.8178671859291,36.0568922109611
11832,80,80.8178671859291,36.0568922109611
11833,80,80.8178671859291,36.0568922109611
11834,80,80.8178671859291,36.0568922109611
11835,80,80.8178671859291,36.0568922109611
11836,80,80.8178671859291,36.0568922109611
11837,80,80.8178671859291,36.0568922109611
11838,80,80.8178671859291,36.0568922109611
11839,80,80.8178671859291,36.0568922109611
11840,80,80.8178671859291,36.0568922109611
11841,80,80.8178671859291,36.0568922109611
11842,80,80.8178671859291,36.0568922109611
11843,80,80.8178671859291,36.0568922109611
11844,80,80.8178671859291,36.0568922109611
11845,80,80.8178671859291,36.0568922109611
11846,80,80.8178671859291,36.0568922109611
11847,80,80.8178671859291,36.0568922109611
11848,80,80.8178671859291,36.0568922109611
11849,80,80.8178671859291,36.0568922109611
11850,80,80.8178671859291,36.0568922109611
11851,80,80.8178671859291,36.0568922109611
11852,80,80.8178671859291,36.0568922109611
11853,80,80.8178671859291,36.0568922109611
11854,80,80.8178671859291,36.0568922109611
11855,80,80.8178671859291,36.0568922109611
11856,80,80.8178671859291,36.0568922109611
11857,80,80.8178671859291,36.0568922109611
11858,80,80.8178671859291,36.0568922109611
11859,80,80.8178671859291,36.0568922109611
11860,80,80.8178671859291,36.0568922109611
11861,80,80.8178671859291,36.0568922109611
11862,80,80.8178671859291,36.0568922109611
11863,80,80.8178671859291,36.0568922109611
11864,80,80.8178671859291,36.0568922109611
11865,80,80.8178671859291,36.0568922109611
11866,80,80.8178671859291,36.0568922109611
11867,80,80.8178671859291,36.0568922109611
11868,80,80.8178671859291,36.0568922109611
11869,80,80.8178671859291,36.0568922109611
11870,80,80.8178671859291,36.0568922109611
11871,80,80.8178671859291,36.0568922109611
11872,80,80.8178671859291,36.0568922109611
11873,80,80.8178671859291,36.0568922109611
11874,80,80.8178671859291,36.0568922109611
11875,80,80.8178671859291,36.0568922109611
11876,80,80.8178671859291,36.0568922109611
11877,80,80.8178671859291,36.0568922109611
11878,80,80.8178671859291,36.0568922109611
11879,80,80.8178671859291,36.0568922109611
11880,80,80.8178671859291,36.0568922109611
11881,80,80.8178671859291,36.0568922109611
11882,80,80.8178671859291,36.0568922109611
11883,80,80.8178671859291,36.0568922109611
11884,80,80.8178671859291,36.0568922109611
11885,80,80.8178671859291,36.0568922109611
11886,80,80.8178671859291,36.0568922109611
11887,80,80.8178671859291,36.0568922109611
11888,80,80.8178671859291,36.0568922109611
11889,80,80.8178671859291,36.0568922109611
11890,80,80.8178671859291,36.0568922109611
11891,80,80.8178671859291,36.0568922109611
11892,80,80.8178671859291,36.0568922109611
11893,80,80.8178671859291,36.0568922109611
11894,80,80.8178671859291,36.0568922109611
11895,80,80.8178671859291,36.0568922109611
11896,80,80.8178671859291,36.0568922109611
11897,80,80.8178671859291,36.0568922109611
11898,80,80.8178671859291,36.0568922109611
11899,80,80.8178671859291,36.0568922109611
11900,80,80.8178671859291,36.0568922109611
11901,80,80.8178671859291,36.0568922109611
11902,80,80.8178671859291,36.0568922109611
11903,80,80.8178671859291,36.0568922109611
11904,80,80.8178671859291,36.0568922109611
11905,80,80.8178671859291,36.0568922109611
11906,80,80.8178671859291,36.0568922109611
11907,80,80.8178671859291,36.0568922109611
11908,80,80.8178671859291,36.0568922109611
11909,80,80.8178671859291,36.0568922109611
11910,80,80.8178671859291,36.0568922109611
11911,80,80.8178671859291,36.0568922109611
11912,80,80.8178671859291,36.0568922109611
11913,80,80.8178671859291,36.0568922109611
11914,80,80.8178671859291,36.0568922109611
11915,80,80.8178671859291,36.0568922109611
11916,80,80.8178671859291,36.0568922109611
11917,80,80.8178671859291,36.0568922109611
11918,80,80.8178671859291,36.0568922109611
11919,80,80.8178671859291,36.0568922109611
11920,80,80.8178671859291,36.0568922109611
11921,80,80.8178671859291,36.0568922109611
11922,80,80.8178671859291,36.0568922109611
11923,80,80.8178671859291,36.0568922109611
11924,80,80.8178671859291,36.0568922109611
11925,80,80.8178671859291,36.0568922109611
11926,80,80.8178671859291,36.0568922109611
11927,80,80.8178671859291,36.0568922109611
11928,80,80.8178671859291,36.0568922109611
11929,80,80.8178671859291,36.0568922109611
11930,80,80.8178671859291,36.0568922109611
11931,80,80.8178671859291,36.0568922109611
11932,80,80.8178671859291,36.0568922109611
11933,80,80.8178671859291,36.0568922109611
11934,80,80.8178671859291,36.0568922109611
11935,80,80.8178671859291,36.0568922109611
11936,80,80.8178671859291,36.0568922109611
11937,80,80.8178671859291,36.0568922109611
11938,80,80.8178671859291,36.0568922109611
11939,80,80.8178671859291,36.0568922109611
11940,80,80.8178671859291,36.0568922109611
11941,80,80.8178671859291,36.0568922109611
11942,80,80.8178671859291,36.0568922109611
11943,80,80.8178671859291,36.0568922109611
11944,80,80.8178671859291,36.0568922109611
11945,80,80.8178671859291,36.0568922109611
11946,80,80.8178671859291,36.0568922109611
11947,80,80.8178671859291,36.0568922109611
11948,80,80.8178671859291,36.0568922109611
11949,80,80.8178671859291,36.0568922109611
11950,80,80.8178671859291,36.0568922109611
11951,80,80.8178671859291,36.0568922109611
11952,80,80.5650433523723,36.2985466032149
11953,80,80.5650433523723,36.2985466032149
11954,80,80.5650433523723,36.2985466032149
11955,80,80.5650433523723,36.2985466032149
11956,80,80.5650433523723,36.2985466032149
11957,80,80.5650433523723,36.2985466032149
11958,80,80.5650433523723,36.2985466032149
11959,80,80.5650433523723,36.2985466032149
11960,80,80.5650433523723,36.2985466032149
11961,80,80.5650433523723,36.2985466032149
11962,80,80.5650433523723,36.2985466032149
11963,80,80.5650433523723,36.2985466032149
11964,80,80.5650433523723,36.2985466032149
11965,80,80.5650433523723,36.2985466032149
11966,80,80.5650433523723,36.2985466032149
11967,80,80.5650433523723,36.2985466032149
11968,80,80.5650433523723,36.2985466032149
11969,80,80.5650433523723,36.2985466032149
11970,80,80.5650433523723,36.2985466032149
11971,80,80.5650433523723,36.2985466032149
11972,80,80.5650433523723,36.2985466032149
11973,80,80.5650433523723,36.2985466032149
11974,80,80.5650433523723,36.2985466032149
11975,80,80.5650433523723,36.2985466032149
11976,80,80.5650433523723,36.2985466032149
11977,80,80.5650433523723,36.2985466032149
11978,80,80.5650433523723,36.2985466032149
11979,80,80.5650433523723,36.2985466032149
11980,80,80.5650433523723,36.2985466032149
11981,80,80.5650433523723,36.2985466032149
11982,80,80.5650433523723,36.2985466032149
11983,80,80.5650433523723,36.2985466032149
11984,80,80.5650433523723,36.2985466032149
11985,80,80.5650433523723,36.2985466032149
11986,80,80.5650433523723,36.2985466032149
11987,80,80.5650433523723,36.2985466032149
11988,80,80.5650433523723,36.2985466032149
11989,80,80.5650433523723,36.2985466032149
11990,80,80.5650433523723,36.2985466032149
11991,80,80.5650433523723,36.2985466032149
11992,80,80.5650433523723,36.2985466032149
11993,80,80.5650433523723,36.2985466032149
11994,80,80.5650433523723,36.2985466032149
11995,80,80.5650433523723,36.2985466032149
11996,80,80.5650433523723,36.2985466032149
11997,80,80.5650433523723,36.2985466032149
11998,80,80.5650433523723,36.2985466032149
11999,80,80.5650433523723,36.2985466032149
12000,80,80.5650433523723,36.2985466032149
12001,80,80.5650433523723,36.2985466032149
12002,80,80.5650433523723,36.2985466032149
12003,80,80.5650433523723,36.2985466032149
12004,80,80.5650433523723,36.2985466032149
12005,80,80.5650433523723,36.2985466032149
12006,80,80.5650433523723,36.2985466032149
12007,80,80.5650433523723,36.2985466032149
12008,80,80.5650433523723,36.2985466032149
12009,80,80.5650433523723,36.2985466032149
12010,80,80.5650433523723,36.2985466032149
12011,80,80.5650433523723,36.2985466032149
12012,80,80.5650433523723,36.2985466032149
12013,80,80.5650433523723,36.2985466032149
12014,80,80.5650433523723,36.2985466032149
12015,80,80.5650433523723,36.2985466032149
12016,80,80.5650433523723,36.2985466032149
12017,80,80.5650433523723,36.2985466032149
12018,80,80.5650433523723,36.2985466032149
12019,80,80.5650433523723,36.2985466032149
12020,80,80.5650433523723,36.2985466032149
12021,80,80.5650433523723,36.2985466032149
12022,80,80.5650433523723,36.2985466032149
12023,80,80.5650433523723,36.2985466032149
12024,80,80.5650433523723,36.2985466032149
12025,80,80.5650433523723,36.2985466032149
12026,80,80.5650433523723,36.2985466032149
12027,80,80.5650433523723,36.2985466032149
12028,80,80.5650433523723,36.2985466032149
12029,80,80.5650433523723,36.2985466032149
12030,80,80.5650433523723,36.2985466032149
12031,80,80.5650433523723,36.2985466032149
12032,80,80.5650433523723,36.2985466032149
12033,80,80.5650433523723,36.2985466032149
12034,80,80.5650433523723,36.2985466032149
12035,80,80.5650433523723,36.2985466032149
12036,80,80.5650433523723,36.2985466032149
12037,80,80.5650433523723,36.2985466032149
12038,80,80.5650433523723,36.2985466032149
12039,80,80.5650433523723,36.2985466032149
12040,80,80.5650433523723,36.2985466032149
12041,80,80.5650433523723,36.2985466032149
12042,80,80.5650433523723,36.2985466032149
12043,80,80.5650433523723,36.2985466032149
12044,80,80.5650433523723,36.2985466032149
12045,80,80.5650433523723,36.2985466032149
12046,80,80.5650433523723,36.2985466032149
12047,80,80.5650433523723,36.2985466032149
12048,80,80.5650433523723,36.2985466032149
12049,80,80.5650433523723,36.2985466032149
12050,80,80.5650433523723,36.2985466032149
12051,80,80.5650433523723,36.2985466032149
12052,80,80.5650433523723,36.2985466032149
12053,80,80.5650433523723,36.2985466032149
12054,80,80.5650433523723,36.2985466032149
12055,80,80.5650433523723,36.2985466032149
12056,80,80.5650433523723,36.2985466032149
12057,80,80.5650433523723,36.2985466032149
12058,80,80.5650433523723,36.2985466032149
12059,80,80.5650433523723,36.2985466032149
12060,80,80.5650433523723,36.2985466032149
12061,80,80.5650433523723,36.2985466032149
12062,80,80.5650433523723,36.2985466032149
12063,80,80.5650433523723,36.2985466032149
12064,80,80.5650433523723,36.2985466032149
12065,80,80.5650433523723,36.2985466032149
12066,80,80.5650433523723,36.2985466032149
12067,80,80.5650433523723,36.2985466032149
12068,80,80.5650433523723,36.2985466032149
12069,80,80.5650433523723,36.2985466032149
12070,80,80.5650433523723,36.2985466032149
12071,80,80.5650433523723,36.2985466032149
12072,80,80.5650433523723,36.2985466032149
12073,80,80.5650433523723,36.2985466032149
12074,80,80.5650433523723,36.2985466032149
12075,80,80.5650433523723,36.2985466032149
12076,80,80.5650433523723,36.2985466032149
12077,80,80.5650433523723,36.2985466032149
12078,80,80.5650433523723,36.2985466032149
12079,80,80.5650433523723,36.2985466032149
12080,80,80.5650433523723,36.2985466032149
12081,80,80.5650433523723,36.2985466032149
12082,80,80.5650433523723,36.2985466032149
12083,80,80.5650433523723,36.2985466032149
12084,80,80.5650433523723,36.2985466032149
12085,80,80.5650433523723,36.2985466032149
12086,80,80.5650433523723,36.2985466032149
12087,80,80.5650433523723,36.2985466032149
12088,80,80.5650433523723,36.2985466032149
12089,80,80.5650433523723,36.2985466032149
12090,80,80.5650433523723,36.2985466032149
12091,80,80.5650433523723,36.2985466032149
12092,80,80.5650433523723,36.2985466032149
12093,80,80.5650433523723,36.2985466032149
12094,80,80.5650433523723,36.2985466032149
12095,80,80.5650433523723,36.2985466032149
12096,80,80.5650433523723,36.2985466032149
12097,80,80.5650433523723,36.2985466032149
12098,80,80.5650433523723,36.2985466032149
12099,80,80.5650433523723,36.2985466032149
12100,80,80.5650433523723,36.2985466032149
12101,80,80.5650433523723,36.2985466032149
12102,80,80.5650433523723,36.2985466032149
12103,80,80.5650433523723,36.2985466032149
12104,80,80.5650433523723,36.2985466032149
12105,80,80.5650433523723,36.2985466032149
12106,80,80.5650433523723,36.2985466032149
12107,80,80.5650433523723,36.2985466032149
12108,80,80.5650433523723,36.2985466032149
12109,80,80.5650433523723,36.2985466032149
12110,80,80.5650433523723,36.2985466032149
12111,80,80.5650433523723,36.2985466032149
12112,80,80.5650433523723,36.2985466032149
12113,80,80.5650433523723,36.2985466032149
12114,80,80.5650433523723,36.2985466032149
12115,80,80.5650433523723,36.2985466032149
12116,80,80.5650433523723,36.2985466032149
12117,80,80.5650433523723,36.2985466032149
12118,80,80.5650433523723,36.2985466032149
12119,80,80.5650433523723,36.2985466032149
12120,80,80.5650433523723,36.2985466032149
12121,80,80.5650433523723,36.2985466032149
12122,80,80.5650433523723,36.2985466032149
12123,80,80.5650433523723,36.2985466032149
12124,80,80.5650433523723,36.2985466032149
12125,80,80.5650433523723,36.2985466032149
12126,80,80.5650433523723,36.2985466032149
12127,80,80.5650433523723,36.2985466032149
12128,80,80.5650433523723,36.2985466032149
12129,80,80.5650433523723,36.2985466032149
12130,80,80.5650433523723,36.2985466032149
12131,80,80.5650433523723,36.2985466032149
12132,80,80.5650433523723,36.2985466032149
12133,80,80.5650433523723,36.2985466032149
12134,80,80.5650433523723,36.2985466032149
12135,80,80.5650433523723,36.2985466032149
12136,80,80.5650433523723,36.2985466032149
12137,80,80.5650433523723,36.2985466032149
12138,80,80.5650433523723,36.2985466032149
12139,80,80.5650433523723,36.2985466032149
12140,80,80.5650433523723,36.2985466032149
12141,80,80.5650433523723,36.2985466032149
12142,80,80.5650433523723,36.2985466032149
12143,80,80.5650433523723,36.2985466032149
12144,80,80.5650433523723,36.2985466032149
12145,80,80.5650433523723,36.2985466032149
12146,80,80.5650433523723,36.2985466032149
12147,80,80.5650433523723,36.2985466032149
12148,80,80.5650433523723,36.2985466032149
12149,80,80.5650433523723,36.2985466032149
12150,80,80.5650433523723,36.2985466032149
12151,80,80.5650433523723,36.2985466032149
12152,80,80.5650433523723,36.2985466032149
12153,80,80.5650433523723,36.2985466032149
12154,80,80.5650433523723,36.2985466032149
12155,80,80.5650433523723,36.2985466032149
12156,80,80.5650433523723,36.2985466032149
12157,80,80.5650433523723,36.2985466032149
12158,80,80.5650433523723,36.2985466032149
12159,80,80.5650433523723,36.2985466032149
12160,80,80.5650433523723,36.2985466032149
12161,80,80.5650433523723,36.2985466032149
12162,80,80.5650433523723,36.2985466032149
12163,80,80.5650433523723,36.2985466032149
12164,80,80.5650433523723,36.2985466032149
12165,80,80.5650433523723,36.2985466032149
12166,80,80.5650433523723,36.2985466032149
12167,80,80.5650433523723,36.2985466032149
12168,80,80.5650433523723,36.2985466032149
12169,80,80.5650433523723,36.2985466032149
12170,80,80.5650433523723,36.2985466032149
12171,80,80.5650433523723,36.2985466032149
12172,80,80.5650433523723,36.2985466032149
12173,80,80.5650433523723,36.2985466032149
12174,80,80.5650433523723,36.2985466032149
12175,80,80.5650433523723,36.2985466032149
12176,80,80.5650433523723,36.2985466032149
12177,80,80.5650433523723,36.2985466032149
12178,80,80.5650433523723,36.2985466032149
12179,80,80.5650433523723,36.2985466032149
12180,80,80.5650433523723,36.2985466032149
12181,80,80.5650433523723,36.2985466032149
12182,80,80.5650433523723,36.2985466032149
12183,80,80.5650433523723,36.2985466032149
12184,80,80.5650433523723,36.2985466032149
12185,80,80.5650433523723,36.2985466032149
12186,80,80.5650433523723,36.2985466032149
12187,80,80.5650433523723,36.2985466032149
12188,80,80.5650433523723,36.2985466032149
12189,80,80.5650433523723,36.2985466032149
12190,80,80.5650433523723,36.2985466032149
12191,80,80.5650433523723,36.2985466032149
12192,80,80.5650433523723,36.2985466032149
12193,80,80.5650433523723,36.2985466032149
12194,80,80.5650433523723,36.2985466032149
12195,80,80.5650433523723,36.2985466032149
12196,80,80.5650433523723,36.2985466032149
12197,80,80.5650433523723,36.2985466032149
12198,80,80.5650433523723,36.2985466032149
12199,80,80.5650433523723,36.2985466032149
12200,80,80.5650433523723,36.2985466032149
12201,80,80.4855583132308,36.5107043524585
12202,80,80.4855583132308,36.5107043524585
12203,80,80.4855583132308,36.5107043524585
12204,80,80.4855583132308,36.5107043524585
12205,80,80.4855583132308,36.5107043524585
12206,80,80.4855583132308,36.5107043524585
12207,80,80.4855583132308,36.5107043524585
12208,80,80.4855583132308,36.5107043524585
12209,80,80.4855583132308,36.5107043524585
12210,80,80.4855583132308,36.5107043524585
12211,80,80.4855583132308,36.5107043524585
12212,80,80.4855583132308,36.5107043524585
12213,80,80.4855583132308,36.5107043524585
12214,80,80.4855583132308,36.5107043524585
12215,80,80.4855583132308,36.5107043524585
12216,80,80.4855583132308,36.5107043524585
12217,80,80.4855583132308,36.5107043524585
12218,80,80.4855583132308,36.5107043524585
12219,80,80.4855583132308,36.5107043524585
12220,80,80.4855583132308,36.5107043524585
12221,80,80.4855583132308,36.5107043524585
12222,80,80.4855583132308,36.5107043524585
12223,80,80.4855583132308,36.5107043524585
12224,80,80.4855583132308,36.5107043524585
12225,80,80.4855583132308,36.5107043524585
12226,80,80.4855583132308,36.5107043524585
12227,80,80.4855583132308,36.5107043524585
12228,80,80.4855583132308,36.5107043524585
12229,80,80.4855583132308,36.5107043524585
12230,80,80.4855583132308,36.5107043524585
12231,80,80.4855583132308,36.5107043524585
12232,80,80.4855583132308,36.5107043524585
12233,80,80.4855583132308,36.5107043524585
12234,80,80.4855583132308,36.5107043524585
12235,80,80.4855583132308,36.5107043524585
12236,80,80.4855583132308,36.5107043524585
12237,80,80.4855583132308,36.5107043524585
12238,80,80.4855583132308,36.5107043524585
12239,80,80.4855583132308,36.5107043524585
12240,80,80.4855583132308,36.5107043524585
12241,80,80.4855583132308,36.5107043524585
12242,80,80.4855583132308,36.5107043524585
12243,80,80.4855583132308,36.5107043524585
12244,80,80.4855583132308,36.5107043524585
12245,80,80.4855583132308,36.5107043524585
12246,80,80.4855583132308,36.5107043524585
12247,80,80.4855583132308,36.5107043524585
12248,80,80.4855583132308,36.5107043524585
12249,80,80.4855583132308,36.5107043524585
12250,80,80.4855583132308,36.5107043524585
12251,80,80.4855583132308,36.5107043524585
12252,80,80.4855583132308,36.5107043524585
12253,80,80.4855583132308,36.5107043524585
12254,80,80.4855583132308,36.5107043524585
12255,80,80.4855583132308,36.5107043524585
12256,80,80.4855583132308,36.5107043524585
12257,80,80.4855583132308,36.5107043524585
12258,80,80.4855583132308,36.5107043524585
12259,80,80.4855583132308,36.5107043524585
12260,80,80.4855583132308,36.5107043524585
12261,80,80.4855583132308,36.5107043524585
12262,80,80.4855583132308,36.5107043524585
12263,80,80.4855583132308,36.5107043524585
12264,80,80.4855583132308,36.5107043524585
12265,80,80.4855583132308,36.5107043524585
12266,80,80.4855583132308,36.5107043524585
12267,80,80.4855583132308,36.5107043524585
12268,80,80.4855583132308,36.5107043524585
12269,80,80.4855583132308,36.5107043524585
12270,80,80.4855583132308,36.5107043524585
12271,80,80.4855583132308,36.5107043524585
12272,80,80.4855583132308,36.5107043524585
12273,80,80.4855583132308,36.5107043524585
12274,80,80.4855583132308,36.5107043524585
12275,80,80.4855583132308,36.5107043524585
12276,80,80.4855583132308,36.5107043524585
12277,80,80.4855583132308,36.5107043524585
12278,80,80.4855583132308,36.5107043524585
12279,80,80.4855583132308,36.5107043524585
12280,80,80.4855583132308,36.5107043524585
12281,80,80.4855583132308,36.5107043524585
12282,80,80.4855583132308,36.5107043524585
12283,80,80.4855583132308,36.5107043524585
12284,80,80.4855583132308,36.5107043524585
12285,80,80.4855583132308,36.5107043524585
12286,80,80.4855583132308,36.5107043524585
12287,80,80.4855583132308,36.5107043524585
12288,80,80.4855583132308,36.5107043524585
12289,80,80.4855583132308,36.5107043524585
12290,80,80.4855583132308,36.5107043524585
12291,80,80.4855583132308,36.5107043524585
12292,80,80.4855583132308,36.5107043524585
12293,80,80.4855583132308,36.5107043524585
12294,80,80.4855583132308,36.5107043524585
12295,80,80.4855583132308,36.5107043524585
12296,80,80.4855583132308,36.5107043524585
12297,80,80.4855583132308,36.5107043524585
12298,80,80.4855583132308,36.5107043524585
12299,80,80.4855583132308,36.5107043524585
12300,80,80.4855583132308,36.5107043524585
12301,80,80.4855583132308,36.5107043524585
12302,80,80.4855583132308,36.5107043524585
12303,80,80.4855583132308,36.5107043524585
12304,80,80.4855583132308,36.5107043524585
12305,80,80.4855583132308,36.5107043524585
12306,80,80.4855583132308,36.5107043524585
12307,80,80.4855583132308,36.5107043524585
12308,80,80.4855583132308,36.5107043524585
12309,80,80.4855583132308,36.5107043524585
12310,80,80.4855583132308,36.5107043524585
12311,80,80.4855583132308,36.5107043524585
12312,80,80.4855583132308,36.5107043524585
12313,80,80.4855583132308,36.5107043524585
12314,80,80.4855583132308,36.5107043524585
12315,80,80.4855583132308,36.5107043524585
12316,80,80.4855583132308,36.5107043524585
12317,80,80.4855583132308,36.5107043524585
12318,80,80.4855583132308,36.5107043524585
12319,80,80.4855583132308,36.5107043524585
12320,80,80.4855583132308,36.5107043524585
12321,80,80.4855583132308,36.5107043524585
12322,80,80.4855583132308,36.5107043524585
12323,80,80.4855583132308,36.5107043524585
12324,80,80.4855583132308,36.5107043524585
12325,80,80.4855583132308,36.5107043524585
12326,80,80.4855583132308,36.5107043524585
12327,80,80.4855583132308,36.5107043524585
12328,80,80.4855583132308,36.5107043524585
12329,80,80.4855583132308,36.5107043524585
12330,80,80.4855583132308,36.5107043524585
12331,80,80.4855583132308,36.5107043524585
12332,80,80.4855583132308,36.5107043524585
12333,80,80.4855583132308,36.5107043524585
12334,80,80.4855583132308,36.5107043524585
12335,80,80.4855583132308,36.5107043524585
12336,80,80.4855583132308,36.5107043524585
12337,80,80.4855583132308,36.5107043524585
12338,80,80.4855583132308,36.5107043524585
12339,80,80.4855583132308,36.5107043524585
12340,80,80.4855583132308,36.5107043524585
12341,80,80.4855583132308,36.5107043524585
12342,80,80.4855583132308,36.5107043524585
12343,80,80.4855583132308,36.5107043524585
12344,80,80.4855583132308,36.5107043524585
12345,80,80.4855583132308,36.5107043524585
12346,80,80.4855583132308,36.5107043524585
12347,80,80.4855583132308,36.5107043524585
12348,80,80.4855583132308,36.5107043524585
12349,80,80.4855583132308,36.5107043524585
12350,80,80.4855583132308,36.5107043524585
12351,80,80.4855583132308,36.5107043524585
12352,80,80.4855583132308,36.5107043524585
12353,80,80.4855583132308,36.5107043524585
12354,80,80.4855583132308,36.5107043524585
12355,80,80.4855583132308,36.5107043524585
12356,80,80.4855583132308,36.5107043524585
12357,80,80.4855583132308,36.5107043524585
12358,80,80.4855583132308,36.5107043524585
12359,80,80.4855583132308,36.5107043524585
12360,80,80.4855583132308,36.5107043524585
12361,80,80.4855583132308,36.5107043524585
12362,80,80.4855583132308,36.5107043524585
12363,80,80.4855583132308,36.5107043524585
12364,80,80.4855583132308,36.5107043524585
12365,80,80.4855583132308,36.5107043524585
12366,80,80.4855583132308,36.5107043524585
12367,80,80.4855583132308,36.5107043524585
12368,80,80.4855583132308,36.5107043524585
12369,80,80.4855583132308,36.5107043524585
12370,80,80.4855583132308,36.5107043524585
12371,80,80.4855583132308,36.5107043524585
12372,80,80.4855583132308,36.5107043524585
12373,80,80.4855583132308,36.5107043524585
12374,80,80.4855583132308,36.5107043524585
12375,80,80.4855583132308,36.5107043524585
12376,80,80.4855583132308,36.5107043524585
12377,80,80.4855583132308,36.5107043524585
12378,80,80.4855583132308,36.5107043524585
12379,80,80.4855583132308,36.5107043524585
12380,80,80.4855583132308,36.5107043524585
12381,80,80.4855583132308,36.5107043524585
12382,80,80.4855583132308,36.5107043524585
12383,80,80.4855583132308,36.5107043524585
12384,80,80.4855583132308,36.5107043524585
12385,80,80.4855583132308,36.5107043524585
12386,80,80.4855583132308,36.5107043524585
12387,80,80.4855583132308,36.5107043524585
12388,80,80.4855583132308,36.5107043524585
12389,80,80.4855583132308,36.5107043524585
12390,80,80.4855583132308,36.5107043524585
12391,80,80.4855583132308,36.5107043524585
12392,80,80.4855583132308,36.5107043524585
12393,80,80.4855583132308,36.5107043524585
12394,80,80.4855583132308,36.5107043524585
12395,80,80.4855583132308,36.5107043524585
12396,80,80.4855583132308,36.5107043524585
12397,80,80.4855583132308,36.5107043524585
12398,80,80.4855583132308,36.5107043524585
12399,80,80.4855583132308,36.5107043524585
12400,80,80.4855583132308,36.5107043524585
12401,80,80.4855583132308,36.5107043524585
12402,80,80.4855583132308,36.5107043524585
12403,80,80.4855583132308,36.5107043524585
12404,80,80.4855583132308,36.5107043524585
12405,80,80.4855583132308,36.5107043524585
12406,80,80.4855583132308,36.5107043524585
12407,80,80.4855583132308,36.5107043524585
12408,80,80.4855583132308,36.5107043524585
12409,80,80.4855583132308,36.5107043524585
12410,80,80.4855583132308,36.5107043524585
12411,80,80.4855583132308,36.5107043524585
12412,80,80.4855583132308,36.5107043524585
12413,80,80.4855583132308,36.5107043524585
12414,80,80.4855583132308,36.5107043524585
12415,80,80.4855583132308,36.5107043524585
12416,80,80.4855583132308,36.5107043524585
12417,80,80.4855583132308,36.5107043524585
12418,80,80.4855583132308,36.5107043524585
12419,80,80.4855583132308,36.5107043524585
12420,80,80.4855583132308,36.5107043524585
12421,80,80.4855583132308,36.5107043524585
12422,80,80.4855583132308,36.5107043524585
12423,80,80.4855583132308,36.5107043524585
12424,80,80.4855583132308,36.5107043524585
12425,80,80.4855583132308,36.5107043524585
12426,80,80.4855583132308,36.5107043524585
12427,80,80.4855583132308,36.5107043524585
12428,80,80.4855583132308,36.5107043524585
12429,80,80.4855583132308,36.5107043524585
12430,80,80.4855583132308,36.5107043524585
12431,80,80.4855583132308,36.5107043524585
12432,80,80.4855583132308,36.5107043524585
12433,80,80.4855583132308,36.5107043524585
12434,80,80.4855583132308,36.5107043524585
12435,80,80.4855583132308,36.5107043524585
12436,80,80.4855583132308,36.5107043524585
12437,80,80.4855583132308,36.5107043524585
12438,80,80.4855583132308,36.5107043524585
12439,80,80.4855583132308,36.5107043524585
12440,80,80.4855583132308,36.5107043524585
12441,80,80.4855583132308,36.5107043524585
12442,80,80.4855583132308,36.5107043524585
12443,80,80.4855583132308,36.5107043524585
12444,80,80.4855583132308,36.5107043524585
12445,80,80.4855583132308,36.5107043524585
12446,80,80.4855583132308,36.5107043524585
12447,80,80.4855583132308,36.5107043524585
12448,80,80.4855583132308,36.5107043524585
12449,80,80.4855583132308,36.5107043524585
12450,80,61.6642041130191,96.3735882794814
12451,80,61.6642041130191,96.3735882794814
12452,80,61.6642041130191,96.3735882794814
12453,80,61.6642041130191,96.3735882794814
12454,80,61.6642041130191,96.3735882794814
12455,80,61.6642041130191,96.3735882794814
12456,80,61.6642041130191,96.3735882794814
12457,80,61.6642041130191,96.3735882794814
12458,80,61.6642041130191,96.3735882794814
12459,80,61.6642041130191,96.3735882794814
12460,80,61.6642041130191,96.3735882794814
12461,80,61.6642041130191,96.3735882794814
12462,80,61.6642041130191,96.3735882794814
12463,80,61.6642041130191,96.3735882794814
12464,80,61.6642041130191,96.3735882794814
12465,80,61.6642041130191,96.3735882794814
12466,80,61.6642041130191,96.3735882794814
12467,80,61.6642041130191,96.3735882794814
12468,80,61.6642041130191,96.3735882794814
12469,80,61.6642041130191,96.3735882794814
12470,80,61.6642041130191,96.3735882794814
12471,80,61.6642041130191,96.3735882794814
12472,80,61.6642041130191,96.3735882794814
12473,80,61.6642041130191,96.3735882794814
12474,80,61.6642041130191,96.3735882794814
12475,80,61.6642041130191,96.3735882794814
12476,80,61.6642041130191,96.3735882794814
12477,80,61.6642041130191,96.3735882794814
12478,80,61.6642041130191,96.3735882794814
12479,80,61.6642041130191,96.3735882794814
12480,80,61.6642041130191,96.3735882794814
12481,80,61.6642041130191,96.3735882794814
12482,80,61.6642041130191,96.3735882794814
12483,80,61.6642041130191,96.3735882794814
12484,80,61.6642041130191,96.3735882794814
12485,80,61.6642041130191,96.3735882794814
12486,80,61.6642041130191,96.3735882794814
12487,80,61.6642041130191,96.3735882794814
12488,80,61.6642041130191,96.3735882794814
12489,80,61.6642041130191,96.3735882794814
12490,80,61.6642041130191,96.3735882794814
12491,80,61.6642041130191,96.3735882794814
12492,80,61.6642041130191,96.3735882794814
12493,80,61.6642041130191,96.3735882794814
12494,80,61.6642041130191,96.3735882794814
12495,80,61.6642041130191,96.3735882794814
12496,80,61.6642041130191,96.3735882794814
12497,80,61.6642041130191,96.3735882794814
12498,80,61.6642041130191,96.3735882794814
12499,80,61.6642041130191,96.3735882794814
12500,80,61.6642041130191,96.3735882794814
12501,80,61.6642041130191,96.3735882794814
12502,80,61.6642041130191,96.3735882794814
12503,80,61.6642041130191,96.3735882794814
12504,80,61.6642041130191,96.3735882794814
12505,80,61.6642041130191,96.3735882794814
12506,80,61.6642041130191,96.3735882794814
12507,80,61.6642041130191,96.3735882794814
12508,80,61.6642041130191,96.3735882794814
12509,80,61.6642041130191,96.3735882794814
12510,80,61.6642041130191,96.3735882794814
12511,80,61.6642041130191,96.3735882794814
12512,80,61.6642041130191,96.3735882794814
12513,80,61.6642041130191,96.3735882794814
12514,80,61.6642041130191,96.3735882794814
12515,80,61.6642041130191,96.3735882794814
12516,80,61.6642041130191,96.3735882794814
12517,80,61.6642041130191,96.3735882794814
12518,80,61.6642041130191,96.3735882794814
12519,80,61.6642041130191,96.3735882794814
12520,80,61.6642041130191,96.3735882794814
12521,80,61.6642041130191,96.3735882794814
12522,80,61.6642041130191,96.3735882794814
12523,80,61.6642041130191,96.3735882794814
12524,80,61.6642041130191,96.3735882794814
12525,80,61.6642041130191,96.3735882794814
12526,80,61.6642041130191,96.3735882794814
12527,80,61.6642041130191,96.3735882794814
12528,80,61.6642041130191,96.3735882794814
12529,80,61.6642041130191,96.3735882794814
12530,80,61.6642041130191,96.3735882794814
12531,80,61.6642041130191,96.3735882794814
12532,80,61.6642041130191,96.3735882794814
12533,80,61.6642041130191,96.3735882794814
12534,80,61.6642041130191,96.3735882794814
12535,80,61.6642041130191,96.3735882794814
12536,80,61.6642041130191,96.3735882794814
12537,80,61.6642041130191,96.3735882794814
12538,80,61.6642041130191,96.3735882794814
12539,80,61.6642041130191,96.3735882794814
12540,80,61.6642041130191,96.3735882794814
12541,80,61.6642041130191,96.3735882794814
12542,80,61.6642041130191,96.3735882794814
12543,80,61.6642041130191,96.3735882794814
12544,80,61.6642041130191,96.3735882794814
12545,80,61.6642041130191,96.3735882794814
12546,80,61.6642041130191,96.3735882794814
12547,80,61.6642041130191,96.3735882794814
12548,80,61.6642041130191,96.3735882794814
12549,80,61.6642041130191,96.3735882794814
12550,80,61.6642041130191,96.3735882794814
12551,80,61.6642041130191,96.3735882794814
12552,80,61.6642041130191,96.3735882794814
12553,80,61.6642041130191,96.3735882794814
12554,80,61.6642041130191,96.3735882794814
12555,80,61.6642041130191,96.3735882794814
12556,80,61.6642041130191,96.3735882794814
12557,80,61.6642041130191,96.3735882794814
12558,80,61.6642041130191,96.3735882794814
12559,80,61.6642041130191,96.3735882794814
12560,80,61.6642041130191,96.3735882794814
12561,80,61.6642041130191,96.3735882794814
12562,80,61.6642041130191,96.3735882794814
12563,80,61.6642041130191,96.3735882794814
12564,80,61.6642041130191,96.3735882794814
12565,80,61.6642041130191,96.3735882794814
12566,80,61.6642041130191,96.3735882794814
12567,80,61.6642041130191,96.3735882794814
12568,80,61.6642041130191,96.3735882794814
12569,80,61.6642041130191,96.3735882794814
12570,80,61.6642041130191,96.3735882794814
12571,80,61.6642041130191,96.3735882794814
12572,80,61.6642041130191,96.3735882794814
12573,80,61.6642041130191,96.3735882794814
12574,80,61.6642041130191,96.3735882794814
12575,80,61.6642041130191,96.3735882794814
12576,80,61.6642041130191,96.3735882794814
12577,80,61.6642041130191,96.3735882794814
12578,80,61.6642041130191,96.3735882794814
12579,80,61.6642041130191,96.3735882794814
12580,80,61.6642041130191,96.3735882794814
12581,80,61.6642041130191,96.3735882794814
12582,80,61.6642041130191,96.3735882794814
12583,80,61.6642041130191,96.3735882794814
12584,80,61.6642041130191,96.3735882794814
12585,80,61.6642041130191,96.3735882794814
12586,80,61.6642041130191,96.3735882794814
12587,80,61.6642041130191,96.3735882794814
12588,80,61.6642041130191,96.3735882794814
12589,80,61.6642041130191,96.3735882794814
12590,80,61.6642041130191,96.3735882794814
12591,80,61.6642041130191,96.3735882794814
12592,80,61.6642041130191,96.3735882794814
12593,80,61.6642041130191,96.3735882794814
12594,80,61.6642041130191,96.3735882794814
12595,80,61.6642041130191,96.3735882794814
12596,80,61.6642041130191,96.3735882794814
12597,80,61.6642041130191,96.3735882794814
12598,80,61.6642041130191,96.3735882794814
12599,80,61.6642041130191,96.3735882794814
12600,80,61.6642041130191,96.3735882794814
12601,80,61.6642041130191,96.3735882794814
12602,80,61.6642041130191,96.3735882794814
12603,80,61.6642041130191,96.3735882794814
12604,80,61.6642041130191,96.3735882794814
12605,80,61.6642041130191,96.3735882794814
12606,80,61.6642041130191,96.3735882794814
12607,80,61.6642041130191,96.3735882794814
12608,80,61.6642041130191,96.3735882794814
12609,80,61.6642041130191,96.3735882794814
12610,80,61.6642041130191,96.3735882794814
12611,80,61.6642041130191,96.3735882794814
12612,80,61.6642041130191,96.3735882794814
12613,80,61.6642041130191,96.3735882794814
12614,80,61.6642041130191,96.3735882794814
12615,80,61.6642041130191,96.3735882794814
12616,80,61.6642041130191,96.3735882794814
12617,80,61.6642041130191,96.3735882794814
12618,80,61.6642041130191,96.3735882794814
12619,80,61.6642041130191,96.3735882794814
12620,80,61.6642041130191,96.3735882794814
12621,80,61.6642041130191,96.3735882794814
12622,80,61.6642041130191,96.3735882794814
12623,80,61.6642041130191,96.3735882794814
12624,80,61.6642041130191,96.3735882794814
12625,80,61.6642041130191,96.3735882794814
12626,80,61.6642041130191,96.3735882794814
12627,80,61.6642041130191,96.3735882794814
12628,80,61.6642041130191,96.3735882794814
12629,80,61.6642041130191,96.3735882794814
12630,80,61.6642041130191,96.3735882794814
12631,80,61.6642041130191,96.3735882794814
12632,80,61.6642041130191,96.3735882794814
12633,80,61.6642041130191,96.3735882794814
12634,80,61.6642041130191,96.3735882794814
12635,80,61.6642041130191,96.3735882794814
12636,80,61.6642041130191,96.3735882794814
12637,80,61.6642041130191,96.3735882794814
12638,80,61.6642041130191,96.3735882794814
12639,80,61.6642041130191,96.3735882794814
12640,80,61.6642041130191,96.3735882794814
12641,80,61.6642041130191,96.3735882794814
12642,80,61.6642041130191,96.3735882794814
12643,80,61.6642041130191,96.3735882794814
12644,80,61.6642041130191,96.3735882794814
12645,80,61.6642041130191,96.3735882794814
12646,80,61.6642041130191,96.3735882794814
12647,80,61.6642041130191,96.3735882794814
12648,80,61.6642041130191,96.3735882794814
12649,80,61.6642041130191,96.3735882794814
12650,80,61.6642041130191,96.3735882794814
12651,80,61.6642041130191,96.3735882794814
12652,80,61.6642041130191,96.3735882794814
12653,80,61.6642041130191,96.3735882794814
12654,80,61.6642041130191,96.3735882794814
12655,80,61.6642041130191,96.3735882794814
12656,80,61.6642041130191,96.3735882794814
12657,80,61.6642041130191,96.3735882794814
12658,80,61.6642041130191,96.3735882794814
12659,80,61.6642041130191,96.3735882794814
12660,80,61.6642041130191,96.3735882794814
12661,80,61.6642041130191,96.3735882794814
12662,80,61.6642041130191,96.3735882794814
12663,80,61.6642041130191,96.3735882794814
12664,80,61.6642041130191,96.3735882794814
12665,80,61.6642041130191,96.3735882794814
12666,80,61.6642041130191,96.3735882794814
12667,80,61.6642041130191,96.3735882794814
12668,80,61.6642041130191,96.3735882794814
12669,80,61.6642041130191,96.3735882794814
12670,80,61.6642041130191,96.3735882794814
12671,80,61.6642041130191,96.3735882794814
12672,80,61.6642041130191,96.3735882794814
12673,80,61.6642041130191,96.3735882794814
12674,80,61.6642041130191,96.3735882794814
12675,80,61.6642041130191,96.3735882794814
12676,80,61.6642041130191,96.3735882794814
12677,80,61.6642041130191,96.3735882794814
12678,80,61.6642041130191,96.3735882794814
12679,80,61.6642041130191,96.3735882794814
12680,80,61.6642041130191,96.3735882794814
12681,80,61.6642041130191,96.3735882794814
12682,80,61.6642041130191,96.3735882794814
12683,80,61.6642041130191,96.3735882794814
12684,80,61.6642041130191,96.3735882794814
12685,80,61.6642041130191,96.3735882794814
12686,80,61.6642041130191,96.3735882794814
12687,80,61.6642041130191,96.3735882794814
12688,80,61.6642041130191,96.3735882794814
12689,80,61.6642041130191,96.3735882794814
12690,80,61.6642041130191,96.3735882794814
12691,80,61.6642041130191,96.3735882794814
12692,80,61.6642041130191,96.3735882794814
12693,80,61.6642041130191,96.3735882794814
12694,80,61.6642041130191,96.3735882794814
12695,80,61.6642041130191,96.3735882794814
12696,80,61.6642041130191,96.3735882794814
12697,80,61.6642041130191,96.3735882794814
12698,80,61.6642041130191,96.3735882794814
12699,80,86.0854690259165,31.7473953244214
12700,80,86.0854690259165,31.7473953244214
12701,80,86.0854690259165,31.7473953244214
12702,80,86.0854690259165,31.7473953244214
12703,80,86.0854690259165,31.7473953244214
12704,80,86.0854690259165,31.7473953244214
12705,80,86.0854690259165,31.7473953244214
12706,80,86.0854690259165,31.7473953244214
12707,80,86.0854690259165,31.7473953244214
12708,80,86.0854690259165,31.7473953244214
12709,80,86.0854690259165,31.7473953244214
12710,80,86.0854690259165,31.7473953244214
12711,80,86.0854690259165,31.7473953244214
12712,80,86.0854690259165,31.7473953244214
12713,80,86.0854690259165,31.7473953244214
12714,80,86.0854690259165,31.7473953244214
12715,80,86.0854690259165,31.7473953244214
12716,80,86.0854690259165,31.7473953244214
12717,80,86.0854690259165,31.7473953244214
12718,80,86.0854690259165,31.7473953244214
12719,80,86.0854690259165,31.7473953244214
12720,80,86.0854690259165,31.7473953244214
12721,80,86.0854690259165,31.7473953244214
12722,80,86.0854690259165,31.7473953244214
12723,80,86.0854690259165,31.7473953244214
12724,80,86.0854690259165,31.7473953244214
12725,80,86.0854690259165,31.7473953244214
12726,80,86.0854690259165,31.7473953244214
12727,80,86.0854690259165,31.7473953244214
12728,80,86.0854690259165,31.7473953244214
12729,80,86.0854690259165,31.7473953244214
12730,80,86.0854690259165,31.7473953244214
12731,80,86.0854690259165,31.7473953244214
12732,80,86.0854690259165,31.7473953244214
12733,80,86.0854690259165,31.7473953244214
12734,80,86.0854690259165,31.7473953244214
12735,80,86.0854690259165,31.7473953244214
12736,80,86.0854690259165,31.7473953244214
12737,80,86.0854690259165,31.7473953244214
12738,80,86.0854690259165,31.7473953244214
12739,80,86.0854690259165,31.7473953244214
12740,80,86.0854690259165,31.7473953244214
12741,80,86.0854690259165,31.7473953244214
12742,80,86.0854690259165,31.7473953244214
12743,80,86.0854690259165,31.7473953244214
12744,80,86.0854690259165,31.7473953244214
12745,80,86.0854690259165,31.7473953244214
12746,80,86.0854690259165,31.7473953244214
12747,80,86.0854690259165,31.7473953244214
12748,80,86.0854690259165,31.7473953244214
12749,80,86.0854690259165,31.7473953244214
12750,80,86.0854690259165,31.7473953244214
12751,80,86.0854690259165,31.7473953244214
12752,80,86.0854690259165,31.7473953244214
12753,80,86.0854690259165,31.7473953244214
12754,80,86.0854690259165,31.7473953244214
12755,80,86.0854690259165,31.7473953244214
12756,80,86.0854690259165,31.7473953244214
12757,80,86.0854690259165,31.7473953244214
12758,80,86.0854690259165,31.7473953244214
12759,80,86.0854690259165,31.7473953244214
12760,80,86.0854690259165,31.7473953244214
12761,80,86.0854690259165,31.7473953244214
12762,80,86.0854690259165,31.7473953244214
12763,80,86.0854690259165,31.7473953244214
12764,80,86.0854690259165,31.7473953244214
12765,80,86.0854690259165,31.7473953244214
12766,80,86.0854690259165,31.7473953244214
12767,80,86.0854690259165,31.7473953244214
12768,80,86.0854690259165,31.7473953244214
12769,80,86.0854690259165,31.7473953244214
12770,80,86.0854690259165,31.7473953244214
12771,80,86.0854690259165,31.7473953244214
12772,80,86.0854690259165,31.7473953244214
12773,80,86.0854690259165,31.7473953244214
12774,80,86.0854690259165,31.7473953244214
12775,80,86.0854690259165,31.7473953244214
12776,80,86.0854690259165,31.7473953244214
12777,80,86.0854690259165,31.7473953244214
12778,80,86.0854690259165,31.7473953244214
12779,80,86.0854690259165,31.7473953244214
12780,80,86.0854690259165,31.7473953244214
12781,80,86.0854690259165,31.7473953244214
12782,80,86.0854690259165,31.7473953244214
12783,80,86.0854690259165,31.7473953244214
12784,80,86.0854690259165,31.7473953244214
12785,80,86.0854690259165,31.7473953244214
12786,80,86.0854690259165,31.7473953244214
12787,80,86.0854690259165,31.7473953244214
12788,80,86.0854690259165,31.7473953244214
12789,80,86.0854690259165,31.7473953244214
12790,80,86.0854690259165,31.7473953244214
12791,80,86.0854690259165,31.7473953244214
12792,80,86.0854690259165,31.7473953244214
12793,80,86.0854690259165,31.7473953244214
12794,80,86.0854690259165,31.7473953244214
12795,80,86.0854690259165,31.7473953244214
12796,80,86.0854690259165,31.7473953244214
12797,80,86.0854690259165,31.7473953244214
12798,80,86.0854690259165,31.7473953244214
12799,80,86.0854690259165,31.7473953244214
12800,80,86.0854690259165,31.7473953244214
12801,80,86.0854690259165,31.7473953244214
12802,80,86.0854690259165,31.7473953244214
12803,80,86.0854690259165,31.7473953244214
12804,80,86.0854690259165,31.7473953244214
12805,80,86.0854690259165,31.7473953244214
12806,80,86.0854690259165,31.7473953244214
12807,80,86.0854690259165,31.7473953244214
12808,80,86.0854690259165,31.7473953244214
12809,80,86.0854690259165,31.7473953244214
12810,80,86.0854690259165,31.7473953244214
12811,80,86.0854690259165,31.7473953244214
12812,80,86.0854690259165,31.7473953244214
12813,80,86.0854690259165,31.7473953244214
12814,80,86.0854690259165,31.7473953244214
12815,80,86.0854690259165,31.7473953244214
12816,80,86.0854690259165,31.7473953244214
12817,80,86.0854690259165,31.7473953244214
12818,80,86.0854690259165,31.7473953244214
12819,80,86.0854690259165,31.7473953244214
12820,80,86.0854690259165,31.7473953244214
12821,80,86.0854690259165,31.7473953244214
12822,80,86.0854690259165,31.7473953244214
12823,80,86.0854690259165,31.7473953244214
12824,80,86.0854690259165,31.7473953244214
12825,80,86.0854690259165,31.7473953244214
12826,80,86.0854690259165,31.7473953244214
12827,80,86.0854690259165,31.7473953244214
12828,80,86.0854690259165,31.7473953244214
12829,80,86.0854690259165,31.7473953244214
12830,80,86.0854690259165,31.7473953244214
12831,80,86.0854690259165,31.7473953244214
12832,80,86.0854690259165,31.7473953244214
12833,80,86.0854690259165,31.7473953244214
12834,80,86.0854690259165,31.7473953244214
12835,80,86.0854690259165,31.7473953244214
12836,80,86.0854690259165,31.7473953244214
12837,80,86.0854690259165,31.7473953244214
12838,80,86.0854690259165,31.7473953244214
12839,80,86.0854690259165,31.7473953244214
12840,80,86.0854690259165,31.7473953244214
12841,80,86.0854690259165,31.7473953244214
12842,80,86.0854690259165,31.7473953244214
12843,80,86.0854690259165,31.7473953244214
12844,80,86.0854690259165,31.7473953244214
12845,80,86.0854690259165,31.7473953244214
12846,80,86.0854690259165,31.7473953244214
12847,80,86.0854690259165,31.7473953244214
12848,80,86.0854690259165,31.7473953244214
12849,80,86.0854690259165,31.7473953244214
12850,80,86.0854690259165,31.7473953244214
12851,80,86.0854690259165,31.7473953244214
12852,80,86.0854690259165,31.7473953244214
12853,80,86.0854690259165,31.7473953244214
12854,80,86.0854690259165,31.7473953244214
12855,80,86.0854690259165,31.7473953244214
12856,80,86.0854690259165,31.7473953244214
12857,80,86.0854690259165,31.7473953244214
12858,80,86.0854690259165,31.7473953244214
12859,80,86.0854690259165,31.7473953244214
12860,80,86.0854690259165,31.7473953244214
12861,80,86.0854690259165,31.7473953244214
12862,80,86.0854690259165,31.7473953244214
12863,80,86.0854690259165,31.7473953244214
12864,80,86.0854690259165,31.7473953244214
12865,80,86.0854690259165,31.7473953244214
12866,80,86.0854690259165,31.7473953244214
12867,80,86.0854690259165,31.7473953244214
12868,80,86.0854690259165,31.7473953244214
12869,80,86.0854690259165,31.7473953244214
12870,80,86.0854690259165,31.7473953244214
12871,80,86.0854690259165,31.7473953244214
12872,80,86.0854690259165,31.7473953244214
12873,80,86.0854690259165,31.7473953244214
12874,80,86.0854690259165,31.7473953244214
12875,80,86.0854690259165,31.7473953244214
12876,80,86.0854690259165,31.7473953244214
12877,80,86.0854690259165,31.7473953244214
12878,80,86.0854690259165,31.7473953244214
12879,80,86.0854690259165,31.7473953244214
12880,80,86.0854690259165,31.7473953244214
12881,80,86.0854690259165,31.7473953244214
12882,80,86.0854690259165,31.7473953244214
12883,80,86.0854690259165,31.7473953244214
12884,80,86.0854690259165,31.7473953244214
12885,80,86.0854690259165,31.7473953244214
12886,80,86.0854690259165,31.7473953244214
12887,80,86.0854690259165,31.7473953244214
12888,80,86.0854690259165,31.7473953244214
12889,80,86.0854690259165,31.7473953244214
12890,80,86.0854690259165,31.7473953244214
12891,80,86.0854690259165,31.7473953244214
12892,80,86.0854690259165,31.7473953244214
12893,80,86.0854690259165,31.7473953244214
12894,80,86.0854690259165,31.7473953244214
12895,80,86.0854690259165,31.7473953244214
12896,80,86.0854690259165,31.7473953244214
12897,80,86.0854690259165,31.7473953244214
12898,80,86.0854690259165,31.7473953244214
12899,80,86.0854690259165,31.7473953244214
12900,80,86.0854690259165,31.7473953244214
12901,80,86.0854690259165,31.7473953244214
12902,80,86.0854690259165,31.7473953244214
12903,80,86.0854690259165,31.7473953244214
12904,80,86.0854690259165,31.7473953244214
12905,80,86.0854690259165,31.7473953244214
12906,80,86.0854690259165,31.7473953244214
12907,80,86.0854690259165,31.7473953244214
12908,80,86.0854690259165,31.7473953244214
12909,80,86.0854690259165,31.7473953244214
12910,80,86.0854690259165,31.7473953244214
12911,80,86.0854690259165,31.7473953244214
12912,80,86.0854690259165,31.7473953244214
12913,80,86.0854690259165,31.7473953244214
12914,80,86.0854690259165,31.7473953244214
12915,80,86.0854690259165,31.7473953244214
12916,80,86.0854690259165,31.7473953244214
12917,80,86.0854690259165,31.7473953244214
12918,80,86.0854690259165,31.7473953244214
12919,80,86.0854690259165,31.7473953244214
12920,80,86.0854690259165,31.7473953244214
12921,80,86.0854690259165,31.7473953244214
12922,80,86.0854690259165,31.7473953244214
12923,80,86.0854690259165,31.7473953244214
12924,80,86.0854690259165,31.7473953244214
12925,80,86.0854690259165,31.7473953244214
12926,80,86.0854690259165,31.7473953244214
12927,80,86.0854690259165,31.7473953244214
12928,80,86.0854690259165,31.7473953244214
12929,80,86.0854690259165,31.7473953244214
12930,80,86.0854690259165,31.7473953244214
12931,80,86.0854690259165,31.7473953244214
12932,80,86.0854690259165,31.7473953244214
12933,80,86.0854690259165,31.7473953244214
12934,80,86.0854690259165,31.7473953244214
12935,80,86.0854690259165,31.7473953244214
12936,80,86.0854690259165,31.7473953244214
12937,80,86.0854690259165,31.7473953244214
12938,80,86.0854690259165,31.7473953244214
12939,80,86.0854690259165,31.7473953244214
12940,80,86.0854690259165,31.7473953244214
12941,80,86.0854690259165,31.7473953244214
12942,80,86.0854690259165,31.7473953244214
12943,80,86.0854690259165,31.7473953244214
12944,80,86.0854690259165,31.7473953244214
12945,80,86.0854690259165,31.7473953244214
12946,80,86.0854690259165,31.7473953244214
12947,80,86.0854690259165,31.7473953244214
12948,80,80.7085698514408,33.7809156275008
12949,80,80.7085698514408,33.7809156275008
12950,80,80.7085698514408,33.7809156275008
12951,80,80.7085698514408,33.7809156275008
12952,80,80.7085698514408,33.7809156275008
12953,80,80.7085698514408,33.7809156275008
12954,80,80.7085698514408,33.7809156275008
12955,80,80.7085698514408,33.7809156275008
12956,80,80.7085698514408,33.7809156275008
12957,80,80.7085698514408,33.7809156275008
12958,80,80.7085698514408,33.7809156275008
12959,80,80.7085698514408,33.7809156275008
12960,80,80.7085698514408,33.7809156275008
12961,80,80.7085698514408,33.7809156275008
12962,80,80.7085698514408,33.7809156275008
12963,80,80.7085698514408,33.7809156275008
12964,80,80.7085698514408,33.7809156275008
12965,80,80.7085698514408,33.7809156275008
12966,80,80.7085698514408,33.7809156275008
12967,80,80.7085698514408,33.7809156275008
12968,80,80.7085698514408,33.7809156275008
12969,80,80.7085698514408,33.7809156275008
12970,80,80.7085698514408,33.7809156275008
12971,80,80.7085698514408,33.7809156275008
12972,80,80.7085698514408,33.7809156275008
12973,80,80.7085698514408,33.7809156275008
12974,80,80.7085698514408,33.7809156275008
12975,80,80.7085698514408,33.7809156275008
12976,80,80.7085698514408,33.7809156275008
12977,80,80.7085698514408,33.7809156275008
12978,80,80.7085698514408,33.7809156275008
12979,80,80.7085698514408,33.7809156275008
12980,80,80.7085698514408,33.7809156275008
12981,80,80.7085698514408,33.7809156275008
12982,80,80.7085698514408,33.7809156275008
12983,80,80.7085698514408,33.7809156275008
12984,80,80.7085698514408,33.7809156275008
12985,80,80.7085698514408,33.7809156275008
12986,80,80.7085698514408,33.7809156275008
12987,80,80.7085698514408,33.7809156275008
12988,80,80.7085698514408,33.7809156275008
12989,80,80.7085698514408,33.7809156275008
12990,80,80.7085698514408,33.7809156275008
12991,80,80.7085698514408,33.7809156275008
12992,80,80.7085698514408,33.7809156275008
12993,80,80.7085698514408,33.7809156275008
12994,80,80.7085698514408,33.7809156275008
12995,80,80.7085698514408,33.7809156275008
12996,80,80.7085698514408,33.7809156275008
12997,80,80.7085698514408,33.7809156275008
12998,80,80.7085698514408,33.7809156275008
12999,80,80.7085698514408,33.7809156275008
13000,80,80.7085698514408,33.7809156275008
13001,80,80.7085698514408,33.7809156275008
13002,80,80.7085698514408,33.7809156275008
13003,80,80.7085698514408,33.7809156275008
13004,80,80.7085698514408,33.7809156275008
13005,80,80.7085698514408,33.7809156275008
13006,80,80.7085698514408,33.7809156275008
13007,80,80.7085698514408,33.7809156275008
13008,80,80.7085698514408,33.7809156275008
13009,80,80.7085698514408,33.7809156275008
13010,80,80.7085698514408,33.7809156275008
13011,80,80.7085698514408,33.7809156275008
13012,80,80.7085698514408,33.7809156275008
13013,80,80.7085698514408,33.7809156275008
13014,80,80.7085698514408,33.7809156275008
13015,80,80.7085698514408,33.7809156275008
13016,80,80.7085698514408,33.7809156275008
13017,80,80.7085698514408,33.7809156275008
13018,80,80.7085698514408,33.7809156275008
13019,80,80.7085698514408,33.7809156275008
13020,80,80.7085698514408,33.7809156275008
13021,80,80.7085698514408,33.7809156275008
13022,80,80.7085698514408,33.7809156275008
13023,80,80.7085698514408,33.7809156275008
13024,80,80.7085698514408,33.7809156275008
13025,80,80.7085698514408,33.7809156275008
13026,80,80.7085698514408,33.7809156275008
13027,80,80.7085698514408,33.7809156275008
13028,80,80.7085698514408,33.7809156275008
13029,80,80.7085698514408,33.7809156275008
13030,80,80.7085698514408,33.7809156275008
13031,80,80.7085698514408,33.7809156275008
13032,80,80.7085698514408,33.7809156275008
13033,80,80.7085698514408,33.7809156275008
13034,80,80.7085698514408,33.7809156275008
13035,80,80.7085698514408,33.7809156275008
13036,80,80.7085698514408,33.7809156275008
13037,80,80.7085698514408,33.7809156275008
13038,80,80.7085698514408,33.7809156275008
13039,80,80.7085698514408,33.7809156275008
13040,80,80.7085698514408,33.7809156275008
13041,80,80.7085698514408,33.7809156275008
13042,80,80.7085698514408,33.7809156275008
13043,80,80.7085698514408,33.7809156275008
13044,80,80.7085698514408,33.7809156275008
13045,80,80.7085698514408,33.7809156275008
13046,80,80.7085698514408,33.7809156275008
13047,80,80.7085698514408,33.7809156275008
13048,80,80.7085698514408,33.7809156275008
13049,80,80.7085698514408,33.7809156275008
13050,80,80.7085698514408,33.7809156275008
13051,80,80.7085698514408,33.7809156275008
13052,80,80.7085698514408,33.7809156275008
13053,80,80.7085698514408,33.7809156275008
13054,80,80.7085698514408,33.7809156275008
13055,80,80.7085698514408,33.7809156275008
13056,80,80.7085698514408,33.7809156275008
13057,80,80.7085698514408,33.7809156275008
13058,80,80.7085698514408,33.7809156275008
13059,80,80.7085698514408,33.7809156275008
13060,80,80.7085698514408,33.7809156275008
13061,80,80.7085698514408,33.7809156275008
13062,80,80.7085698514408,33.7809156275008
13063,80,80.7085698514408,33.7809156275008
13064,80,80.7085698514408,33.7809156275008
13065,80,80.7085698514408,33.7809156275008
13066,80,80.7085698514408,33.7809156275008
13067,80,80.7085698514408,33.7809156275008
13068,80,80.7085698514408,33.7809156275008
13069,80,80.7085698514408,33.7809156275008
13070,80,80.7085698514408,33.7809156275008
13071,80,80.7085698514408,33.7809156275008
13072,80,80.7085698514408,33.7809156275008
13073,80,80.7085698514408,33.7809156275008
13074,80,80.7085698514408,33.7809156275008
13075,80,80.7085698514408,33.7809156275008
13076,80,80.7085698514408,33.7809156275008
13077,80,80.7085698514408,33.7809156275008
13078,80,80.7085698514408,33.7809156275008
13079,80,80.7085698514408,33.7809156275008
13080,80,80.7085698514408,33.7809156275008
13081,80,80.7085698514408,33.7809156275008
13082,80,80.7085698514408,33.7809156275008
13083,80,80.7085698514408,33.7809156275008
13084,80,80.7085698514408,33.7809156275008
13085,80,80.7085698514408,33.7809156275008
13086,80,80.7085698514408,33.7809156275008
13087,80,80.7085698514408,33.7809156275008
13088,80,80.7085698514408,33.7809156275008
13089,80,80.7085698514408,33.7809156275008
13090,80,80.7085698514408,33.7809156275008
13091,80,80.7085698514408,33.7809156275008
13092,80,80.7085698514408,33.7809156275008
13093,80,80.7085698514408,33.7809156275008
13094,80,80.7085698514408,33.7809156275008
13095,80,80.7085698514408,33.7809156275008
13096,80,80.7085698514408,33.7809156275008
13097,80,80.7085698514408,33.7809156275008
13098,80,80.7085698514408,33.7809156275008
13099,80,80.7085698514408,33.7809156275008
13100,80,80.7085698514408,33.7809156275008
13101,80,80.7085698514408,33.7809156275008
13102,80,80.7085698514408,33.7809156275008
13103,80,80.7085698514408,33.7809156275008
13104,80,80.7085698514408,33.7809156275008
13105,80,80.7085698514408,33.7809156275008
13106,80,80.7085698514408,33.7809156275008
13107,80,80.7085698514408,33.7809156275008
13108,80,80.7085698514408,33.7809156275008
13109,80,80.7085698514408,33.7809156275008
13110,80,80.7085698514408,33.7809156275008
13111,80,80.7085698514408,33.7809156275008
13112,80,80.7085698514408,33.7809156275008
13113,80,80.7085698514408,33.7809156275008
13114,80,80.7085698514408,33.7809156275008
13115,80,80.7085698514408,33.7809156275008
13116,80,80.7085698514408,33.7809156275008
13117,80,80.7085698514408,33.7809156275008
13118,80,80.7085698514408,33.7809156275008
13119,80,80.7085698514408,33.7809156275008
13120,80,80.7085698514408,33.7809156275008
13121,80,80.7085698514408,33.7809156275008
13122,80,80.7085698514408,33.7809156275008
13123,80,80.7085698514408,33.7809156275008
13124,80,80.7085698514408,33.7809156275008
13125,80,80.7085698514408,33.7809156275008
13126,80,80.7085698514408,33.7809156275008
13127,80,80.7085698514408,33.7809156275008
13128,80,80.7085698514408,33.7809156275008
13129,80,80.7085698514408,33.7809156275008
13130,80,80.7085698514408,33.7809156275008
13131,80,80.7085698514408,33.7809156275008
13132,80,80.7085698514408,33.7809156275008
13133,80,80.7085698514408,33.7809156275008
13134,80,80.7085698514408,33.7809156275008
13135,80,80.7085698514408,33.7809156275008
13136,80,80.7085698514408,33.7809156275008
13137,80,80.7085698514408,33.7809156275008
13138,80,80.7085698514408,33.7809156275008
13139,80,80.7085698514408,33.7809156275008
13140,80,80.7085698514408,33.7809156275008
13141,80,80.7085698514408,33.7809156275008
13142,80,80.7085698514408,33.7809156275008
13143,80,80.7085698514408,33.7809156275008
13144,80,80.7085698514408,33.7809156275008
13145,80,80.7085698514408,33.7809156275008
13146,80,80.7085698514408,33.7809156275008
13147,80,80.7085698514408,33.7809156275008
13148,80,80.7085698514408,33.7809156275008
13149,80,80.7085698514408,33.7809156275008
13150,80,80.7085698514408,33.7809156275008
13151,80,80.7085698514408,33.7809156275008
13152,80,80.7085698514408,33.7809156275008
13153,80,80.7085698514408,33.7809156275008
13154,80,80.7085698514408,33.7809156275008
13155,80,80.7085698514408,33.7809156275008
13156,80,80.7085698514408,33.7809156275008
13157,80,80.7085698514408,33.7809156275008
13158,80,80.7085698514408,33.7809156275008
13159,80,80.7085698514408,33.7809156275008
13160,80,80.7085698514408,33.7809156275008
13161,80,80.7085698514408,33.7809156275008
13162,80,80.7085698514408,33.7809156275008
13163,80,80.7085698514408,33.7809156275008
13164,80,80.7085698514408,33.7809156275008
13165,80,80.7085698514408,33.7809156275008
13166,80,80.7085698514408,33.7809156275008
13167,80,80.7085698514408,33.7809156275008
13168,80,80.7085698514408,33.7809156275008
13169,80,80.7085698514408,33.7809156275008
13170,80,80.7085698514408,33.7809156275008
13171,80,80.7085698514408,33.7809156275008
13172,80,80.7085698514408,33.7809156275008
13173,80,80.7085698514408,33.7809156275008
13174,80,80.7085698514408,33.7809156275008
13175,80,80.7085698514408,33.7809156275008
13176,80,80.7085698514408,33.7809156275008
13177,80,80.7085698514408,33.7809156275008
13178,80,80.7085698514408,33.7809156275008
13179,80,80.7085698514408,33.7809156275008
13180,80,80.7085698514408,33.7809156275008
13181,80,80.7085698514408,33.7809156275008
13182,80,80.7085698514408,33.7809156275008
13183,80,80.7085698514408,33.7809156275008
13184,80,80.7085698514408,33.7809156275008
13185,80,80.7085698514408,33.7809156275008
13186,80,80.7085698514408,33.7809156275008
13187,80,80.7085698514408,33.7809156275008
13188,80,80.7085698514408,33.7809156275008
13189,80,80.7085698514408,33.7809156275008
13190,80,80.7085698514408,33.7809156275008
13191,80,80.7085698514408,33.7809156275008
13192,80,80.7085698514408,33.7809156275008
13193,80,80.7085698514408,33.7809156275008
13194,80,80.7085698514408,33.7809156275008
13195,80,80.7085698514408,33.7809156275008
13196,80,80.7085698514408,33.7809156275008
13197,80,92.9112423114722,31.4754860670689
13198,80,92.9112423114722,31.4754860670689
13199,80,92.9112423114722,31.4754860670689
13200,80,92.9112423114722,31.4754860670689
13201,80,92.9112423114722,31.4754860670689
13202,80,92.9112423114722,31.4754860670689
13203,80,92.9112423114722,31.4754860670689
13204,80,92.9112423114722,31.4754860670689
13205,80,92.9112423114722,31.4754860670689
13206,80,92.9112423114722,31.4754860670689
13207,80,92.9112423114722,31.4754860670689
13208,80,92.9112423114722,31.4754860670689
13209,80,92.9112423114722,31.4754860670689
13210,80,92.9112423114722,31.4754860670689
13211,80,92.9112423114722,31.4754860670689
13212,80,92.9112423114722,31.4754860670689
13213,80,92.9112423114722,31.4754860670689
13214,80,92.9112423114722,31.4754860670689
13215,80,92.9112423114722,31.4754860670689
13216,80,92.9112423114722,31.4754860670689
13217,80,92.9112423114722,31.4754860670689
13218,80,92.9112423114722,31.4754860670689
13219,80,92.9112423114722,31.4754860670689
13220,80,92.9112423114722,31.4754860670689
13221,80,92.9112423114722,31.4754860670689
13222,80,92.9112423114722,31.4754860670689
13223,80,92.9112423114722,31.4754860670689
13224,80,92.9112423114722,31.4754860670689
13225,80,92.9112423114722,31.4754860670689
13226,80,92.9112423114722,31.4754860670689
13227,80,92.9112423114722,31.4754860670689
13228,80,92.9112423114722,31.4754860670689
13229,80,92.9112423114722,31.4754860670689
13230,80,92.9112423114722,31.4754860670689
13231,80,92.9112423114722,31.4754860670689
13232,80,92.9112423114722,31.4754860670689
13233,80,92.9112423114722,31.4754860670689
13234,80,92.9112423114722,31.4754860670689
13235,80,92.9112423114722,31.4754860670689
13236,80,92.9112423114722,31.4754860670689
13237,80,92.9112423114722,31.4754860670689
13238,80,92.9112423114722,31.4754860670689
13239,80,92.9112423114722,31.4754860670689
13240,80,92.9112423114722,31.4754860670689
13241,80,92.9112423114722,31.4754860670689
13242,80,92.9112423114722,31.4754860670689
13243,80,92.9112423114722,31.4754860670689
13244,80,92.9112423114722,31.4754860670689
13245,80,92.9112423114722,31.4754860670689
13246,80,92.9112423114722,31.4754860670689
13247,80,92.9112423114722,31.4754860670689
13248,80,92.9112423114722,31.4754860670689
13249,80,92.9112423114722,31.4754860670689
13250,80,92.9112423114722,31.4754860670689
13251,80,92.9112423114722,31.4754860670689
13252,80,92.9112423114722,31.4754860670689
13253,80,92.9112423114722,31.4754860670689
13254,80,92.9112423114722,31.4754860670689
13255,80,92.9112423114722,31.4754860670689
13256,80,92.9112423114722,31.4754860670689
13257,80,92.9112423114722,31.4754860670689
13258,80,92.9112423114722,31.4754860670689
13259,80,92.9112423114722,31.4754860670689
13260,80,92.9112423114722,31.4754860670689
13261,80,92.9112423114722,31.4754860670689
13262,80,92.9112423114722,31.4754860670689
13263,80,92.9112423114722,31.4754860670689
13264,80,92.9112423114722,31.4754860670689
13265,80,92.9112423114722,31.4754860670689
13266,80,92.9112423114722,31.4754860670689
13267,80,92.9112423114722,31.4754860670689
13268,80,92.9112423114722,31.4754860670689
13269,80,92.9112423114722,31.4754860670689
13270,80,92.9112423114722,31.4754860670689
13271,80,92.9112423114722,31.4754860670689
13272,80,92.9112423114722,31.4754860670689
13273,80,92.9112423114722,31.4754860670689
13274,80,92.9112423114722,31.4754860670689
13275,80,92.9112423114722,31.4754860670689
13276,80,92.9112423114722,31.4754860670689
13277,80,92.9112423114722,31.4754860670689
13278,80,92.9112423114722,31.4754860670689
13279,80,92.9112423114722,31.4754860670689
13280,80,92.9112423114722,31.4754860670689
13281,80,92.9112423114722,31.4754860670689
13282,80,92.9112423114722,31.4754860670689
13283,80,92.9112423114722,31.4754860670689
13284,80,92.9112423114722,31.4754860670689
13285,80,92.9112423114722,31.4754860670689
13286,80,92.9112423114722,31.4754860670689
13287,80,92.9112423114722,31.4754860670689
13288,80,92.9112423114722,31.4754860670689
13289,80,92.9112423114722,31.4754860670689
13290,80,92.9112423114722,31.4754860670689
13291,80,92.9112423114722,31.4754860670689
13292,80,92.9112423114722,31.4754860670689
13293,80,92.9112423114722,31.4754860670689
13294,80,92.9112423114722,31.4754860670689
13295,80,92.9112423114722,31.4754860670689
13296,80,92.9112423114722,31.4754860670689
13297,80,92.9112423114722,31.4754860670689
13298,80,92.9112423114722,31.4754860670689
13299,80,92.9112423114722,31.4754860670689
13300,80,92.9112423114722,31.4754860670689
13301,80,92.9112423114722,31.4754860670689
13302,80,92.9112423114722,31.4754860670689
13303,80,92.9112423114722,31.4754860670689
13304,80,92.9112423114722,31.4754860670689
13305,80,92.9112423114722,31.4754860670689
13306,80,92.9112423114722,31.4754860670689
13307,80,92.9112423114722,31.4754860670689
13308,80,92.9112423114722,31.4754860670689
13309,80,92.9112423114722,31.4754860670689
13310,80,92.9112423114722,31.4754860670689
13311,80,92.9112423114722,31.4754860670689
13312,80,92.9112423114722,31.4754860670689
13313,80,92.9112423114722,31.4754860670689
13314,80,92.9112423114722,31.4754860670689
13315,80,92.9112423114722,31.4754860670689
13316,80,92.9112423114722,31.4754860670689
13317,80,92.9112423114722,31.4754860670689
13318,80,92.9112423114722,31.4754860670689
13319,80,92.9112423114722,31.4754860670689
13320,80,92.9112423114722,31.4754860670689
13321,80,92.9112423114722,31.4754860670689
13322,80,92.9112423114722,31.4754860670689
13323,80,92.9112423114722,31.4754860670689
13324,80,92.9112423114722,31.4754860670689
13325,80,92.9112423114722,31.4754860670689
13326,80,92.9112423114722,31.4754860670689
13327,80,92.9112423114722,31.4754860670689
13328,80,92.9112423114722,31.4754860670689
13329,80,92.9112423114722,31.4754860670689
13330,80,92.9112423114722,31.4754860670689
13331,80,92.9112423114722,31.4754860670689
13332,80,92.9112423114722,31.4754860670689
13333,80,92.9112423114722,31.4754860670689
13334,80,92.9112423114722,31.4754860670689
13335,80,92.9112423114722,31.4754860670689
13336,80,92.9112423114722,31.4754860670689
13337,80,92.9112423114722,31.4754860670689
13338,80,92.9112423114722,31.4754860670689
13339,80,92.9112423114722,31.4754860670689
13340,80,92.9112423114722,31.4754860670689
13341,80,92.9112423114722,31.4754860670689
13342,80,92.9112423114722,31.4754860670689
13343,80,92.9112423114722,31.4754860670689
13344,80,92.9112423114722,31.4754860670689
13345,80,92.9112423114722,31.4754860670689
13346,80,92.9112423114722,31.4754860670689
13347,80,92.9112423114722,31.4754860670689
13348,80,92.9112423114722,31.4754860670689
13349,80,92.9112423114722,31.4754860670689
13350,80,92.9112423114722,31.4754860670689
13351,80,92.9112423114722,31.4754860670689
13352,80,92.9112423114722,31.4754860670689
13353,80,92.9112423114722,31.4754860670689
13354,80,92.9112423114722,31.4754860670689
13355,80,92.9112423114722,31.4754860670689
13356,80,92.9112423114722,31.4754860670689
13357,80,92.9112423114722,31.4754860670689
13358,80,92.9112423114722,31.4754860670689
13359,80,92.9112423114722,31.4754860670689
13360,80,92.9112423114722,31.4754860670689
13361,80,92.9112423114722,31.4754860670689
13362,80,92.9112423114722,31.4754860670689
13363,80,92.9112423114722,31.4754860670689
13364,80,92.9112423114722,31.4754860670689
13365,80,92.9112423114722,31.4754860670689
13366,80,92.9112423114722,31.4754860670689
13367,80,92.9112423114722,31.4754860670689
13368,80,92.9112423114722,31.4754860670689
13369,80,92.9112423114722,31.4754860670689
13370,80,92.9112423114722,31.4754860670689
13371,80,92.9112423114722,31.4754860670689
13372,80,92.9112423114722,31.4754860670689
13373,80,92.9112423114722,31.4754860670689
13374,80,92.9112423114722,31.4754860670689
13375,80,92.9112423114722,31.4754860670689
13376,80,92.9112423114722,31.4754860670689
13377,80,92.9112423114722,31.4754860670689
13378,80,92.9112423114722,31.4754860670689
13379,80,92.9112423114722,31.4754860670689
13380,80,92.9112423114722,31.4754860670689
13381,80,92.9112423114722,31.4754860670689
13382,80,92.9112423114722,31.4754860670689
13383,80,92.9112423114722,31.4754860670689
13384,80,92.9112423114722,31.4754860670689
13385,80,92.9112423114722,31.4754860670689
13386,80,92.9112423114722,31.4754860670689
13387,80,92.9112423114722,31.4754860670689
13388,80,92.9112423114722,31.4754860670689
13389,80,92.9112423114722,31.4754860670689
13390,80,92.9112423114722,31.4754860670689
13391,80,92.9112423114722,31.4754860670689
13392,80,92.9112423114722,31.4754860670689
13393,80,92.9112423114722,31.4754860670689
13394,80,92.9112423114722,31.4754860670689
13395,80,92.9112423114722,31.4754860670689
13396,80,92.9112423114722,31.4754860670689
13397,80,92.9112423114722,31.4754860670689
13398,80,92.9112423114722,31.4754860670689
13399,80,92.9112423114722,31.4754860670689
13400,80,92.9112423114722,31.4754860670689
13401,80,92.9112423114722,31.4754860670689
13402,80,92.9112423114722,31.4754860670689
13403,80,92.9112423114722,31.4754860670689
13404,80,92.9112423114722,31.4754860670689
13405,80,92.9112423114722,31.4754860670689
13406,80,92.9112423114722,31.4754860670689
13407,80,92.9112423114722,31.4754860670689
13408,80,92.9112423114722,31.4754860670689
13409,80,92.9112423114722,31.4754860670689
13410,80,92.9112423114722,31.4754860670689
13411,80,92.9112423114722,31.4754860670689
13412,80,92.9112423114722,31.4754860670689
13413,80,92.9112423114722,31.4754860670689
13414,80,92.9112423114722,31.4754860670689
13415,80,92.9112423114722,31.4754860670689
13416,80,92.9112423114722,31.4754860670689
13417,80,92.9112423114722,31.4754860670689
13418,80,92.9112423114722,31.4754860670689
13419,80,92.9112423114722,31.4754860670689
13420,80,92.9112423114722,31.4754860670689
13421,80,92.9112423114722,31.4754860670689
13422,80,92.9112423114722,31.4754860670689
13423,80,92.9112423114722,31.4754860670689
13424,80,92.9112423114722,31.4754860670689
13425,80,92.9112423114722,31.4754860670689
13426,80,92.9112423114722,31.4754860670689
13427,80,92.9112423114722,31.4754860670689
13428,80,92.9112423114722,31.4754860670689
13429,80,92.9112423114722,31.4754860670689
13430,80,92.9112423114722,31.4754860670689
13431,80,92.9112423114722,31.4754860670689
13432,80,92.9112423114722,31.4754860670689
13433,80,92.9112423114722,31.4754860670689
13434,80,92.9112423114722,31.4754860670689
13435,80,92.9112423114722,31.4754860670689
13436,80,92.9112423114722,31.4754860670689
13437,80,92.9112423114722,31.4754860670689
13438,80,92.9112423114722,31.4754860670689
13439,80,92.9112423114722,31.4754860670689
13440,80,92.9112423114722,31.4754860670689
13441,80,92.9112423114722,31.4754860670689
13442,80,92.9112423114722,31.4754860670689
13443,80,92.9112423114722,31.4754860670689
13444,80,92.9112423114722,31.4754860670689
13445,80,92.9112423114722,31.4754860670689
13446,80,94.0001181596067,0.57561344031514
13447,80,94.0001181596067,0.57561344031514
13448,80,94.0001181596067,0.57561344031514
13449,80,94.0001181596067,0.57561344031514
13450,80,94.0001181596067,0.57561344031514
13451,80,94.0001181596067,0.57561344031514
13452,80,94.0001181596067,0.57561344031514
13453,80,94.0001181596067,0.57561344031514
13454,80,94.0001181596067,0.57561344031514
13455,80,94.0001181596067,0.57561344031514
13456,80,94.0001181596067,0.57561344031514
13457,80,94.0001181596067,0.57561344031514
13458,80,94.0001181596067,0.57561344031514
13459,80,94.0001181596067,0.57561344031514
13460,80,94.0001181596067,0.57561344031514
13461,80,94.0001181596067,0.57561344031514
13462,80,94.0001181596067,0.57561344031514
13463,80,94.0001181596067,0.57561344031514
13464,80,94.0001181596067,0.57561344031514
13465,80,94.0001181596067,0.57561344031514
13466,80,94.0001181596067,0.57561344031514
13467,80,94.0001181596067,0.57561344031514
13468,80,94.0001181596067,0.57561344031514
13469,80,94.0001181596067,0.57561344031514
13470,80,94.0001181596067,0.57561344031514
13471,80,94.0001181596067,0.57561344031514
13472,80,94.0001181596067,0.57561344031514
13473,80,94.0001181596067,0.57561344031514
13474,80,94.0001181596067,0.57561344031514
13475,80,94.0001181596067,0.57561344031514
13476,80,94.0001181596067,0.57561344031514
13477,80,94.0001181596067,0.57561344031514
13478,80,94.0001181596067,0.57561344031514
13479,80,94.0001181596067,0.57561344031514
13480,80,94.0001181596067,0.57561344031514
13481,80,94.0001181596067,0.57561344031514
13482,80,94.0001181596067,0.57561344031514
13483,80,94.0001181596067,0.57561344031514
13484,80,94.0001181596067,0.57561344031514
13485,80,94.0001181596067,0.57561344031514
13486,80,94.0001181596067,0.57561344031514
13487,80,94.0001181596067,0.57561344031514
13488,80,94.0001181596067,0.57561344031514
13489,80,94.0001181596067,0.57561344031514
13490,80,94.0001181596067,0.57561344031514
13491,80,94.0001181596067,0.57561344031514
13492,80,94.0001181596067,0.57561344031514
13493,80,94.0001181596067,0.57561344031514
13494,80,94.0001181596067,0.57561344031514
13495,80,94.0001181596067,0.57561344031514
13496,80,94.0001181596067,0.57561344031514
13497,80,94.0001181596067,0.57561344031514
13498,80,94.0001181596067,0.57561344031514
13499,80,94.0001181596067,0.57561344031514
13500,80,94.0001181596067,0.57561344031514
13501,80,94.0001181596067,0.57561344031514
13502,80,94.0001181596067,0.57561344031514
13503,80,94.0001181596067,0.57561344031514
13504,80,94.0001181596067,0.57561344031514
13505,80,94.0001181596067,0.57561344031514
13506,80,94.0001181596067,0.57561344031514
13507,80,94.0001181596067,0.57561344031514
13508,80,94.0001181596067,0.57561344031514
13509,80,94.0001181596067,0.57561344031514
13510,80,94.0001181596067,0.57561344031514
13511,80,94.0001181596067,0.57561344031514
13512,80,94.0001181596067,0.57561344031514
13513,80,94.0001181596067,0.57561344031514
13514,80,94.0001181596067,0.57561344031514
13515,80,94.0001181596067,0.57561344031514
13516,80,94.0001181596067,0.57561344031514
13517,80,94.0001181596067,0.57561344031514
13518,80,94.0001181596067,0.57561344031514
13519,80,94.0001181596067,0.57561344031514
13520,80,94.0001181596067,0.57561344031514
13521,80,94.0001181596067,0.57561344031514
13522,80,94.0001181596067,0.57561344031514
13523,80,94.0001181596067,0.57561344031514
13524,80,94.0001181596067,0.57561344031514
13525,80,94.0001181596067,0.57561344031514
13526,80,94.0001181596067,0.57561344031514
13527,80,94.0001181596067,0.57561344031514
13528,80,94.0001181596067,0.57561344031514
13529,80,94.0001181596067,0.57561344031514
13530,80,94.0001181596067,0.57561344031514
13531,80,94.0001181596067,0.57561344031514
13532,80,94.0001181596067,0.57561344031514
13533,80,94.0001181596067,0.57561344031514
13534,80,94.0001181596067,0.57561344031514
13535,80,94.0001181596067,0.57561344031514
13536,80,94.0001181596067,0.57561344031514
13537,80,94.0001181596067,0.57561344031514
13538,80,94.0001181596067,0.57561344031514
13539,80,94.0001181596067,0.57561344031514
13540,80,94.0001181596067,0.57561344031514
13541,80,94.0001181596067,0.57561344031514
13542,80,94.0001181596067,0.57561344031514
13543,80,94.0001181596067,0.57561344031514
13544,80,94.0001181596067,0.57561344031514
13545,80,94.0001181596067,0.57561344031514
13546,80,94.0001181596067,0.57561344031514
13547,80,94.0001181596067,0.57561344031514
13548,80,94.0001181596067,0.57561344031514
13549,80,94.0001181596067,0.57561344031514
13550,80,94.0001181596067,0.57561344031514
13551,80,94.0001181596067,0.57561344031514
13552,80,94.0001181596067,0.57561344031514
13553,80,94.0001181596067,0.57561344031514
13554,80,94.0001181596067,0.57561344031514
13555,80,94.0001181596067,0.57561344031514
13556,80,94.0001181596067,0.57561344031514
13557,80,94.0001181596067,0.57561344031514
13558,80,94.0001181596067,0.57561344031514
13559,80,94.0001181596067,0.57561344031514
13560,80,94.0001181596067,0.57561344031514
13561,80,94.0001181596067,0.57561344031514
13562,80,94.0001181596067,0.57561344031514
13563,80,94.0001181596067,0.57561344031514
13564,80,94.0001181596067,0.57561344031514
13565,80,94.0001181596067,0.57561344031514
13566,80,94.0001181596067,0.57561344031514
13567,80,94.0001181596067,0.57561344031514
13568,80,94.0001181596067,0.57561344031514
13569,80,94.0001181596067,0.57561344031514
13570,80,94.0001181596067,0.57561344031514
13571,80,94.0001181596067,0.57561344031514
13572,80,94.0001181596067,0.57561344031514
13573,80,94.0001181596067,0.57561344031514
13574,80,94.0001181596067,0.57561344031514
13575,80,94.0001181596067,0.57561344031514
13576,80,94.0001181596067,0.57561344031514
13577,80,94.0001181596067,0.57561344031514
13578,80,94.0001181596067,0.57561344031514
13579,80,94.0001181596067,0.57561344031514
13580,80,94.0001181596067,0.57561344031514
13581,80,94.0001181596067,0.57561344031514
13582,80,94.0001181596067,0.57561344031514
13583,80,94.0001181596067,0.57561344031514
13584,80,94.0001181596067,0.57561344031514
13585,80,94.0001181596067,0.57561344031514
13586,80,94.0001181596067,0.57561344031514
13587,80,94.0001181596067,0.57561344031514
13588,80,94.0001181596067,0.57561344031514
13589,80,94.0001181596067,0.57561344031514
13590,80,94.0001181596067,0.57561344031514
13591,80,94.0001181596067,0.57561344031514
13592,80,94.0001181596067,0.57561344031514
13593,80,94.0001181596067,0.57561344031514
13594,80,94.0001181596067,0.57561344031514
13595,80,94.0001181596067,0.57561344031514
13596,80,94.0001181596067,0.57561344031514
13597,80,94.0001181596067,0.57561344031514
13598,80,94.0001181596067,0.57561344031514
13599,80,94.0001181596067,0.57561344031514
13600,80,94.0001181596067,0.57561344031514
13601,80,94.0001181596067,0.57561344031514
13602,80,94.0001181596067,0.57561344031514
13603,80,94.0001181596067,0.57561344031514
13604,80,94.0001181596067,0.57561344031514
13605,80,94.0001181596067,0.57561344031514
13606,80,94.0001181596067,0.57561344031514
13607,80,94.0001181596067,0.57561344031514
13608,80,94.0001181596067,0.57561344031514
13609,80,94.0001181596067,0.57561344031514
13610,80,94.0001181596067,0.57561344031514
13611,80,94.0001181596067,0.57561344031514
13612,80,94.0001181596067,0.57561344031514
13613,80,94.0001181596067,0.57561344031514
13614,80,94.0001181596067,0.57561344031514
13615,80,94.0001181596067,0.57561344031514
13616,80,94.0001181596067,0.57561344031514
13617,80,94.0001181596067,0.57561344031514
13618,80,94.0001181596067,0.57561344031514
13619,80,94.0001181596067,0.57561344031514
13620,80,94.0001181596067,0.57561344031514
13621,80,94.0001181596067,0.57561344031514
13622,80,94.0001181596067,0.57561344031514
13623,80,94.0001181596067,0.57561344031514
13624,80,94.0001181596067,0.57561344031514
13625,80,94.0001181596067,0.57561344031514
13626,80,94.0001181596067,0.57561344031514
13627,80,94.0001181596067,0.57561344031514
13628,80,94.0001181596067,0.57561344031514
13629,80,94.0001181596067,0.57561344031514
13630,80,94.0001181596067,0.57561344031514
13631,80,94.0001181596067,0.57561344031514
13632,80,94.0001181596067,0.57561344031514
13633,80,94.0001181596067,0.57561344031514
13634,80,94.0001181596067,0.57561344031514
13635,80,94.0001181596067,0.57561344031514
13636,80,94.0001181596067,0.57561344031514
13637,80,94.0001181596067,0.57561344031514
13638,80,94.0001181596067,0.57561344031514
13639,80,94.0001181596067,0.57561344031514
13640,80,94.0001181596067,0.57561344031514
13641,80,94.0001181596067,0.57561344031514
13642,80,94.0001181596067,0.57561344031514
13643,80,94.0001181596067,0.57561344031514
13644,80,94.0001181596067,0.57561344031514
13645,80,94.0001181596067,0.57561344031514
13646,80,94.0001181596067,0.57561344031514
13647,80,94.0001181596067,0.57561344031514
13648,80,94.0001181596067,0.57561344031514
13649,80,94.0001181596067,0.57561344031514
13650,80,94.0001181596067,0.57561344031514
13651,80,94.0001181596067,0.57561344031514
13652,80,94.0001181596067,0.57561344031514
13653,80,94.0001181596067,0.57561344031514
13654,80,94.0001181596067,0.57561344031514
13655,80,94.0001181596067,0.57561344031514
13656,80,94.0001181596067,0.57561344031514
13657,80,94.0001181596067,0.57561344031514
13658,80,94.0001181596067,0.57561344031514
13659,80,94.0001181596067,0.57561344031514
13660,80,94.0001181596067,0.57561344031514
13661,80,94.0001181596067,0.57561344031514
13662,80,94.0001181596067,0.57561344031514
13663,80,94.0001181596067,0.57561344031514
13664,80,94.0001181596067,0.57561344031514
13665,80,94.0001181596067,0.57561344031514
13666,80,94.0001181596067,0.57561344031514
13667,80,94.0001181596067,0.57561344031514
13668,80,94.0001181596067,0.57561344031514
13669,80,94.0001181596067,0.57561344031514
13670,80,94.0001181596067,0.57561344031514
13671,80,94.0001181596067,0.57561344031514
13672,80,94.0001181596067,0.57561344031514
13673,80,94.0001181596067,0.57561344031514
13674,80,94.0001181596067,0.57561344031514
13675,80,94.0001181596067,0.57561344031514
13676,80,94.0001181596067,0.57561344031514
13677,80,94.0001181596067,0.57561344031514
13678,80,94.0001181596067,0.57561344031514
13679,80,94.0001181596067,0.57561344031514
13680,80,94.0001181596067,0.57561344031514
13681,80,94.0001181596067,0.57561344031514
13682,80,94.0001181596067,0.57561344031514
13683,80,94.0001181596067,0.57561344031514
13684,80,94.0001181596067,0.57561344031514
13685,80,94.0001181596067,0.57561344031514
13686,80,94.0001181596067,0.57561344031514
13687,80,94.0001181596067,0.57561344031514
13688,80,94.0001181596067,0.57561344031514
13689,80,94.0001181596067,0.57561344031514
13690,80,94.0001181596067,0.57561344031514
13691,80,94.0001181596067,0.57561344031514
13692,80,94.0001181596067,0.57561344031514
13693,80,94.0001181596067,0.57561344031514
13694,80,94.0001181596067,0.57561344031514
13695,80,80.6790841995066,33.7465967772438
13696,80,80.6790841995066,33.7465967772438
13697,80,80.6790841995066,33.7465967772438
13698,80,80.6790841995066,33.7465967772438
13699,80,80.6790841995066,33.7465967772438
13700,80,80.6790841995066,33.7465967772438
13701,80,80.6790841995066,33.7465967772438
13702,80,80.6790841995066,33.7465967772438
13703,80,80.6790841995066,33.7465967772438
13704,80,80.6790841995066,33.7465967772438
13705,80,80.6790841995066,33.7465967772438
13706,80,80.6790841995066,33.7465967772438
13707,80,80.6790841995066,33.7465967772438
13708,80,80.6790841995066,33.7465967772438
13709,80,80.6790841995066,33.7465967772438
13710,80,80.6790841995066,33.7465967772438
13711,80,80.6790841995066,33.7465967772438
13712,80,80.6790841995066,33.7465967772438
13713,80,80.6790841995066,33.7465967772438
13714,80,80.6790841995066,33.7465967772438
13715,80,80.6790841995066,33.7465967772438
13716,80,80.6790841995066,33.7465967772438
13717,80,80.6790841995066,33.7465967772438
13718,80,80.6790841995066,33.7465967772438
13719,80,80.6790841995066,33.7465967772438
13720,80,80.6790841995066,33.7465967772438
13721,80,80.6790841995066,33.7465967772438
13722,80,80.6790841995066,33.7465967772438
13723,80,80.6790841995066,33.7465967772438
13724,80,80.6790841995066,33.7465967772438
13725,80,80.6790841995066,33.7465967772438
13726,80,80.6790841995066,33.7465967772438
13727,80,80.6790841995066,33.7465967772438
13728,80,80.6790841995066,33.7465967772438
13729,80,80.6790841995066,33.7465967772438
13730,80,80.6790841995066,33.7465967772438
13731,80,80.6790841995066,33.7465967772438
13732,80,80.6790841995066,33.7465967772438
13733,80,80.6790841995066,33.7465967772438
13734,80,80.6790841995066,33.7465967772438
13735,80,80.6790841995066,33.7465967772438
13736,80,80.6790841995066,33.7465967772438
13737,80,80.6790841995066,33.7465967772438
13738,80,80.6790841995066,33.7465967772438
13739,80,80.6790841995066,33.7465967772438
13740,80,80.6790841995066,33.7465967772438
13741,80,80.6790841995066,33.7465967772438
13742,80,80.6790841995066,33.7465967772438
13743,80,80.6790841995066,33.7465967772438
13744,80,80.6790841995066,33.7465967772438
13745,80,80.6790841995066,33.7465967772438
13746,80,80.6790841995066,33.7465967772438
13747,80,80.6790841995066,33.7465967772438
13748,80,80.6790841995066,33.7465967772438
13749,80,80.6790841995066,33.7465967772438
13750,80,80.6790841995066,33.7465967772438
13751,80,80.6790841995066,33.7465967772438
13752,80,80.6790841995066,33.7465967772438
13753,80,80.6790841995066,33.7465967772438
13754,80,80.6790841995066,33.7465967772438
13755,80,80.6790841995066,33.7465967772438
13756,80,80.6790841995066,33.7465967772438
13757,80,80.6790841995066,33.7465967772438
13758,80,80.6790841995066,33.7465967772438
13759,80,80.6790841995066,33.7465967772438
13760,80,80.6790841995066,33.7465967772438
13761,80,80.6790841995066,33.7465967772438
13762,80,80.6790841995066,33.7465967772438
13763,80,80.6790841995066,33.7465967772438
13764,80,80.6790841995066,33.7465967772438
13765,80,80.6790841995066,33.7465967772438
13766,80,80.6790841995066,33.7465967772438
13767,80,80.6790841995066,33.7465967772438
13768,80,80.6790841995066,33.7465967772438
13769,80,80.6790841995066,33.7465967772438
13770,80,80.6790841995066,33.7465967772438
13771,80,80.6790841995066,33.7465967772438
13772,80,80.6790841995066,33.7465967772438
13773,80,80.6790841995066,33.7465967772438
13774,80,80.6790841995066,33.7465967772438
13775,80,80.6790841995066,33.7465967772438
13776,80,80.6790841995066,33.7465967772438
13777,80,80.6790841995066,33.7465967772438
13778,80,80.6790841995066,33.7465967772438
13779,80,80.6790841995066,33.7465967772438
13780,80,80.6790841995066,33.7465967772438
13781,80,80.6790841995066,33.7465967772438
13782,80,80.6790841995066,33.7465967772438
13783,80,80.6790841995066,33.7465967772438
13784,80,80.6790841995066,33.7465967772438
13785,80,80.6790841995066,33.7465967772438
13786,80,80.6790841995066,33.7465967772438
13787,80,80.6790841995066,33.7465967772438
13788,80,80.6790841995066,33.7465967772438
13789,80,80.6790841995066,33.7465967772438
13790,80,80.6790841995066,33.7465967772438
13791,80,80.6790841995066,33.7465967772438
13792,80,80.6790841995066,33.7465967772438
13793,80,80.6790841995066,33.7465967772438
13794,80,80.6790841995066,33.7465967772438
13795,80,80.6790841995066,33.7465967772438
13796,80,80.6790841995066,33.7465967772438
13797,80,80.6790841995066,33.7465967772438
13798,80,80.6790841995066,33.7465967772438
13799,80,80.6790841995066,33.7465967772438
13800,80,80.6790841995066,33.7465967772438
13801,80,80.6790841995066,33.7465967772438
13802,80,80.6790841995066,33.7465967772438
13803,80,80.6790841995066,33.7465967772438
13804,80,80.6790841995066,33.7465967772438
13805,80,80.6790841995066,33.7465967772438
13806,80,80.6790841995066,33.7465967772438
13807,80,80.6790841995066,33.7465967772438
13808,80,80.6790841995066,33.7465967772438
13809,80,80.6790841995066,33.7465967772438
13810,80,80.6790841995066,33.7465967772438
13811,80,80.6790841995066,33.7465967772438
13812,80,80.6790841995066,33.7465967772438
13813,80,80.6790841995066,33.7465967772438
13814,80,80.6790841995066,33.7465967772438
13815,80,80.6790841995066,33.7465967772438
13816,80,80.6790841995066,33.7465967772438
13817,80,80.6790841995066,33.7465967772438
13818,80,80.6790841995066,33.7465967772438
13819,80,80.6790841995066,33.7465967772438
13820,80,80.6790841995066,33.7465967772438
13821,80,80.6790841995066,33.7465967772438
13822,80,80.6790841995066,33.7465967772438
13823,80,80.6790841995066,33.7465967772438
13824,80,80.6790841995066,33.7465967772438
13825,80,80.6790841995066,33.7465967772438
13826,80,80.6790841995066,33.7465967772438
13827,80,80.6790841995066,33.7465967772438
13828,80,80.6790841995066,33.7465967772438
13829,80,80.6790841995066,33.7465967772438
13830,80,80.6790841995066,33.7465967772438
13831,80,80.6790841995066,33.7465967772438
13832,80,80.6790841995066,33.7465967772438
13833,80,80.6790841995066,33.7465967772438
13834,80,80.6790841995066,33.7465967772438
13835,80,80.6790841995066,33.7465967772438
13836,80,80.6790841995066,33.7465967772438
13837,80,80.6790841995066,33.7465967772438
13838,80,80.6790841995066,33.7465967772438
13839,80,80.6790841995066,33.7465967772438
13840,80,80.6790841995066,33.7465967772438
13841,80,80.6790841995066,33.7465967772438
13842,80,80.6790841995066,33.7465967772438
13843,80,80.6790841995066,33.7465967772438
13844,80,80.6790841995066,33.7465967772438
13845,80,80.6790841995066,33.7465967772438
13846,80,80.6790841995066,33.7465967772438
13847,80,80.6790841995066,33.7465967772438
13848,80,80.6790841995066,33.7465967772438
13849,80,80.6790841995066,33.7465967772438
13850,80,80.6790841995066,33.7465967772438
13851,80,80.6790841995066,33.7465967772438
13852,80,80.6790841995066,33.7465967772438
13853,80,80.6790841995066,33.7465967772438
13854,80,80.6790841995066,33.7465967772438
13855,80,80.6790841995066,33.7465967772438
13856,80,80.6790841995066,33.7465967772438
13857,80,80.6790841995066,33.7465967772438
13858,80,80.6790841995066,33.7465967772438
13859,80,80.6790841995066,33.7465967772438
13860,80,80.6790841995066,33.7465967772438
13861,80,80.6790841995066,33.7465967772438
13862,80,80.6790841995066,33.7465967772438
13863,80,80.6790841995066,33.7465967772438
13864,80,80.6790841995066,33.7465967772438
13865,80,80.6790841995066,33.7465967772438
13866,80,80.6790841995066,33.7465967772438
13867,80,80.6790841995066,33.7465967772438
13868,80,80.6790841995066,33.7465967772438
13869,80,80.6790841995066,33.7465967772438
13870,80,80.6790841995066,33.7465967772438
13871,80,80.6790841995066,33.7465967772438
13872,80,80.6790841995066,33.7465967772438
13873,80,80.6790841995066,33.7465967772438
13874,80,80.6790841995066,33.7465967772438
13875,80,80.6790841995066,33.7465967772438
13876,80,80.6790841995066,33.7465967772438
13877,80,80.6790841995066,33.7465967772438
13878,80,80.6790841995066,33.7465967772438
13879,80,80.6790841995066,33.7465967772438
13880,80,80.6790841995066,33.7465967772438
13881,80,80.6790841995066,33.7465967772438
13882,80,80.6790841995066,33.7465967772438
13883,80,80.6790841995066,33.7465967772438
13884,80,80.6790841995066,33.7465967772438
13885,80,80.6790841995066,33.7465967772438
13886,80,80.6790841995066,33.7465967772438
13887,80,80.6790841995066,33.7465967772438
13888,80,80.6790841995066,33.7465967772438
13889,80,80.6790841995066,33.7465967772438
13890,80,80.6790841995066,33.7465967772438
13891,80,80.6790841995066,33.7465967772438
13892,80,80.6790841995066,33.7465967772438
13893,80,80.6790841995066,33.7465967772438
13894,80,80.6790841995066,33.7465967772438
13895,80,80.6790841995066,33.7465967772438
13896,80,80.6790841995066,33.7465967772438
13897,80,80.6790841995066,33.7465967772438
13898,80,80.6790841995066,33.7465967772438
13899,80,80.6790841995066,33.7465967772438
13900,80,80.6790841995066,33.7465967772438
13901,80,80.6790841995066,33.7465967772438
13902,80,80.6790841995066,33.7465967772438
13903,80,80.6790841995066,33.7465967772438
13904,80,80.6790841995066,33.7465967772438
13905,80,80.6790841995066,33.7465967772438
13906,80,80.6790841995066,33.7465967772438
13907,80,80.6790841995066,33.7465967772438
13908,80,80.6790841995066,33.7465967772438
13909,80,80.6790841995066,33.7465967772438
13910,80,80.6790841995066,33.7465967772438
13911,80,80.6790841995066,33.7465967772438
13912,80,80.6790841995066,33.7465967772438
13913,80,80.6790841995066,33.7465967772438
13914,80,80.6790841995066,33.7465967772438
13915,80,80.6790841995066,33.7465967772438
13916,80,80.6790841995066,33.7465967772438
13917,80,80.6790841995066,33.7465967772438
13918,80,80.6790841995066,33.7465967772438
13919,80,80.6790841995066,33.7465967772438
13920,80,80.6790841995066,33.7465967772438
13921,80,80.6790841995066,33.7465967772438
13922,80,80.6790841995066,33.7465967772438
13923,80,80.6790841995066,33.7465967772438
13924,80,80.6790841995066,33.7465967772438
13925,80,80.6790841995066,33.7465967772438
13926,80,80.6790841995066,33.7465967772438
13927,80,80.6790841995066,33.7465967772438
13928,80,80.6790841995066,33.7465967772438
13929,80,80.6790841995066,33.7465967772438
13930,80,80.6790841995066,33.7465967772438
13931,80,80.6790841995066,33.7465967772438
13932,80,80.6790841995066,33.7465967772438
13933,80,80.6790841995066,33.7465967772438
13934,80,80.6790841995066,33.7465967772438
13935,80,80.6790841995066,33.7465967772438
13936,80,80.6790841995066,33.7465967772438
13937,80,80.6790841995066,33.7465967772438
13938,80,80.6790841995066,33.7465967772438
13939,80,80.6790841995066,33.7465967772438
13940,80,80.6790841995066,33.7465967772438
13941,80,80.6790841995066,33.7465967772438
13942,80,80.6790841995066,33.7465967772438
13943,80,80.6790841995066,33.7465967772438
13944,80,80.6545601109711,33.4247903154324
13945,80,80.6545601109711,33.4247903154324
13946,80,80.6545601109711,33.4247903154324
13947,80,80.6545601109711,33.4247903154324
13948,80,80.6545601109711,33.4247903154324
13949,80,80.6545601109711,33.4247903154324
13950,80,80.6545601109711,33.4247903154324
13951,80,80.6545601109711,33.4247903154324
13952,80,80.6545601109711,33.4247903154324
13953,80,80.6545601109711,33.4247903154324
13954,80,80.6545601109711,33.4247903154324
13955,80,80.6545601109711,33.4247903154324
13956,80,80.6545601109711,33.4247903154324
13957,80,80.6545601109711,33.4247903154324
13958,80,80.6545601109711,33.4247903154324
13959,80,80.6545601109711,33.4247903154324
13960,80,80.6545601109711,33.4247903154324
13961,80,80.6545601109711,33.4247903154324
13962,80,80.6545601109711,33.4247903154324
13963,80,80.6545601109711,33.4247903154324
13964,80,80.6545601109711,33.4247903154324
13965,80,80.6545601109711,33.4247903154324
13966,80,80.6545601109711,33.4247903154324
13967,80,80.6545601109711,33.4247903154324
13968,80,80.6545601109711,33.4247903154324
13969,80,80.6545601109711,33.4247903154324
13970,80,80.6545601109711,33.4247903154324
13971,80,80.6545601109711,33.4247903154324
13972,80,80.6545601109711,33.4247903154324
13973,80,80.6545601109711,33.4247903154324
13974,80,80.6545601109711,33.4247903154324
13975,80,80.6545601109711,33.4247903154324
13976,80,80.6545601109711,33.4247903154324
13977,80,80.6545601109711,33.4247903154324
13978,80,80.6545601109711,33.4247903154324
13979,80,80.6545601109711,33.4247903154324
13980,80,80.6545601109711,33.4247903154324
13981,80,80.6545601109711,33.4247903154324
13982,80,80.6545601109711,33.4247903154324
13983,80,80.6545601109711,33.4247903154324
13984,80,80.6545601109711,33.4247903154324
13985,80,80.6545601109711,33.4247903154324
13986,80,80.6545601109711,33.4247903154324
13987,80,80.6545601109711,33.4247903154324
13988,80,80.6545601109711,33.4247903154324
13989,80,80.6545601109711,33.4247903154324
13990,80,80.6545601109711,33.4247903154324
13991,80,80.6545601109711,33.4247903154324
13992,80,80.6545601109711,33.4247903154324
13993,80,80.6545601109711,33.4247903154324
13994,80,80.6545601109711,33.4247903154324
13995,80,80.6545601109711,33.4247903154324
13996,80,80.6545601109711,33.4247903154324
13997,80,80.6545601109711,33.4247903154324
13998,80,80.6545601109711,33.4247903154324
13999,80,80.6545601109711,33.4247903154324
14000,80,80.6545601109711,33.4247903154324
14001,80,80.6545601109711,33.4247903154324
14002,80,80.6545601109711,33.4247903154324
14003,80,80.6545601109711,33.4247903154324
14004,80,80.6545601109711,33.4247903154324
14005,80,80.6545601109711,33.4247903154324
14006,80,80.6545601109711,33.4247903154324
14007,80,80.6545601109711,33.4247903154324
14008,80,80.6545601109711,33.4247903154324
14009,80,80.6545601109711,33.4247903154324
14010,80,80.6545601109711,33.4247903154324
14011,80,80.6545601109711,33.4247903154324
14012,80,80.6545601109711,33.4247903154324
14013,80,80.6545601109711,33.4247903154324
14014,80,80.6545601109711,33.4247903154324
14015,80,80.6545601109711,33.4247903154324
14016,80,80.6545601109711,33.4247903154324
14017,80,80.6545601109711,33.4247903154324
14018,80,80.6545601109711,33.4247903154324
14019,80,80.6545601109711,33.4247903154324
14020,80,80.6545601109711,33.4247903154324
14021,80,80.6545601109711,33.4247903154324
14022,80,80.6545601109711,33.4247903154324
14023,80,80.6545601109711,33.4247903154324
14024,80,80.6545601109711,33.4247903154324
14025,80,80.6545601109711,33.4247903154324
14026,80,80.6545601109711,33.4247903154324
14027,80,80.6545601109711,33.4247903154324
14028,80,80.6545601109711,33.4247903154324
14029,80,80.6545601109711,33.4247903154324
14030,80,80.6545601109711,33.4247903154324
14031,80,80.6545601109711,33.4247903154324
14032,80,80.6545601109711,33.4247903154324
14033,80,80.6545601109711,33.4247903154324
14034,80,80.6545601109711,33.4247903154324
14035,80,80.6545601109711,33.4247903154324
14036,80,80.6545601109711,33.4247903154324
14037,80,80.6545601109711,33.4247903154324
14038,80,80.6545601109711,33.4247903154324
14039,80,80.6545601109711,33.4247903154324
14040,80,80.6545601109711,33.4247903154324
14041,80,80.6545601109711,33.4247903154324
14042,80,80.6545601109711,33.4247903154324
14043,80,80.6545601109711,33.4247903154324
14044,80,80.6545601109711,33.4247903154324
14045,80,80.6545601109711,33.4247903154324
14046,80,80.6545601109711,33.4247903154324
14047,80,80.6545601109711,33.4247903154324
14048,80,80.6545601109711,33.4247903154324
14049,80,80.6545601109711,33.4247903154324
14050,80,80.6545601109711,33.4247903154324
14051,80,80.6545601109711,33.4247903154324
14052,80,80.6545601109711,33.4247903154324
14053,80,80.6545601109711,33.4247903154324
14054,80,80.6545601109711,33.4247903154324
14055,80,80.6545601109711,33.4247903154324
14056,80,80.6545601109711,33.4247903154324
14057,80,80.6545601109711,33.4247903154324
14058,80,80.6545601109711,33.4247903154324
14059,80,80.6545601109711,33.4247903154324
14060,80,80.6545601109711,33.4247903154324
14061,80,80.6545601109711,33.4247903154324
14062,80,80.6545601109711,33.4247903154324
14063,80,80.6545601109711,33.4247903154324
14064,80,80.6545601109711,33.4247903154324
14065,80,80.6545601109711,33.4247903154324
14066,80,80.6545601109711,33.4247903154324
14067,80,80.6545601109711,33.4247903154324
14068,80,80.6545601109711,33.4247903154324
14069,80,80.6545601109711,33.4247903154324
14070,80,80.6545601109711,33.4247903154324
14071,80,80.6545601109711,33.4247903154324
14072,80,80.6545601109711,33.4247903154324
14073,80,80.6545601109711,33.4247903154324
14074,80,80.6545601109711,33.4247903154324
14075,80,80.6545601109711,33.4247903154324
14076,80,80.6545601109711,33.4247903154324
14077,80,80.6545601109711,33.4247903154324
14078,80,80.6545601109711,33.4247903154324
14079,80,80.6545601109711,33.4247903154324
14080,80,80.6545601109711,33.4247903154324
14081,80,80.6545601109711,33.4247903154324
14082,80,80.6545601109711,33.4247903154324
14083,80,80.6545601109711,33.4247903154324
14084,80,80.6545601109711,33.4247903154324
14085,80,80.6545601109711,33.4247903154324
14086,80,80.6545601109711,33.4247903154324
14087,80,80.6545601109711,33.4247903154324
14088,80,80.6545601109711,33.4247903154324
14089,80,80.6545601109711,33.4247903154324
14090,80,80.6545601109711,33.4247903154324
14091,80,80.6545601109711,33.4247903154324
14092,80,80.6545601109711,33.4247903154324
14093,80,80.6545601109711,33.4247903154324
14094,80,80.6545601109711,33.4247903154324
14095,80,80.6545601109711,33.4247903154324
14096,80,80.6545601109711,33.4247903154324
14097,80,80.6545601109711,33.4247903154324
14098,80,80.6545601109711,33.4247903154324
14099,80,80.6545601109711,33.4247903154324
14100,80,80.6545601109711,33.4247903154324
14101,80,80.6545601109711,33.4247903154324
14102,80,80.6545601109711,33.4247903154324
14103,80,80.6545601109711,33.4247903154324
14104,80,80.6545601109711,33.4247903154324
14105,80,80.6545601109711,33.4247903154324
14106,80,80.6545601109711,33.4247903154324
14107,80,80.6545601109711,33.4247903154324
14108,80,80.6545601109711,33.4247903154324
14109,80,80.6545601109711,33.4247903154324
14110,80,80.6545601109711,33.4247903154324
14111,80,80.6545601109711,33.4247903154324
14112,80,80.6545601109711,33.4247903154324
14113,80,80.6545601109711,33.4247903154324
14114,80,80.6545601109711,33.4247903154324
14115,80,80.6545601109711,33.4247903154324
14116,80,80.6545601109711,33.4247903154324
14117,80,80.6545601109711,33.4247903154324
14118,80,80.6545601109711,33.4247903154324
14119,80,80.6545601109711,33.4247903154324
14120,80,80.6545601109711,33.4247903154324
14121,80,80.6545601109711,33.4247903154324
14122,80,80.6545601109711,33.4247903154324
14123,80,80.6545601109711,33.4247903154324
14124,80,80.6545601109711,33.4247903154324
14125,80,80.6545601109711,33.4247903154324
14126,80,80.6545601109711,33.4247903154324
14127,80,80.6545601109711,33.4247903154324
14128,80,80.6545601109711,33.4247903154324
14129,80,80.6545601109711,33.4247903154324
14130,80,80.6545601109711,33.4247903154324
14131,80,80.6545601109711,33.4247903154324
14132,80,80.6545601109711,33.4247903154324
14133,80,80.6545601109711,33.4247903154324
14134,80,80.6545601109711,33.4247903154324
14135,80,80.6545601109711,33.4247903154324
14136,80,80.6545601109711,33.4247903154324
14137,80,80.6545601109711,33.4247903154324
14138,80,80.6545601109711,33.4247903154324
14139,80,80.6545601109711,33.4247903154324
14140,80,80.6545601109711,33.4247903154324
14141,80,80.6545601109711,33.4247903154324
14142,80,80.6545601109711,33.4247903154324
14143,80,80.6545601109711,33.4247903154324
14144,80,80.6545601109711,33.4247903154324
14145,80,80.6545601109711,33.4247903154324
14146,80,80.6545601109711,33.4247903154324
14147,80,80.6545601109711,33.4247903154324
14148,80,80.6545601109711,33.4247903154324
14149,80,80.6545601109711,33.4247903154324
14150,80,80.6545601109711,33.4247903154324
14151,80,80.6545601109711,33.4247903154324
14152,80,80.6545601109711,33.4247903154324
14153,80,80.6545601109711,33.4247903154324
14154,80,80.6545601109711,33.4247903154324
14155,80,80.6545601109711,33.4247903154324
14156,80,80.6545601109711,33.4247903154324
14157,80,80.6545601109711,33.4247903154324
14158,80,80.6545601109711,33.4247903154324
14159,80,80.6545601109711,33.4247903154324
14160,80,80.6545601109711,33.4247903154324
14161,80,80.6545601109711,33.4247903154324
14162,80,80.6545601109711,33.4247903154324
14163,80,80.6545601109711,33.4247903154324
14164,80,80.6545601109711,33.4247903154324
14165,80,80.6545601109711,33.4247903154324
14166,80,80.6545601109711,33.4247903154324
14167,80,80.6545601109711,33.4247903154324
14168,80,80.6545601109711,33.4247903154324
14169,80,80.6545601109711,33.4247903154324
14170,80,80.6545601109711,33.4247903154324
14171,80,80.6545601109711,33.4247903154324
14172,80,80.6545601109711,33.4247903154324
14173,80,80.6545601109711,33.4247903154324
14174,80,80.6545601109711,33.4247903154324
14175,80,80.6545601109711,33.4247903154324
14176,80,80.6545601109711,33.4247903154324
14177,80,80.6545601109711,33.4247903154324
14178,80,80.6545601109711,33.4247903154324
14179,80,80.6545601109711,33.4247903154324
14180,80,80.6545601109711,33.4247903154324
14181,80,80.6545601109711,33.4247903154324
14182,80,80.6545601109711,33.4247903154324
14183,80,80.6545601109711,33.4247903154324
14184,80,80.6545601109711,33.4247903154324
14185,80,80.6545601109711,33.4247903154324
14186,80,80.6545601109711,33.4247903154324
14187,80,80.6545601109711,33.4247903154324
14188,80,80.6545601109711,33.4247903154324
14189,80,80.6545601109711,33.4247903154324
14190,80,80.6545601109711,33.4247903154324
14191,80,80.6545601109711,33.4247903154324
14192,80,80.6545601109711,33.4247903154324
14193,80,80.6118651119245,33.0334648472477
14194,80,80.6118651119245,33.0334648472477
14195,80,80.6118651119245,33.0334648472477
14196,80,80.6118651119245,33.0334648472477
14197,80,80.6118651119245,33.0334648472477
14198,80,80.6118651119245,33.0334648472477
14199,80,80.6118651119245,33.0334648472477
14200,80,80.6118651119245,33.0334648472477
14201,80,80.6118651119245,33.0334648472477
14202,80,80.6118651119245,33.0334648472477
14203,80,80.6118651119245,33.0334648472477
14204,80,80.6118651119245,33.0334648472477
14205,80,80.6118651119245,33.0334648472477
14206,80,80.6118651119245,33.0334648472477
14207,80,80.6118651119245,33.0334648472477
14208,80,80.6118651119245,33.0334648472477
14209,80,80.6118651119245,33.0334648472477
14210,80,80.6118651119245,33.0334648472477
14211,80,80.6118651119245,33.0334648472477
14212,80,80.6118651119245,33.0334648472477
14213,80,80.6118651119245,33.0334648472477
14214,80,80.6118651119245,33.0334648472477
14215,80,80.6118651119245,33.0334648472477
14216,80,80.6118651119245,33.0334648472477
14217,80,80.6118651119245,33.0334648472477
14218,80,80.6118651119245,33.0334648472477
14219,80,80.6118651119245,33.0334648472477
14220,80,80.6118651119245,33.0334648472477
14221,80,80.6118651119245,33.0334648472477
14222,80,80.6118651119245,33.0334648472477
14223,80,80.6118651119245,33.0334648472477
14224,80,80.6118651119245,33.0334648472477
14225,80,80.6118651119245,33.0334648472477
14226,80,80.6118651119245,33.0334648472477
14227,80,80.6118651119245,33.0334648472477
14228,80,80.6118651119245,33.0334648472477
14229,80,80.6118651119245,33.0334648472477
14230,80,80.6118651119245,33.0334648472477
14231,80,80.6118651119245,33.0334648472477
14232,80,80.6118651119245,33.0334648472477
14233,80,80.6118651119245,33.0334648472477
14234,80,80.6118651119245,33.0334648472477
14235,80,80.6118651119245,33.0334648472477
14236,80,80.6118651119245,33.0334648472477
14237,80,80.6118651119245,33.0334648472477
14238,80,80.6118651119245,33.0334648472477
14239,80,80.6118651119245,33.0334648472477
14240,80,80.6118651119245,33.0334648472477
14241,80,80.6118651119245,33.0334648472477
14242,80,80.6118651119245,33.0334648472477
14243,80,80.6118651119245,33.0334648472477
14244,80,80.6118651119245,33.0334648472477
14245,80,80.6118651119245,33.0334648472477
14246,80,80.6118651119245,33.0334648472477
14247,80,80.6118651119245,33.0334648472477
14248,80,80.6118651119245,33.0334648472477
14249,80,80.6118651119245,33.0334648472477
14250,80,80.6118651119245,33.0334648472477
14251,80,80.6118651119245,33.0334648472477
14252,80,80.6118651119245,33.0334648472477
14253,80,80.6118651119245,33.0334648472477
14254,80,80.6118651119245,33.0334648472477
14255,80,80.6118651119245,33.0334648472477
14256,80,80.6118651119245,33.0334648472477
14257,80,80.6118651119245,33.0334648472477
14258,80,80.6118651119245,33.0334648472477
14259,80,80.6118651119245,33.0334648472477
14260,80,80.6118651119245,33.0334648472477
14261,80,80.6118651119245,33.0334648472477
14262,80,80.6118651119245,33.0334648472477
14263,80,80.6118651119245,33.0334648472477
14264,80,80.6118651119245,33.0334648472477
14265,80,80.6118651119245,33.0334648472477
14266,80,80.6118651119245,33.0334648472477
14267,80,80.6118651119245,33.0334648472477
14268,80,80.6118651119245,33.0334648472477
14269,80,80.6118651119245,33.0334648472477
14270,80,80.6118651119245,33.0334648472477
14271,80,80.6118651119245,33.0334648472477
14272,80,80.6118651119245,33.0334648472477
14273,80,80.6118651119245,33.0334648472477
14274,80,80.6118651119245,33.0334648472477
14275,80,80.6118651119245,33.0334648472477
14276,80,80.6118651119245,33.0334648472477
14277,80,80.6118651119245,33.0334648472477
14278,80,80.6118651119245,33.0334648472477
14279,80,80.6118651119245,33.0334648472477
14280,80,80.6118651119245,33.0334648472477
14281,80,80.6118651119245,33.0334648472477
14282,80,80.6118651119245,33.0334648472477
14283,80,80.6118651119245,33.0334648472477
14284,80,80.6118651119245,33.0334648472477
14285,80,80.6118651119245,33.0334648472477
14286,80,80.6118651119245,33.0334648472477
14287,80,80.6118651119245,33.0334648472477
14288,80,80.6118651119245,33.0334648472477
14289,80,80.6118651119245,33.0334648472477
14290,80,80.6118651119245,33.0334648472477
14291,80,80.6118651119245,33.0334648472477
14292,80,80.6118651119245,33.0334648472477
14293,80,80.6118651119245,33.0334648472477
14294,80,80.6118651119245,33.0334648472477
14295,80,80.6118651119245,33.0334648472477
14296,80,80.6118651119245,33.0334648472477
14297,80,80.6118651119245,33.0334648472477
14298,80,80.6118651119245,33.0334648472477
14299,80,80.6118651119245,33.0334648472477
14300,80,80.6118651119245,33.0334648472477
14301,80,80.6118651119245,33.0334648472477
14302,80,80.6118651119245,33.0334648472477
14303,80,80.6118651119245,33.0334648472477
14304,80,80.6118651119245,33.0334648472477
14305,80,80.6118651119245,33.0334648472477
14306,80,80.6118651119245,33.0334648472477
14307,80,80.6118651119245,33.0334648472477
14308,80,80.6118651119245,33.0334648472477
14309,80,80.6118651119245,33.0334648472477
14310,80,80.6118651119245,33.0334648472477
14311,80,80.6118651119245,33.0334648472477
14312,80,80.6118651119245,33.0334648472477
14313,80,80.6118651119245,33.0334648472477
14314,80,80.6118651119245,33.0334648472477
14315,80,80.6118651119245,33.0334648472477
14316,80,80.6118651119245,33.0334648472477
14317,80,80.6118651119245,33.0334648472477
14318,80,80.6118651119245,33.0334648472477
14319,80,80.6118651119245,33.0334648472477
14320,80,80.6118651119245,33.0334648472477
14321,80,80.6118651119245,33.0334648472477
14322,80,80.6118651119245,33.0334648472477
14323,80,80.6118651119245,33.0334648472477
14324,80,80.6118651119245,33.0334648472477
14325,80,80.6118651119245,33.0334648472477
14326,80,80.6118651119245,33.0334648472477
14327,80,80.6118651119245,33.0334648472477
14328,80,80.6118651119245,33.0334648472477
14329,80,80.6118651119245,33.0334648472477
14330,80,80.6118651119245,33.0334648472477
14331,80,80.6118651119245,33.0334648472477
14332,80,80.6118651119245,33.0334648472477
14333,80,80.6118651119245,33.0334648472477
14334,80,80.6118651119245,33.0334648472477
14335,80,80.6118651119245,33.0334648472477
14336,80,80.6118651119245,33.0334648472477
14337,80,80.6118651119245,33.0334648472477
14338,80,80.6118651119245,33.0334648472477
14339,80,80.6118651119245,33.0334648472477
14340,80,80.6118651119245,33.0334648472477
14341,80,80.6118651119245,33.0334648472477
14342,80,80.6118651119245,33.0334648472477
14343,80,80.6118651119245,33.0334648472477
14344,80,80.6118651119245,33.0334648472477
14345,80,80.6118651119245,33.0334648472477
14346,80,80.6118651119245,33.0334648472477
14347,80,80.6118651119245,33.0334648472477
14348,80,80.6118651119245,33.0334648472477
14349,80,80.6118651119245,33.0334648472477
14350,80,80.6118651119245,33.0334648472477
14351,80,80.6118651119245,33.0334648472477
14352,80,80.6118651119245,33.0334648472477
14353,80,80.6118651119245,33.0334648472477
14354,80,80.6118651119245,33.0334648472477
14355,80,80.6118651119245,33.0334648472477
14356,80,80.6118651119245,33.0334648472477
14357,80,80.6118651119245,33.0334648472477
14358,80,80.6118651119245,33.0334648472477
14359,80,80.6118651119245,33.0334648472477
14360,80,80.6118651119245,33.0334648472477
14361,80,80.6118651119245,33.0334648472477
14362,80,80.6118651119245,33.0334648472477
14363,80,80.6118651119245,33.0334648472477
14364,80,80.6118651119245,33.0334648472477
14365,80,80.6118651119245,33.0334648472477
14366,80,80.6118651119245,33.0334648472477
14367,80,80.6118651119245,33.0334648472477
14368,80,80.6118651119245,33.0334648472477
14369,80,80.6118651119245,33.0334648472477
14370,80,80.6118651119245,33.0334648472477
14371,80,80.6118651119245,33.0334648472477
14372,80,80.6118651119245,33.0334648472477
14373,80,80.6118651119245,33.0334648472477
14374,80,80.6118651119245,33.0334648472477
14375,80,80.6118651119245,33.0334648472477
14376,80,80.6118651119245,33.0334648472477
14377,80,80.6118651119245,33.0334648472477
14378,80,80.6118651119245,33.0334648472477
14379,80,80.6118651119245,33.0334648472477
14380,80,80.6118651119245,33.0334648472477
14381,80,80.6118651119245,33.0334648472477
14382,80,80.6118651119245,33.0334648472477
14383,80,80.6118651119245,33.0334648472477
14384,80,80.6118651119245,33.0334648472477
14385,80,80.6118651119245,33.0334648472477
14386,80,80.6118651119245,33.0334648472477
14387,80,80.6118651119245,33.0334648472477
14388,80,80.6118651119245,33.0334648472477
14389,80,80.6118651119245,33.0334648472477
14390,80,80.6118651119245,33.0334648472477
14391,80,80.6118651119245,33.0334648472477
14392,80,80.6118651119245,33.0334648472477
14393,80,80.6118651119245,33.0334648472477
14394,80,80.6118651119245,33.0334648472477
14395,80,80.6118651119245,33.0334648472477
14396,80,80.6118651119245,33.0334648472477
14397,80,80.6118651119245,33.0334648472477
14398,80,80.6118651119245,33.0334648472477
14399,80,80.6118651119245,33.0334648472477
14400,80,80.6118651119245,33.0334648472477
14401,80,80.6118651119245,33.0334648472477
14402,80,80.6118651119245,33.0334648472477
14403,80,80.6118651119245,33.0334648472477
14404,80,80.6118651119245,33.0334648472477
14405,80,80.6118651119245,33.0334648472477
14406,80,80.6118651119245,33.0334648472477
14407,80,80.6118651119245,33.0334648472477
14408,80,80.6118651119245,33.0334648472477
14409,80,80.6118651119245,33.0334648472477
14410,80,80.6118651119245,33.0334648472477
14411,80,80.6118651119245,33.0334648472477
14412,80,80.6118651119245,33.0334648472477
14413,80,80.6118651119245,33.0334648472477
14414,80,80.6118651119245,33.0334648472477
14415,80,80.6118651119245,33.0334648472477
14416,80,80.6118651119245,33.0334648472477
14417,80,80.6118651119245,33.0334648472477
14418,80,80.6118651119245,33.0334648472477
14419,80,80.6118651119245,33.0334648472477
14420,80,80.6118651119245,33.0334648472477
14421,80,80.6118651119245,33.0334648472477
14422,80,80.6118651119245,33.0334648472477
14423,80,80.6118651119245,33.0334648472477
14424,80,80.6118651119245,33.0334648472477
14425,80,80.6118651119245,33.0334648472477
14426,80,80.6118651119245,33.0334648472477
14427,80,80.6118651119245,33.0334648472477
14428,80,80.6118651119245,33.0334648472477
14429,80,80.6118651119245,33.0334648472477
14430,80,80.6118651119245,33.0334648472477
14431,80,80.6118651119245,33.0334648472477
14432,80,80.6118651119245,33.0334648472477
14433,80,80.6118651119245,33.0334648472477
14434,80,80.6118651119245,33.0334648472477
14435,80,80.6118651119245,33.0334648472477
14436,80,80.6118651119245,33.0334648472477
14437,80,80.6118651119245,33.0334648472477
14438,80,80.6118651119245,33.0334648472477
14439,80,80.6118651119245,33.0334648472477
14440,80,80.6118651119245,33.0334648472477
14441,80,80.6118651119245,33.0334648472477
14442,80,80.5702349603197,32.7501388907017
14443,80,80.5702349603197,32.7501388907017
14444,80,80.5702349603197,32.7501388907017
14445,80,80.5702349603197,32.7501388907017
14446,80,80.5702349603197,32.7501388907017
14447,80,80.5702349603197,32.7501388907017
14448,80,80.5702349603197,32.7501388907017
14449,80,80.5702349603197,32.7501388907017
14450,80,80.5702349603197,32.7501388907017
14451,80,80.5702349603197,32.7501388907017
14452,80,80.5702349603197,32.7501388907017
14453,80,80.5702349603197,32.7501388907017
14454,80,80.5702349603197,32.7501388907017
14455,80,80.5702349603197,32.7501388907017
14456,80,80.5702349603197,32.7501388907017
14457,80,80.5702349603197,32.7501388907017
14458,80,80.5702349603197,32.7501388907017
14459,80,80.5702349603197,32.7501388907017
14460,80,80.5702349603197,32.7501388907017
14461,80,80.5702349603197,32.7501388907017
14462,80,80.5702349603197,32.7501388907017
14463,80,80.5702349603197,32.7501388907017
14464,80,80.5702349603197,32.7501388907017
14465,80,80.5702349603197,32.7501388907017
14466,80,80.5702349603197,32.7501388907017
14467,80,80.5702349603197,32.7501388907017
14468,80,80.5702349603197,32.7501388907017
14469,80,80.5702349603197,32.7501388907017
14470,80,80.5702349603197,32.7501388907017
14471,80,80.5702349603197,32.7501388907017
14472,80,80.5702349603197,32.7501388907017
14473,80,80.5702349603197,32.7501388907017
14474,80,80.5702349603197,32.7501388907017
14475,80,80.5702349603197,32.7501388907017
14476,80,80.5702349603197,32.7501388907017
14477,80,80.5702349603197,32.7501388907017
14478,80,80.5702349603197,32.7501388907017
14479,80,80.5702349603197,32.7501388907017
14480,80,80.5702349603197,32.7501388907017
14481,80,80.5702349603197,32.7501388907017
14482,80,80.5702349603197,32.7501388907017
14483,80,80.5702349603197,32.7501388907017
14484,80,80.5702349603197,32.7501388907017
14485,80,80.5702349603197,32.7501388907017
14486,80,80.5702349603197,32.7501388907017
14487,80,80.5702349603197,32.7501388907017
14488,80,80.5702349603197,32.7501388907017
14489,80,80.5702349603197,32.7501388907017
14490,80,80.5702349603197,32.7501388907017
14491,80,80.5702349603197,32.7501388907017
14492,80,80.5702349603197,32.7501388907017
14493,80,80.5702349603197,32.7501388907017
14494,80,80.5702349603197,32.7501388907017
14495,80,80.5702349603197,32.7501388907017
14496,80,80.5702349603197,32.7501388907017
14497,80,80.5702349603197,32.7501388907017
14498,80,80.5702349603197,32.7501388907017
14499,80,80.5702349603197,32.7501388907017
14500,80,80.5702349603197,32.7501388907017
14501,80,80.5702349603197,32.7501388907017
14502,80,80.5702349603197,32.7501388907017
14503,80,80.5702349603197,32.7501388907017
14504,80,80.5702349603197,32.7501388907017
14505,80,80.5702349603197,32.7501388907017
14506,80,80.5702349603197,32.7501388907017
14507,80,80.5702349603197,32.7501388907017
14508,80,80.5702349603197,32.7501388907017
14509,80,80.5702349603197,32.7501388907017
14510,80,80.5702349603197,32.7501388907017
14511,80,80.5702349603197,32.7501388907017
14512,80,80.5702349603197,32.7501388907017
14513,80,80.5702349603197,32.7501388907017
14514,80,80.5702349603197,32.7501388907017
14515,80,80.5702349603197,32.7501388907017
14516,80,80.5702349603197,32.7501388907017
14517,80,80.5702349603197,32.7501388907017
14518,80,80.5702349603197,32.7501388907017
14519,80,80.5702349603197,32.7501388907017
14520,80,80.5702349603197,32.7501388907017
14521,80,80.5702349603197,32.7501388907017
14522,80,80.5702349603197,32.7501388907017
14523,80,80.5702349603197,32.7501388907017
14524,80,80.5702349603197,32.7501388907017
14525,80,80.5702349603197,32.7501388907017
14526,80,80.5702349603197,32.7501388907017
14527,80,80.5702349603197,32.7501388907017
14528,80,80.5702349603197,32.7501388907017
14529,80,80.5702349603197,32.7501388907017
14530,80,80.5702349603197,32.7501388907017
14531,80,80.5702349603197,32.7501388907017
14532,80,80.5702349603197,32.7501388907017
14533,80,80.5702349603197,32.7501388907017
14534,80,80.5702349603197,32.7501388907017
14535,80,80.5702349603197,32.7501388907017
14536,80,80.5702349603197,32.7501388907017
14537,80,80.5702349603197,32.7501388907017
14538,80,80.5702349603197,32.7501388907017
14539,80,80.5702349603197,32.7501388907017
14540,80,80.5702349603197,32.7501388907017
14541,80,80.5702349603197,32.7501388907017
14542,80,80.5702349603197,32.7501388907017
14543,80,80.5702349603197,32.7501388907017
14544,80,80.5702349603197,32.7501388907017
14545,80,80.5702349603197,32.7501388907017
14546,80,80.5702349603197,32.7501388907017
14547,80,80.5702349603197,32.7501388907017
14548,80,80.5702349603197,32.7501388907017
14549,80,80.5702349603197,32.7501388907017
14550,80,80.5702349603197,32.7501388907017
14551,80,80.5702349603197,32.7501388907017
14552,80,80.5702349603197,32.7501388907017
14553,80,80.5702349603197,32.7501388907017
14554,80,80.5702349603197,32.7501388907017
14555,80,80.5702349603197,32.7501388907017
14556,80,80.5702349603197,32.7501388907017
14557,80,80.5702349603197,32.7501388907017
14558,80,80.5702349603197,32.7501388907017
14559,80,80.5702349603197,32.7501388907017
14560,80,80.5702349603197,32.7501388907017
14561,80,80.5702349603197,32.7501388907017
14562,80,80.5702349603197,32.7501388907017
14563,80,80.5702349603197,32.7501388907017
14564,80,80.5702349603197,32.7501388907017
14565,80,80.5702349603197,32.7501388907017
14566,80,80.5702349603197,32.7501388907017
14567,80,80.5702349603197,32.7501388907017
14568,80,80.5702349603197,32.7501388907017
14569,80,80.5702349603197,32.7501388907017
14570,80,80.5702349603197,32.7501388907017
14571,80,80.5702349603197,32.7501388907017
14572,80,80.5702349603197,32.7501388907017
14573,80,80.5702349603197,32.7501388907017
14574,80,80.5702349603197,32.7501388907017
14575,80,80.5702349603197,32.7501388907017
14576,80,80.5702349603197,32.7501388907017
14577,80,80.5702349603197,32.7501388907017
14578,80,80.5702349603197,32.7501388907017
14579,80,80.5702349603197,32.7501388907017
14580,80,80.5702349603197,32.7501388907017
14581,80,80.5702349603197,32.7501388907017
14582,80,80.5702349603197,32.7501388907017
14583,80,80.5702349603197,32.7501388907017
14584,80,80.5702349603197,32.7501388907017
14585,80,80.5702349603197,32.7501388907017
14586,80,80.5702349603197,32.7501388907017
14587,80,80.5702349603197,32.7501388907017
14588,80,80.5702349603197,32.7501388907017
14589,80,80.5702349603197,32.7501388907017
14590,80,80.5702349603197,32.7501388907017
14591,80,80.5702349603197,32.7501388907017
14592,80,80.5702349603197,32.7501388907017
14593,80,80.5702349603197,32.7501388907017
14594,80,80.5702349603197,32.7501388907017
14595,80,80.5702349603197,32.7501388907017
14596,80,80.5702349603197,32.7501388907017
14597,80,80.5702349603197,32.7501388907017
14598,80,80.5702349603197,32.7501388907017
14599,80,80.5702349603197,32.7501388907017
14600,80,80.5702349603197,32.7501388907017
14601,80,80.5702349603197,32.7501388907017
14602,80,80.5702349603197,32.7501388907017
14603,80,80.5702349603197,32.7501388907017
14604,80,80.5702349603197,32.7501388907017
14605,80,80.5702349603197,32.7501388907017
14606,80,80.5702349603197,32.7501388907017
14607,80,80.5702349603197,32.7501388907017
14608,80,80.5702349603197,32.7501388907017
14609,80,80.5702349603197,32.7501388907017
14610,80,80.5702349603197,32.7501388907017
14611,80,80.5702349603197,32.7501388907017
14612,80,80.5702349603197,32.7501388907017
14613,80,80.5702349603197,32.7501388907017
14614,80,80.5702349603197,32.7501388907017
14615,80,80.5702349603197,32.7501388907017
14616,80,80.5702349603197,32.7501388907017
14617,80,80.5702349603197,32.7501388907017
14618,80,80.5702349603197,32.7501388907017
14619,80,80.5702349603197,32.7501388907017
14620,80,80.5702349603197,32.7501388907017
14621,80,80.5702349603197,32.7501388907017
14622,80,80.5702349603197,32.7501388907017
14623,80,80.5702349603197,32.7501388907017
14624,80,80.5702349603197,32.7501388907017
14625,80,80.5702349603197,32.7501388907017
14626,80,80.5702349603197,32.7501388907017
14627,80,80.5702349603197,32.7501388907017
14628,80,80.5702349603197,32.7501388907017
14629,80,80.5702349603197,32.7501388907017
14630,80,80.5702349603197,32.7501388907017
14631,80,80.5702349603197,32.7501388907017
14632,80,80.5702349603197,32.7501388907017
14633,80,80.5702349603197,32.7501388907017
14634,80,80.5702349603197,32.7501388907017
14635,80,80.5702349603197,32.7501388907017
14636,80,80.5702349603197,32.7501388907017
14637,80,80.5702349603197,32.7501388907017
14638,80,80.5702349603197,32.7501388907017
14639,80,80.5702349603197,32.7501388907017
14640,80,80.5702349603197,32.7501388907017
14641,80,80.5702349603197,32.7501388907017
14642,80,80.5702349603197,32.7501388907017
14643,80,80.5702349603197,32.7501388907017
14644,80,80.5702349603197,32.7501388907017
14645,80,80.5702349603197,32.7501388907017
14646,80,80.5702349603197,32.7501388907017
14647,80,80.5702349603197,32.7501388907017
14648,80,80.5702349603197,32.7501388907017
14649,80,80.5702349603197,32.7501388907017
14650,80,80.5702349603197,32.7501388907017
14651,80,80.5702349603197,32.7501388907017
14652,80,80.5702349603197,32.7501388907017
14653,80,80.5702349603197,32.7501388907017
14654,80,80.5702349603197,32.7501388907017
14655,80,80.5702349603197,32.7501388907017
14656,80,80.5702349603197,32.7501388907017
14657,80,80.5702349603197,32.7501388907017
14658,80,80.5702349603197,32.7501388907017
14659,80,80.5702349603197,32.7501388907017
14660,80,80.5702349603197,32.7501388907017
14661,80,80.5702349603197,32.7501388907017
14662,80,80.5702349603197,32.7501388907017
14663,80,80.5702349603197,32.7501388907017
14664,80,80.5702349603197,32.7501388907017
14665,80,80.5702349603197,32.7501388907017
14666,80,80.5702349603197,32.7501388907017
14667,80,80.5702349603197,32.7501388907017
14668,80,80.5702349603197,32.7501388907017
14669,80,80.5702349603197,32.7501388907017
14670,80,80.5702349603197,32.7501388907017
14671,80,80.5702349603197,32.7501388907017
14672,80,80.5702349603197,32.7501388907017
14673,80,80.5702349603197,32.7501388907017
14674,80,80.5702349603197,32.7501388907017
14675,80,80.5702349603197,32.7501388907017
14676,80,80.5702349603197,32.7501388907017
14677,80,80.5702349603197,32.7501388907017
14678,80,80.5702349603197,32.7501388907017
14679,80,80.5702349603197,32.7501388907017
14680,80,80.5702349603197,32.7501388907017
14681,80,80.5702349603197,32.7501388907017
14682,80,80.5702349603197,32.7501388907017
14683,80,80.5702349603197,32.7501388907017
14684,80,80.5702349603197,32.7501388907017
14685,80,80.5702349603197,32.7501388907017
14686,80,80.5702349603197,32.7501388907017
14687,80,80.5702349603197,32.7501388907017
14688,80,80.5702349603197,32.7501388907017
14689,80,80.5702349603197,32.7501388907017
14690,80,80.5702349603197,32.7501388907017
14691,80,80.500967693417,33.3994078925286
14692,80,80.500967693417,33.3994078925286
14693,80,80.500967693417,33.3994078925286
14694,80,80.500967693417,33.3994078925286
14695,80,80.500967693417,33.3994078925286
14696,80,80.500967693417,33.3994078925286
14697,80,80.500967693417,33.3994078925286
14698,80,80.500967693417,33.3994078925286
14699,80,80.500967693417,33.3994078925286
14700,80,80.500967693417,33.3994078925286
14701,80,80.500967693417,33.3994078925286
14702,80,80.500967693417,33.3994078925286
14703,80,80.500967693417,33.3994078925286
14704,80,80.500967693417,33.3994078925286
14705,80,80.500967693417,33.3994078925286
14706,80,80.500967693417,33.3994078925286
14707,80,80.500967693417,33.3994078925286
14708,80,80.500967693417,33.3994078925286
14709,80,80.500967693417,33.3994078925286
14710,80,80.500967693417,33.3994078925286
14711,80,80.500967693417,33.3994078925286
14712,80,80.500967693417,33.3994078925286
14713,80,80.500967693417,33.3994078925286
14714,80,80.500967693417,33.3994078925286
14715,80,80.500967693417,33.3994078925286
14716,80,80.500967693417,33.3994078925286
14717,80,80.500967693417,33.3994078925286
14718,80,80.500967693417,33.3994078925286
14719,80,80.500967693417,33.3994078925286
14720,80,80.500967693417,33.3994078925286
14721,80,80.500967693417,33.3994078925286
14722,80,80.500967693417,33.3994078925286
14723,80,80.500967693417,33.3994078925286
14724,80,80.500967693417,33.3994078925286
14725,80,80.500967693417,33.3994078925286
14726,80,80.500967693417,33.3994078925286
14727,80,80.500967693417,33.3994078925286
14728,80,80.500967693417,33.3994078925286
14729,80,80.500967693417,33.3994078925286
14730,80,80.500967693417,33.3994078925286
14731,80,80.500967693417,33.3994078925286
14732,80,80.500967693417,33.3994078925286
14733,80,80.500967693417,33.3994078925286
14734,80,80.500967693417,33.3994078925286
14735,80,80.500967693417,33.3994078925286
14736,80,80.500967693417,33.3994078925286
14737,80,80.500967693417,33.3994078925286
14738,80,80.500967693417,33.3994078925286
14739,80,80.500967693417,33.3994078925286
14740,80,80.500967693417,33.3994078925286
14741,80,80.500967693417,33.3994078925286
14742,80,80.500967693417,33.3994078925286
14743,80,80.500967693417,33.3994078925286
14744,80,80.500967693417,33.3994078925286
14745,80,80.500967693417,33.3994078925286
14746,80,80.500967693417,33.3994078925286
14747,80,80.500967693417,33.3994078925286
14748,80,80.500967693417,33.3994078925286
14749,80,80.500967693417,33.3994078925286
14750,80,80.500967693417,33.3994078925286
14751,80,80.500967693417,33.3994078925286
14752,80,80.500967693417,33.3994078925286
14753,80,80.500967693417,33.3994078925286
14754,80,80.500967693417,33.3994078925286
14755,80,80.500967693417,33.3994078925286
14756,80,80.500967693417,33.3994078925286
14757,80,80.500967693417,33.3994078925286
14758,80,80.500967693417,33.3994078925286
14759,80,80.500967693417,33.3994078925286
14760,80,80.500967693417,33.3994078925286
14761,80,80.500967693417,33.3994078925286
14762,80,80.500967693417,33.3994078925286
14763,80,80.500967693417,33.3994078925286
14764,80,80.500967693417,33.3994078925286
14765,80,80.500967693417,33.3994078925286
14766,80,80.500967693417,33.3994078925286
14767,80,80.500967693417,33.3994078925286
14768,80,80.500967693417,33.3994078925286
14769,80,80.500967693417,33.3994078925286
14770,80,80.500967693417,33.3994078925286
14771,80,80.500967693417,33.3994078925286
14772,80,80.500967693417,33.3994078925286
14773,80,80.500967693417,33.3994078925286
14774,80,80.500967693417,33.3994078925286
14775,80,80.500967693417,33.3994078925286
14776,80,80.500967693417,33.3994078925286
14777,80,80.500967693417,33.3994078925286
14778,80,80.500967693417,33.3994078925286
14779,80,80.500967693417,33.3994078925286
14780,80,80.500967693417,33.3994078925286
14781,80,80.500967693417,33.3994078925286
14782,80,80.500967693417,33.3994078925286
14783,80,80.500967693417,33.3994078925286
14784,80,80.500967693417,33.3994078925286
14785,80,80.500967693417,33.3994078925286
14786,80,80.500967693417,33.3994078925286
14787,80,80.500967693417,33.3994078925286
14788,80,80.500967693417,33.3994078925286
14789,80,80.500967693417,33.3994078925286
14790,80,80.500967693417,33.3994078925286
14791,80,80.500967693417,33.3994078925286
14792,80,80.500967693417,33.3994078925286
14793,80,80.500967693417,33.3994078925286
14794,80,80.500967693417,33.3994078925286
14795,80,80.500967693417,33.3994078925286
14796,80,80.500967693417,33.3994078925286
14797,80,80.500967693417,33.3994078925286
14798,80,80.500967693417,33.3994078925286
14799,80,80.500967693417,33.3994078925286
14800,80,80.500967693417,33.3994078925286
14801,80,80.500967693417,33.3994078925286
14802,80,80.500967693417,33.3994078925286
14803,80,80.500967693417,33.3994078925286
14804,80,80.500967693417,33.3994078925286
14805,80,80.500967693417,33.3994078925286
14806,80,80.500967693417,33.3994078925286
14807,80,80.500967693417,33.3994078925286
14808,80,80.500967693417,33.3994078925286
14809,80,80.500967693417,33.3994078925286
14810,80,80.500967693417,33.3994078925286
14811,80,80.500967693417,33.3994078925286
14812,80,80.500967693417,33.3994078925286
14813,80,80.500967693417,33.3994078925286
14814,80,80.500967693417,33.3994078925286
14815,80,80.500967693417,33.3994078925286
14816,80,80.500967693417,33.3994078925286
14817,80,80.500967693417,33.3994078925286
14818,80,80.500967693417,33.3994078925286
14819,80,80.500967693417,33.3994078925286
14820,80,80.500967693417,33.3994078925286
14821,80,80.500967693417,33.3994078925286
14822,80,80.500967693417,33.3994078925286
14823,80,80.500967693417,33.3994078925286
14824,80,80.500967693417,33.3994078925286
14825,80,80.500967693417,33.3994078925286
14826,80,80.500967693417,33.3994078925286
14827,80,80.500967693417,33.3994078925286
14828,80,80.500967693417,33.3994078925286
14829,80,80.500967693417,33.3994078925286
14830,80,80.500967693417,33.3994078925286
14831,80,80.500967693417,33.3994078925286
14832,80,80.500967693417,33.3994078925286
14833,80,80.500967693417,33.3994078925286
14834,80,80.500967693417,33.3994078925286
14835,80,80.500967693417,33.3994078925286
14836,80,80.500967693417,33.3994078925286
14837,80,80.500967693417,33.3994078925286
14838,80,80.500967693417,33.3994078925286
14839,80,80.500967693417,33.3994078925286
14840,80,80.500967693417,33.3994078925286
14841,80,80.500967693417,33.3994078925286
14842,80,80.500967693417,33.3994078925286
14843,80,80.500967693417,33.3994078925286
14844,80,80.500967693417,33.3994078925286
14845,80,80.500967693417,33.3994078925286
14846,80,80.500967693417,33.3994078925286
14847,80,80.500967693417,33.3994078925286
14848,80,80.500967693417,33.3994078925286
14849,80,80.500967693417,33.3994078925286
14850,80,80.500967693417,33.3994078925286
14851,80,80.500967693417,33.3994078925286
14852,80,80.500967693417,33.3994078925286
14853,80,80.500967693417,33.3994078925286
14854,80,80.500967693417,33.3994078925286
14855,80,80.500967693417,33.3994078925286
14856,80,80.500967693417,33.3994078925286
14857,80,80.500967693417,33.3994078925286
14858,80,80.500967693417,33.3994078925286
14859,80,80.500967693417,33.3994078925286
14860,80,80.500967693417,33.3994078925286
14861,80,80.500967693417,33.3994078925286
14862,80,80.500967693417,33.3994078925286
14863,80,80.500967693417,33.3994078925286
14864,80,80.500967693417,33.3994078925286
14865,80,80.500967693417,33.3994078925286
14866,80,80.500967693417,33.3994078925286
14867,80,80.500967693417,33.3994078925286
14868,80,80.500967693417,33.3994078925286
14869,80,80.500967693417,33.3994078925286
14870,80,80.500967693417,33.3994078925286
14871,80,80.500967693417,33.3994078925286
14872,80,80.500967693417,33.3994078925286
14873,80,80.500967693417,33.3994078925286
14874,80,80.500967693417,33.3994078925286
14875,80,80.500967693417,33.3994078925286
14876,80,80.500967693417,33.3994078925286
14877,80,80.500967693417,33.3994078925286
14878,80,80.500967693417,33.3994078925286
14879,80,80.500967693417,33.3994078925286
14880,80,80.500967693417,33.3994078925286
14881,80,80.500967693417,33.3994078925286
14882,80,80.500967693417,33.3994078925286
14883,80,80.500967693417,33.3994078925286
14884,80,80.500967693417,33.3994078925286
14885,80,80.500967693417,33.3994078925286
14886,80,80.500967693417,33.3994078925286
14887,80,80.500967693417,33.3994078925286
14888,80,80.500967693417,33.3994078925286
14889,80,80.500967693417,33.3994078925286
14890,80,80.500967693417,33.3994078925286
14891,80,80.500967693417,33.3994078925286
14892,80,80.500967693417,33.3994078925286
14893,80,80.500967693417,33.3994078925286
14894,80,80.500967693417,33.3994078925286
14895,80,80.500967693417,33.3994078925286
14896,80,80.500967693417,33.3994078925286
14897,80,80.500967693417,33.3994078925286
14898,80,80.500967693417,33.3994078925286
14899,80,80.500967693417,33.3994078925286
14900,80,80.500967693417,33.3994078925286
14901,80,80.500967693417,33.3994078925286
14902,80,80.500967693417,33.3994078925286
14903,80,80.500967693417,33.3994078925286
14904,80,80.500967693417,33.3994078925286
14905,80,80.500967693417,33.3994078925286
14906,80,80.500967693417,33.3994078925286
14907,80,80.500967693417,33.3994078925286
14908,80,80.500967693417,33.3994078925286
14909,80,80.500967693417,33.3994078925286
14910,80,80.500967693417,33.3994078925286
14911,80,80.500967693417,33.3994078925286
14912,80,80.500967693417,33.3994078925286
14913,80,80.500967693417,33.3994078925286
14914,80,80.500967693417,33.3994078925286
14915,80,80.500967693417,33.3994078925286
14916,80,80.500967693417,33.3994078925286
14917,80,80.500967693417,33.3994078925286
14918,80,80.500967693417,33.3994078925286
14919,80,80.500967693417,33.3994078925286
14920,80,80.500967693417,33.3994078925286
14921,80,80.500967693417,33.3994078925286
14922,80,80.500967693417,33.3994078925286
14923,80,80.500967693417,33.3994078925286
14924,80,80.500967693417,33.3994078925286
14925,80,80.500967693417,33.3994078925286
14926,80,80.500967693417,33.3994078925286
14927,80,80.500967693417,33.3994078925286
14928,80,80.500967693417,33.3994078925286
14929,80,80.500967693417,33.3994078925286
14930,80,80.500967693417,33.3994078925286
14931,80,80.500967693417,33.3994078925286
14932,80,80.500967693417,33.3994078925286
14933,80,80.500967693417,33.3994078925286
14934,80,80.500967693417,33.3994078925286
14935,80,80.500967693417,33.3994078925286
14936,80,80.500967693417,33.3994078925286
14937,80,80.500967693417,33.3994078925286
14938,80,80.500967693417,33.3994078925286
14939,80,80.500967693417,33.3994078925286
14940,80,80.7635006651857,38.1567823054039
14941,80,80.7635006651857,38.1567823054039
14942,80,80.7635006651857,38.1567823054039
14943,80,80.7635006651857,38.1567823054039
14944,80,80.7635006651857,38.1567823054039
14945,80,80.7635006651857,38.1567823054039
14946,80,80.7635006651857,38.1567823054039
14947,80,80.7635006651857,38.1567823054039
14948,80,80.7635006651857,38.1567823054039
14949,80,80.7635006651857,38.1567823054039
14950,80,80.7635006651857,38.1567823054039
14951,80,80.7635006651857,38.1567823054039
14952,80,80.7635006651857,38.1567823054039
14953,80,80.7635006651857,38.1567823054039
14954,80,80.7635006651857,38.1567823054039
14955,80,80.7635006651857,38.1567823054039
14956,80,80.7635006651857,38.1567823054039
14957,80,80.7635006651857,38.1567823054039
14958,80,80.7635006651857,38.1567823054039
14959,80,80.7635006651857,38.1567823054039
14960,80,80.7635006651857,38.1567823054039
14961,80,80.7635006651857,38.1567823054039
14962,80,80.7635006651857,38.1567823054039
14963,80,80.7635006651857,38.1567823054039
14964,80,80.7635006651857,38.1567823054039
14965,80,80.7635006651857,38.1567823054039
14966,80,80.7635006651857,38.1567823054039
14967,80,80.7635006651857,38.1567823054039
14968,80,80.7635006651857,38.1567823054039
14969,80,80.7635006651857,38.1567823054039
14970,80,80.7635006651857,38.1567823054039
14971,80,80.7635006651857,38.1567823054039
14972,80,80.7635006651857,38.1567823054039
14973,80,80.7635006651857,38.1567823054039
14974,80,80.7635006651857,38.1567823054039
14975,80,80.7635006651857,38.1567823054039
14976,80,80.7635006651857,38.1567823054039
14977,80,80.7635006651857,38.1567823054039
14978,80,80.7635006651857,38.1567823054039
14979,80,80.7635006651857,38.1567823054039
14980,80,80.7635006651857,38.1567823054039
14981,80,80.7635006651857,38.1567823054039
14982,80,80.7635006651857,38.1567823054039
14983,80,80.7635006651857,38.1567823054039
14984,80,80.7635006651857,38.1567823054039
14985,80,80.7635006651857,38.1567823054039
14986,80,80.7635006651857,38.1567823054039
14987,80,80.7635006651857,38.1567823054039
14988,80,80.7635006651857,38.1567823054039
14989,80,80.7635006651857,38.1567823054039
14990,80,80.7635006651857,38.1567823054039
14991,80,80.7635006651857,38.1567823054039
14992,80,80.7635006651857,38.1567823054039
14993,80,80.7635006651857,38.1567823054039
14994,80,80.7635006651857,38.1567823054039
14995,80,80.7635006651857,38.1567823054039
14996,80,80.7635006651857,38.1567823054039
14997,80,80.7635006651857,38.1567823054039
14998,80,80.7635006651857,38.1567823054039
14999,80,80.7635006651857,38.1567823054039
15000,80,80.7635006651857,38.1567823054039
